Metabolite name	PPI_Ylip_Ctrl_5hr_35	PPI_Ylip_Low_48hr_53	PPI_Ylip_Ctrl_5hr_11	PPI_Ylip_Ctrl_24hr_37	PPI_Ylip_Low_48hr_47	PPI_Ylip_Osc_72hr_06	PPI_Ylip_Low_72hr_54	PPI_Ylip_Low_4hr_34	PPI_Ylip_Osc_47hr_05	PPI_Ylip_Ctrl_4hr_09	PPI_Ylip_Low_4hr_50	PPI_Ylip_Low_24hr_52	PPI_Ylip_Osc_72hr_30	PPI_Ylip_Ctrl_48hr_39	PPI_Ylip_Ctrl_4hr_33	PPI_Ylip_Ctrl_72hr_29	PPI_Ylip_Low_72hr_48	PPI_Ylip_Osc_72hr_18	PPI_Ylip_Low_72hr_42	PPI_Ylip_Low_5hr_36	PPI_Ylip_Osc_3hr_20	PPI_Ylip_Ctrl_72hr_17	PPI_Ylip_Low_48hr_40	PPI_Ylip_Low_5hr_45	PPI_Ylip_Osc_4hr_10	PPI_Ylip_Low_24hr_38	PPI_Ylip_Ctrl_48hr_27	PPI_Ylip_Osc_4hr_02	PPI_Ylip_Osc_3hr_08	PPI_Ylip_Ctrl_3hr_07	PPI_Ylip_Osc_5hr_24	PPI_Ylip_Osc_3hr_01	PPI_Ylip_Ctrl_4hr_21	PPI_Ylip_Low_3hr_32	PPI_Ylip_Osc_24hr_14	PPI_Ylip_Low_3hr_43	PPI_Ylip_Ctrl_24hr_13	PPI_Ylip_Osc_4hr_22	PPI_Ylip_Low_5hr_51	PPI_Ylip_Ctrl_48hr_15	PPI_Ylip_Low_24hr_46	PPI_Ylip_Osc_24hr_26	PPI_Ylip_Osc_48hr_16	PPI_Ylip_Osc_5hr_12	PPI_Ylip_Low_3hr_49	PPI_Ylip_Osc_48hr_28	PPI_Ylip_Ctrl_24hr_25	PPI_Ylip_Osc_24hr_04	PPI_Ylip_Ctrl_3hr_19	PPI_Ylip_Ctrl_5hr_23	PPI_Ylip_Ctrl_72hr_41	PPI_Ylip_Ctrl_3hr_31	PPI_Ylip_Osc_5hr_03	PPI_Ylip_Low_4hr_44
[6]-Gingerol_RP	25.30497063	25.92255454	25.5483786	25.29868076	25.78020317	23.77139717	24.70899089	25.30450784	25.93401584	25.35148389	25.48343164	23.62990571	26.00405936	26.18269147	25.54733729	26.12938971	23.63832274	26.85769292	25.839466	23.46169641	23.20507032	23.69287347	26.18538071	25.53306439	25.33182111	25.80760839	26.12387431	23.47093901	23.43088491	25.93851615	23.58933702	25.20026543	23.73912816	25.37926014	25.65317245	25.65781154	23.11827817	25.05888907	25.87084826	25.63593584	25.78594178	25.58312585	26.22362919	25.71144638	25.60452909	25.85902658	25.12530899	25.51422695	25.26170255	25.42133491	26.25529494	23.35780364	25.79621669	25.20004459
"1-(2-hydroxy-4,6-dimethoxyphenyl)ethanone_RP"	20.99410311	24.75827837	20.99322039	20.87473379	22.33271611	24.63648537	25.89130362	21.14446911	22.05874507	20.67585817	20.39823635	25.1227663	22.07012106	22.1751789	26.49847783	24.85633833	24.88908512	22.23446142	21.86134706	25.69169327	25.46266878	24.88930438	22.92833362	24.75455631	24.80635107	22.0287533	22.35354391	25.25082955	24.79986903	20.47321446	25.49620382	20.97203471	25.78329661	26.36274352	24.75959138	25.50443533	24.00927332	20.95646694	25.01959017	24.79673847	22.31709157	21.53487182	21.85773331	21.2429279	21.37418853	22.29395614	23.95030648	24.49508466	21.73765272	20.31403762	25.08360343	26.93548782	19.51457514	20.82726074
1-Monostearin_RP	27.83011949	21.64245395	21.85433489	21.38873715	26.36314909	29.14534644	23.00805948	22.37357001	26.18729007	27.7152869	28.10479663	29.17504143	29.30130626	28.84238873	20.20821484	22.11123047	29.58408886	22.99611762	28.62264061	23.48068381	28.06749998	23.07897346	29.13196275	23.05308362	27.82087924	28.16787225	22.61827498	22.19062472	21.07463986	27.86341379	21.47535886	28.08532315	19.683128	28.54445209	21.39998672	21.86594067	21.05632473	20.24449631	20.9981238	26.26854476	25.98464546	26.27576752	29.71616742	28.1729045	27.13048798	25.47231248	20.36622169	25.26865738	27.82159552	27.80127851	21.21922618	20.79836763	28.65522872	27.91064111
"1,3-diphenylguanidine_RP"	18.9497898	19.81969208	17.94549671	18.78251162	20.98911865	17.77561163	20.08803756	18.90094588	19.6894605	22.29271218	18.13549145	18.8100588	21.39253822	19.65751986	19.21323993	20.35654224	18.33144291	22.84164424	18.71693742	19.07025059	21.77327445	21.09165374	20.88871411	18.19262703	19.77508208	21.41319368	19.07337946	17.7554353	17.20244777	18.53260691	18.78034432	19.02651303	21.7797409	20.28245769	20.0971666	20.76540514	18.13967243	20.82277872	18.31210758	21.51040603	19.04441605	20.93474641	20.73251059	18.52060632	18.69556198	21.38149924	18.48446552	18.74647347	18.36903768	18.59672102	23.47305905	21.45031664	19.73043456	19.28390734
10-HYDROXYDECANOATE_RP	23.74313965	24.4107365	24.34580282	24.1036205	24.54522281	25.1081044	24.36726011	24.0459747	24.9319185	24.12392979	23.68310542	23.30940843	24.88567776	24.90349513	24.01229843	24.75885987	23.11370285	25.33013067	24.5943245	23.09825707	22.29234681	23.23617765	25.14412299	23.96512866	22.68376306	24.67868901	24.90092912	23.19982388	23.01091812	23.76734047	23.6567162	24.37279615	24.14478194	22.73624284	24.39292112	23.95131304	22.81571569	23.75960527	24.01553982	24.43338594	24.76625936	24.10446806	24.39747361	24.45283862	24.43850503	24.52927205	23.91505102	24.3503149	24.60814124	24.17644883	25.23045595	23.84016666	24.01148002	23.71672476
2-O-Methyladenosine_RP	19.92372302	22.55671043	20.80619645	23.50895925	19.79075609	20.87744176	24.7163014	20.58585753	22.05560092	19.97008729	19.4004631	22.41573686	21.35985568	22.79574601	20.45355988	22.21795051	21.56720909	21.30093253	23.66974922	20.18433499	20.56043149	22.51216025	22.00483867	19.76364739	19.62309544	22.34289989	22.91530284	20.92462684	21.04263329	20.7890261	20.34974468	20.90388016	20.51915712	21.19301254	22.40220594	20.03785098	23.6617479	20.47601985	20.34190685	22.57030717	21.24361691	22.56826906	21.48379024	20.81609132	20.36670557	22.39106215	22.99589404	23.85785187	11.46637911	20.70627507	22.32238272	21.36223041	21.06571995	20.15216802
2-Piperidone; CE10; XUWHAWMETYGRKB-UHFFFAOYSA-N_RP	25.65745412	25.98938296	27.35666346	27.27544563	26.64184554	25.08533018	28.24692118	27.47151115	25.96368989	26.04081966	26.17601616	26.28363394	26.00463038	25.99168057	27.58535741	25.26564915	26.73375565	25.94542753	26.64148396	26.11944838	28.29607392	25.84079994	26.68341643	27.31506962	25.81974773	26.18744605	26.41213847	27.61655652	28.59558823	27.90315887	27.44893467	28.65149187	27.95012052	28.52644816	27.78244533	28.01713518	27.15849709	27.24108057	27.417199	25.8835908	26.56064617	26.51486835	26.46972943	27.1705091	28.91937297	27.16580085	27.21541962	27.64580652	27.73374024	26.89518284	25.597468	28.96140413	26.89612753	27.44224066
"2,2'-(Tetradecylimino)diethanol_RP"	25.39349238	25.85503405	25.87347828	25.44927034	26.1555448	26.27279226	26.47922349	25.45920819	25.91682544	25.78698822	25.50062825	26.19636588	25.94500491	26.1241027	25.89953935	26.30009942	26.45874455	26.83069248	25.77823584	26.10304333	25.63497874	26.38780416	26.53217602	25.84882212	25.84965884	25.78843652	26.12604489	26.10150346	26.04073859	25.37562981	26.48442888	25.5865758	26.39228731	25.65659583	25.70931534	25.6914605	25.98369893	25.20018374	25.60843299	26.17459084	25.97949942	25.499091	25.99583085	25.60384038	25.72923255	26.0653995	25.63327597	25.98591591	25.70062682	25.67550231	26.34835305	26.18691717	25.50258438	25.22754575
"2,2',2''-Nitrilotriethanol_RP"	16.18254547	21.96248866	NA	20.85545381	16.39912045	17.82440033	23.55882631	NA	18.31917964	14.52073882	15.46091615	23.43148258	NA	NA	17.00606931	16.99908087	16.6920242	NA	14.9161154	19.05286891	14.2485639	17.51598803	16.62888991	17.68551646	18.31373455	15.148551	NA	17.6171839	20.10410134	16.45695641	19.76400759	15.65551829	17.82523955	16.86707954	NA	NA	16.4438374	NA	15.11027115	20.60858201	15.51323889	NA	17.14401985	14.73398648	17.22508074	16.48603227	16.2307087	17.69763814	14.79231616	14.31557677	NA	22.41622747	NA	17.57793711
3-Formylindole_RP	26.94057175	22.94846077	23.89014461	24.59206656	23.02273365	23.57444117	25.25507004	23.66661745	23.55907066	27.67131896	27.00641129	22.77134199	23.55004575	24.18192919	23.88032389	27.55976785	23.88746047	23.90774048	23.47906198	23.60092318	22.42111623	24.24883175	23.58676652	23.14808881	22.98717641	23.54069938	23.83732868	22.71283861	23.40211873	24.06429606	22.5094706	24.03026435	22.40947121	23.86180091	23.81956754	23.55551319	25.05636447	23.6699655	23.6095153	23.67234203	23.39919746	23.54386442	23.68443705	24.06583097	23.55643349	24.06030682	24.27345097	23.59903535	24.58470556	23.72779567	24.25642407	22.48632643	23.75261471	23.41632264
"3,4-Dihydroxy-L-phenylalanine_RP"	21.74718599	23.43510949	21.19142021	22.19129713	24.0944198	18.77782597	20.4700873	20.51919713	24.40563033	21.75068141	22.13626742	18.73176248	24.38972961	24.19707779	19.94014763	22.2049292	19.10217455	23.30119287	24.41359247	21.17798588	19.92381097	18.74509823	23.5272389	20.08790956	22.291321	23.79138276	22.4153512	19.73717758	21.01524781	20.6612787	19.1637494	20.12133868	19.6852224	18.799401	23.31815623	18.28041389	17.73628634	20.29382797	20.01485113	22.78546121	23.60948377	23.61049131	23.62890819	22.15482592	21.22809225	23.63676835	21.64195638	22.25253629	20.88754237	20.93331146	24.35849428	18.92969751	20.10143025	20.20489638
3`-Aminoacetophenone_RP	25.49376581	26.16493387	26.13815308	25.62194121	27.17087198	26.67355576	21.98638954	25.38397632	26.73461388	26.06552096	24.98618126	26.45892973	26.49288082	26.45895176	24.75284784	26.62180383	26.65784811	27.93385037	26.28473536	25.36285995	25.22933859	26.6495973	25.7567609	24.90807998	25.76540634	26.36081333	26.45068891	25.58961194	25.20396671	25.5174302	25.89720898	25.46362489	20.30024061	25.07440084	25.88233306	25.64919608	25.72731042	25.51174375	25.54135041	26.23624993	26.24270659	25.40914206	26.32137008	26.05293533	26.32566667	26.6066889	25.26665396	25.67411918	25.8616089	25.53138694	26.42336926	26.19826087	25.38569327	25.38448746
4-Aminobenzoic acid_RP	23.14422628	23.45739127	17.96369207	22.66567935	23.69490799	17.69216561	19.09832824	22.85599975	23.37229269	22.97916868	18.106327	17.84006894	22.7434508	22.85573399	22.60683656	17.86795163	18.59795199	23.25455801	22.69998037	17.49368242	17.57619976	18.70507587	23.54164834	23.72491406	18.74824031	23.11393898	22.89487348	17.96050455	16.78710087	22.54946395	17.4005676	22.404217	17.78648777	16.02099827	23.82205158	22.56364887	17.13806048	22.73639264	22.90500051	23.12622264	23.70198728	23.08873445	22.62248187	18.496943	22.52919543	23.34298866	22.8111131	17.53872948	22.7468042	23.12384018	22.88365723	16.8494475	22.92511316	22.67754899
5-HYDROXYINDOLEACETATE_RP	22.86270976	23.39375897	24.2938622	23.81046381	24.41782339	21.09412421	19.90681805	23.54185759	20.89061532	23.46135576	23.17482672	24.36750171	21.32304231	22.19430379	23.34507737	21.43551919	16.89903242	21.38694893	23.91555446	23.1431905	21.04044378	21.47069094	24.49945596	23.57138237	22.67811379	24.51048877	21.86370196	24.17474005	23.20739914	24.62874946	18.10344434	24.72078988	20.93157124	24.55522529	22.82618815	23.58404123	17.84655896	23.01528795	23.53169649	21.36551297	24.04389654	22.95954593	21.12728889	24.44766817	24.34652263	22.13310498	23.55467149	22.95721174	25.13576277	23.95150711	21.55733477	25.08066244	23.67714154	23.07541271
5-VALEROLACTONE_RP	24.9660539	25.71739244	25.32693121	25.67831085	24.70893186	26.26981115	25.04581611	25.34398829	26.06524712	25.47520916	26.19348307	25.41033811	26.2667745	26.06428643	25.3271343	26.14607059	26.19845147	26.36936276	25.36409044	26.27947499	25.81056974	26.18606397	26.5138439	24.95164322	25.62324662	25.04267759	26.08359068	25.96480557	25.93362315	25.6654928	26.07139746	26.43384033	26.32968904	26.11556354	25.75501193	25.41758887	22.53121145	25.37937291	25.21490219	25.89773691	25.26391528	24.81614471	26.12614115	25.21188399	26.48742632	26.23640035	25.62691321	25.56724635	25.69962415	25.18376483	26.28330266	25.15494504	25.09001124	25.252469
6-methoxy-4-methyl-2H-chromen-2-one_RP	25.82714111	26.02987349	26.00162153	25.05018398	26.28475214	22.15652996	23.28803224	26.14689713	25.88665024	26.45372067	25.5596795	22.89088675	26.11912627	26.0741476	24.60940559	25.07135538	22.41852822	27.21932558	25.76943616	21.59375461	21.11202193	22.9875571	25.19319026	24.92868789	20.66122635	25.9132959	25.94816249	22.40436492	22.10856927	26.7550282	21.75895507	25.66372805	21.30915675	20.82942054	25.455281	21.63349063	21.80553189	26.09941052	25.65759275	25.36402839	25.71250934	25.19130991	26.25380632	26.00806145	26.53804116	25.86700358	24.47160551	24.77864457	25.89207222	26.63634472	25.65243024	22.19531726	26.50408407	25.88092308
6-Methylcoumarin_RP	22.81033699	24.30231396	22.99450866	22.36238222	23.70641165	23.76398111	22.67122269	22.80954393	23.16762715	23.206958	23.28398411	18.98739804	23.97664363	23.48577093	22.36441453	23.89776739	24.33374348	23.95184637	23.40379799	23.61160693	22.80711718	18.86213758	22.84932769	23.48886268	23.16426248	23.4549003	23.63550115	19.24160895	23.04372008	23.03794327	21.8103117	23.34880762	21.82132691	22.65927911	23.44380374	23.43780695	23.26470932	22.84937309	23.27006381	23.37622608	23.84087615	23.25676265	23.41705705	23.06792619	24.17591969	23.73029578	22.64866592	23.13769471	23.69217017	23.18140329	24.32804418	23.8529678	22.99455207	23.0264493
"7,8-dimethylalloxazine (lumichrome)_RP"	26.7267934	25.66144557	26.75436441	26.00708534	26.67977679	25.91294111	18.33711537	26.50291978	26.08546811	26.54754706	25.99171557	26.88625044	25.82979085	25.87272485	26.54312333	25.72541524	26.33808262	25.97034511	25.84602509	27.30271167	26.11335358	18.89090598	26.01975401	26.80587341	26.78921725	26.32426955	26.09046862	27.00668446	27.03156128	26.31059933	20.02778844	26.2926621	19.73938031	26.27627664	26.46566681	26.33840904	18.16613182	26.35383887	26.43326711	25.6593458	26.67282586	26.11070348	25.68734856	26.41081543	26.15170672	26.1668093	25.72922504	26.12020455	26.06421894	26.7960615	25.94009615	20.4198667	26.71024977	26.49830612
Acetyl-L-Carnitine_RP	23.76353585	26.53942589	27.53199215	26.29205186	27.15739424	26.49455906	22.81859534	27.69301502	26.87844849	23.8579256	21.69440809	28.20765299	26.92153508	26.54982712	27.43247622	21.518417	27.60948976	26.30761926	27.64081364	23.11462582	27.65185775	21.756029	25.167597	27.65428361	20.07516994	27.64093538	26.58201849	28.96277582	26.58128582	27.4457909	28.80751524	27.70270626	29.15637528	28.57029927	27.70568429	28.36708229	26.82440185	27.87022409	27.83230905	25.81467685	27.11450166	27.71866778	26.63323471	26.22301121	25.96955489	27.15422008	26.14696574	27.6158373	23.86281225	28.38771923	26.01328426	29.01104986	28.13911784	27.69081056
Acetylcarnitine_RP	29.55072673	28.30369611	29.47695993	29.86453085	28.18800568	30.13054426	29.63610961	28.88014879	29.97630641	29.65689964	29.2051719	29.0871051	30.44410024	30.60847184	28.96594975	30.01389772	28.49445452	30.30657113	28.36589431	29.93013423	28.84071408	30.3658551	28.84445246	29.42469054	28.94791381	29.1877457	30.03108572	28.96465824	28.82913619	29.1337631	30.14324897	28.50487658	29.37678498	29.05646282	29.47194802	29.13261641	29.85345186	29.01289317	29.55352952	30.07070156	28.67422566	29.3765886	29.75922863	29.84126443	29.20189224	30.12805448	29.44452473	29.26693052	29.50866879	29.24720442	30.95737099	29.61293793	29.47306469	29.02059743
Acetylcholine_RP	21.59169279	24.53624467	24.07832409	25.50012856	25.06947154	26.68863715	27.47813181	24.78743835	26.30911778	23.69091876	23.89572653	24.57830426	27.19396059	26.16463789	24.18531913	26.66504575	26.94797362	27.02289708	25.36117412	24.85008144	23.7323657	26.10166897	25.16145288	25.38547882	23.50159262	24.28301877	26.23195994	24.58249828	24.53996992	24.14365152	25.01362972	23.66394789	24.95770138	23.80299106	24.772107	23.87571327	25.38242277	24.47240604	24.7055181	25.63248357	24.65766757	24.47617812	26.25808863	23.51816413	23.37056791	17.04658051	25.00409283	24.80978732	23.68489305	24.41899593	26.52097365	24.27009035	15.09761502	25.09726845
Adenine_RP	29.73806755	25.96985662	28.63976466	29.46584139	25.33453937	28.25317722	27.37321576	28.01748249	28.44324056	29.58197626	29.41355243	26.27979427	28.48746741	29.84588646	27.95645843	30.34733583	26.8590933	28.53702693	25.88352559	30.17097141	26.52079674	29.67943958	25.47603375	27.98429511	29.63542556	25.50506344	29.67046673	27.7669711	25.85261704	26.83324484	29.27340385	27.43751806	28.3488869	26.09268042	27.06438933	25.61703031	29.67049127	28.10462771	28.06386094	29.6726653	25.16017223	26.70447529	28.39567849	28.08947314	26.46011381	28.45486981	28.78646508	27.63170749	27.94877624	28.93526012	29.79622917	26.81484245	28.89524373	26.96521417
ADENOSINE_RP	24.85763537	19.98163327	24.00482014	24.80981957	18.10040881	23.67987325	17.01589675	23.2749879	23.83614416	25.09819103	24.61761306	20.70612752	23.59813464	25.14196961	23.41621874	25.89055651	21.55890151	24.20455688	20.27378263	25.63140393	23.07071522	25.81141034	15.0902272	23.52580136	25.00332465	19.96995103	25.30881868	23.9273377	21.83132574	21.93673919	25.48834318	23.07909106	19.54777624	21.94734901	22.19753771	21.08319249	25.23047199	23.3637249	23.67739457	25.19089575	18.61418352	21.79376187	23.84273605	23.54934172	22.47827169	23.80352077	24.41673858	23.56769849	23.822677	24.22932365	25.30378461	22.31640323	24.25241535	22.02265103
Adenosine 5'-monophosphate_RP	25.12840228	24.58068791	25.4666859	22.49043008	25.45186656	23.55105343	22.56884738	25.25538288	24.0916396	25.08778819	24.90047637	23.75635395	24.83467278	24.45757052	25.07448872	23.35732097	24.80353592	24.68514383	24.56775101	23.30489305	24.22649993	22.99049826	25.13849809	25.41194609	24.54057098	25.22913601	24.23585575	24.69565354	23.44481132	25.2099263	24.62138414	25.06540693	23.85543996	24.69577668	24.4033407	25.15960074	23.74579467	25.16620499	25.34908561	22.50981386	25.94832723	25.34937822	24.76821645	25.4249683	24.92497121	25.17228752	23.43678	25.00608173	25.23952943	25.46160857	24.05702176	24.6804473	25.4578785	25.25048597
Allysine (not validated)_RP	30.03758256	29.797265	29.19052974	28.43892702	30.06560138	28.75697668	30.69802101	29.37058872	28.71342235	29.17757983	30.30875988	30.65473215	28.54833266	28.26619424	29.60702483	28.20706382	28.65382984	28.970308	29.01700012	30.68139977	27.6063875	27.22650594	30.08404673	30.18511407	30.46181023	30.53691752	28.4064649	30.85768322	27.49930175	30.0250224	30.73304716	30.50525786	31.20633107	30.03899236	28.27836664	30.53618321	28.93743421	29.85375682	30.20256933	28.61437384	29.95674184	28.64848711	28.73243044	29.58063521	30.58968732	29.07409665	28.85779437	28.25291677	29.26318252	30.11698265	28.04998	30.50072172	30.3667624	30.28121676
ALPHA-AMINOADIPATE_RP	28.8868342	27.77254202	28.97091255	27.69434093	28.02585811	27.57716036	25.83633714	28.7577216	27.36841665	28.8998277	28.68967674	28.56700782	27.22563072	27.15152076	29.04716401	26.33280917	28.12224239	27.29513969	27.25566212	29.24965369	28.26211208	27.26040658	27.79531233	28.45366932	28.95570481	28.18573428	27.21167668	29.21750552	28.47526769	27.98451447	28.2253889	28.00599613	28.64439517	28.24684528	28.17764275	28.87069008	27.99142544	28.87017715	28.38335059	27.38479208	27.97084905	28.0266758	27.30836162	28.53814688	28.20983688	27.24990837	27.91263674	28.18667995	28.13817899	28.88399622	26.93813372	26.65474163	28.79704305	28.34026978
AMINOADIPATE_RP	26.55579287	25.82026427	26.71883571	25.46935727	26.20182443	25.38887553	24.25430194	26.27808149	25.37534677	26.3094779	26.7993698	27.20144564	25.6272222	25.25618005	26.48906376	24.32776584	25.59403545	25.30608663	25.27297691	27.08199278	26.3607617	25.76408063	26.78669568	26.66521425	26.25914398	25.37926014	25.19029874	27.39477771	24.91423394	26.32003726	27.50242505	26.82013146	27.35970372	26.43999507	25.72383587	26.98847848	24.46070706	26.66893788	26.76930187	23.84124123	25.99902432	25.77637073	25.52452755	26.02210102	26.87068588	26.18393879	25.62805619	25.91798111	25.8553201	26.04540729	25.21799666	26.00439908	26.83952762	25.82085357
Amphetamine_RP	21.8012214	21.64282406	22.04997427	21.4486236	21.4529747	21.94962182	23.63657293	21.24112453	22.10670963	21.34050935	21.513953	22.4670521	22.73783814	22.04369486	21.65204119	22.26871491	21.71828854	22.22811967	21.53162852	20.80236947	20.90177492	21.68159804	22.70811096	21.5287351	21.49394974	22.19084493	21.89774081	20.74633728	20.79669339	20.93470536	21.49492371	21.7589018	21.63544837	21.19075707	22.15208761	20.64393697	21.91877951	21.04577444	21.35025465	22.28680311	21.71345857	21.58857288	21.96241332	21.43308194	21.52877309	22.5257174	21.40721247	21.33240921	21.57589882	21.59242325	22.55148164	20.92245111	20.09257545	20.88054911
Arginine_RP	28.61394334	28.75598094	28.66699731	28.22554455	28.5689475	26.6469594	28.55037	28.5482014	26.77652076	29.51222892	29.98003235	29.20913638	26.78795018	26.98053657	28.93110197	27.24064495	26.1049708	26.665991	27.56902814	29.09605605	30.02431184	27.14541328	29.3867809	27.69419433	29.42368112	29.20287833	26.75891016	29.34642934	30.05653413	29.66749485	29.14493005	29.96708083	29.65193796	29.59741197	27.80264225	29.51763856	28.9316953	28.95372965	27.95698279	26.74850955	28.13110185	29.18575912	26.41939555	28.37400308	30.05658748	26.92769987	27.77343035	27.79219969	30.06301145	28.27585816	26.95503182	30.27065591	28.33316178	28.44872302
Betaine; CE30; CE10; KWIUHFFTVRNATP-UHFFFAOYSA-N_RP	33.32336642	30.99443263	33.55258729	31.33422996	32.00144588	31.04837871	32.41958765	33.66373704	31.63014254	33.42279087	33.3573662	31.78893073	31.59992328	31.47888081	32.53080975	31.057304	31.32896559	31.52414721	31.25958084	33.03474922	32.75735589	30.96620737	32.16948668	33.26415451	33.59674795	32.33584674	31.15271951	33.10232401	33.04638353	33.66755734	33.16019262	33.73734533	33.3017747	32.86675986	31.82081103	32.48478564	31.60568914	33.60565428	33.30599777	30.80555287	32.47260803	31.52447317	31.58378603	33.30449114	33.46614559	31.53234312	30.92000968	31.67068195	33.60214615	33.43453854	31.40356171	33.52499364	33.38008077	33.13087302
Caffeine_RP	22.77765643	20.48215495	23.92265769	21.67330304	21.03635763	25.91916047	27.10343266	22.00411386	20.67515296	21.99599779	19.97262285	25.82380349	20.37670543	20.91604705	21.53060995	20.60327772	26.05449496	23.65851354	19.89323352	25.87265395	25.56701074	26.02903953	20.96625809	19.62600729	25.28714934	24.30736354	24.06865859	25.75492776	25.76996504	22.53520936	26.11191511	20.17546061	26.07680426	25.23788059	19.94711397	20.68428208	25.51304822	21.12151137	21.35520378	22.02801525	19.53458331	20.58356252	21.04460685	20.45012876	23.4196943	21.96934733	21.06584437	22.24795155	19.30581539	20.00408122	20.28412619	25.73359145	20.70685854	20.12562392
Calcium (+)-pantothenate_RP	29.20301454	28.50893675	29.96732676	28.9308001	28.96543964	29.11504382	29.66128182	29.30260303	29.19495493	28.76505664	28.2996296	29.15190378	28.89351415	29.44210599	29.44360133	29.66229508	29.09675889	29.26866875	28.59740811	21.85203287	28.8900756	29.86278453	28.85184237	29.33151416	28.87144375	29.01162391	29.45891432	29.48818	29.35060419	29.15790933	30.28502876	28.9587335	30.07821678	28.91015987	28.726402	28.86602287	29.33787208	29.23244752	29.41314613	29.48823769	28.78444734	28.33152167	28.92881011	29.62323229	29.07512736	29.24475507	28.65448356	28.46079709	28.78819611	29.84432881	29.89357623	29.64044196	29.91138125	29.14844155
Choline_RP	21.80557449	21.58566817	21.24541853	32.32689694	23.7518181	32.59910374	33.49657063	29.74965428	22.27382212	22.57727935	22.93921832	32.28352349	22.80075187	22.78512236	30.02646564	22.80461864	32.67156472	22.59446701	22.5472422	30.90678038	29.08876279	32.78793881	23.77891501	30.74570165	30.53856232	21.80794657	32.60708865	30.02569384	29.23330347	21.20139793	30.70111061	22.59984779	30.33829133	30.184689	21.55052057	21.27302659	32.70627367	21.8642644	29.75904394	21.55343918	22.85072391	21.65755635	22.57777655	22.9530779	23.43309377	22.51710304	21.24505051	32.35013579	22.98976493	22.48747454	21.47648454	30.30908775	22.81561206	20.70529236
Citrulline_RP	26.59098616	24.53028177	27.09800296	25.28738654	24.19726464	22.88008502	25.36625315	24.88141087	24.49164161	25.87996961	25.52047417	25.50607668	24.40507446	25.20572562	25.77419313	24.4815181	23.76689881	22.97898837	23.82952333	26.73583836	26.03535529	23.82536863	24.85539285	26.72451122	26.16777666	25.01100242	24.38518247	25.78306876	25.73783389	26.05334192	26.86730532	26.54878495	25.55000307	26.37737267	25.87936725	24.92979509	25.44728719	24.87445324	25.76987431	24.73814333	24.95435927	26.33433943	24.05323843	27.1137811	25.51494459	25.51036246	25.6030032	25.50177686	26.16818548	26.19544987	24.0449123	27.04902831	26.27458765	25.37403282
Cyclohexanamine_RP	24.10596195	23.45127815	25.20390835	19.41574832	24.05124677	21.72737356	18.8163813	23.55296184	19.91064233	23.12370225	21.59072496	23.79704041	19.69083825	19.99226378	23.49485289	18.05780155	18.01511484	21.02988052	21.47992326	21.68339258	19.4846426	18.39152903	23.6637568	26.08500347	23.81782999	23.66618086	19.90583673	24.05412722	22.42367293	22.39278133	21.17533163	20.7317141	20.44188456	20.81874227	20.96812494	24.17675611	17.20896274	23.60298496	24.13744134	20.2772126	24.7149069	21.44424932	18.33624238	25.08776257	21.48961749	19.58627613	18.93848955	20.35099224	20.72733033	24.79797541	20.98056172	19.99081115	25.077619	25.07084609
Cysteinylglycine_RP	20.26767382	24.52960364	23.52161048	24.00516234	25.05249585	24.99388019	22.55733895	23.18750665	24.91624911	21.56547645	19.16655927	24.95013492	24.86858936	24.49259871	23.54796417	20.20828232	25.24287739	24.95786442	24.43571232	20.64704254	23.40059901	21.44204273	24.73800929	23.90370767	18.98408693	24.63702086	24.80331375	19.38786204	22.60084322	22.53786363	19.26553031	23.20365871	21.36136297	22.79756549	24.49317501	23.23258142	24.63980655	23.41955628	23.25830028	24.89542887	24.97861052	23.67180418	24.62601594	23.46172344	20.42396589	24.89687044	23.76331016	24.53612567	20.55925157	23.1823565	24.87232747	23.31080384	23.45139913	23.53646683
CYTIDINE MONOPHOSPHATE_RP	25.09285244	22.70678991	21.17893253	24.66821706	23.63149056	24.53453807	19.64868293	19.733456	24.25439456	25.13314688	24.81102402	18.47856782	24.69236279	25.0200418	20.30560911	27.70023645	23.8025098	24.54142497	23.44443957	23.41241353	17.78077947	24.77776903	23.5986829	20.37093954	22.82244907	23.16342412	25.04307952	17.84925931	16.58926049	20.20044003	18.13224896	20.51053212	17.43999132	18.18079746	25.26418983	19.86507092	20.07260951	19.87325846	20.13171958	24.83056757	22.8211957	24.43009514	24.22796682	20.65401221	21.65248067	24.56555979	24.38450498	24.85193919	24.40883832	21.99666487	24.99891578	17.32343749	20.36557149	19.89117843
D-2-Aminoadipic acid_RP	28.8868342	27.7736451	24.03448365	27.69659226	17.38264481	27.57716036	28.75679391	28.75772144	27.36841665	28.8998277	28.68967674	28.56700797	27.22563056	27.15152076	29.04716388	26.33280917	28.12224239	27.29513969	27.25566212	29.24965369	28.26824289	27.26040658	27.79531233	28.45366932	28.95570481	16.81896555	27.21167668	29.21750543	28.47526769	27.98451447	29.45706216	28.00599613	29.5117248	28.24684528	28.17764275	28.87069008	27.99142544	28.87017715	28.38580123	27.38479208	27.97084905	16.55277386	27.30836162	24.16946507	28.21326954	17.73087905	27.91332103	28.18673225	28.13817899	28.88419413	20.5825148	29.11753001	28.79704321	28.34026969
D-Pantothenic Acid_RP	21.14738104	28.50893675	29.96762154	28.9308001	18.92651661	29.11504382	29.66128182	29.30303174	18.31795909	21.06761593	20.80402667	29.15190378	18.68642249	19.92818306	29.44434809	29.66229508	29.09675878	29.26868045	19.29078532	29.66077918	28.88986316	29.86278439	19.95172295	29.33201839	28.87144392	18.12792381	18.61801091	29.48804568	29.35060419	20.24637311	30.28502876	19.59912664	30.0782169	28.9101689	28.72737606	28.86665731	29.33572768	29.23245945	29.41358761	29.48823769	19.43185607	28.33152167	19.72631418	20.26197506	20.91649047	18.92163007	28.65594757	28.45911164	20.98721237	29.84457236	29.89407659	29.64044196	29.91147704	29.14855006
D-Sorbitol_RP	28.6989325	31.02541041	29.31241878	30.42916803	31.49279503	32.44757448	33.61218575	28.50324091	32.06099835	28.32684865	28.18030031	31.80073849	32.01589464	31.96537987	29.49021827	32.35305492	33.55888416	32.34550264	31.07589527	31.14331453	29.07041615	33.69582503	31.63236712	29.20668758	29.54501846	30.30250601	31.67459181	29.87914985	29.56190716	27.47074818	31.06421019	27.62359715	30.40800196	29.06319905	31.34220185	29.13514954	31.88641385	28.27125387	29.77216379	31.98154054	30.73544642	30.11720194	31.88503793	28.97931029	28.18497069	31.58460484	30.72341947	31.82438697	27.74590725	29.03578474	32.44536624	29.7607002	28.42219412	28.33598722
Dicyclohexylamine_RP	21.08159288	21.32635501	21.40434808	20.52045744	21.73996663	22.03378187	23.14400541	20.84922607	21.57807399	20.88696896	20.60195514	21.75116809	21.98774322	22.11210066	20.81190988	22.70185044	21.85675589	22.58894985	21.90545819	21.69349494	20.89222706	22.00229316	21.23516292	20.81766443	21.67593274	21.37566481	21.3310043	21.70450348	21.52797737	20.28303647	22.68331957	20.7163231	22.1938489	21.2656439	21.0336691	20.88227861	21.27932124	20.99672058	21.29641788	21.57133866	21.69638438	20.76664921	21.59153159	21.66204724	20.74217838	22.25827394	20.81829681	21.56929086	21.64517048	20.99526377	21.69527159	21.53532604	20.78056612	20.31127625
Diethyl-phthalate_RP	23.71963735	22.7392953	23.17841838	22.59342955	22.85334585	25.37926014	26.60735622	22.68483969	22.59372287	26.27056721	23.37576002	25.00050348	22.9996336	23.44674555	22.86244247	24.07678329	25.5655675	24.2132813	22.85972563	25.24715946	23.07032149	25.37926014	23.60306652	22.22591678	23.59920578	22.73347749	23.40120005	25.12433772	25.11261327	22.80987388	25.46281502	23.14543043	25.55572882	24.5282842	22.77301378	22.51983715	24.9601748	22.70083628	22.77982512	23.04091223	22.34865839	22.30050016	23.04021558	23.44374431	23.61728758	23.27144162	22.61322729	22.79196173	24.03392535	23.09077248	23.26016189	25.23251536	22.59812556	22.2639277
Diethyltoluamide_RP	23.8778285	21.96394609	24.34604761	24.06810606	22.51988312	18.12028593	20.93179719	23.7818072	24.13065487	24.18723273	22.21846476	18.94198764	24.3968521	24.37725313	23.88308826	24.38192609	18.71223467	24.39827212	23.47762009	19.57305093	18.17487134	19.75816341	24.25024809	22.34534294	23.78527079	24.22681793	24.03697441	18.40195211	18.66409812	23.65839232	18.79834909	23.97480136	17.54485994	23.29292012	24.24338295	22.04820555	19.42616367	23.79203111	21.94433778	24.11689888	22.74056433	23.8414143	24.18801755	23.98468615	22.1729092	24.75211843	23.72577918	23.68035512	24.04721099	23.77940204	24.27216854	16.52987253	22.6532976	22.01066242
DL-Pipecolinic acid_RP	25.86713593	25.56783656	26.66167057	26.94012099	26.32007229	27.83066659	27.9279833	25.80438046	27.63775355	26.29779917	25.56136677	26.91576352	27.66276856	27.63698018	25.72931334	28.09280707	27.1274727	28.0799808	26.10696927	26.45211778	25.97459742	28.37633271	26.21205657	26.04684188	25.86569116	26.53277656	27.73968518	26.49038602	26.84209513	25.38289047	26.8416123	25.63424301	27.29424208	25.34725842	26.59745195	25.72103661	27.38802066	25.62537732	25.81821401	27.81696381	26.41577687	26.19580079	27.52240851	26.6439767	25.52816449	27.5768545	26.55637863	26.3530474	26.00569297	26.12212451	28.17036059	25.88840687	26.32089688	25.75382579
FA 18:3+1O_RP	25.97737629	25.74015117	26.41739606	26.18063475	26.5076177	25.86742012	27.45750921	26.19900507	26.58383482	26.1319426	26.02986118	26.00589293	26.50274771	26.85296336	26.43369786	26.62689196	26.27698462	27.65894277	26.24846472	26.04406026	25.85838011	26.11245284	26.71360617	26.31317769	25.3590021	26.35378942	26.55348526	25.72670987	26.153705	26.00793263	26.71257183	25.93654098	26.76954799	25.20557923	26.39436057	26.30526708	25.89535491	26.03006511	26.39121341	25.7721185	26.39201087	26.34630197	26.60473218	26.07684028	26.17101377	26.60735797	26.04617555	25.54883287	26.01384152	26.18963536	26.81409787	25.76693167	26.22480577	25.91845449
Gabapentin_RP	24.60995318	25.42022187	25.0034743	24.69741904	25.64284643	21.71638095	22.55855322	24.78968404	25.38317351	24.58858224	24.50262324	22.00452613	25.39950079	25.46701993	24.44312281	25.54223582	21.99246486	25.80367289	25.37926014	20.73203665	21.01346904	21.76477002	25.77072071	25.15342041	24.77376641	25.36340811	25.5549095	21.18513544	20.91906774	24.29143445	21.95258538	24.56301887	21.90652518	24.74645203	25.26570502	24.83098381	21.11986349	24.60683215	25.0400962	25.37926014	25.49460499	25.11999502	25.31630406	24.73151988	25.16346673	25.42894848	24.59842582	25.32039809	24.78551877	24.98406717	25.64794111	21.35786081	24.69445186	24.61368007
Glutamic acid_RP	33.50301777	33.31344773	33.74239001	33.01738511	33.38168749	32.76432923	32.4344786	33.32874651	32.61700103	32.63089801	33.15756076	32.08187599	32.28785588	32.16611558	33.28484572	32.51707183	33.20343731	32.54270817	31.8897909	32.11732208	32.25633486	31.0643686	33.71619744	33.4171515	33.01186552	33.15420053	32.50772827	31.59058248	31.53163818	32.6749617	33.96622538	33.11428859	31.82359696	32.60003594	33.0366685	32.53965752	32.89331982	33.16211931	33.20506163	32.49152653	33.16693466	32.96157276	32.4303041	33.41598812	32.36418462	32.29078472	32.8936618	32.95788044	32.41844859	33.4419199	32.61277672	32.01433363	32.66698877	32.66078484
Glutathione_RP	NA	31.01056302	29.38502955	30.47521813	31.73287457	31.77864876	32.3904922	29.62955463	31.7526066	NA	16.23349434	31.30144672	31.39112038	31.03179389	29.79846595	20.9688352	32.04250639	31.60392218	30.73823887	NA	28.9215056	31.20383929	31.39477016	30.2311955	NA	30.8549449	31.13327925	29.52742007	28.74191579	28.61022094	30.10389634	29.32978888	30.00612817	29.02241831	31.23198671	29.50964607	31.1209638	29.53941775	29.65276624	31.39489252	31.41605658	30.38827995	31.42347976	29.36375964	24.10270891	31.32025774	30.20356319	31.11779708	18.67524131	29.56340013	31.58810992	29.47287154	29.71776623	29.9096479
Gly-Leu_RP	24.40784296	22.89904838	24.82475247	25.91082731	23.06059144	22.55924334	19.88281666	24.39461724	22.60472078	25.12689039	24.48918621	23.58859351	22.91877681	24.19251169	24.79012087	25.1650481	23.14108002	22.46351212	23.38100095	25.23862822	24.18279183	23.84955606	23.40655951	23.18048299	24.79798883	23.37269513	24.1236893	25.36232554	25.14160227	24.71911588	25.43582525	24.67326008	25.19200138	24.68338447	23.61827639	24.14857963	25.37926014	24.3576954	23.95886844	23.6582465	22.86519557	23.01930803	22.46752883	24.08400914	23.63016447	23.23561801	25.27396998	23.62223215	23.98301142	24.60173244	24.19674239	24.81036061	24.53150058	23.81927315
Guanine_RP	25.2622295	24.06532499	23.56014416	26.73214316	23.70181546	24.53103998	26.8034382	22.1114313	24.90629071	26.31422194	25.51037968	24.16467925	25.35901949	26.75675944	23.12762043	28.42386725	24.60841778	25.05201238	23.8461381	25.76022725	22.90121089	26.43459611	23.87902909	23.70085466	26.05962257	23.01988503	26.79623748	22.07307865	22.61037698	22.48928512	21.91852176	22.66166661	23.60726436	22.33168454	24.03213733	22.55215247	27.1682698	22.9761046	23.09870287	26.13848231	23.27429644	23.62706325	25.01954468	23.51786908	22.95623312	24.78329979	26.48219536	24.20718768	23.71171294	23.65993432	26.54324398	23.30897031	23.24652204	22.36280917
hexadecanedioic acid_RP	26.50753874	25.37926014	26.63526613	26.28578589	27.38870457	25.98069179	25.0130177	26.51921956	27.17040301	26.72902113	27.00066295	23.72279501	26.74252975	26.2940126	26.80638861	25.37926014	24.0263224	27.89621406	26.90080343	25.99922664	25.3499058	25.57836026	26.11000441	26.35978013	24.42253679	25.69880767	25.71553496	25.45996997	25.50116611	26.30174379	25.73994297	25.4586921	25.36784743	25.07356817	25.06505783	26.55294087	24.74405578	26.58310069	25.75623994	24.91458348	27.4583046	26.67372659	26.14684093	25.97141282	25.38460349	26.9661048	26.13366541	24.21067634	26.00954928	26.72652033	27.16907762	25.34673511	26.6569771	26.48791593
Hyodeoxycholic acid_RP	25.49486287	20.9584109	19.94866728	21.45179521	25.37926014	26.78535364	23.58754036	19.25625654	27.12568224	24.33509901	26.72225245	26.22620744	26.37796557	27.17559255	19.08271251	20.1901849	26.6647501	20.84645517	25.89049181	26.01238234	25.31492592	26.25581614	25.92673653	19.97272242	26.5051228	25.95141004	21.19819741	21.72604553	20.75557317	25.29673867	22.44469265	24.64297509	22.59942318	26.53612955	21.0244498	19.97709102	20.84906138	27.45914417	19.30286196	21.350146	25.21923399	25.32357183	25.60180526	25.19756773	25.37391678	28.14707586	20.98164514	19.6864917	25.26924644	26.18030173	21.16921691	20.99809433	26.46983285	25.24075076
Hypoxanthine_RP	26.6858581	24.6252899	27.49537469	25.76931314	24.1578808	22.07129385	20.42413786	27.12190616	22.97666655	26.12336505	27.60528617	19.25515598	23.59980381	24.04060419	27.51314689	20.00022637	19.97014207	22.21247419	26.10592857	22.51244186	22.77679563	20.29952244	24.20779025	27.05006718	26.4098387	24.94594337	23.68001048	21.38152426	22.75030124	28.09624185	22.89091553	27.88669783	22.33100082	23.32846919	25.82743025	26.87356943	21.26369754	27.31157557	27.25729373	23.33735326	22.16381312	23.88670118	23.1387316	27.27791266	27.88180385	24.56596481	25.61808808	24.58061429	27.55471365	26.88817825	23.36857996	28.40903506	26.90810409	26.68185522
Isoleucine_RP	23.97634204	22.94119191	24.67911778	25.01727526	22.67240066	21.75868608	23.59738523	24.49551286	24.16449259	23.09327641	24.16490349	22.70959998	24.01027771	24.0782384	23.34152451	24.9054908	24.39873539	24.15189655	24.32185395	23.28529623	24.76931441	23.16219807	24.51552827	23.35528417	24.59921378	23.7082109	24.67211915	24.86493983	23.03730463	23.98688457	23.82495441	24.17798244	23.81168312	23.30172819	24.70574795	23.60317556	23.03530642	23.83383574	24.2776303	24.60374776	21.82456243	24.86347567	23.63462592	23.81713028	23.91735801	24.77047049	25.33398349	23.706853	24.34387553	22.92692283	23.89598069	25.4893448	24.45559752	23.55972697
Isoleucylserine_RP	25.37926014	23.24372146	25.73483702	24.6270846	19.89038342	22.81428657	24.47500383	25.37454396	21.69826597	25.53794425	25.22906274	24.74950028	21.88969468	24.06443134	25.52087772	22.8317924	23.85587533	21.2280521	21.73148398	25.95741163	23.69153478	23.54776014	22.93816344	24.60526233	25.53671384	22.88775858	23.33042869	25.75619695	24.66951404	25.20461271	24.63736877	24.54063642	25.93019494	24.49774403	24.48803911	24.8530203	24.46573373	25.18500113	25.07872819	23.17743288	22.55804579	24.29391427	21.57781621	25.37926014	26.27003501	22.74110985	24.22089153	24.35974503	25.11370106	25.38054782	23.398484	24.55380648	25.56357242	24.73454685
Isonicotinic acid_RP	27.72422625	25.94174065	28.69316283	27.75636529	26.2579909	27.06075401	23.27154331	27.30737354	27.03153784	28.05496354	26.77100566	27.87396267	28.18994945	26.96051374	28.49958516	26.16074753	23.06991375	26.67830454	26.75282505	29.12517501	28.68295992	26.43009272	27.34935294	27.66202334	28.91946816	27.52966332	26.72615997	28.80499702	29.03062557	28.58995632	28.36353428	26.83226476	29.20772129	28.66822102	28.22500806	28.11196515	28.52398814	28.40151326	27.15204456	26.72044228	27.96081265	26.96641982	26.82868503	27.25564498	28.3118316	27.12374151	27.95392588	27.50127629	26.85638479	28.88788876	28.26944275	29.48542433	28.63258876	27.0912082
Isophorone_RP	25.41542777	25.7257791	25.06183293	25.01564147	25.62797993	24.09954345	25.46971301	25.67806771	24.8898161	25.2609866	25.36566742	24.49510004	25.6883246	25.37926014	25.17786485	25.34451917	24.36061474	25.59497336	25.48779256	24.43455686	23.45522567	24.45833303	25.10090449	25.09224028	23.42524268	25.17994429	25.27464663	24.12377011	24.04358712	25.56003306	24.52943928	25.83755169	24.52523761	23.62301453	24.83836426	25.05325786	23.86396769	25.23626012	25.28383008	25.27398819	25.26168985	24.50377429	25.32571459	24.81846691	26.3849549	25.45001185	24.42099163	23.82318672	25.81822222	25.20290478	25.87098656	24.01356971	25.48457077	24.97710482
Isovaleric acid_RP	21.98096757	23.51459503	25.39772961	22.08573991	21.66046767	25.42554412	25.6611406	20.78215443	22.0734675	20.01019887	21.46339788	23.21757858	23.17458207	22.43125488	25.09322394	22.1911575	24.08620489	22.38654263	21.69904076	25.24463165	25.46309602	26.03621512	22.37367447	22.95367094	25.10852656	21.99246337	21.40256551	25.56341468	25.73387854	20.89027297	25.8780597	21.43119051	25.95190552	24.20089683	21.39483386	21.91273158	25.42844928	21.92770756	22.10827208	21.71484083	21.78568713	21.7349447	22.85924205	22.72727648	21.78508808	21.97602586	21.71187777	25.06894718	22.84437899	21.34611948	23.33432076	24.92617087	24.22195106	20.64729446
Kainic acid_RP	23.02584771	24.36742151	25.2378483	22.91028627	24.50826297	24.22967783	24.42511508	25.38609021	24.1426354	23.33481826	22.44522532	25.00689435	24.01310524	23.49982663	25.43885789	20.2854808	24.06757004	22.83720568	23.95665889	23.25658003	26.47279259	22.63019141	24.43591993	25.03234167	23.11421437	24.4933564	23.18141611	25.68333125	25.61088832	26.21301313	25.89910817	26.10724779	26.73532666	26.92635681	24.75912443	26.16195219	23.22802492	25.65197911	25.3964381	22.70552411	24.53635342	24.35692024	24.06071854	24.80560889	26.61318919	24.5024135	24.39079728	24.49847601	25.34895322	25.16852581	22.88009144	27.3490043	25.29825481	25.57663038
Kojic Acid_RP	26.76412697	26.84581888	29.02635749	25.22289396	27.09870029	26.35647457	28.61643903	26.81129882	26.18520026	28.85741906	27.93059519	27.48036417	26.21428596	25.99634252	26.52899674	26.54119967	25.60082031	25.20821702	26.19022001	28.02856313	26.86654703	27.08607512	27.5065313	26.95201521	27.54034434	27.77686316	26.41203903	28.32064764	29.41344006	27.33710563	28.45849217	27.64222429	29.19556733	26.98594197	25.42126458	26.58239686	26.56471044	25.93342002	27.67399806	26.57473058	27.0302305	25.72901163	27.0270015	29.23466493	28.20817308	26.93513309	26.16417936	25.15839426	28.81306729	27.14481502	26.23805096	27.10863572	25.50735372	27.18688225
Kynurenine_RP	25.4844371	25.85418313	25.62325297	26.21646744	26.8404583	23.16092531	26.27639575	25.94124708	23.31627644	24.79130986	25.50897925	26.90455443	23.79767814	24.66411428	25.83883433	24.00717756	26.32508769	23.59142813	26.41367357	25.71199848	26.6673093	23.97193104	26.91664864	26.0214467	25.26349927	26.93232962	24.32864719	26.56875219	25.3913112	26.98227061	25.11633991	27.04510406	25.89687934	26.99865411	25.33077568	25.95212849	23.73666775	25.4760693	25.99244618	23.86779784	26.47944378	25.42582101	23.50619812	25.40448115	26.64832287	24.59672492	26.00556142	25.43318214	26.93164902	26.41892943	24.04650414	27.5483366	26.14084069	25.47340303
L-Asparagine_RP	25.59269984	25.3566212	26.01699621	25.47932537	25.68289335	24.38614691	25.52219863	26.71301357	24.83201178	26.16237748	27.56005078	26.14652367	24.11282289	24.2201868	26.34433458	23.70850233	25.08897274	23.85086225	24.58182526	25.06653757	24.61734414	23.90020022	25.45479728	25.08643045	25.60790156	25.41022605	23.66746181	27.13164186	25.51019549	24.96670654	25.31816413	24.85801092	26.79415319	25.2713263	25.3372557	26.88944627	25.6729658	27.54812474	25.56941413	23.85312562	25.89569761	25.84994985	24.11006774	25.45559279	24.13961253	24.16163953	25.37926014	25.63339445	24.29315679	25.7098287	24.30210122	25.04759095	24.74066669	24.86357786
L-beta-Homoisoleucine_RP	25.71616094	23.70308165	25.58555984	25.66136786	24.81248548	23.31254066	24.41123117	26.39865557	25.88853967	25.27266674	25.52333248	25.1477648	26.31511359	25.22869762	25.91612608	26.16577083	23.13867737	25.51542552	24.741735	25.27618357	26.56920863	23.09355436	22.68847931	25.5968549	24.55955862	23.53147915	25.61946181	24.76877386	23.46264705	26.52157765	25.88626255	26.60483064	25.18158063	26.98071931	26.63656906	25.64575232	21.28300782	26.30279338	25.89759569	25.22851969	24.52022297	24.34344114	26.29653095	24.69713491	26.99719937	26.35401739	25.27697631	26.3461024	26.95103745	25.54377282	24.53932149	23.00160343	25.3152049	25.51898794
L-Carnitine_RP	27.50266408	26.57462675	28.26513347	27.92361373	26.97250523	30.61144637	29.18598741	27.69264339	29.90054731	27.68348779	27.79755835	27.44668881	30.38285862	30.28826606	27.80364975	30.96235745	28.23461008	30.81523404	27.03693883	27.82834693	27.57058591	30.90343345	26.85024292	26.63541869	27.70103616	26.38588719	30.33161507	28.29172298	28.00293244	26.79943953	28.51353986	27.03823907	28.9872445	27.0021585	27.56427209	27.17080086	28.51236829	27.75034421	27.67258655	30.15169105	26.87332544	26.90463092	29.79456939	27.33218809	27.80846967	29.87315414	27.51230889	27.58842638	27.2403864	27.84917481	31.03130321	27.81636248	27.89538332	27.2043622
L-Glutamine_RP	30.69898071	30.64691327	30.80804075	28.86993319	30.72208443	30.55098261	31.63200466	30.69272862	29.94889127	30.54055516	30.3037867	31.62789992	30.08290337	29.98345271	30.76001245	29.87572106	30.91480776	30.31079349	29.14696699	31.26360363	29.69548802	31.16035494	31.14770829	30.73595004	30.74044466	31.34938072	29.65587117	30.80771939	30.35681475	30.20272739	30.92728154	30.16328359	31.23187605	30.04698459	29.52207164	30.48187155	28.86448993	30.59223606	30.31036943	29.69232823	30.6453759	30.62318125	29.93761659	30.44833045	29.60925067	29.66839058	27.93194	28.55827946	29.79674978	30.64402969	30.16770259	30.67871159	30.09431398	30.40864416
L-Histidine_RP	25.97603126	26.34099017	26.21190788	26.22112339	26.52039001	25.57561123	27.00722152	26.58776044	25.63631945	26.1956234	27.38318138	27.07082381	25.5853924	25.51100352	26.66674817	24.76670834	25.98614919	25.13123659	25.7702868	26.52536866	27.74927515	23.47048078	26.69445706	25.93243518	26.32724875	26.79878589	25.39541535	27.04784952	28.5412329	28.20084929	26.80647458	27.7680671	27.04964368	28.01641173	26.37637224	26.80668535	26.11124598	26.91564878	25.94476941	25.3128092	26.31842601	26.81401498	25.21814697	25.85585984	27.4917602	25.60651402	26.06528794	26.33272206	27.86509635	26.06837427	25.45473567	28.93539099	25.90976726	25.92378119
L-Homoserine_RP	27.20611822	27.12647783	28.00357742	28.48309764	27.42371127	27.39359622	27.70972083	27.6307631	27.57557358	26.80383329	27.02645591	26.73861186	27.53738509	27.71254749	27.60595209	27.43854289	27.92458107	27.06747302	26.31937534	27.55397707	26.91774145	26.24151437	14.69096315	27.06781839	27.15129653	26.27620213	26.63422169	27.60029943	28.02792716	27.92906164	29.07011573	27.20333116	27.69829764	27.57152458	28.23354819	27.22970564	28.46227941	27.73319771	26.98576063	27.40115084	27.29133572	28.22828028	27.23450668	15.18875626	26.86237296	26.9153664	27.36773633	27.46395596	26.91213662	27.62427965	27.66030573	28.21414477	27.67630165	27.08892779
L-Pyroglutamic acid_RP	31.53935719	31.25028523	31.63496241	30.74074568	31.38581659	30.35277867	30.0426106	31.46772668	30.00412624	30.6628063	31.07855563	29.95682919	30.13172539	29.88105093	31.40251768	30.06980279	30.75118471	30.22724392	29.59327307	29.99664635	29.98452751	28.69191543	31.75813176	31.3825462	30.93185009	31.31517945	29.48289728	29.40205998	29.05804039	30.61209549	31.68949375	31.02845917	29.6434723	30.37131429	30.85598768	30.54626723	30.4275221	31.29102945	31.06157976	29.8390122	31.21269055	31.08898088	29.91054382	31.28886736	30.14040556	29.77174111	29.99478343	30.15118348	30.30705173	31.45161016	30.15619633	29.76047785	30.52560101	30.65548356
L-Rhamnose_RP	22.88901666	23.25698901	23.2407238	22.9085423	24.49311887	24.5769918	21.03688442	23.19765287	24.23000548	23.51094097	23.16611751	20.15144959	24.34038775	23.90866721	23.49774364	24.52968077	24.35393182	25.54679425	23.88989079	23.90299803	18.46107482	24.49931578	24.18790786	22.73303702	23.54470168	22.7692825	23.92864886	24.48203717	21.25173132	23.55689976	24.34452509	23.40510308	19.32402604	23.48839643	23.58039451	23.44755673	23.75831901	23.34000363	23.69453247	23.54702397	23.86943483	23.17946039	24.17935224	22.90706392	23.8694361	24.31837983	22.29979114	23.67211847	24.09103861	23.46259306	23.95086964	24.03323819	23.13397658	22.71070363
L-Saccharopine_RP	25.86707997	28.17488799	28.80797062	28.42739165	28.51048409	28.15306785	29.08521262	29.21558569	28.23915967	25.19800729	25.39285285	28.62029143	27.94043045	27.93089806	29.13864121	26.32723769	28.87501537	27.57267395	27.68477363	26.27420373	28.81093634	27.29894991	28.36702253	28.36514311	25.73608021	28.1943461	27.50101702	28.75380295	28.51206053	29.4535532	29.28120827	28.47393147	29.26581739	30.0326203	29.49349617	28.80775733	28.75534124	29.12134964	28.52333941	27.82862471	28.05177689	29.11018776	28.01826262	28.21804289	28.94473456	28.03139988	28.47700919	29.32740658	27.9262637	28.40703635	27.9184827	30.72074681	27.84792718	28.43374628
L-TYROSINE_RP	27.93935518	28.23140263	28.93026178	30.02592344	28.77888711	27.75380802	29.53885862	28.56092502	27.93019604	28.35036376	27.90647309	28.72691248	28.06149464	28.60082583	28.84183577	28.60294052	28.33606406	27.7892717	28.79248723	28.28790416	28.49349728	27.98426811	28.76491806	27.85423582	28.14423183	28.63745796	28.48609496	29.4262442	29.48993264	28.90901867	29.49549679	28.79636797	29.53037575	29.05866575	28.74175685	28.58067176	29.47306025	28.54537316	28.11353322	28.13979399	28.49264667	28.50682155	27.82622867	28.38269305	28.31228744	28.54303879	29.52876142	28.88449548	28.43345032	28.53719669	28.40886986	29.33936126	28.75095587	28.30208445
Lauramidopropyl betaine_RP	25.83539522	25.90713418	25.21494157	25.45407838	26.84171842	26.09822816	19.58924745	25.04171558	26.55360279	25.96515572	25.15034178	15.68880184	25.43574055	26.36429387	25.2552255	26.38631014	25.92858485	25.80373792	25.76679994	25.52742664	25.26424283	26.01104543	26.84039706	24.29929302	25.63343023	24.97104625	25.5018805	25.61380391	18.6549628	24.61088006	18.2203589	26.0492402	18.21025814	24.82282312	25.9712756	25.15797376	15.83307815	26.17566985	25.35516525	26.43663443	26.05881441	25.80224298	25.61596959	26.12109746	25.19335032	25.52286479	26.0076381	24.94872762	26.46308693	25.5392445	25.6652046	20.4318264	25.1290368	25.69370304
Laurocapram_RP	23.28849521	23.63092242	23.4352191	25.37926014	27.78755067	23.79987352	26.08299045	23.12486648	25.20351799	24.46531643	27.57033108	22.78146522	25.23714115	24.99457685	21.10572559	23.88716008	23.32757671	22.88028973	25.23270731	24.22089583	20.90649636	24.31487592	25.80572393	21.13876443	22.99249619	26.89231639	22.85673602	24.18298218	24.51408375	25.50240229	24.99547967	25.94521632	25.00887756	22.40880982	23.29408437	22.54226003	24.0354274	26.24414575	23.06977192	23.50945885	26.26661242	27.47767365	28.22888691	26.59132312	23.75145591	25.00875466	23.25321875	21.79754584	26.10280397	25.72788392	24.051583	24.55705423	25.57201535	25.84563603
Lysine_RP	27.47672898	25.6323786	24.48333354	26.47556653	24.85958288	25.75402924	26.39984334	23.68236138	25.88665896	27.85061814	28.86908139	24.80923547	26.00844517	26.2039715	23.80864523	26.76304981	25.37926014	25.58134742	25.50243839	27.87659155	29.0097814	25.51547474	26.09859501	23.8372608	28.18352936	24.3657872	25.84960449	25.7877915	24.92432894	27.12873368	24.8623571	29.03125124	25.39067285	28.76143333	25.89464669	25.44493512	26.46186322	24.48384373	23.61132641	25.65682433	24.65382555	26.09384752	25.43280569	24.74991015	30.03445049	26.14738193	25.89574705	25.77869416	28.94415634	24.59674243	26.02117865	28.77445173	23.47156322	23.09119107
Mellein_RP	20.51035927	18.6207422	19.32556181	18.28306253	21.66502675	16.952981	24.22309109	18.80437537	23.31165387	19.75552872	22.44545242	19.6645537	20.30379229	19.68023431	18.39240523	17.72430939	18.82256021	19.37947873	24.07914415	19.52375557	18.13734209	20.01279168	19.85265438	17.4966311	18.95857122	22.53050521	18.81343322	19.51198881	19.0655768	18.74198609	19.015446	24.79364836	18.53892498	17.57704524	17.99548649	18.14075382	18.1792893	18.31007516	19.01394804	18.62083803	22.32395722	24.24870935	21.74670807	19.77867897	19.96230881	22.35198956	17.92750047	18.40598127	25.04259292	20.35942943	19.01547794	18.58516003	18.58043054	22.69119299
Methionine_RP	21.19269329	24.22373626	21.97067307	25.83172407	24.39101472	21.99060538	19.04739376	21.91254783	24.78416527	20.77072075	20.55397129	19.99516989	24.55060553	25.34826736	21.87489281	23.43687809	24.79867186	22.12854768	24.31131405	19.44888037	21.39769921	25.08793467	24.41166343	21.16732632	21.28159113	23.24108064	26.01928274	19.18165907	20.72795221	21.61284662	20.48002607	21.59359716	20.81754899	21.90729617	26.14728177	21.44567542	26.04270239	21.64650061	21.63348647	25.55882112	23.08706948	26.03745701	24.50561563	21.73115654	21.29562371	26.16738964	25.77206316	24.9051115	21.13217189	21.74074254	24.24134967	22.38699636	22.02124295	21.83333778
Methylxanthoxylin_RP	26.13033767	26.27705142	26.6119807	26.08216468	26.88899887	26.29728771	24.20122319	26.33656925	26.47585861	27.05601466	25.82610448	26.75903645	26.36009804	26.5304331	26.71620754	26.29681381	26.46031936	26.86119018	26.3135096	26.1794785	25.84286222	23.39446585	26.73776086	26.21469669	25.779414	26.82517544	26.63897442	22.84243953	22.66319068	26.20832626	23.14549795	26.34880684	23.00165548	26.43755351	26.25612743	26.23798999	22.37955024	26.76593514	26.3242548	26.24576955	26.94799581	26.1468319	26.38732217	26.41227372	26.57177935	26.67631443	25.69465154	26.14010008	26.18396268	26.43848831	26.4417919	23.10142748	26.57859951	26.44067535
myrcene_RP	27.46079171	28.05732771	27.73902485	27.40584579	28.20628901	26.80068994	28.05370256	27.3857165	28.1433021	27.44388282	27.32934773	26.7886913	28.11605882	28.21840976	27.27815679	28.36953675	26.96799453	28.58540988	27.90014338	26.42471501	25.81007265	27.00047533	28.64622791	27.69244508	25.78055453	28.09248454	28.32275986	26.2112537	26.31155721	27.01228039	26.92201385	27.19462772	26.78141343	27.38346766	27.9519985	27.42386916	26.37524481	27.20283777	27.56396262	28.17940249	28.09974815	27.75543458	28.1660974	27.50297584	27.70044847	28.26547251	27.29977885	28.00021298	27.52463334	27.60638273	28.41099763	26.38888258	27.32027552	27.18702326
Myristamidopropyl betaine_RP	23.2636132	20.19124437	23.2676231	23.91172662	25.06467061	19.35762725	22.6904428	23.79035938	25.3677415	24.89662927	24.37201352	21.74304652	24.63014119	24.48824376	24.40057947	25.20484492	23.1634477	25.4646002	24.55712443	20.5008427	17.4682389	22.35695981	25.67496108	21.47920042	19.43984573	24.22756663	22.13450866	23.93000231	25.37926014	23.98670069	19.90577986	23.09017365	25.04453389	20.4743601	24.34438895	24.17858409	23.60454116	23.51910301	24.16488769	18.70481242	24.04572164	24.00366669	24.89030765	23.06130904	21.48276319	24.78954848	24.54836668	20.04049012	24.20700711	24.51337494	22.81477737	23.92343005	23.36148384	23.5613781
N-(n-octyl)-2-pyrrolidinone_RP	23.5374947	24.14580885	23.91298297	23.87312507	24.54833003	24.56155155	20.24389081	23.67731873	24.34855017	23.9689767	23.78150083	24.36049501	24.19547505	24.34013179	23.84998603	24.62966863	24.71231237	24.70446951	24.21714474	19.25285674	24.06740077	17.15414865	24.81974974	23.79819093	24.10225848	24.02847561	24.29497619	18.18403479	19.2829444	23.53684296	18.5814796	24.10716308	17.85949372	23.77817683	23.97093701	23.71828405	16.8520576	23.54210449	23.85297714	24.22260146	23.94621228	23.81280483	24.29111425	24.03106662	23.71914517	24.26683953	23.77517364	24.19090282	23.97023264	23.90209591	24.47684254	18.01270032	23.73167257	23.47870215
N-Acetylarginine; CE10; SNEIUMQYRCDYCH-LURJTMIESA-N_RP	15.80135161	23.24177618	19.00103545	24.66532081	23.20396375	24.47025236	25.98364554	19.54234843	25.10686849	18.58083942	19.04496903	22.65439994	25.19436948	25.44591762	19.91260004	25.81976471	24.45291191	24.49118691	24.30500499	15.46364136	17.52921839	25.94922248	23.70957093	19.31303679	15.5663932	22.41239641	26.00117765	19.92252882	17.62414483	20.16091639	16.19874931	20.27184443	17.86639913	20.00172071	24.39727806	20.43530956	24.95471613	19.50174631	18.71094989	25.59962563	21.66979214	23.83751361	24.79099856	18.54719709	20.05072436	25.56240204	24.53631912	23.94777103	19.55784936	19.56965597	25.17751262	20.77559139	19.24269572	19.72353646
N-Acetylglutamic acid_RP	19.47933806	26.90850927	22.85850158	28.43895893	25.99031464	25.56072062	27.34035339	21.20380229	28.10756584	20.49253421	18.4438774	23.12318259	28.27649822	28.46720491	19.88025954	27.51222687	25.35423823	26.44325169	25.74744584	19.57938843	18.58293081	27.33019816	27.06180604	24.42648376	19.75552266	25.76006433	29.05408359	22.00152851	20.52777865	21.59551057	21.25223937	21.94053841	20.42547423	18.66702	28.86125802	20.97547563	27.82782335	21.06234328	21.81104089	28.39900285	26.0058076	28.92777038	27.87448852	21.86758046	20.41556509	29.04432503	27.94283595	28.19534494	21.13781394	22.76152286	27.96388615	20.85235088	24.26009443	23.20637355
N-ACETYLPROLINE_RP	23.44751363	23.5452351	23.8792855	22.76703033	23.93955949	25.22794047	23.76613048	22.80012174	24.63254707	25.44472897	25.09987221	20.82982983	24.72430286	25.20736273	23.40814304	26.32259786	24.62143093	25.42838961	23.97617778	25.54986012	23.36747679	26.40519221	24.00604612	23.72952097	25.22415552	24.09450031	25.06724833	20.92757826	24.17153746	22.66095148	21.61797523	22.61592778	21.71613919	22.73104961	23.95561137	22.9079799	21.25905819	22.80848621	23.46752218	25.27647312	24.07908769	23.81242441	24.48659152	23.79850263	23.05624511	24.62188193	22.67817064	21.25054292	23.15301156	23.5775992	26.35869281	21.28895063	23.58566654	23.0982718
N-Butylbenzenesulfonamide_RP	25.65349997	26.00015165	26.10090414	25.50440447	25.96200179	26.21113216	16.38749441	25.9374726	26.2352503	26.028553	25.79105119	26.26769695	26.74071496	26.45759637	25.63343975	26.34979447	26.31765588	26.47462051	26.03274112	26.3992523	25.74397015	26.77256818	26.06517307	25.7915953	26.18505563	26.12943316	26.15526062	16.85334944	26.15099031	26.16994714	26.8663199	25.70832333	16.38902939	25.61593666	25.98500227	25.00970366	26.34655025	25.85553014	25.63708829	26.19517494	26.29046917	26.09845449	26.31767256	25.7788325	26.33924073	26.35243212	25.77475952	25.8237591	25.79649342	26.16722878	26.30287359	26.07405779	26.07135582	25.636542
N-epsilon-Acetyllysine_RP	24.94709057	26.84295264	25.93115561	26.35452782	27.19286288	25.25756852	27.52365509	25.7538931	25.48063996	25.29991464	25.85256457	27.49447203	25.51108326	25.21768455	25.73139162	24.37809681	26.37389349	24.79833599	26.66902843	25.39566032	27.38210578	24.79620803	26.48553794	25.90015469	24.92161969	26.86464913	25.36310493	26.04042706	26.56407687	26.52462066	25.96792715	27.33921988	26.30755546	27.24966677	27.43239227	26.27931665	25.56688786	25.95010165	25.47434899	25.04261644	26.85153165	26.89297196	25.57702377	25.42274262	27.81316241	26.05236688	25.89684922	27.1035034	25.69798758	25.31522463	24.70362288	27.61121729	25.20950001	25.70904296
N-METHYL-L-GLUTAMATE_RP	27.12206086	26.15925041	27.53800343	25.35598536	24.36591882	26.36074439	28.11701244	27.12117855	26.00282756	27.85548745	27.18910131	27.19828894	26.0752653	26.21356218	27.59751592	23.92801149	26.97345428	26.04222344	23.43517438	27.55941271	26.80105315	26.89329511	24.3112935	26.37013115	27.30763679	26.75713446	26.5256108	28.1472709	27.32905866	25.27688677	28.22972557	26.10384582	28.64439501	25.96206779	26.64746647	27.56881021	27.06266335	27.38395659	27.08968378	26.68889057	23.88078131	25.74800362	25.97207905	27.69506196	26.810079	24.7567027	26.97760288	26.75407286	26.94766101	26.78099386	26.52650851	26.66295	27.47673549	26.27436141
N-Methylisoleucine_RP	25.08671724	24.63963203	26.51831934	21.67136241	25.34531979	23.31254066	21.08938952	24.95985838	22.41377718	24.48415504	22.9750902	25.1477648	22.6030369	22.1555875	24.827229	19.6083454	23.13867737	23.23441013	22.90407155	21.71097218	23.31852229	23.09355436	25.09071963	27.29300879	23.33665658	24.88309937	22.55828581	24.6633694	22.99810893	24.38357091	22.09359712	24.60074081	21.64033153	24.37580132	22.78487911	25.45557495	21.47654464	24.69849528	25.60467408	22.24837023	25.95416036	22.61793035	22.2856043	26.39245899	23.17906901	22.70916807	21.40990587	22.36295027	24.09363223	26.14139315	22.97128854	23.96533479	26.42981033	26.38195961
"N,N-dimethyl-7H-purin-6-amine_RP"	25.38885759	24.47644484	22.32409545	22.38538695	24.72871413	23.86537168	23.7514848	23.5146829	24.31511048	23.2900114	24.41804751	25.97370229	22.25444498	23.90348826	24.5965816	22.58075914	23.49250142	24.32943203	22.10058705	25.45121322	22.01126277	23.29309043	23.98158051	25.46874678	25.01986499	25.52151426	23.06439487	25.39230932	22.2844863	25.31003964	24.8865884	23.7191495	24.55517885	25.42461079	23.55396811	24.67154056	24.18542107	25.28437842	25.30865583	22.41727596	24.60343802	23.0165082	22.21832743	22.47343953	21.57142648	24.39901543	24.16172749	23.64144567	23.36998822	25.36453023	22.08874291	25.38170958	25.649016	25.39044611
"N,N-DIMETHYLARGININE_RP"	26.60991522	27.18305774	26.96559056	26.6735247	27.79302305	26.63038959	28.65734885	26.98193175	27.11016336	27.18053797	26.90260078	27.11333085	26.74682111	26.647655	26.96693807	26.52949561	26.96248078	26.79194308	27.79164344	24.03910347	25.91525851	26.29888715	28.07001572	26.66764818	26.99019656	27.11925577	26.76918234	27.0943115	26.86770362	25.92312946	27.42150308	25.69690367	27.67686977	25.92881144	26.51216206	26.65977799	27.10914559	26.8651272	26.81252946	26.59598574	27.07320136	25.88485233	26.92564688	26.72456641	26.22254829	27.52140032	26.12157904	26.33981743	26.29174989	26.78909743	26.52843934	26.59321037	26.72654073	26.67088817
"N,N-Dimethyldodecylamine N-oxide_RP"	27.63310308	28.12020323	28.07028123	27.82045059	28.3629329	28.32601531	29.49867385	27.69869046	28.15144644	28.03970281	27.77481574	28.35149995	27.98122684	28.16791494	27.61990612	27.91910617	28.42977672	28.7130394	28.10058705	28.26455677	27.66645369	28.60699278	28.86141449	27.5023882	27.89997796	27.70985883	28.49599962	28.22383305	28.11098263	27.21568218	28.29921491	28.09579227	28.39790931	27.71682673	27.82888973	27.48983994	27.79836883	27.54253175	27.70272793	27.95102544	28.27776681	27.68377466	27.94704471	28.02024062	27.61836759	28.43077161	27.53688737	27.79738204	27.87308618	28.00228525	28.27411746	28.08591571	27.41202025	27.56661659
"N,N-Dimethylglycine_RP"	28.06245637	31.61723197	29.3984652	31.04475489	32.24238624	31.91558142	29.3561612	29.59742316	31.93395428	27.62114089	28.21944135	32.00559728	31.91455314	32.05945119	29.12986396	30.6138019	32.06621807	31.19727152	31.74433355	28.63077968	28.29768513	31.34469476	31.60664491	29.60324764	27.83246223	31.55153591	30.47914395	28.70284944	28.59879923	29.35945613	29.70906167	29.01436052	29.30779753	29.89846726	31.91905969	28.92050538	31.20823698	29.46707277	28.83052455	31.3435094	31.97684005	31.61760844	31.48958894	29.05960579	28.46207656	31.73333021	30.95381586	31.42387519	28.90882116	29.21165955	32.11706299	30.11548929	28.82236541	28.73838277
"N,N-Dimethylsulfamide_RP"	27.73929248	28.23519792	28.0615632	27.86118786	26.83635355	27.30172451	29.16359113	27.81450319	28.33562224	27.93806183	27.67772515	27.94073284	27.89035671	28.42061857	26.34983375	27.18276119	28.24544296	27.30351133	28.05772119	28.54108053	27.94166804	28.36788483	28.71158574	27.92774973	27.20340063	26.83105513	28.55014559	28.50374027	28.48539953	27.61056634	28.98245321	27.66071762	28.84689793	27.7882123	26.85654842	26.4550833	27.69514529	26.50257028	27.92315431	28.32476555	28.10674169	26.35580155	28.30623891	26.46535998	28.05717347	28.32076643	27.30987496	26.98655487	27.42172311	26.56942001	28.63932929	28.57610002	27.70862356	27.54779282
"N,N,N-TRIMETHYLLYSINE_RP"	24.79022262	26.29647478	24.72323758	22.92958671	26.8018332	21.11788081	24.20376477	25.96763424	21.6125314	25.57355866	26.00753396	25.85151551	21.65068764	21.46414063	25.93225216	20.82851601	27.32292056	21.2358511	27.04661794	19.27570072	25.37926014	20.99459898	27.07370017	25.36874553	25.82136459	25.83426945	21.08345607	25.95650044	26.417741	25.66965533	17.58941214	25.5299537	19.95544076	25.69088586	24.16098396	25.76078609	20.2266341	25.75037071	25.42177275	21.09483256	25.77685232	24.83957791	21.30071415	24.71617022	25.48731913	22.59165599	22.99456399	24.307705	25.7299182	25.00848393	21.2121675	17.92523538	24.48533282	25.47943546
N2-Methylguanosine_RP	21.53079054	23.43298065	22.3013694	23.85083529	22.9920691	21.55428491	26.24579138	22.59766908	22.11301883	22.15592851	22.07308147	24.15778294	22.90496297	23.93197397	21.41331547	23.9718348	25.00796958	21.15927889	26.06135165	23.17459302	21.60047956	22.79880102	24.04974831	22.5670006	22.16748028	23.93958596	23.9687424	21.34966737	21.61250141	21.65284554	22.32486051	21.61924229	22.95849114	22.3781638	23.43176358	20.58704702	22.79787026	21.32577658	22.42550013	22.80329472	23.38054044	23.81779921	21.4613432	21.9884986	21.81120979	23.40030047	23.39371191	24.2965588	21.78464194	22.55151982	23.04217364	22.72463117	21.05868769	22.17122611
NAD_RP	24.65563422	23.72281444	25.10402177	23.78883886	24.80778569	23.8937163	25.39226713	24.85022042	24.22883652	24.98766077	24.56844107	24.65668637	23.96013614	23.13888437	24.98050511	22.1221844	24.70581831	24.22078052	23.98224801	25.03267259	24.30469467	23.43600077	24.34505608	24.8659233	24.78734956	24.44387949	23.84633432	25.0956564	24.89497307	24.82709427	16.81261167	24.7105727	25.34331152	24.63816269	24.70834461	24.82198688	24.11089255	24.76573991	24.67974719	23.35123217	24.71990236	24.28066305	24.17114422	24.70930956	24.6858981	24.57202521	23.66797639	24.64385209	24.74471679	24.81945164	22.96969494	25.29268908	25.13562836	24.72053634
"NCGC00347704-02_C24H32O7_2H-Oxireno[1,10a]phenanthro[3,2-b]furan-10(11bH)-one, 5,7-bis(acetyloxy)-3,3a,4,5,6,7,7a,7b,8,8a-decahydro-4,4,7a,11-tetramethyl-, (1aS,3aR,5S,7S,7aR,7bS,8aR,11bR)-_RP"	27.9927778	27.65919185	28.56470373	28.25414363	28.24171664	28.66584208	29.79574902	28.4929031	28.70493322	28.86860798	28.56520377	24.43195048	28.71426135	29.15011125	29.12845282	28.75760426	24.66804875	28.93552262	28.3623193	24.6438875	28.14197336	24.69059001	28.60488799	28.04135743	28.35781874	28.67638109	28.36780469	25.27369124	26.24209499	29.78207291	24.61376869	29.04781043	25.49646832	28.89838743	27.79690256	28.99516801	24.21330945	28.12941051	28.66918452	28.96632417	28.15183718	28.02445113	28.47535228	28.75031063	29.60220511	28.06665543	28.74171041	28.10443386	29.05532423	28.76317706	29.01024412	25.1957042	29.07726911	28.4106013
Niacinamide_RP	27.59985747	26.9237406	27.74772151	26.73477841	27.77996419	27.23553572	28.50755755	27.5605984	27.26921543	27.70727083	27.38919945	27.81346905	27.14031529	26.36339883	27.67278019	25.8699552	27.83401002	27.4182233	27.12426304	28.11309838	27.13950479	26.9843676	27.53394618	27.7233202	27.66689631	27.36398604	26.80768714	27.95440242	27.79443042	27.43329515	28.05019503	27.35398049	28.28766938	27.40840831	27.56315763	27.50084174	27.11809881	27.48935827	27.4015348	26.62120645	27.53002673	27.10573619	27.19561753	27.43235444	27.31125661	27.46739753	26.60665707	27.53702518	27.47679742	27.57660453	26.42155296	28.16656845	27.79711209	27.48853775
NICOTINAMIDE MONONUCLEOTIDE_RP	25.54517698	25.85947765	24.74432954	26.72716104	26.26146971	24.58001065	24.68894945	24.49002713	27.39373315	24.75451784	25.12776947	23.31359584	27.47647866	27.91939441	24.55956118	27.92019643	23.98924081	27.31944748	25.99056873	23.65837024	21.53787663	24.61007146	26.42362174	24.64778734	25.07844285	25.50972912	27.27510787	21.98056196	21.38828869	24.01344396	22.99404531	23.76581563	22.57500655	24.42112089	26.1307525	23.94977839	24.43078586	24.16667452	24.30418292	27.52784194	25.67244871	25.61738469	27.03764134	24.24159279	24.46673767	26.90103876	26.01272074	25.74484568	24.3654891	24.79111911	28.04387378	22.52037439	24.16155288	24.07332248
O-Acetyl-L-carnitine_RP	28.59165551	26.1939325	28.11142746	28.4618436	26.27778113	28.39767633	28.00655225	27.89070381	28.17365778	28.6055056	28.16523782	27.58964994	28.81737753	29.02514589	28.16241423	28.38422487	26.68661007	28.59938949	26.70279117	29.11138491	27.83328839	29.07688557	26.81054668	28.28360671	28.01775638	27.53226614	28.61363722	28.095936	27.95997797	28.34550319	29.16977159	27.66194813	28.52117864	28.31280079	27.90770625	28.05836119	28.51791773	28.09564325	28.52837333	28.55465319	26.94817448	27.87627478	28.02071914	28.49900996	28.08085121	28.61581024	28.15146901	27.72430825	28.60886158	28.15028736	29.42228588	28.9466	28.67474875	27.84731677
P-OCTOPAMINE_RP	26.08250299	25.23951389	24.27231877	27.09861124	25.91910529	28.25317713	26.63881074	25.56503893	25.30451327	24.54062312	23.72449949	25.89818539	24.91700791	24.26665029	25.79486735	30.31463822	25.45414694	25.20537895	26.01752824	30.17097141	25.43614628	29.67943974	25.9263568	27.98429511	29.63542566	25.88191768	23.90360197	26.3539037	26.41933199	25.98824811	29.27340396	25.8113326	26.35137102	26.04574	25.86115893	25.57724022	29.67050493	24.34478233	24.1210389	29.66206691	25.56302807	25.57646322	24.32256652	25.42785159	25.29160373	24.68116801	26.59523798	25.86571182	23.66508074	24.40621335	29.7962293	26.32268655	24.45727281	25.43355625
Panthenol_RP	21.22465804	22.15531215	23.79739222	20.96607968	22.21541019	21.65693141	17.053054	21.04039184	22.71013	20.86592052	22.45891836	23.07621377	21.5812977	21.12002197	20.65014762	22.15281194	21.88846662	22.29580316	21.92059308	21.41051409	17.20670014	21.92781056	21.44132386	19.49940818	21.91801701	20.33732767	21.60315377	17.42687701	18.26106346	20.80971987	19.65643611	22.1792478	17.39068116	21.1304795	21.60362212	20.55974037	21.25925447	20.9484147	20.5694124	21.86171756	23.72053665	20.40277163	21.51763236	24.00019326	21.30941334	20.84303089	20.53530548	21.37155631	23.82121624	20.67400585	21.32237602	23.26251147	21.08495864	20.63648293
Paracetamol_RP	23.29082449	23.40030832	22.64892011	22.73761173	24.52649131	23.91205936	21.2644915	23.41377235	24.26864938	22.67984578	22.50306414	23.51655736	24.19617117	23.87450768	24.43846571	24.23823827	25.47967931	24.00913888	24.03160839	21.26416183	20.96810684	24.38041137	25.14895545	23.36281929	22.6178545	22.82664156	23.68557903	23.29301848	21.94223847	22.56205112	23.40498704	22.08974501	21.57198561	22.83046269	23.55237936	22.41531928	20.67977398	22.9706396	22.52657538	23.53470477	23.63932535	22.7328219	23.28724732	23.1229104	21.61187919	24.17298924	22.1933778	23.09364593	22.7803681	23.232818	25.04786478	23.50299126	23.05650634	22.40235159
Pentaethylene glycol_RP	25.15003059	26.34569891	26.04760604	25.31953668	14.86940814	27.01706119	28.3457012	26.14709084	26.27633994	15.80971255	25.26129116	26.93355457	15.17441647	15.3064984	26.17053529	25.48170118	27.55608857	16.52862217	26.17167247	25.62679681	26.73728034	27.37880989	25.60712957	26.22222624	25.75119471	25.57931893	26.3474017	27.33271896	26.49578329	15.9463477	27.51292534	26.41832858	27.75887794	26.70543859	14.85244703	26.15931385	26.30306342	26.37973724	26.3687446	26.52816553	14.77194229	25.67051607	26.63164114	26.05863122	17.11890962	16.87966091	25.57596271	26.51136751	26.7572901	15.59608868	26.42536123	27.46643391	26.382745	25.9163378
Phenacetin_RP	20.254063	23.91213814	22.77348797	21.12833901	22.34099437	21.93345633	27.07082948	23.17732717	20.30800971	21.26934632	21.24198867	24.27863978	20.39102527	20.29165028	21.6245384	19.85837617	24.98708437	20.63043586	20.92569531	20.41212966	21.77778395	21.73905909	21.82059638	22.61635062	20.23336187	22.19746026	20.57925136	23.40949874	22.82948926	22.99811508	22.71267595	23.1736081	22.96130089	23.27739224	22.47013478	22.29104425	20.92537288	22.9336961	22.50478586	19.93012663	22.44427672	20.84496662	20.17528412	22.34502774	22.34863266	20.37891778	21.13911992	22.00193611	22.17724656	22.06167916	20.35423038	22.07435483	22.97231431	22.59138197
Phenylalanine_RP	31.36056278	30.70819566	31.65909615	32.3872055	31.12040056	30.63609505	32.26939981	31.37319133	30.8917463	31.63393602	31.28990351	31.25058223	31.07028643	31.48604021	31.56336891	31.74866968	31.0348859	30.8615192	31.28327345	31.80639808	31.85737683	31.16682853	31.20150007	30.78820921	31.67619583	31.13624468	31.44218677	32.1329514	33.29231407	32.3815847	32.2010261	32.31040775	32.25355908	32.3407644	31.21273199	31.30066729	32.14586904	31.35778621	31.04364072	31.01657706	30.85129557	30.98968794	30.65005157	31.12325245	31.77667092	31.34565672	32.08129985	31.24648613	32.33425156	31.41615899	31.39381419	32.81148875	31.48448194	31.07741827
"Phytosphingosine (not validated, isomer of 1696)_RP"	25.33504572	23.76066423	25.27922893	24.21080444	23.82830261	24.02717204	25.2015613	25.46775277	24.47843226	25.87082094	25.25682606	23.9429847	24.42474366	25.48167766	25.37926014	24.80509274	23.96766754	24.65243985	24.03456952	25.86726745	25.073369	24.77516331	24.29752127	24.62844394	25.80009576	24.15460131	25.10534771	24.79291521	25.79796769	25.96086336	25.05570893	25.04928147	25.90753889	25.62756467	24.07080251	24.89366366	23.99921254	25.37926014	24.83493168	24.3685684	24.15682759	24.22925567	24.71589392	24.94227399	24.93909018	24.19536154	23.87385678	24.03955861	25.16479656	25.68120655	25.00219498	25.77653529	25.02130425	26.12488823
Piperidine_RP	30.5283779	29.90160913	30.85156456	31.55768298	30.21363428	29.77276813	31.47916908	30.51997878	30.04721709	30.74954471	30.4869624	30.40547685	30.08048829	30.54636357	30.79879987	30.74491128	30.29455661	29.83950102	30.48805342	30.98453109	30.76715098	30.26042375	30.45325099	30.08980996	30.81275979	30.31544397	30.58132461	31.38747242	31.33870069	30.70831813	31.42926615	30.25868634	31.50861166	31.17407523	30.72044044	30.66987888	31.35039948	30.63598588	30.33911108	30.15872172	30.0742155	30.6835214	29.80047963	30.38667825	30.4126456	30.57954277	31.33779806	30.81226388	30.81105513	30.68929584	30.35735013	31.55193129	30.77117673	30.27940822
Prolinamide_RP	23.88854756	21.96592642	23.8703931	20.27760606	22.3551524	19.26029707	25.24206048	24.61579434	20.43630455	23.15265739	24.06214007	23.51831325	19.65237253	19.27059196	24.73155038	18.40006843	16.81417405	18.98587369	20.40036784	24.15141259	25.41636471	18.24527741	22.11630511	24.50311858	23.31670531	23.12480247	19.92962501	23.96840716	24.82723659	25.46775823	26.06772087	25.19736818	24.62089653	26.13534305	22.24797816	24.33232074	25.57014064	24.81950676	23.7519962	19.36657456	23.60607558	24.53449874	19.83427123	23.83823026	25.92718278	20.52208303	20.30808557	22.08261184	25.77221581	24.13468999	17.99408547	24.89259333	23.7264986	23.97524667
Proline_RP	32.52140895	32.2990851	32.93649335	31.50455565	32.65874216	31.25758826	33.65356945	32.61591273	31.72054842	32.2652807	32.05508401	33.20648732	31.3852501	31.11059464	32.60426706	30.79544194	32.58615751	31.08769629	32.29819494	33.21933465	32.26532768	30.9873951	32.64479804	33.44808437	32.61205202	33.01309709	31.2286427	32.93171132	32.96090857	32.66084205	33.39931138	32.40709929	33.12388877	32.54638823	32.69252587	32.49818866	31.6164347	32.47152939	32.68147399	31.16367397	33.0224861	33.10341692	31.40861375	32.58089603	32.12381458	31.92942918	31.41634775	32.62696686	32.26493218	32.85445924	30.89379547	33.26528314	32.89134171	32.8240602
Propionic acid_RP	28.73420388	29.466771	29.7841086	25.35383923	29.61535974	28.60744135	31.67828076	27.49789107	28.21392023	31.01837492	29.99306234	28.97821711	28.31270844	27.94213261	27.49478874	27.56406731	28.05152494	27.0910197	28.45758407	28.70351805	31.26266191	28.75375691	29.80176341	28.87300197	27.7928405	29.97279552	27.86861121	29.6340908	32.97558297	27.90069614	30.10129495	29.92856059	30.90494295	27.84190804	26.30939445	29.30285347	27.35754493	27.81620763	29.47022551	28.42042401	29.47482643	26.99600308	28.83144565	32.38607521	30.53223083	28.94007298	27.44661009	26.24489203	31.30754293	28.73667866	26.85899339	27.64627909	29.00991263	29.33619028
Propionylcarnitine_RP	25.38320291	22.96819378	21.22043439	22.93210053	23.53451754	24.01012736	20.26795302	21.40994696	24.29335223	26.07362285	25.74843717	22.59915721	25.03109776	23.70557111	21.39289641	25.72212022	23.24500993	24.5521394	22.75866597	25.73808789	23.23926787	24.28720409	22.36774925	22.17686442	25.21542224	21.94165038	24.24345885	21.18511743	13.61365461	21.99553729	16.00469231	21.74739888	21.29552929	22.307558	23.75729519	20.77592721	23.75881205	21.42487337	21.81267101	23.97137417	23.49026237	21.91009991	24.32121657	21.83733676	24.767299	24.66758235	22.49022243	23.42830873	28.43691468	21.77094656	24.2066458	23.36225538	21.890598	21.37433353
Prosulfocarb_RP	NA	23.33040325	22.32841121	14.27375724	17.86079072	24.89476565	NA	15.5090954	NA	15.22468019	15.16717471	25.03315072	15.30281513	NA	22.78120682	24.08566646	25.31130661	19.68944584	18.55016199	24.99702742	24.42799416	15.35933064	16.47565621	22.7665209	24.67378705	15.36133974	22.00664809	24.95813283	24.81164677	NA	25.37926014	NA	NA	24.31821123	23.97662136	23.16092726	24.70854844	NA	23.16861155	24.43570134	NA	14.56328542	NA	17.26888205	NA	NA	22.71979107	24.0734444	NA	15.0197196	23.48809563	24.98251953	18.89468867	NA
Pterosin A_RP	23.73747117	22.62126701	24.0509849	23.61799164	23.35709073	23.90235166	17.69363404	23.93264037	24.29415367	23.67990321	23.43750299	23.31863561	24.71167732	24.61046041	23.61795833	24.0200818	23.67771964	24.77000982	23.84025121	24.29978777	23.91505531	24.71725128	24.29426755	22.7766613	19.86368042	24.176152	24.34767104	15.57697179	18.99108424	23.42956438	18.54777822	23.86428065	18.61742632	22.98066124	23.66121079	22.69896347	17.95075159	23.69595769	22.61369646	23.81062641	23.5969239	24.09162916	24.44708836	24.35738903	23.22335468	24.86808724	23.24743479	23.49514806	24.10441147	23.85576777	24.23330209	23.39932225	23.18816756	22.90629001
PYRIDOXINE_RP	23.57342214	23.54610851	24.57960543	22.21812121	24.02039496	22.36044401	21.68873665	23.25589635	22.33726782	24.1425103	23.37983466	24.08239836	22.46577476	22.586274	23.31965369	22.86597503	23.81070458	23.20358112	23.87626675	23.78430648	24.17381394	23.3017457	23.85079462	23.73690163	23.64625664	24.28320857	22.52851649	24.16947453	25.57348809	22.86844405	24.78041376	23.52828644	20.7056352	23.09422866	22.28271064	23.54842133	22.53760208	23.41571189	23.71168712	22.57030083	23.92073176	22.32990381	22.45523078	24.74840656	23.80572373	22.84603831	22.00877111	22.44653192	24.46207124	23.62252571	22.40610135	23.6058004	24.00752433	23.56600088
Pyruvic acid_RP	18.12627156	25.51765942	22.15908243	27.7726949	24.98864957	26.72864614	24.38464696	22.99456537	27.28037607	15.65741447	16.59109096	25.37926014	27.45033599	28.43845821	22.40092754	28.78951728	26.53522373	27.72480371	26.68849343	21.22428803	22.49523747	28.67134682	26.79603834	22.37925744	18.83549755	25.84159134	28.47422369	22.20766722	21.90945626	22.18492012	22.86158393	19.40896871	23.3699147	21.24563377	26.03828222	22.07537598	27.97605263	22.78390478	22.93245085	28.20615658	24.30390285	26.12195102	27.14148421	19.68471743	23.52202999	27.63449315	27.47658616	25.68276016	23.09803209	22.70110085	28.54139993	23.71040698	22.89757343	22.30939361
S-Adenosyl-L-homocysteine_RP	23.78701439	24.28442792	24.51285732	23.89842746	25.17267384	22.58360567	24.89182586	24.872387	23.52994034	23.55200507	23.3864579	24.77886394	23.00066933	22.87555472	24.79215022	21.65246905	24.94158898	22.62797286	25.26357826	23.93326852	24.21255056	22.60839588	24.84448116	24.66601854	23.26100803	24.82523267	22.87489201	24.44989012	24.29333498	24.77465592	24.83484042	24.54024837	25.06754661	24.92141059	25.03438012	24.95932132	23.63913856	24.78194705	24.27896338	22.64983663	24.72155255	25.06945761	23.01889466	24.33374078	24.62991745	24.04315097	23.42935566	24.92034214	24.39812752	24.83210378	22.40796634	25.64973946	24.95743362	24.6752938
S-Lactoylglutathione_RP	17.78452399	25.48000262	26.53583563	24.81394932	26.07846619	25.18319196	27.7419362	25.86929934	25.54851431	17.00549488	14.65889746	26.75094364	25.1416885	25.26644349	25.14794773	17.88609075	25.91109354	25.21017135	25.8011199	21.92573974	25.42428639	25.917033	25.37926014	26.17416282	15.92056599	26.44368127	25.03472523	24.47297102	26.55739574	25.40808797	28.10976081	25.25794898	28.20116572	24.60747068	25.08834689	25.77618729	25.9605896	25.71344504	25.89014374	25.09030223	25.74771222	25.28420094	25.64628209	25.37934158	24.5087536	25.19609156	24.07420305	24.78915618	18.40494756	26.80382392	25.13963257	25.97632204	26.55726457	25.86577432
SARCOSINE_RP	30.88571798	30.7072081	31.39688274	30.39345558	31.22957477	30.03017274	29.96204554	31.18472019	29.96138246	30.61494857	30.62463357	31.65042515	30.27058352	29.44280715	31.29645665	29.57147565	30.43808942	29.88032828	30.29872747	31.47110001	30.86306309	29.3894334	30.79135794	31.18070236	30.95601922	31.10276391	29.46658877	31.63392532	30.46203309	31.12023904	31.90778178	30.66936591	31.89948611	31.2923165	31.13859228	31.23831794	30.16926338	31.07045748	31.03602058	29.1231233	31.41813612	31.01404265	29.69798711	31.07120029	30.83159476	30.57034588	30.29165556	30.96709465	31.03562226	31.08090137	29.35421726	31.89201054	31.09518707	31.06257554
Serine_RP	25.01648773	24.68960618	25.59483808	25.29537571	25.69910705	26.60618481	28.01731056	26.47570903	24.39321092	26.18965484	25.49222732	26.03865204	24.10069884	25.10921996	26.62527915	26.38623983	27.69145841	25.77141038	25.41606485	27.24655969	25.07894847	26.43238767	25.70156585	25.73519468	25.56187812	25.90622787	25.04182606	26.1692774	25.56784708	25.10215131	23.69794229	25.01799171	27.0409321	26.07657406	25.32080413	26.16224925	26.80098145	26.1901136	25.37926014	26.47351951	25.20493368	24.99786226	24.25676674	25.01587696	25.34066765	24.609497	26.14955044	26.47749753	24.75439115	25.23054259	26.73108249	27.6352194	25.372827	24.98398051
sn-Glycero-3-phosphocholine_RP	32.45823734	32.61571884	32.90440337	32.66739877	33.05130665	33.44629067	32.39498703	32.48182435	33.23512477	32.00182113	32.20737633	32.92075899	33.20761793	33.23331199	32.39591822	32.98110924	33.53482977	33.22702239	32.41199709	32.89001699	31.82960161	32.43236869	32.97825065	32.5400313	32.28699911	32.43368449	32.93519327	32.21582052	31.86182916	32.2337136	32.60125483	32.08982478	32.68050636	32.31080869	32.6208153	32.00376058	32.86248746	32.27937994	32.23225655	33.04866887	32.58496753	32.29118062	32.99139627	32.41017707	32.18509572	32.91303066	32.37450694	32.56642866	31.81623069	32.43760661	33.45443214	33.00923272	31.93299718	32.12512474
Spermidine_RP	29.05933879	26.59423767	28.8913038	28.48887766	28.32692412	29.3705995	28.70781374	28.75405679	28.93162546	29.6636186	28.74060542	28.40015692	28.64691721	28.17674902	29.06576307	28.61075626	27.67793954	28.57825706	27.67798139	29.49554533	28.56473044	28.14698727	28.5414479	28.53836481	28.97148975	28.70412377	28.42019664	29.460197	29.44062613	28.35403877	29.66472514	28.25074309	29.98525764	28.48075065	27.83233551	28.80710179	28.64269302	28.60056188	29.05557909	28.0793118	28.50398837	27.78366873	27.90895769	28.62512289	28.6390246	28.59934905	28.64330098	27.68742482	29.27436588	28.9022401	28.28351411	29.14004679	28.97066671	28.68958435
Terbutaline_RP	22.56931095	22.49934618	23.22964595	22.75194447	23.53983709	17.1204076	18.10787129	22.65848086	23.87382235	23.46262417	22.31389422	16.23702691	23.17077372	23.18272734	22.50997761	23.28510733	17.1337973	23.82945537	23.01768751	21.22978702	22.87665312	23.00130023	23.16773319	21.65425493	22.35850881	22.89795965	23.04619628	21.08201201	15.90975091	22.56204754	20.68747316	23.25343194	21.76822779	22.53738057	22.33922085	22.02709702	14.28328845	22.49447741	22.30879991	22.71890059	22.93879584	22.39232224	23.06639598	23.64097548	22.21183619	23.75646716	22.11081793	22.13736686	22.94359823	22.38988881	23.13580052	22.8448139	22.79722804	22.18146674
"Threonylleucine (isomer of 809, 926)_RP"	23.62533609	19.70489921	24.45586313	23.19503854	20.25509877	21.05991495	22.38092713	24.08456565	20.68432425	23.94776044	22.93259061	22.24816178	24.66955813	21.35655097	24.73941657	21.80797034	21.5645269	21.22191066	20.59218078	23.49578286	23.51118637	22.08953577	21.12952383	22.5988244	23.74219843	21.07771274	21.56717613	25.37926014	24.6754276	24.0275411	25.37647068	23.37206632	25.13065515	23.62228024	22.31834749	23.40009454	23.11406515	23.93896781	23.42704701	21.13867642	20.51455542	20.18243665	20.47956695	23.93018052	23.09012437	20.97818054	22.33630324	22.40208667	23.02805001	23.70472781	22.40185232	24.32588712	24.07038263	23.36359006
Tri(butoxyethyl)phosphate_RP	15.92540513	24.80444893	24.59333825	22.62889247	20.12686504	26.28632343	17.47613113	22.83422252	22.54681919	17.51151295	16.4148061	25.60479193	22.26868261	22.62969218	24.69098971	25.77273946	25.79334894	24.17352263	22.66543198	16.47972393	24.94407853	26.54905445	21.57457686	24.37882303	26.84293138	22.61726944	24.77761793	26.23467243	15.44848807	21.55193652	16.37340046	15.41298474	17.3864353	25.17416065	25.04952291	24.67151795	25.50493548	23.05484926	24.54127167	26.39221089	19.05724242	22.14824485	22.81230285	16.97680518	21.00334372	16.71671243	24.86730928	26.24736528	20.09419398	23.05171309	25.53507379	25.59690704	21.85874915	21.95455638
Triacetin_RP	23.66764755	24.54511428	24.43693667	23.86423813	25.44588153	24.65123368	22.18585149	24.09827647	24.88773576	23.93537174	24.75678492	20.92018264	24.70473888	24.76525	23.45900561	24.4960225	21.2247391	25.21101575	24.3073987	20.86793199	23.87705494	24.81297885	25.029477	24.51476427	23.48264534	24.53342002	24.67857073	20.53083814	20.71791071	23.8459252	20.99495436	24.13044364	21.30935193	23.51841896	24.37860907	24.31264892	20.73679632	23.87188628	24.13697558	24.60012669	25.82886871	24.32660454	24.78330956	24.64070398	24.96316374	25.44870896	23.81399487	23.9850088	24.65991855	24.11351408	24.49942638	23.74351027	23.96635182	24.54367987
Tris(1-chloro-2-propyl)phosphate_RP	24.09145743	24.67168212	24.58920914	24.25014175	24.74331953	25.0361541	18.5125953	24.24861049	24.69020141	24.35077191	24.16494669	25.02667527	24.68805332	24.85918561	24.49955733	24.95843413	25.21919252	25.20988122	24.57371745	24.99424286	24.41162442	16.82047381	25.23355241	24.36485669	24.5444628	24.52686311	24.89021556	25.0093648	24.99124988	24.00631172	25.5412431	24.23291661	15.92772473	24.48870215	24.43879649	24.31825725	24.85536312	23.98011594	24.31122541	24.82053195	24.75698572	24.33417181	24.82297226	24.31707175	24.29799394	24.77527027	24.33609288	24.58261992	24.34712209	24.38741046	25.09395197	24.97684043	24.30353253	23.91496398
Tyramine_RP	23.97615514	23.8064762	24.44871534	22.82891297	24.21573944	21.40860134	22.71014124	23.3931392	21.58244089	25.01588187	24.25516112	24.73194468	21.86148908	21.93630213	23.37696626	21.1246503	21.75148525	21.69964274	22.95192825	21.08678789	20.55998225	20.39130188	24.35849164	23.14137577	24.24242016	24.26657554	22.3089946	20.93435234	25.92281049	23.23398196	21.84254974	23.96582612	25.35200091	23.47714862	22.13952858	23.90470584	22.26952365	23.24828965	23.6044556	19.9240649	24.02582049	22.41908113	21.59999049	24.54195892	24.31436643	22.1752172	22.87778036	23.01737774	24.6913823	23.0752584	19.7809268	24.20826574	23.02373611	23.69143858
Tyrosine_RP	22.81356424	25.09291324	25.68066236	25.64460349	25.76096799	23.55840694	22.96739828	25.90320727	24.92398965	23.58263181	23.58984359	25.19150725	24.89412526	24.75778011	25.79067822	22.41590175	25.73769774	24.65653412	25.64245932	24.14035169	25.38826692	24.28477106	25.48551702	26.15289572	23.15573667	25.10293367	25.33674138	23.75166177	26.92330373	25.73208686	22.44494775	27.28238585	25.75627995	25.68462404	26.91382714	26.87720209	25.61836324	25.63001369	26.23602705	24.67589898	25.54721784	25.68407499	25.5913574	25.61584384	27.28917179	26.26951369	25.75468431	26.7257361	25.40956706	25.37926014	24.04645216	26.30806359	25.31745654	26.07787033
Uracil_RP	28.82792853	24.95953802	29.14491594	26.93664785	22.70312965	25.76768509	26.0647042	28.89840539	26.23743301	28.33945943	28.07848366	26.73175367	25.42409886	26.3813438	29.0186153	27.27086036	25.18384377	25.63840723	25.34739356	29.02790936	27.67285444	26.05238607	22.81018211	28.44127519	28.38618544	26.88212432	25.90341992	28.83039916	27.98460376	28.52445055	29.58094359	28.09060052	29.33239595	28.45697481	26.76905094	28.15628698	27.10223936	28.81223429	28.63321935	26.54313623	22.88007646	26.24081549	25.9131908	28.64514627	28.00045709	24.20637121	26.47203601	27.97652291	28.25560557	28.96157231	26.29896432	28.91466462	29.12302079	28.43340918
Uracil; CE10; ISAKRJDGNUQOIC-UHFFFAOYSA-N_RP	27.16057205	25.35291062	27.29895328	25.27694864	25.92835995	24.39727586	23.5038188	27.06118035	25.46871824	26.85618836	26.43173904	26.39024203	24.25177744	25.56226683	27.58521357	25.83541777	23.23201439	24.15297862	25.07637428	27.56825682	26.80330136	24.84084196	25.28935275	27.05322653	26.97897513	25.91923907	24.84625654	27.45452732	27.38916545	27.35390565	28.0622693	26.79754038	27.7057483	27.15251442	25.98424506	26.90975119	25.75918006	27.4468673	27.21099811	24.96223794	26.00771104	24.90223989	24.44477696	27.30831501	26.93387798	24.76241189	25.11264151	26.73388805	27.09601742	27.66611314	25.09583534	27.9626761	26.97735205	26.64086386
uridine_RP	25.83085171	25.60629175	25.40275878	24.43757839	24.69399417	25.62990794	26.87619168	24.73731442	24.16465649	28.49107246	25.61878846	25.14456921	24.56078705	25.29280785	24.76133518	25.908018	25.75736365	26.3173665	24.55653005	25.48291235	25.01322334	25.64391462	25.19639858	23.8739218	25.39951818	24.54439034	25.26514445	25.28445434	25.24654484	24.87461896	25.56629861	25.29982818	25.6293403	24.98701118	24.37269439	25.32587273	25.15052653	24.62759607	24.85683955	26.19201198	23.86480525	23.84842205	24.51931031	25.60242733	25.47340762	24.77509797	24.28629779	25.19322972	26.35852107	25.01307791	25.2215063	25.37926014	24.41683255	24.1104962
Urocanic acid_RP	26.03177189	26.40860975	26.44234712	26.19940417	26.67321842	26.71088257	28.43990115	26.15070802	26.62395828	26.28457368	26.0350217	26.77143705	25.94473508	26.7202881	26.22433127	26.97162225	26.89960706	26.91060236	26.37133282	26.74091678	26.41417547	27.07698181	26.9532938	26.13875667	26.45610303	26.50321026	26.70213914	26.77204396	26.83975963	26.01291154	27.45086323	25.82725124	27.06143239	25.9417615	26.37988573	26.103181	26.65273287	25.94344719	26.11883446	26.83193919	26.3851062	26.18500276	26.53402349	26.15482418	26.44956469	26.60960749	26.14088727	26.54877665	26.02780619	26.22925593	26.78705296	26.95749459	26.03272196	25.89885226
Valerophenone_RP	24.94670544	25.49997598	24.05126921	24.73691116	22.69830795	24.06736449	24.53433934	24.10374381	24.93467554	25.37926014	24.26967732	23.76396156	25.51165611	25.28328791	24.14706688	25.34253432	20.32245553	26.07649369	24.99419794	22.01883661	20.89138194	20.65826682	25.24541416	24.68857511	25.77701303	24.29556385	25.69585184	21.13284923	20.64838061	24.47908719	19.56253602	22.54580907	20.38598838	20.79369732	24.56911218	24.13266869	19.50252504	24.25159911	23.84220327	26.47084213	24.72491135	24.70559795	25.13743454	24.31904323	24.64252502	25.3295718	25.01076045	25.12335302	24.3296696	24.41093359	24.86137076	21.14388155	24.72626139	24.27507624
Vesamicol_RP	26.26308149	19.83381594	24.39710187	22.39874741	21.13434459	22.1798515	23.61911226	24.4212189	20.28566511	26.85217194	26.25632672	21.41554076	19.55296754	19.97131481	24.04506517	20.16685704	22.39459017	20.29951938	22.90896663	26.36708493	25.38041597	23.03541651	19.77772933	23.20882985	26.20842852	21.35454197	21.02866895	26.19538161	26.5529294	24.38850577	26.30564849	24.00979504	26.40292135	25.59232571	21.71140534	24.08249149	23.66280627	24.38776799	24.11005869	20.79990829	23.85585396	23.34443024	20.03338684	26.16699871	25.81786417	23.17403756	23.74169768	21.04867938	26.10921057	23.97252194	23.04168906	26.14926188	26.56138406	23.9310526
Xanthine_RP	29.511385	26.45483427	29.2054292	29.39294255	26.82680955	27.0064874	26.30091577	28.89551828	27.84282952	28.92323764	28.57372385	27.53143986	27.53164151	29.1624222	29.00408913	29.51345779	24.89445616	27.07039798	26.43130287	29.80231624	27.75065718	28.59303125	26.63124648	28.30623114	29.15755685	27.29870847	28.83411019	28.83010245	28.22889788	28.51346427	29.65310575	28.10950905	29.38066709	28.55517503	27.30167857	28.23869125	29.47471729	28.87815698	28.74303579	28.89251135	26.18306583	27.28969288	27.31822393	28.66163708	28.29734613	27.73168429	28.92367321	28.52825019	28.48459233	29.08086813	28.66035008	28.95805652	29.03727998	28.31250999
Xanthyletin_RP	17.5464103	25.68922418	24.7890438	26.04301483	26.46531077	25.76219244	26.3871013	25.02277967	25.90990447	NA	NA	25.79332043	25.85590421	26.27606425	25.43099442	22.68017771	25.98478928	25.47289515	25.2374193	17.04588255	23.75796695	26.08518833	26.01635225	24.92000479	17.98087167	25.61852319	25.81729526	25.33035033	24.56002793	24.25823347	21.19693191	24.16182055	21.17669885	24.12918997	26.23612362	24.72244109	26.11196215	25.17303632	24.72081531	26.0541856	26.04659594	25.80429145	25.69644207	24.80717595	21.66853302	26.43113822	25.91327473	25.75760818	16.6992489	24.41029455	26.4046844	24.65146977	25.04519014	25.03755883
XYLITOL_RP	24.97257171	25.5708007	25.36079067	25.84814701	26.32678557	25.67909785	26.39416476	24.95702904	26.11710378	25.00233093	25.08971872	26.33660087	26.47015738	26.45739128	24.93282984	26.65743393	26.39049306	26.56755551	26.18261387	25.33909866	24.52229232	26.17887254	26.87623724	25.37926014	24.83135644	26.13075377	26.56618001	23.76880932	23.9754533	25.04360689	24.91457574	25.02602679	22.57777677	23.90575425	26.11104273	25.34093141	25.43963623	24.98896949	25.41472592	25.83476594	26.22949514	25.67708707	25.86414674	25.43976094	23.50288003	26.02227458	25.61362811	25.37926014	25.18792897	25.28618995	26.80254669	24.40253715	25.20247269	25.01905319
(R)-2-hydroxystearic acid_RN	24.81609018	24.39527933	24.5954961	24.7884346	23.89058896	21.56618857	22.98585766	23.77475965	25.37198447	24.55849361	24.0227209	23.80873212	25.44322237	25.23371343	21.58630112	24.30170273	24.15124404	24.88862298	24.38494211	20.41339376	23.82515794	21.48516555	24.48982197	23.81448187	23.7390017	24.54073926	24.44235794	23.89609646	23.21973241	23.25524063	23.43220451	23.11508671	23.12882804	20.57126627	24.62162081	23.98942626	23.41162628	23.97882916	24.67288607	25.18674096	24.27352341	24.82507539	25.39520577	23.88449172	24.36867627	25.21545142	24.11488242	24.3979245	24.13745199	24.46740427	24.90334301	23.0979691	24.5879638	24.21193936
(S)-MALATE_RN	26.00695238	28.17279431	28.12210942	26.82744627	28.53318801	28.41906537	28.28159863	28.06417875	27.50804551	25.39095649	25.6035096	27.70454768	27.22257274	26.48092839	28.3466132	24.11874851	28.31884415	27.46380444	28.65816917	25.30419468	27.4870371	26.41387157	28.75762542	27.97292952	25.71183106	27.60980034	26.57889888	28.17155919	27.52535554	27.68737345	27.98022332	27.21835951	27.96714298	27.64357402	27.62458722	27.65381089	26.83356991	28.0972514	28.45914929	26.69996966	28.23270281	26.51297412	27.06844187	28.13226507	27.57048886	26.94817126	26.43255085	27.80974183	27.53698509	28.45331711	27.2414823	27.81290924	28.25540875	28.31620837
2-Isopropylmalic acid_RN	23.35512586	27.34213242	26.06517482	27.66416445	26.26450122	28.01498415	26.49688279	26.68857213	27.37060586	26.93358691	23.62386899	26.90838176	28.20560927	27.43354519	27.49409981	27.79491579	25.40786989	28.24988401	26.11478738	27.56656015	26.33925403	28.15871018	27.83959094	25.45927492	27.62149653	26.43729433	28.09688813	26.74482031	26.86373293	28.69369925	27.32423699	25.39721214	26.96404331	26.13320915	26.99026463	25.22221507	27.13435197	27.28237543	26.86965461	27.60761466	25.78135806	28.2945024	27.76468889	25.72205119	24.67712031	28.21053206	27.69308133	26.71647893	26.87059708	26.94694171	27.74727571	27.31992997	26.78930414	25.52592092
2-Naphthalenesulfonic acid_RN	23.66751911	24.94145247	23.67985988	23.76387473	24.93598957	23.10525241	23.45301837	23.14058134	25.50755814	23.65098813	24.06206095	24.29439519	23.03877945	23.61993337	23.43238883	22.7258047	20.87060451	23.85197003	24.10403756	20.86781754	19.85016281	22.29191077	24.48795199	20.74774712	23.9338981	22.77766956	23.53358167	21.7386083	21.35447866	22.47754416	21.44773832	22.58433549	23.82578555	22.47332395	23.46200429	20.60962441	20.30829665	23.1625035	23.78109135	23.74048969	24.20552732	22.81987694	22.47195276	24.00042533	23.08258829	23.59619797	23.17846773	23.67867527	24.06012852	23.11264841	23.57543929	24.09131399	23.91974345	23.59787607
2'-Adenylic acid_RN	23.20954101	22.25139182	19.45218918	22.74292389	21.90469839	24.20616739	22.68597973	18.79058758	22.84976341	23.58179098	23.43820941	21.39069167	24.17184193	24.19820637	20.02403454	25.31585574	22.31267996	23.89432502	22.89008106	23.01657378	19.83884774	23.64576385	22.79971922	18.99524432	23.4735805	21.08785143	24.648243	18.27199167	20.6648617	19.41714547	17.50423461	18.68976792	19.05187285	19.49267489	22.60092293	19.57056845	22.50056837	19.27308308	19.54476633	24.04534885	21.17538583	22.41535605	23.25008117	19.81390905	20.20552746	23.69349616	22.49027619	22.15300329	23.24459986	19.18777981	23.46719938	20.30340776	19.79919406	19.39750352
3-HYDROXYBUTANOIC ACID_RN	26.71096321	25.83215929	25.74901063	25.96433321	26.66071522	27.03242378	25.84748296	25.93415362	26.8175794	26.08847932	26.58224233	25.99601739	27.48898882	26.76572877	26.37932811	27.17098363	26.96226318	27.18032327	26.93344447	26.27422158	27.48517299	26.96787448	26.4056312	25.15448516	26.26794372	26.04198496	26.3651626	26.27483901	25.99857443	26.41598722	26.50306606	26.48864502	26.53471075	27.48707098	26.92509058	25.55601649	25.85981635	26.26024506	26.08798735	26.32410335	26.56910089	26.11337651	26.7856988	25.57010017	27.1100788	27.72758947	26.0202982	26.51935145	28.00057417	26.01499065	26.99873075	27.79673939	26.17573858	25.87026834
3-Phenyllactic acid_RN	17.7156877	23.98358058	23.96071737	25.13115587	19.0278898	25.02116623	25.00339302	24.75072863	18.06619193	18.17182843	18.28369982	23.6145682	19.76708717	19.97304687	25.02730215	25.57459775	25.58698789	25.47345229	20.09059506	21.54178128	24.08218699	25.79110297	20.42775448	22.64176352	21.19084821	19.0250325	25.46796242	24.14700315	25.12803001	20.06447327	24.95787908	23.38132838	24.42958746	24.64767884	24.33780029	22.96141515	25.33081352	24.65112652	24.62355584	25.39208557	23.46414023	17.16254744	18.52149057	17.99288022	19.01279346	18.55676556	25.08860451	24.60546186	18.86980486	19.44041644	25.82000671	25.04736106	17.58506036	23.8270169
"3',5'-Cyclic AMP_RN"	25.61552284	27.57683689	26.7624304	26.30451783	22.81801035	27.36188795	27.99374821	26.0136968	26.95814251	27.44929179	27.75795647	27.13704539	25.02030142	27.18202227	26.52567512	27.86959686	26.7394318	27.38337613	28.56374338	26.86929249	26.77653389	27.42756713	24.49799702	26.4681829	27.08859658	23.15073544	27.26267331	26.50835608	26.75276603	26.21221594	26.68162658	25.78911757	26.45368559	26.47290748	27.62298979	26.37808673	26.4004767	26.72090659	26.89542144	26.94839829	26.87342727	27.35367886	24.35699272	26.99658812	27.1340246	27.78805015	26.44322873	27.71567714	24.09189913	25.18316919	27.17687453	27.0202508	27.01121261	24.06871085
5'-Deoxy-5'-Methylthioadenosine_RN	14.61604064	24.16827732	22.22719825	15.73723683	14.92834052	23.54740308	24.69088652	12.66485553	13.72020457	14.18825543	16.13573959	23.49106903	16.76090126	15.31157589	22.09729739	23.34507693	22.95993408	23.50370126	18.68876575	22.25654644	23.11002069	23.01592689	18.41569815	22.43251743	22.49704769	17.61672019	23.5287753	22.22540271	22.53661784	16.05799677	22.35675348	15.47482132	22.41657332	22.39084898	23.94679955	22.24312957	21.95854557	22.26914379	22.78905512	22.94812766	15.58177929	16.90534388	15.06868732	14.82299157	15.98880581	16.64507625	22.11238247	24.03567459	16.64018882	14.61664185	23.15578626	22.97481393	14.74545932	22.38556982
6-PHOSPHOGLUCONATE_RN	28.07750614	25.49244197	24.29799711	25.61358134	25.72069344	26.55316588	25.8214295	24.00280622	25.39887173	21.42035556	29.22384656	24.88134805	26.639259	26.25171695	23.99705891	28.11484247	25.46751882	26.33206056	25.34901719	28.09281477	24.60921494	25.41961396	26.18187792	24.97387973	28.60583342	24.94603405	25.85007321	24.47529619	23.97799601	24.16639737	24.56783895	24.63846077	24.21459027	24.02493231	25.15498516	23.5683986	25.31169114	24.25580947	24.29597929	26.0657717	25.48166199	24.32898268	25.93517623	24.79334211	23.88672949	25.99513052	25.419177	24.98227847	25.27396218	24.566108	26.10804411	24.26189229	23.99499102	24.23117396
ADENINE_RN	31.24006983	26.29207681	29.95257162	30.47870639	25.46872106	29.93951013	26.77426393	29.07102757	29.21349287	31.04989194	31.10415469	26.4093077	29.68078712	30.64091317	29.51377898	31.6648296	27.05057475	29.70098055	27.04106148	30.86624456	28.42478291	30.97052265	25.73603362	29.14820109	31.04452887	25.90554114	30.8219559	29.37125694	27.32939383	27.9943749	30.17729871	28.22882187	29.42228659	27.43778642	28.2984918	26.94162423	30.2263533	29.57648673	29.91193191	30.66474911	25.75947178	27.71041492	29.46803465	29.53372487	27.99366865	29.52472614	30.22981493	29.22451728	29.48704658	30.23976575	30.91202179	27.85926811	30.44818599	28.46934588
Adenosine-3-monophosphate_RN	23.37294505	27.42700161	27.02692717	24.05488588	24.45989314	28.46695401	27.02349222	26.74304442	24.59197981	23.81438546	24.54055075	27.64734556	24.63422834	24.86907968	27.21808611	27.17448769	27.83137151	27.87761615	27.20456896	26.54732113	27.1721058	25.59182874	24.76341048	27.06920903	26.7043556	24.61461772	26.00026508	27.39658754	27.30908415	24.7640174	26.83877922	23.88183409	27.50293589	27.10613379	28.40614582	27.00128954	24.09239002	26.80127037	27.46476035	25.52762287	24.82722098	24.75949395	27.59280072	24.54725625	25.04062902	25.03937454	24.55130904	28.08175936	25.22743323	26.65508756	25.30425937	27.73485741	24.33797694	27.17034383
adipic acid_RN	25.66920885	25.79442216	25.15992734	23.98940263	27.73822258	26.11437751	24.94841143	24.79446775	25.85394099	25.84728648	25.29527864	26.26775034	25.31971723	24.28259698	25.37031599	26.80220323	27.41303402	25.60100661	25.02859864	25.25798333	25.66896713	25.00928841	25.61118406	25.97331199	25.47509003	25.29026018	23.97971204	25.19315279	25.43029378	25.60319939	25.05004654	25.09496762	24.42612825	25.72933346	27.29842712	25.36114719	25.14736117	25.10216271	25.54206045	25.01616723	27.51834891	26.88537236	26.03889402	24.99104553	26.89558049	25.58435073	24.29240196	27.30835059	28.5837433	24.59574654	24.44156213	26.56387861	25.06511301	25.48956413
Ala-Ile_RN	20.27878725	20.20047568	23.82535853	23.38723384	14.13509382	21.15250457	19.77740809	23.45832179	20.28147303	21.89316859	20.78341473	20.13478947	20.94782933	21.6608076	23.87809357	20.57767948	19.96971593	20.36713671	20.79196932	20.23264009	22.70377526	21.5985224	20.52347599	20.79815187	21.31401034	20.10906545	21.68820986	24.41594487	23.86144146	23.82261456	23.88868696	22.7223805	23.73033674	23.28626021	21.45994788	22.98400759	22.34336609	23.72870923	23.09061718	21.44863314	15.78643468	20.1039833	20.03398424	23.33330174	21.2187543	20.47150946	22.89510609	22.03483592	21.32930868	23.10308726	21.87637535	22.72895014	23.9916818	22.82857936
alpha-D-(+)-mannose-1-phosphate_RN	23.60677512	28.55508613	27.9177948	27.75606368	28.32848973	29.72371252	28.52097985	27.32148654	28.63062963	22.60329683	23.00260622	28.37409698	29.11995461	28.36584164	27.94916059	27.73548672	29.02933232	29.28785293	28.3274861	25.78383099	27.75915526	28.37475886	25.08197188	27.87698863	25.35977707	27.89603046	28.65926113	27.8311299	26.77366863	27.0923196	28.25666063	26.40154801	27.59096916	27.27408035	29.04700363	26.9311485	27.65235106	23.34548137	27.72142497	28.7167754	28.59298125	23.89532797	28.88018108	27.19131218	22.72195738	28.84364343	27.43521534	28.88463297	22.09092801	23.8156894	28.48317851	28.10016161	23.31398785	27.55499382
Aspartic acid_RN	27.0043766	21.01142539	21.6136991	21.25073673	21.11875536	21.60613159	20.87646565	21.14105019	21.00455759	27.97442324	28.1319257	20.84052479	20.90122938	20.59408828	21.63480478	22.7433267	20.73640796	20.67840871	20.20181757	26.63145882	24.04146506	20.11954321	21.57324409	22.17493837	27.57659859	20.29151133	20.89446165	23.09789992	23.9926538	22.13067146	21.33198604	23.94971587	16.17976107	21.98715331	21.17941206	22.12776188	21.05172376	21.66933082	21.39451909	20.51774339	21.07818881	20.43400731	20.50536556	21.48755511	23.67160898	20.52469368	21.7196505	20.98097657	24.38191695	22.01443772	21.04507501	22.72093114	21.4239125	21.51528772
BETA-GLYCEROPHOSPHATE_RN	24.68337637	26.1567458	27.95669552	26.16344487	25.43035428	26.79900518	25.90066783	26.82194213	25.25213828	24.67314321	24.71120066	27.17550621	25.48240673	25.42646716	27.22046673	25.32528221	26.26009449	25.89384845	24.7629904	25.27672716	26.20470276	25.32010167	25.28131974	25.23545165	25.27662973	26.31446859	25.2379916	27.35250533	26.31699637	26.00416764	27.47830705	24.81940258	27.44353009	26.53173188	27.26220023	26.56747651	25.29891921	27.04066283	26.7241561	24.94551549	26.28042458	28.00693379	25.5377493	26.82651423	26.47127928	24.90855851	26.10637657	27.69013841	25.63996395	25.80481691	24.97912836	26.28044011	27.50786625	26.28705829
Bisphenol S_RN	22.94035526	22.35124632	21.57485056	20.60042484	21.78364938	24.21059597	NA	22.05819413	23.06784993	23.38489857	21.00516207	20.93295253	20.95417055	21.18923498	13.69416882	20.78589608	21.56076962	21.85940332	21.08648321	13.70241098	21.00193241	NA	21.60781831	14.0367146	20.91121329	21.09098707	22.83073422	13.67372629	NA	19.35692727	10.92722619	19.76076668	14.53869542	20.24556484	23.18464717	12.61180469	NA	19.90036863	21.23006221	21.40290133	21.50322127	22.12864737	20.87522115	20.48597093	22.55628614	21.14342929	20.76089033	22.32027409	21.91907643	21.23140937	21.38520649	13.42135624	20.28741459	22.4975309
CITRATE_RN	26.04285265	30.66385018	27.51772959	32.32938636	29.85322555	32.32739959	31.74469917	28.29528145	31.81048194	25.28534518	26.50601452	30.28806638	32.28657663	32.83641726	28.03552947	33.68317341	31.3560136	32.64948972	31.51267539	26.65885423	28.3461839	33.48839528	31.59598718	27.80978083	25.56313742	30.53273899	33.14053298	28.0226468	27.61354518	27.50953432	28.03886651	27.26016971	28.94870061	26.90161667	31.24464705	27.67523406	32.18230977	28.34198399	28.85040818	32.8819184	29.4899659	31.03342398	31.92358027	28.24569408	28.87709795	32.30336789	32.17967881	31.03514141	28.59305341	28.05399475	33.21596724	29.01542994	28.69422627	28.12039185
Citric acid_RN	21.50165013	22.7233598	22.94910185	23.80931748	22.02158283	24.35394739	23.46936044	22.30476568	23.65115618	21.19650453	20.15161503	23.39469207	23.91257225	23.48180771	23.22008941	25.58035048	23.71023382	23.87542154	22.75774676	22.62600932	22.20651811	24.37888358	22.6924856	22.34100764	21.77442038	22.62282858	23.97311228	22.75404809	19.51153034	21.46530228	22.56087235	20.73453932	22.7048791	21.48147477	24.23612835	22.51054686	24.0066614	22.67939582	22.98605575	23.55882316	22.21379605	23.24060982	23.90074779	21.92589252	22.31905707	23.57857878	24.50288684	24.09271288	22.28274018	22.39289677	24.26471962	23.35345056	22.73578492	22.2756934
D-Gluconic acid_RN	25.6366985	22.54993023	20.524253	22.87862598	23.34680219	23.06923507	22.79274246	20.56293409	24.99288254	24.66894493	25.45202189	22.04420738	25.97529868	27.16298386	20.55566558	28.43147045	22.59432544	23.13620623	22.60926891	24.76943573	21.37836821	27.28442348	23.60189588	22.05327585	25.42460703	22.68016796	26.87813418	20.26209092	20.61007586	21.30160786	20.78442922	21.05461426	20.54593756	21.09689839	22.22466973	20.26465795	22.19911558	21.06902704	21.30999528	27.07990296	23.00912959	21.56831433	24.80740086	23.4147128	22.13403315	24.36780118	22.36726198	21.85361267	23.85566444	21.18810884	28.11946542	21.07140494	22.37652757	20.75811709
D-Glucose_RN	28.62119724	28.97503929	30.65485617	26.89707838	28.66878701	29.1646125	29.84852431	27.21797941	27.69593826	30.17051235	29.76496816	28.80835209	28.02638199	27.8146654	27.57420021	28.18769251	27.58378757	28.82174389	27.84106557	28.35120326	30.56805483	28.53652106	29.1182172	28.42033444	28.96349344	29.00711822	27.98547543	29.5729894	31.63052465	27.7312983	29.20178947	28.59690783	30.04308084	27.60044172	26.86557751	28.93724732	27.5457834	27.88036113	29.48134389	28.11587887	28.90272074	26.90905889	28.21346649	31.24529141	29.73496012	28.16203428	27.54722099	26.93489017	30.13857876	28.44965227	28.07410758	27.99601092	28.82940678	29.03064682
D-GLYCERIC ACID_RN	25.48771184	25.46713584	24.54257877	26.03757143	25.47388994	25.39439382	25.17164748	23.89624389	24.80715346	25.01198854	21.70436183	24.72801883	25.46290512	25.57993243	24.09213155	21.37334577	25.17238259	25.76412124	26.43184532	21.52506861	25.24650855	25.35849115	24.57867766	25.2088989	20.97345215	25.86006349	25.56516447	24.53329507	25.72073548	24.57807074	25.04510522	24.74324048	24.74762708	24.73409706	24.72046733	25.1807876	24.82116522	24.19809702	25.30424366	25.31893566	25.45841966	25.31974433	25.04994076	24.89879049	26.30321547	25.72452749	24.7907791	24.38033458	25.67380197	25.9890668	25.48110053	24.55820154	25.19372472	25.02146308
Decanedioic acid_RN	21.57967674	20.84216582	21.88369444	21.03353771	18.62869997	22.10168091	21.08030396	21.82552249	20.43154028	18.94636129	18.36414636	21.57818451	16.9146125	20.75175228	22.4833713	22.00858026	21.06912809	21.27578668	17.48308574	21.19232593	21.97390507	21.74820871	18.27933113	21.63309827	21.15363422	17.5665179	21.59154392	22.26645116	21.91068681	17.81557464	22.3111502	16.77537944	22.48916442	21.991008	21.03614696	21.64026048	20.51572336	20.7683134	22.36456264	21.25143907	17.72566543	18.01381472	18.01587546	18.59071114	17.91421892	17.70919646	20.7199938	20.92420678	18.54846237	22.15912871	21.0463224	22.56119132	17.21196743	22.23082001
Dihydroxyacetone phosphate_RN	25.73553841	26.24650583	26.5876164	23.09147728	27.20606917	24.55467301	25.08307198	26.77175394	23.9800444	26.2970687	26.41499409	27.17035553	24.36271849	24.14723082	26.76158276	24.35078112	26.04959174	24.03102531	25.872378	23.94452356	26.54069716	23.38930498	27.50917512	25.70154496	25.24167987	27.57603284	23.92533319	26.36482277	26.64834815	27.04891439	26.66414094	25.7816343	27.36588317	27.10990247	25.15275207	27.33374758	22.57205982	27.1141783	27.59534878	23.82296233	27.644128	25.70674971	23.98184529	27.47888983	27.39535912	24.93788593	22.77616883	24.8087219	20.94437204	24.85495217	23.97757483	26.75249182	27.09352587	27.43471396
"DL-alpha,epsilon-Diaminopimelic acid_RN"	23.23884647	24.73681706	24.49708209	24.25913916	24.73670007	24.85326556	24.37760126	24.141901	23.808703	17.131511	23.49601668	24.72796298	24.18792077	24.05712962	24.43844273	20.99633128	25.08036883	24.17417012	24.30128995	22.79473822	24.59319729	23.79220608	25.22349079	24.57924777	22.47858576	24.57196061	24.07180603	24.39598033	24.2292812	24.40018557	24.31036661	24.70362737	24.12655204	24.69440931	24.62119395	23.91069535	23.96470401	24.05692448	24.40504055	23.98613731	24.84648506	24.23621429	24.07574402	24.44105809	24.66496784	24.1517438	24.15706976	24.52385627	24.54424598	24.22327167	24.07772356	25.04164441	23.9675232	24.23610226
Dodecylbenzenesulfonic acid_RN	26.25367077	27.87961065	28.29931207	24.77583052	27.39569063	28.04934211	27.54131837	27.83289372	26.17727277	26.84150325	26.87149186	27.07402691	25.77311029	25.91849065	27.95125553	30.3483094	28.05297313	28.42865448	24.9610422	27.51233186	26.18893304	27.92458888	27.59539442	28.130514	27.92100235	25.92643886	27.79394463	28.2567386	26.14117949	24.79420809	28.04671229	25.31382336	26.50413092	27.18662099	28.4572561	27.89323319	25.85462343	28.23846534	28.61714298	28.57559575	26.11915838	25.15134287	25.70453424	26.4531117	25.53421621	26.28883408	27.68579958	28.67625092	26.23982272	24.1842079	28.66736167	25.76539576	24.21810089	27.99705151
FA 18:1+1O_RN	26.59282195	23.03999348	25.24991583	24.81808454	25.70586972	24.57343056	24.17111272	25.83180966	26.29132198	27.01325456	25.64962657	24.13056696	26.34377299	26.50871771	23.85773173	27.99396472	22.81340264	25.23499071	25.11540062	25.48154979	25.71193634	27.10170739	26.17942292	23.75778886	25.60035918	25.73131013	26.12883867	24.44649806	24.33494342	25.10535584	24.3431361	24.53295623	24.73430365	25.04157317	23.53849499	24.7462368	23.8009881	26.22424007	23.64550842	24.71424948	26.1254773	25.21990421	25.06229181	25.72175046	26.13987923	25.98580787	23.73818228	26.95849351	26.35469238	26.52965536	24.91581173	24.16277331	26.3420621	26.36198504
"Fructose-1,6-bisphosphate_RN"	27.0294865	27.39381741	27.69026574	23.35658138	28.25018766	25.0785931	25.89474471	27.97265883	24.43117794	27.38021987	27.53293176	28.4387245	24.97761285	24.61475375	27.9643808	24.52770672	27.21394079	24.36011861	26.79780317	25.17218434	27.81855793	23.46778058	28.33839026	26.84485489	26.50156985	28.59308231	24.13771591	27.81268647	28.01133791	28.10916899	28.17221716	26.9499513	28.79823847	28.41044067	26.17724355	28.5635731	23.17630385	28.27273325	28.88824191	24.15448622	28.77467842	26.85206905	24.59780045	28.4667319	28.55609862	25.51170308	23.55691587	25.98422675	28.57315883	25.82230437	24.10868613	28.17787015	28.27592196	28.67165155
Fumaric acid (not validated)_RN	24.35119064	25.04587279	26.14289884	24.51320705	25.28447782	24.03807467	24.74936141	24.89957167	23.84149106	23.05580257	24.44835214	25.075018	24.29684469	23.91090343	25.60402343	24.34000248	23.75171592	24.88310971	25.31282042	23.9496643	24.7328732	24.67104407	26.03442188	25.36784744	23.79873045	25.43099684	25.04357066	24.74103743	24.79268407	25.11132968	25.82767547	25.19519381	26.51103413	25.15275169	24.81606649	25.8842096	23.0933308	25.32610944	26.20627446	25.14904811	25.15853377	24.42504395	24.95983665	24.53446382	26.14565523	24.21537277	24.25959718	24.73662629	25.4473475	25.83839304	24.19480205	25.65602358	25.74086945	25.97744178
Glutamic acid_RN	24.97635403	21.13992295	24.37307041	23.57554119	20.89586515	22.20432392	20.14231021	23.99417371	21.72413643	24.82462845	25.04353148	23.2637362	22.81640722	21.74414562	24.62919506	22.27717288	22.33235557	22.22985371	21.57559682	24.671044	24.04240899	20.9536163	21.69495754	24.05053575	24.67104407	22.01786336	23.46959293	24.26919458	23.81005238	24.07864837	20.89581852	23.5959878	23.92818176	23.99889714	22.65350077	23.39674874	22.97220701	24.4682312	24.54697738	21.4579218	21.15153234	23.23320043	21.8933309	24.67051834	23.877893	20.9978366	23.75198866	22.93112143	24.67144036	24.67104407	22.84979359	24.04312049	24.75412434	24.27196727
Glutamine_RN	28.43923217	27.77809368	28.58902726	25.86949411	27.32485995	25.60598878	24.64166199	28.36911021	24.5750417	28.10461916	28.42522952	28.22032122	24.73756521	24.87537136	28.66782598	24.60936869	25.0267123	24.94921157	25.24606026	28.21942544	27.63554067	24.50070945	28.48265086	28.31576672	28.32326678	28.2664662	24.79410205	28.54977777	27.66872958	27.87717653	28.13186983	27.27314268	28.58756156	27.44991552	26.42258776	27.88578184	25.06064323	28.45251215	28.5130439	25.18733946	27.66899885	27.8327191	24.93015584	28.25873375	26.94179647	23.86067392	25.23209224	26.12881286	26.4484891	28.06082169	24.6069843	27.99850105	27.86758682	28.24457293
Gly-Ile_RN	20.53725098	20.02815425	23.46043003	24.11093411	20.53447542	20.99876817	20.82066572	23.2356502	20.17686633	21.5504089	20.13799099	20.96694444	21.06098279	22.62389681	23.72764729	21.34039458	20.08956998	19.88569972	21.3955735	20.94348415	22.93446064	21.75771937	21.90873149	21.66313406	21.39601306	21.10959867	22.71156131	24.36256656	24.06263051	23.57824906	23.98491129	22.5214757	23.68491907	23.44819353	22.04063056	22.59122516	23.14344709	23.46071744	23.1538472	22.05471003	17.26289432	21.37422324	20.38509302	23.00288299	22.10540789	21.38884175	23.66876743	22.00400531	21.46998928	23.37283389	22.40601124	23.47162749	23.78467803	23.14844377
Glyceraldehyde_RN	28.39311316	24.61490436	24.39433891	22.98781063	28.57223198	24.73575364	24.78525018	24.08570794	28.02599871	29.38797075	29.10269405	24.10609421	28.22344539	28.22715948	28.07066102	22.98063331	24.95762471	24.18659104	24.88315127	23.22211546	24.08602112	23.63422425	29.00438656	24.07451357	23.56924226	28.54894064	23.71025418	24.60105072	24.4887046	27.62022391	24.41605699	27.94756573	24.6077845	23.72089574	24.03767855	24.12686941	23.11448434	27.98545168	24.66920207	23.44351815	28.66604727	27.43940795	28.13077889	30.10701471	29.0027779	28.14463142	22.91636943	24.10298204	29.35801804	28.23397641	23.69974358	24.06039499	28.67001961	28.57111723
Glycerol_RN	20.02957657	23.18717672	22.45597682	23.49601618	25.53982925	23.74217678	24.84495834	24.97551311	21.7980014	25.53523895	20.96402183	19.69666778	21.30779123	24.10762976	24.67549456	21.85124977	21.27902434	23.46563538	23.86805804	25.34672911	22.532787	23.51436675	23.08417032	22.2803096	23.49551227	24.98735742	22.25385868	24.19958222	21.15387094	24.89896899	23.2054546	25.00320651	25.48092246	23.05436451	19.26064071	20.34299065	23.51772174	21.50507896	22.67119287	24.35382987	21.30199208	21.04910242	22.47780675	22.74981122	20.787497	20.66651143	20.68451722	23.92075334	26.82944652	20.55157671	24.20573718	22.82752844	21.08897312	20.64988047
Guanosine_RN	23.93946289	20.25641212	20.68847591	25.52476921	19.30395486	22.26857946	21.37951967	19.72880458	22.0946433	25.02631962	24.68268898	20.00576408	23.16119976	25.07315085	19.81114744	27.30452728	21.55326561	22.85468954	20.64201572	23.31596504	20.87863095	24.75612164	18.65630591	20.50557636	24.47054146	19.28157212	25.43748342	20.35328839	20.02747068	20.03178613	19.95687733	19.93693043	20.26355329	19.74572909	21.79819714	20.34165106	25.494324	20.0971401	21.32610549	24.56797725	19.01585078	20.98683172	22.60966414	20.51403458	21.17807338	22.19855513	25.41237794	21.70466762	21.21097356	20.61548064	24.73510384	20.05003942	20.35398689	20.14822552
Indole-3-acetaldehyde_RN	23.37263745	21.63029962	23.55095366	24.13903383	19.66253716	22.52046302	20.44992618	23.10310802	22.19670511	23.566974	23.73748823	20.66466387	22.68938154	23.13840113	23.52260579	23.72949669	20.91066745	22.63616682	22.72883336	22.09898372	23.18691535	22.07936979	21.8284924	21.74706289	23.08229827	21.30908603	23.21194341	23.26018157	15.66982115	23.54975454	22.34962694	22.81167734	22.25265261	23.07279307	22.8712502	22.88744195	22.31058723	23.36918083	23.23604847	22.5971769	20.11138881	22.5971171	22.40692416	23.24891124	23.13766976	22.93545389	23.70711117	22.82174758	23.55736007	23.21333632	23.06987875	22.6096196	23.70398342	23.19185618
Indolelactic acid_RN	14.05259596	23.94340218	23.44848143	24.16519252	23.96916103	24.62676965	24.65120163	24.24076039	24.02550333	19.50880571	16.64897685	22.66272918	24.40792447	24.41667227	24.66659358	25.49065778	24.61082944	24.96017231	24.80368201	22.60931498	24.28834675	25.43535882	23.5276961	22.23477112	22.34340846	22.35475095	24.59780106	24.43888122	25.02663189	15.88563618	24.49409443	13.40907325	24.32229477	23.81857393	23.91206379	22.78134161	24.72563221	24.16661849	24.14232504	24.62783866	23.25616707	22.47439068	14.00004701	17.98686412	16.8910547	24.64368108	24.1550523	23.90556214	15.58714544	13.56877079	24.8514186	24.4134119	23.75442564	14.61730076
Inosine_RN	23.6113743	17.61006248	22.72185165	22.24239362	16.4988951	16.90582812	NA	21.82691807	16.57235513	23.99330514	25.49659184	18.49061757	14.54196038	20.22029569	22.22854352	20.89072973	17.80825839	15.81023534	17.95624766	22.7795127	23.71308957	20.29012646	17.27454532	21.91950101	23.95351931	17.79850649	20.09473904	22.63263668	23.32744676	23.52196175	21.72961359	23.30623687	22.77843811	23.05646729	20.46733654	21.6421951	21.38948833	22.62433787	22.71307946	19.9412521	17.96515971	17.96414833	17.8312664	23.36653957	23.44266057	18.30476456	21.83922511	19.04382344	23.52961433	22.18418209	19.85656951	22.91249433	21.88407015	21.58593248
Kynurenic acid_RN	21.51092153	23.53608736	20.83494785	19.93466804	24.60538807	16.17614485	15.01668944	21.17621225	19.13100066	21.36556491	21.99649528	15.08596579	19.67369694	19.96496157	16.12779253	16.51837594	23.59882026	20.72275716	23.1512556	14.68840711	18.25294898	16.45835027	23.85738334	16.01125393	21.20830246	22.53054551	20.1175365	16.92799799	16.10391699	21.27632186	16.7499506	20.26481121	16.81153354	21.06276984	16.36882633	16.00912106	16.5172327	20.86026876	21.86974306	16.46724917	23.00759648	19.59978599	19.60983318	20.90418526	21.45004452	19.97033205	20.05185967	20.58134845	22.5790573	21.3792339	15.27390719	17.15401248	20.90492115	20.63664058
Kynurenine_RN	17.63691213	20.39789108	20.44286861	20.01894412	20.5669226	19.09119327	20.20333252	20.35955858	16.24944894	17.78885877	21.36058216	20.74042791	16.74083782	20.52757782	20.85426835	20.98956976	20.09432598	20.76324105	15.61287775	19.92673658	21.68900535	16.55465579	20.69590913	20.37735348	20.22889525	20.77400189	20.66708469	21.56138026	22.82275915	21.11290294	20.70818774	20.70926324	21.21119768	21.13878442	18.92767621	20.93699004	18.90729099	20.9457303	21.0976637	20.64858744	16.55413221	15.70779977	16.29691674	18.88352107	21.28990692	13.8174095	19.87545803	19.9679058	21.45471114	20.71830555	21.01644529	21.65427946	20.98868982	20.2435141
L-allo-Threonine_RN	25.84566432	24.26809496	25.66123183	25.47869982	24.07032375	25.113201	23.8543876	25.96086607	24.44602922	25.27257256	26.31964186	24.24044096	24.72003523	24.55409317	26.16694329	24.73271945	24.45466347	24.05605049	24.12530194	26.31111589	25.57282466	24.11856498	23.60451689	25.27514511	26.69786568	23.79208591	24.50517404	26.12408644	26.36885645	27.38365249	26.11094524	25.02200315	25.85460615	26.10953913	25.47188144	25.35626032	24.96317112	26.85551499	25.8374345	24.48187861	24.51486716	25.89846401	24.36458329	25.44967029	25.39061133	24.58379731	25.27673774	25.50941409	25.45729269	25.84266584	24.74583626	26.77972394	25.79921048	25.48320569
L-Glutamic acid_RN	21.54699754	21.97116626	24.37307041	23.57554136	21.84290918	21.34675919	21.24568219	23.99417371	20.68748836	21.54720907	21.02886269	23.2637362	20.78735978	19.2914046	24.62919506	22.71905946	22.33235557	21.03017022	21.06113908	24.67104415	24.04240899	23.15131351	21.38541027	24.05053575	24.67104407	21.82655211	23.46959293	24.26919443	23.81005238	21.15958863	23.82931157	19.92169233	23.92818176	23.99889714	22.03232494	23.39674865	22.97220701	24.4682312	24.54697738	22.5752769	21.37532623	20.9579846	20.11803418	22.07700582	22.53859521	21.45772577	23.75198866	22.93112143	24.67064779	24.67104407	22.84979359	24.04312049	22.94992922	24.27196714
L-Iditol_RN	32.92847384	33.73844084	33.00646142	33.55122767	34.42048797	35.78884866	33.75988239	32.37306787	34.54236718	32.44844453	32.74153884	33.24491468	35.02882479	34.57856526	32.51037619	35.04661256	34.27520568	35.24832232	34.40637622	32.89137319	31.60096431	35.13139468	34.81811931	32.88391528	32.71184898	33.60666355	34.56739645	32.05735157	31.3578711	31.80117575	33.19162692	31.29173225	32.10425116	31.29786755	33.62449136	31.57875844	33.81655153	32.60378178	33.28291042	34.66617074	34.3214458	33.43342816	34.48944008	33.03149584	32.16939069	34.48457654	33.48613905	34.37155946	32.05657868	33.19520125	35.28485021	31.85523195	32.91416947	32.28169009
L-Proline_RN	30.43601625	29.31832578	30.31525237	28.57008231	29.48939858	28.62356898	29.0070161	30.05273842	28.42283747	30.15728206	30.32160559	30.0625802	28.49340305	27.86084765	30.4879653	27.30840388	29.11844054	28.23217248	29.72624036	30.11115203	30.06829917	28.02875772	29.81269085	30.93804812	30.17817772	30.06238006	28.24084522	30.63279883	30.33743357	30.42911895	30.34419085	29.62335732	30.40964132	30.04450571	30.07468848	30.01751549	28.01523091	30.41734062	30.83524225	28.07300591	30.39843692	30.49604166	28.37649349	30.20721895	30.00406686	29.0844188	28.53899334	30.18488861	30.19820924	30.58030638	27.81198965	30.63334222	31.03302166	30.74495265
L-Saccharopine_RN	23.12713958	24.99734841	25.67955365	24.87918493	24.77336557	25.33651193	24.25709866	26.05366776	24.87286735	18.71704461	23.18601246	24.97210615	24.80601278	24.50323318	26.24742248	23.16407432	25.04526081	24.45897844	24.55044054	22.49631662	26.44115281	24.26234294	25.27426335	25.20012752	22.93529522	24.72747042	24.3831524	26.07862978	26.05880783	26.34896626	25.87504645	25.2661635	26.20736802	27.07034643	26.32631699	25.87398931	24.69597104	26.31120203	26.18585916	24.38433433	24.99706354	25.99551279	24.78088146	25.38947654	26.39601499	24.69840706	25.09834583	26.36312349	25.27466229	25.53474684	24.40098667	27.67207504	25.51348172	25.88402651
L-Tyrosine_RN	19.68348612	23.18323755	24.48938156	25.04000659	18.84913116	23.45381163	23.74614132	22.99416638	18.70192683	20.59182766	20.14405024	23.44550954	20.2686853	18.70361658	24.43886055	23.49776236	23.20058925	22.93193622	18.12409383	23.36907225	24.5383768	23.26133302	18.64965137	23.00086974	23.74081988	19.10571983	23.36786273	25.41948901	25.66006598	18.58823384	24.77424919	18.65147603	25.14025431	24.50148499	23.94989127	23.86584094	24.69907238	18.19892189	23.55396758	23.38598168	18.60250328	19.07732493	18.69578285	22.02285306	19.48636764	19.46595746	25.00991413	24.25332739	21.01314644	19.33001475	23.19428023	24.78388661	20.08453604	18.35008139
L(+)-Arginine_RN	23.74983951	24.5818548	24.04852864	25.71810444	23.34843964	24.22187869	23.41643356	25.19619537	24.86189293	24.72414665	26.89847946	24.7701476	24.7078598	24.7613993	23.99962816	23.77867102	22.33005188	22.84808403	23.58925447	23.10200114	25.29093153	12.49112753	24.76452341	23.87741605	25.8159304	24.47120637	24.96964605	24.92074636	24.67104407	25.78231747	24.11505955	25.75992644	24.59728354	24.89475783	26.64061192	24.70796513	25.22457002	24.50243355	23.57660583	24.48138503	23.98059033	26.47493226	24.74428769	23.76429312	25.61982956	25.58453052	25.80386597	26.38344773	25.41815058	23.77188984	23.91457503	26.39831448	23.93096334	24.06030078
Maleic acid_RN	27.43159202	28.57720777	28.49847357	26.95472053	28.77709041	28.58771222	29.17324052	28.01921137	27.84112882	27.60950808	27.23723754	28.06839141	27.60146145	27.30523498	28.34370379	26.82891031	28.89751463	28.04673247	28.84648953	27.11363488	28.20271187	27.65854844	29.12745354	28.19168725	27.3243482	27.91598612	27.29798295	28.82157988	28.50028782	27.75030329	28.38064142	27.42680495	28.64388112	27.72173798	27.90879587	27.97924313	27.221671	28.12726721	28.52034109	27.3091083	28.38545591	27.0473517	27.59799859	28.42416095	28.11203811	27.47655754	26.9973207	28.14063384	28.00798691	28.55195406	27.59703145	28.34599395	28.54201525	28.52466361
Maltitol_RN	24.65871177	26.27659339	26.2498799	24.23953314	26.16923428	26.66469121	26.32843719	23.6586394	25.08979683	24.79554157	25.45766956	26.424248	25.6535697	24.72733439	24.13105934	25.40879372	24.7312587	26.09747989	25.72070631	24.98321056	24.96334253	25.84710884	26.14985833	25.31090221	25.40400264	26.31271928	25.02666846	24.91894442	25.91146886	24.17182122	25.26644139	23.45048841	25.9643431	23.83007351	24.2896025	25.23075081	24.67104407	24.69096162	25.8022915	25.34196726	26.01544546	24.27216539	25.27901323	26.29336505	25.1365653	25.52048521	24.87338244	24.07432267	24.73962532	25.20292941	25.53980955	24.15233761	25.06484479	25.55731573
N-Acetyl-DL-glutamic acid_RN	20.58164463	26.00337055	22.79536753	26.67129018	25.39487017	26.47633839	25.47774519	20.50675804	27.01662442	20.63441241	20.92162124	25.37174248	22.819978	26.92940935	21.08119855	26.59018469	24.95493078	25.24144077	25.30313551	20.6441415	21.23134806	26.5686024	26.21166599	23.34167965	18.9721675	24.90021859	27.4653028	22.0702427	21.37951623	21.05675297	22.38244394	21.65993643	21.29957581	20.85691693	28.17708851	21.20642148	26.43926434	20.96550788	22.57503305	26.8091085	25.18240947	28.07070418	27.182233	22.55923338	21.42400537	27.68209553	26.88112912	27.49804944	20.94830102	22.43932367	26.3045154	21.69973149	23.10347792	22.51887181
N-Butylbenzenesulfonamide_RN	23.22956558	23.33317825	23.64037686	22.87470335	22.88868823	23.77930465	23.0917821	23.45128524	23.19709655	23.77574426	24.01101191	22.57896587	24.25151113	23.59091565	23.16010364	24.0403271	22.67160195	24.09456981	23.46126141	22.74353868	23.3594579	23.69667435	23.15239441	23.15961862	23.46477935	23.14424851	23.66180131	23.10449033	23.36065417	23.71701992	23.45608503	22.68234949	23.3289833	22.55184401	23.37716756	21.97721297	22.74171182	23.61440838	23.50759991	23.17839842	23.44069389	23.36254807	23.48027231	23.29841376	24.12805817	23.52141439	23.02961816	22.82053188	23.68115653	23.69785248	23.53025346	13.58485497	23.93310191	23.49730118
N-Fructosyl isoleucine_RN	25.08532219	24.41259386	26.21466467	24.56625763	23.75460528	23.69775026	24.59411816	24.48271293	21.43376556	25.82570592	25.89997171	24.61412516	23.39698496	22.35906181	24.8436884	23.67069565	22.24518402	15.2782296	24.57909775	25.0379758	26.5599424	23.29744473	23.12504407	24.96084836	25.77509102	25.09365169	22.73677671	26.90215495	22.27132741	25.206242	26.22849729	25.40542655	26.79872929	25.91267416	14.64849708	26.23323014	17.4785659	25.28910527	26.38180809	22.45067919	24.3130701	24.5825942	23.58284597	25.62319585	27.02731286	23.86045937	24.99176903	24.14033046	26.07794237	25.75085856	21.94524876	25.72168866	26.22912035	25.9911598
N-Methylglutamic acid_RN	24.47842145	24.72718379	24.74659205	25.76030565	24.40219455	27.04928161	24.77047294	24.59135951	26.29145991	24.0186972	24.39651274	24.30780966	26.80047199	26.33213045	24.84608939	25.85184502	25.201143	26.00549644	24.84910376	24.04016093	24.36681697	26.57159391	24.97965284	24.76284037	24.26884055	24.06537018	26.67782407	25.73679553	23.08922256	23.68468021	25.09355512	23.42022034	24.87931435	24.59605631	26.06786728	24.63412301	25.86184646	25.18137823	25.01922996	26.58902761	24.35598751	25.61696061	26.4054778	24.30838076	24.35393203	26.44404762	25.72420707	25.60761782	22.73521639	24.71959066	26.44248374	25.10515984	25.52618553	24.46644194
Octadecanedioic acid_RN	25.42342602	23.18902253	25.78926757	22.19149274	23.01160641	24.17905329	23.42660392	25.19136349	22.27503878	24.37039192	24.65939917	23.80167265	24.1514028	22.75652622	23.42005476	23.86067656	24.08209948	25.17398838	22.77498539	22.87472329	23.28581442	24.05441531	21.16526526	23.07660958	23.13404416	22.79428091	23.35230839	23.50288782	23.01834928	24.12422184	23.45576883	23.04114766	23.36066632	23.38652917	23.62207923	23.1402246	22.81683665	25.53463164	23.92967496	23.45778255	22.49118802	22.34390593	22.19772487	24.6715698	24.05867044	22.29441285	22.68090791	23.28469799	24.56431783	25.8469109	23.72564741	23.39852631	26.00502839	24.8756462
Ortophosphate_RN	31.25917282	30.76919987	31.04740797	30.65207998	30.79203542	31.91503127	30.65316459	30.47942943	30.86546836	31.5443495	31.58087984	30.70535012	31.25684106	31.02431674	30.67391017	31.40590819	30.57405492	31.57009097	30.65914619	30.77423694	31.03573051	31.11021744	31.49648791	30.50320529	30.9999136	30.7573817	31.19669159	31.09338175	31.31400118	30.18806166	31.02805313	30.02227254	31.22862611	30.48771033	30.96818694	30.56958209	30.27307261	30.59337968	31.28151168	30.86293396	30.96153417	30.72618103	30.97230146	31.24951179	31.21619058	31.10334967	30.46962155	31.01624997	31.27294405	30.86467328	31.19375944	30.91036416	31.22930454	30.86191582
Pantothenate_RN	25.88665052	25.40170835	26.06916847	25.04943751	25.25692922	24.17535467	24.59080396	25.33748264	26.23188633	24.34793971	24.34555245	25.01444689	26.33829586	26.15817445	25.80114742	25.36105602	25.10587541	25.84693062	24.99551297	25.13942215	25.12881379	25.93721689	25.47759762	25.93156765	24.34325025	25.12614726	25.95689929	25.39964952	17.46103084	25.46553019	16.72194156	24.76298747	18.30984104	25.31427724	25.83418467	25.03437209	23.27534616	25.89174704	26.54094562	25.7147927	25.20315177	25.59910274	25.87918456	26.36887469	25.82304992	26.26092712	25.19040168	25.69526978	24.36089225	26.55539043	26.57257588	19.17058697	26.48063007	25.96513179
Phenylalanine_RN	27.95729449	26.67585122	27.85876396	28.63789399	26.75804381	27.08208162	26.67593305	27.55544614	26.4773301	28.19775408	28.26224134	26.8173757	27.02790884	27.20058948	28.18558236	28.07707677	26.59452386	26.80294574	27.48863409	27.3437956	28.52032267	27.13043529	27.2622606	26.7814472	27.92669513	26.89912393	27.34845094	28.49257082	29.88262793	28.95196423	27.98261389	28.32103529	28.20163538	28.71026078	27.35673703	27.40624757	27.85067046	27.84175878	27.80420535	26.8989058	26.90370201	26.97981239	26.57411774	27.56030589	28.3056508	27.28279521	28.4536633	27.47626646	25.72933272	27.77853203	27.27854632	29.04160889	28.17727793	27.58977085
Pyroglutamic acid_RN	27.17055707	26.2000238	26.86407122	25.58132163	26.53211661	26.02825513	25.1833949	26.2946424	24.97427058	27.04081822	27.16786301	26.43536103	24.90666949	24.74218127	26.41217975	25.41957464	25.30123664	25.27441242	25.73253228	26.45944091	26.15325031	25.3013789	27.2033829	26.48895804	26.62607907	26.88129539	25.18608749	26.65329089	26.32637872	27.09164468	26.65419634	26.42476745	26.40468318	26.05485506	26.12544804	25.94280531	25.0177541	27.33068335	26.89725318	25.04410658	26.86783817	26.45378779	25.15471832	27.02935388	27.07081261	24.8813609	25.57584805	26.20788127	26.91943916	27.08899046	25.10345629	26.65848456	27.27082878	27.34151974
Salicylanilide_RN	23.22956572	23.33317812	23.64037686	22.87470335	22.88868823	23.77930465	23.09178195	23.45128524	23.19709655	23.77574426	24.01101191	22.57896587	24.25151113	23.59091565	23.16010364	24.04032723	22.67160195	24.09456969	23.46126141	22.74353868	23.3594579	23.69667435	23.15239441	23.15961873	23.46477935	16.25020064	23.66180131	23.1044905	23.36065417	23.71701981	23.45608489	15.28621537	23.32898315	22.55184401	23.37716756	21.97721297	22.74171182	17.16269931	23.50759991	23.17839842	23.44069402	23.36254807	23.48027231	23.29841392	24.12805817	23.52141426	23.02961816	22.82053188	15.08779257	23.69785239	23.53025346	22.53120794	23.93310191	23.49730107
Succinic acid_RN	27.504082	29.86111161	29.56747373	29.46905206	30.00021872	29.69462596	29.56429417	28.76691379	29.04166762	27.61886106	27.06325193	30.02982777	29.38087347	29.38353501	29.11142555	27.58648726	29.68806859	29.34526749	30.0624221	26.75482112	27.6666358	29.46726008	30.20441757	28.14973437	27.12731049	29.93066964	29.25014118	29.33733858	28.73617267	28.35879181	29.17253722	27.15944452	29.49846889	28.05727588	29.95284718	28.84792148	29.05327845	28.93238766	29.20747891	29.10458161	30.30291162	29.69348259	29.11836041	29.38307156	27.69143462	29.53175496	29.25349241	30.02590132	26.10280141	28.20104898	29.36417828	28.05477815	30.08743436	29.48021685
Tridecanedioic acid_RN	21.72353851	23.13905261	18.15277515	17.72145468	19.22884878	23.95689308	23.58081956	22.52370568	20.78226886	22.81809815	22.40117332	23.18197935	21.18866103	21.03656623	23.44270598	24.10127231	23.16006567	19.46244589	20.87548499	23.45549925	23.27997863	23.30139982	18.991361	22.63529296	23.06522061	18.49090466	23.74774193	23.79408424	23.42058016	21.23104101	23.89562779	21.7863728	23.72983058	22.94954436	23.27654751	22.90773247	22.71109701	17.30483034	23.52333119	23.23131327	19.24094388	20.32649229	20.66906126	22.40890334	21.0190272	20.8304716	22.86218865	23.64919058	21.41424953	17.5795685	23.44222974	23.17059802	18.95982241	17.55428428
Undecanedioic acid_RN	21.87886036	21.78590873	22.25897115	21.4934927	21.84575351	20.13032961	18.84100703	21.66873722	21.77150341	21.8347508	21.92763379	18.5977024	21.58047481	21.7355692	22.15871526	19.35415836	18.67502284	22.21725242	21.53810382	18.59360343	19.43778275	19.1050417	21.76028051	19.25089536	21.59859915	21.53198776	22.39397227	22.75294002	19.31418413	21.51036013	19.15932283	21.38729523	20.21128869	18.4104969	19.85994302	19.13539254	18.09321035	22.46116889	22.36914829	21.86353824	21.92480452	21.72994242	21.66736354	21.73784212	22.04620555	21.61630057	21.34897654	22.04136897	21.8770122	22.12302939	22.07227632	18.70887606	22.29845249	22.0579659
Uridine_RN	27.94226923	23.37625539	28.06577209	25.81261791	22.32254271	24.71531849	22.84385144	27.72971626	24.75010833	27.37395536	27.47578969	24.90562517	23.8135688	25.04157973	28.13090274	26.0540075	22.9085813	24.00955326	23.82398908	27.33022509	27.13982179	24.73074794	23.83907506	27.29838919	27.36120711	25.11359947	24.69384515	28.0149367	27.23588266	27.27690792	28.22776218	26.64949443	28.09328357	27.40412436	25.75096788	27.02083197	25.50215222	27.97708645	28.24740047	24.99298312	23.30781621	25.08598415	24.28615051	27.8021827	27.19838662	23.98484559	25.38231355	27.17045766	27.47275102	28.05616405	24.99002989	27.70768834	28.46087518	27.69825843
[6]-Gingerol_RP	25.30497063	25.92255454	25.5483786	25.29868076	25.78020317	23.77139717	24.70899089	25.30450784	25.93401584	25.35148389	25.48343164	23.62990571	26.00405936	26.18269147	25.54733729	26.12938971	23.63832274	26.85769292	25.839466	23.46169641	23.20507032	23.69287347	26.18538071	25.53306439	25.33182111	25.80760839	26.12387431	23.47093901	23.43088491	25.93851615	23.58933702	25.20026543	23.73912816	25.37926014	25.65317245	25.65781154	23.11827817	25.05888907	25.87084826	25.63593584	25.78594178	25.58312585	26.22362919	25.71144638	25.60452909	25.85902658	25.12530899	25.51422695	25.26170255	25.42133491	26.25529494	23.35780364	25.79621669	25.20004459
"1-(2-hydroxy-4,6-dimethoxyphenyl)ethanone_RP"	20.99410311	24.75827837	20.99322039	20.87473379	22.33271611	24.63648537	25.89130362	21.14446911	22.05874507	20.67585817	20.39823635	25.1227663	22.07012106	22.1751789	26.49847783	24.85633833	24.88908512	22.23446142	21.86134706	25.69169327	25.46266878	24.88930438	22.92833362	24.75455631	24.80635107	22.0287533	22.35354391	25.25082955	24.79986903	20.47321446	25.49620382	20.97203471	25.78329661	26.36274352	24.75959138	25.50443533	24.00927332	20.95646694	25.01959017	24.79673847	22.31709157	21.53487182	21.85773331	21.2429279	21.37418853	22.29395614	23.95030648	24.49508466	21.73765272	20.31403762	25.08360343	26.93548782	19.51457514	20.82726074
1-Monostearin_RP	27.83011949	21.64245395	21.85433489	21.38873715	26.36314909	29.14534644	23.00805948	22.37357001	26.18729007	27.7152869	28.10479663	29.17504143	29.30130626	28.84238873	20.20821484	22.11123047	29.58408886	22.99611762	28.62264061	23.48068381	28.06749998	23.07897346	29.13196275	23.05308362	27.82087924	28.16787225	22.61827498	22.19062472	21.07463986	27.86341379	21.47535886	28.08532315	19.683128	28.54445209	21.39998672	21.86594067	21.05632473	20.24449631	20.9981238	26.26854476	25.98464546	26.27576752	29.71616742	28.1729045	27.13048798	25.47231248	20.36622169	25.26865738	27.82159552	27.80127851	21.21922618	20.79836763	28.65522872	27.91064111
"1,3-diphenylguanidine_RP"	18.9497898	19.81969208	17.94549671	18.78251162	20.98911865	17.77561163	20.08803756	18.90094588	19.6894605	22.29271218	18.13549145	18.8100588	21.39253822	19.65751986	19.21323993	20.35654224	18.33144291	22.84164424	18.71693742	19.07025059	21.77327445	21.09165374	20.88871411	18.19262703	19.77508208	21.41319368	19.07337946	17.7554353	17.20244777	18.53260691	18.78034432	19.02651303	21.7797409	20.28245769	20.0971666	20.76540514	18.13967243	20.82277872	18.31210758	21.51040603	19.04441605	20.93474641	20.73251059	18.52060632	18.69556198	21.38149924	18.48446552	18.74647347	18.36903768	18.59672102	23.47305905	21.45031664	19.73043456	19.28390734
10-HYDROXYDECANOATE_RP	23.74313965	24.4107365	24.34580282	24.1036205	24.54522281	25.1081044	24.36726011	24.0459747	24.9319185	24.12392979	23.68310542	23.30940843	24.88567776	24.90349513	24.01229843	24.75885987	23.11370285	25.33013067	24.5943245	23.09825707	22.29234681	23.23617765	25.14412299	23.96512866	22.68376306	24.67868901	24.90092912	23.19982388	23.01091812	23.76734047	23.6567162	24.37279615	24.14478194	22.73624284	24.39292112	23.95131304	22.81571569	23.75960527	24.01553982	24.43338594	24.76625936	24.10446806	24.39747361	24.45283862	24.43850503	24.52927205	23.91505102	24.3503149	24.60814124	24.17644883	25.23045595	23.84016666	24.01148002	23.71672476
2-O-Methyladenosine_RP	19.92372302	22.55671043	20.80619645	23.50895925	19.79075609	20.87744176	24.7163014	20.58585753	22.05560092	19.97008729	19.4004631	22.41573686	21.35985568	22.79574601	20.45355988	22.21795051	21.56720909	21.30093253	23.66974922	20.18433499	20.56043149	22.51216025	22.00483867	19.76364739	19.62309544	22.34289989	22.91530284	20.92462684	21.04263329	20.7890261	20.34974468	20.90388016	20.51915712	21.19301254	22.40220594	20.03785098	23.6617479	20.47601985	20.34190685	22.57030717	21.24361691	22.56826906	21.48379024	20.81609132	20.36670557	22.39106215	22.99589404	23.85785187	11.46637911	20.70627507	22.32238272	21.36223041	21.06571995	20.15216802
2-Piperidone; CE10; XUWHAWMETYGRKB-UHFFFAOYSA-N_RP	25.65745412	25.98938296	27.35666346	27.27544563	26.64184554	25.08533018	28.24692118	27.47151115	25.96368989	26.04081966	26.17601616	26.28363394	26.00463038	25.99168057	27.58535741	25.26564915	26.73375565	25.94542753	26.64148396	26.11944838	28.29607392	25.84079994	26.68341643	27.31506962	25.81974773	26.18744605	26.41213847	27.61655652	28.59558823	27.90315887	27.44893467	28.65149187	27.95012052	28.52644816	27.78244533	28.01713518	27.15849709	27.24108057	27.417199	25.8835908	26.56064617	26.51486835	26.46972943	27.1705091	28.91937297	27.16580085	27.21541962	27.64580652	27.73374024	26.89518284	25.597468	28.96140413	26.89612753	27.44224066
"2,2'-(Tetradecylimino)diethanol_RP"	25.39349238	25.85503405	25.87347828	25.44927034	26.1555448	26.27279226	26.47922349	25.45920819	25.91682544	25.78698822	25.50062825	26.19636588	25.94500491	26.1241027	25.89953935	26.30009942	26.45874455	26.83069248	25.77823584	26.10304333	25.63497874	26.38780416	26.53217602	25.84882212	25.84965884	25.78843652	26.12604489	26.10150346	26.04073859	25.37562981	26.48442888	25.5865758	26.39228731	25.65659583	25.70931534	25.6914605	25.98369893	25.20018374	25.60843299	26.17459084	25.97949942	25.499091	25.99583085	25.60384038	25.72923255	26.0653995	25.63327597	25.98591591	25.70062682	25.67550231	26.34835305	26.18691717	25.50258438	25.22754575
"2,2',2''-Nitrilotriethanol_RP"	16.18254547	21.96248866	NA	20.85545381	16.39912045	17.82440033	23.55882631	NA	18.31917964	14.52073882	15.46091615	23.43148258	NA	NA	17.00606931	16.99908087	16.6920242	NA	14.9161154	19.05286891	14.2485639	17.51598803	16.62888991	17.68551646	18.31373455	15.148551	NA	17.6171839	20.10410134	16.45695641	19.76400759	15.65551829	17.82523955	16.86707954	NA	NA	16.4438374	NA	15.11027115	20.60858201	15.51323889	NA	17.14401985	14.73398648	17.22508074	16.48603227	16.2307087	17.69763814	14.79231616	14.31557677	NA	22.41622747	NA	17.57793711
3-Formylindole_RP	26.94057175	22.94846077	23.89014461	24.59206656	23.02273365	23.57444117	25.25507004	23.66661745	23.55907066	27.67131896	27.00641129	22.77134199	23.55004575	24.18192919	23.88032389	27.55976785	23.88746047	23.90774048	23.47906198	23.60092318	22.42111623	24.24883175	23.58676652	23.14808881	22.98717641	23.54069938	23.83732868	22.71283861	23.40211873	24.06429606	22.5094706	24.03026435	22.40947121	23.86180091	23.81956754	23.55551319	25.05636447	23.6699655	23.6095153	23.67234203	23.39919746	23.54386442	23.68443705	24.06583097	23.55643349	24.06030682	24.27345097	23.59903535	24.58470556	23.72779567	24.25642407	22.48632643	23.75261471	23.41632264
"3,4-Dihydroxy-L-phenylalanine_RP"	21.74718599	23.43510949	21.19142021	22.19129713	24.0944198	18.77782597	20.4700873	20.51919713	24.40563033	21.75068141	22.13626742	18.73176248	24.38972961	24.19707779	19.94014763	22.2049292	19.10217455	23.30119287	24.41359247	21.17798588	19.92381097	18.74509823	23.5272389	20.08790956	22.291321	23.79138276	22.4153512	19.73717758	21.01524781	20.6612787	19.1637494	20.12133868	19.6852224	18.799401	23.31815623	18.28041389	17.73628634	20.29382797	20.01485113	22.78546121	23.60948377	23.61049131	23.62890819	22.15482592	21.22809225	23.63676835	21.64195638	22.25253629	20.88754237	20.93331146	24.35849428	18.92969751	20.10143025	20.20489638
3`-Aminoacetophenone_RP	25.49376581	26.16493387	26.13815308	25.62194121	27.17087198	26.67355576	21.98638954	25.38397632	26.73461388	26.06552096	24.98618126	26.45892973	26.49288082	26.45895176	24.75284784	26.62180383	26.65784811	27.93385037	26.28473536	25.36285995	25.22933859	26.6495973	25.7567609	24.90807998	25.76540634	26.36081333	26.45068891	25.58961194	25.20396671	25.5174302	25.89720898	25.46362489	20.30024061	25.07440084	25.88233306	25.64919608	25.72731042	25.51174375	25.54135041	26.23624993	26.24270659	25.40914206	26.32137008	26.05293533	26.32566667	26.6066889	25.26665396	25.67411918	25.8616089	25.53138694	26.42336926	26.19826087	25.38569327	25.38448746
4-Aminobenzoic acid_RP	23.14422628	23.45739127	17.96369207	22.66567935	23.69490799	17.69216561	19.09832824	22.85599975	23.37229269	22.97916868	18.106327	17.84006894	22.7434508	22.85573399	22.60683656	17.86795163	18.59795199	23.25455801	22.69998037	17.49368242	17.57619976	18.70507587	23.54164834	23.72491406	18.74824031	23.11393898	22.89487348	17.96050455	16.78710087	22.54946395	17.4005676	22.404217	17.78648777	16.02099827	23.82205158	22.56364887	17.13806048	22.73639264	22.90500051	23.12622264	23.70198728	23.08873445	22.62248187	18.496943	22.52919543	23.34298866	22.8111131	17.53872948	22.7468042	23.12384018	22.88365723	16.8494475	22.92511316	22.67754899
5-HYDROXYINDOLEACETATE_RP	22.86270976	23.39375897	24.2938622	23.81046381	24.41782339	21.09412421	19.90681805	23.54185759	20.89061532	23.46135576	23.17482672	24.36750171	21.32304231	22.19430379	23.34507737	21.43551919	16.89903242	21.38694893	23.91555446	23.1431905	21.04044378	21.47069094	24.49945596	23.57138237	22.67811379	24.51048877	21.86370196	24.17474005	23.20739914	24.62874946	18.10344434	24.72078988	20.93157124	24.55522529	22.82618815	23.58404123	17.84655896	23.01528795	23.53169649	21.36551297	24.04389654	22.95954593	21.12728889	24.44766817	24.34652263	22.13310498	23.55467149	22.95721174	25.13576277	23.95150711	21.55733477	25.08066244	23.67714154	23.07541271
5-VALEROLACTONE_RP	24.9660539	25.71739244	25.32693121	25.67831085	24.70893186	26.26981115	25.04581611	25.34398829	26.06524712	25.47520916	26.19348307	25.41033811	26.2667745	26.06428643	25.3271343	26.14607059	26.19845147	26.36936276	25.36409044	26.27947499	25.81056974	26.18606397	26.5138439	24.95164322	25.62324662	25.04267759	26.08359068	25.96480557	25.93362315	25.6654928	26.07139746	26.43384033	26.32968904	26.11556354	25.75501193	25.41758887	22.53121145	25.37937291	25.21490219	25.89773691	25.26391528	24.81614471	26.12614115	25.21188399	26.48742632	26.23640035	25.62691321	25.56724635	25.69962415	25.18376483	26.28330266	25.15494504	25.09001124	25.252469
6-methoxy-4-methyl-2H-chromen-2-one_RP	25.82714111	26.02987349	26.00162153	25.05018398	26.28475214	22.15652996	23.28803224	26.14689713	25.88665024	26.45372067	25.5596795	22.89088675	26.11912627	26.0741476	24.60940559	25.07135538	22.41852822	27.21932558	25.76943616	21.59375461	21.11202193	22.9875571	25.19319026	24.92868789	20.66122635	25.9132959	25.94816249	22.40436492	22.10856927	26.7550282	21.75895507	25.66372805	21.30915675	20.82942054	25.455281	21.63349063	21.80553189	26.09941052	25.65759275	25.36402839	25.71250934	25.19130991	26.25380632	26.00806145	26.53804116	25.86700358	24.47160551	24.77864457	25.89207222	26.63634472	25.65243024	22.19531726	26.50408407	25.88092308
6-Methylcoumarin_RP	22.81033699	24.30231396	22.99450866	22.36238222	23.70641165	23.76398111	22.67122269	22.80954393	23.16762715	23.206958	23.28398411	18.98739804	23.97664363	23.48577093	22.36441453	23.89776739	24.33374348	23.95184637	23.40379799	23.61160693	22.80711718	18.86213758	22.84932769	23.48886268	23.16426248	23.4549003	23.63550115	19.24160895	23.04372008	23.03794327	21.8103117	23.34880762	21.82132691	22.65927911	23.44380374	23.43780695	23.26470932	22.84937309	23.27006381	23.37622608	23.84087615	23.25676265	23.41705705	23.06792619	24.17591969	23.73029578	22.64866592	23.13769471	23.69217017	23.18140329	24.32804418	23.8529678	22.99455207	23.0264493
"7,8-dimethylalloxazine (lumichrome)_RP"	26.7267934	25.66144557	26.75436441	26.00708534	26.67977679	25.91294111	18.33711537	26.50291978	26.08546811	26.54754706	25.99171557	26.88625044	25.82979085	25.87272485	26.54312333	25.72541524	26.33808262	25.97034511	25.84602509	27.30271167	26.11335358	18.89090598	26.01975401	26.80587341	26.78921725	26.32426955	26.09046862	27.00668446	27.03156128	26.31059933	20.02778844	26.2926621	19.73938031	26.27627664	26.46566681	26.33840904	18.16613182	26.35383887	26.43326711	25.6593458	26.67282586	26.11070348	25.68734856	26.41081543	26.15170672	26.1668093	25.72922504	26.12020455	26.06421894	26.7960615	25.94009615	20.4198667	26.71024977	26.49830612
Acetyl-L-Carnitine_RP	23.76353585	26.53942589	27.53199215	26.29205186	27.15739424	26.49455906	22.81859534	27.69301502	26.87844849	23.8579256	21.69440809	28.20765299	26.92153508	26.54982712	27.43247622	21.518417	27.60948976	26.30761926	27.64081364	23.11462582	27.65185775	21.756029	25.167597	27.65428361	20.07516994	27.64093538	26.58201849	28.96277582	26.58128582	27.4457909	28.80751524	27.70270626	29.15637528	28.57029927	27.70568429	28.36708229	26.82440185	27.87022409	27.83230905	25.81467685	27.11450166	27.71866778	26.63323471	26.22301121	25.96955489	27.15422008	26.14696574	27.6158373	23.86281225	28.38771923	26.01328426	29.01104986	28.13911784	27.69081056
Acetylcarnitine_RP	29.55072673	28.30369611	29.47695993	29.86453085	28.18800568	30.13054426	29.63610961	28.88014879	29.97630641	29.65689964	29.2051719	29.0871051	30.44410024	30.60847184	28.96594975	30.01389772	28.49445452	30.30657113	28.36589431	29.93013423	28.84071408	30.3658551	28.84445246	29.42469054	28.94791381	29.1877457	30.03108572	28.96465824	28.82913619	29.1337631	30.14324897	28.50487658	29.37678498	29.05646282	29.47194802	29.13261641	29.85345186	29.01289317	29.55352952	30.07070156	28.67422566	29.3765886	29.75922863	29.84126443	29.20189224	30.12805448	29.44452473	29.26693052	29.50866879	29.24720442	30.95737099	29.61293793	29.47306469	29.02059743
Acetylcholine_RP	21.59169279	24.53624467	24.07832409	25.50012856	25.06947154	26.68863715	27.47813181	24.78743835	26.30911778	23.69091876	23.89572653	24.57830426	27.19396059	26.16463789	24.18531913	26.66504575	26.94797362	27.02289708	25.36117412	24.85008144	23.7323657	26.10166897	25.16145288	25.38547882	23.50159262	24.28301877	26.23195994	24.58249828	24.53996992	24.14365152	25.01362972	23.66394789	24.95770138	23.80299106	24.772107	23.87571327	25.38242277	24.47240604	24.7055181	25.63248357	24.65766757	24.47617812	26.25808863	23.51816413	23.37056791	17.04658051	25.00409283	24.80978732	23.68489305	24.41899593	26.52097365	24.27009035	15.09761502	25.09726845
Adenine_RP	29.73806755	25.96985662	28.63976466	29.46584139	25.33453937	28.25317722	27.37321576	28.01748249	28.44324056	29.58197626	29.41355243	26.27979427	28.48746741	29.84588646	27.95645843	30.34733583	26.8590933	28.53702693	25.88352559	30.17097141	26.52079674	29.67943958	25.47603375	27.98429511	29.63542556	25.50506344	29.67046673	27.7669711	25.85261704	26.83324484	29.27340385	27.43751806	28.3488869	26.09268042	27.06438933	25.61703031	29.67049127	28.10462771	28.06386094	29.6726653	25.16017223	26.70447529	28.39567849	28.08947314	26.46011381	28.45486981	28.78646508	27.63170749	27.94877624	28.93526012	29.79622917	26.81484245	28.89524373	26.96521417
ADENOSINE_RP	24.85763537	19.98163327	24.00482014	24.80981957	18.10040881	23.67987325	17.01589675	23.2749879	23.83614416	25.09819103	24.61761306	20.70612752	23.59813464	25.14196961	23.41621874	25.89055651	21.55890151	24.20455688	20.27378263	25.63140393	23.07071522	25.81141034	15.0902272	23.52580136	25.00332465	19.96995103	25.30881868	23.9273377	21.83132574	21.93673919	25.48834318	23.07909106	19.54777624	21.94734901	22.19753771	21.08319249	25.23047199	23.3637249	23.67739457	25.19089575	18.61418352	21.79376187	23.84273605	23.54934172	22.47827169	23.80352077	24.41673858	23.56769849	23.822677	24.22932365	25.30378461	22.31640323	24.25241535	22.02265103
Adenosine 5'-monophosphate_RP	25.12840228	24.58068791	25.4666859	22.49043008	25.45186656	23.55105343	22.56884738	25.25538288	24.0916396	25.08778819	24.90047637	23.75635395	24.83467278	24.45757052	25.07448872	23.35732097	24.80353592	24.68514383	24.56775101	23.30489305	24.22649993	22.99049826	25.13849809	25.41194609	24.54057098	25.22913601	24.23585575	24.69565354	23.44481132	25.2099263	24.62138414	25.06540693	23.85543996	24.69577668	24.4033407	25.15960074	23.74579467	25.16620499	25.34908561	22.50981386	25.94832723	25.34937822	24.76821645	25.4249683	24.92497121	25.17228752	23.43678	25.00608173	25.23952943	25.46160857	24.05702176	24.6804473	25.4578785	25.25048597
Allysine (not validated)_RP	30.03758256	29.797265	29.19052974	28.43892702	30.06560138	28.75697668	30.69802101	29.37058872	28.71342235	29.17757983	30.30875988	30.65473215	28.54833266	28.26619424	29.60702483	28.20706382	28.65382984	28.970308	29.01700012	30.68139977	27.6063875	27.22650594	30.08404673	30.18511407	30.46181023	30.53691752	28.4064649	30.85768322	27.49930175	30.0250224	30.73304716	30.50525786	31.20633107	30.03899236	28.27836664	30.53618321	28.93743421	29.85375682	30.20256933	28.61437384	29.95674184	28.64848711	28.73243044	29.58063521	30.58968732	29.07409665	28.85779437	28.25291677	29.26318252	30.11698265	28.04998	30.50072172	30.3667624	30.28121676
ALPHA-AMINOADIPATE_RP	28.8868342	27.77254202	28.97091255	27.69434093	28.02585811	27.57716036	25.83633714	28.7577216	27.36841665	28.8998277	28.68967674	28.56700782	27.22563072	27.15152076	29.04716401	26.33280917	28.12224239	27.29513969	27.25566212	29.24965369	28.26211208	27.26040658	27.79531233	28.45366932	28.95570481	28.18573428	27.21167668	29.21750552	28.47526769	27.98451447	28.2253889	28.00599613	28.64439517	28.24684528	28.17764275	28.87069008	27.99142544	28.87017715	28.38335059	27.38479208	27.97084905	28.0266758	27.30836162	28.53814688	28.20983688	27.24990837	27.91263674	28.18667995	28.13817899	28.88399622	26.93813372	26.65474163	28.79704305	28.34026978
AMINOADIPATE_RP	26.55579287	25.82026427	26.71883571	25.46935727	26.20182443	25.38887553	24.25430194	26.27808149	25.37534677	26.3094779	26.7993698	27.20144564	25.6272222	25.25618005	26.48906376	24.32776584	25.59403545	25.30608663	25.27297691	27.08199278	26.3607617	25.76408063	26.78669568	26.66521425	26.25914398	25.37926014	25.19029874	27.39477771	24.91423394	26.32003726	27.50242505	26.82013146	27.35970372	26.43999507	25.72383587	26.98847848	24.46070706	26.66893788	26.76930187	23.84124123	25.99902432	25.77637073	25.52452755	26.02210102	26.87068588	26.18393879	25.62805619	25.91798111	25.8553201	26.04540729	25.21799666	26.00439908	26.83952762	25.82085357
Amphetamine_RP	21.8012214	21.64282406	22.04997427	21.4486236	21.4529747	21.94962182	23.63657293	21.24112453	22.10670963	21.34050935	21.513953	22.4670521	22.73783814	22.04369486	21.65204119	22.26871491	21.71828854	22.22811967	21.53162852	20.80236947	20.90177492	21.68159804	22.70811096	21.5287351	21.49394974	22.19084493	21.89774081	20.74633728	20.79669339	20.93470536	21.49492371	21.7589018	21.63544837	21.19075707	22.15208761	20.64393697	21.91877951	21.04577444	21.35025465	22.28680311	21.71345857	21.58857288	21.96241332	21.43308194	21.52877309	22.5257174	21.40721247	21.33240921	21.57589882	21.59242325	22.55148164	20.92245111	20.09257545	20.88054911
Arginine_RP	28.61394334	28.75598094	28.66699731	28.22554455	28.5689475	26.6469594	28.55037	28.5482014	26.77652076	29.51222892	29.98003235	29.20913638	26.78795018	26.98053657	28.93110197	27.24064495	26.1049708	26.665991	27.56902814	29.09605605	30.02431184	27.14541328	29.3867809	27.69419433	29.42368112	29.20287833	26.75891016	29.34642934	30.05653413	29.66749485	29.14493005	29.96708083	29.65193796	29.59741197	27.80264225	29.51763856	28.9316953	28.95372965	27.95698279	26.74850955	28.13110185	29.18575912	26.41939555	28.37400308	30.05658748	26.92769987	27.77343035	27.79219969	30.06301145	28.27585816	26.95503182	30.27065591	28.33316178	28.44872302
Betaine; CE30; CE10; KWIUHFFTVRNATP-UHFFFAOYSA-N_RP	33.32336642	30.99443263	33.55258729	31.33422996	32.00144588	31.04837871	32.41958765	33.66373704	31.63014254	33.42279087	33.3573662	31.78893073	31.59992328	31.47888081	32.53080975	31.057304	31.32896559	31.52414721	31.25958084	33.03474922	32.75735589	30.96620737	32.16948668	33.26415451	33.59674795	32.33584674	31.15271951	33.10232401	33.04638353	33.66755734	33.16019262	33.73734533	33.3017747	32.86675986	31.82081103	32.48478564	31.60568914	33.60565428	33.30599777	30.80555287	32.47260803	31.52447317	31.58378603	33.30449114	33.46614559	31.53234312	30.92000968	31.67068195	33.60214615	33.43453854	31.40356171	33.52499364	33.38008077	33.13087302
Caffeine_RP	22.77765643	20.48215495	23.92265769	21.67330304	21.03635763	25.91916047	27.10343266	22.00411386	20.67515296	21.99599779	19.97262285	25.82380349	20.37670543	20.91604705	21.53060995	20.60327772	26.05449496	23.65851354	19.89323352	25.87265395	25.56701074	26.02903953	20.96625809	19.62600729	25.28714934	24.30736354	24.06865859	25.75492776	25.76996504	22.53520936	26.11191511	20.17546061	26.07680426	25.23788059	19.94711397	20.68428208	25.51304822	21.12151137	21.35520378	22.02801525	19.53458331	20.58356252	21.04460685	20.45012876	23.4196943	21.96934733	21.06584437	22.24795155	19.30581539	20.00408122	20.28412619	25.73359145	20.70685854	20.12562392
Calcium (+)-pantothenate_RP	29.20301454	28.50893675	29.96732676	28.9308001	28.96543964	29.11504382	29.66128182	29.30260303	29.19495493	28.76505664	28.2996296	29.15190378	28.89351415	29.44210599	29.44360133	29.66229508	29.09675889	29.26866875	28.59740811	21.85203287	28.8900756	29.86278453	28.85184237	29.33151416	28.87144375	29.01162391	29.45891432	29.48818	29.35060419	29.15790933	30.28502876	28.9587335	30.07821678	28.91015987	28.726402	28.86602287	29.33787208	29.23244752	29.41314613	29.48823769	28.78444734	28.33152167	28.92881011	29.62323229	29.07512736	29.24475507	28.65448356	28.46079709	28.78819611	29.84432881	29.89357623	29.64044196	29.91138125	29.14844155
Choline_RP	21.80557449	21.58566817	21.24541853	32.32689694	23.7518181	32.59910374	33.49657063	29.74965428	22.27382212	22.57727935	22.93921832	32.28352349	22.80075187	22.78512236	30.02646564	22.80461864	32.67156472	22.59446701	22.5472422	30.90678038	29.08876279	32.78793881	23.77891501	30.74570165	30.53856232	21.80794657	32.60708865	30.02569384	29.23330347	21.20139793	30.70111061	22.59984779	30.33829133	30.184689	21.55052057	21.27302659	32.70627367	21.8642644	29.75904394	21.55343918	22.85072391	21.65755635	22.57777655	22.9530779	23.43309377	22.51710304	21.24505051	32.35013579	22.98976493	22.48747454	21.47648454	30.30908775	22.81561206	20.70529236
Citrulline_RP	26.59098616	24.53028177	27.09800296	25.28738654	24.19726464	22.88008502	25.36625315	24.88141087	24.49164161	25.87996961	25.52047417	25.50607668	24.40507446	25.20572562	25.77419313	24.4815181	23.76689881	22.97898837	23.82952333	26.73583836	26.03535529	23.82536863	24.85539285	26.72451122	26.16777666	25.01100242	24.38518247	25.78306876	25.73783389	26.05334192	26.86730532	26.54878495	25.55000307	26.37737267	25.87936725	24.92979509	25.44728719	24.87445324	25.76987431	24.73814333	24.95435927	26.33433943	24.05323843	27.1137811	25.51494459	25.51036246	25.6030032	25.50177686	26.16818548	26.19544987	24.0449123	27.04902831	26.27458765	25.37403282
Cyclohexanamine_RP	24.10596195	23.45127815	25.20390835	19.41574832	24.05124677	21.72737356	18.8163813	23.55296184	19.91064233	23.12370225	21.59072496	23.79704041	19.69083825	19.99226378	23.49485289	18.05780155	18.01511484	21.02988052	21.47992326	21.68339258	19.4846426	18.39152903	23.6637568	26.08500347	23.81782999	23.66618086	19.90583673	24.05412722	22.42367293	22.39278133	21.17533163	20.7317141	20.44188456	20.81874227	20.96812494	24.17675611	17.20896274	23.60298496	24.13744134	20.2772126	24.7149069	21.44424932	18.33624238	25.08776257	21.48961749	19.58627613	18.93848955	20.35099224	20.72733033	24.79797541	20.98056172	19.99081115	25.077619	25.07084609
Cysteinylglycine_RP	20.26767382	24.52960364	23.52161048	24.00516234	25.05249585	24.99388019	22.55733895	23.18750665	24.91624911	21.56547645	19.16655927	24.95013492	24.86858936	24.49259871	23.54796417	20.20828232	25.24287739	24.95786442	24.43571232	20.64704254	23.40059901	21.44204273	24.73800929	23.90370767	18.98408693	24.63702086	24.80331375	19.38786204	22.60084322	22.53786363	19.26553031	23.20365871	21.36136297	22.79756549	24.49317501	23.23258142	24.63980655	23.41955628	23.25830028	24.89542887	24.97861052	23.67180418	24.62601594	23.46172344	20.42396589	24.89687044	23.76331016	24.53612567	20.55925157	23.1823565	24.87232747	23.31080384	23.45139913	23.53646683
CYTIDINE MONOPHOSPHATE_RP	25.09285244	22.70678991	21.17893253	24.66821706	23.63149056	24.53453807	19.64868293	19.733456	24.25439456	25.13314688	24.81102402	18.47856782	24.69236279	25.0200418	20.30560911	27.70023645	23.8025098	24.54142497	23.44443957	23.41241353	17.78077947	24.77776903	23.5986829	20.37093954	22.82244907	23.16342412	25.04307952	17.84925931	16.58926049	20.20044003	18.13224896	20.51053212	17.43999132	18.18079746	25.26418983	19.86507092	20.07260951	19.87325846	20.13171958	24.83056757	22.8211957	24.43009514	24.22796682	20.65401221	21.65248067	24.56555979	24.38450498	24.85193919	24.40883832	21.99666487	24.99891578	17.32343749	20.36557149	19.89117843
D-2-Aminoadipic acid_RP	28.8868342	27.7736451	24.03448365	27.69659226	17.38264481	27.57716036	28.75679391	28.75772144	27.36841665	28.8998277	28.68967674	28.56700797	27.22563056	27.15152076	29.04716388	26.33280917	28.12224239	27.29513969	27.25566212	29.24965369	28.26824289	27.26040658	27.79531233	28.45366932	28.95570481	16.81896555	27.21167668	29.21750543	28.47526769	27.98451447	29.45706216	28.00599613	29.5117248	28.24684528	28.17764275	28.87069008	27.99142544	28.87017715	28.38580123	27.38479208	27.97084905	16.55277386	27.30836162	24.16946507	28.21326954	17.73087905	27.91332103	28.18673225	28.13817899	28.88419413	20.5825148	29.11753001	28.79704321	28.34026969
D-Pantothenic Acid_RP	21.14738104	28.50893675	29.96762154	28.9308001	18.92651661	29.11504382	29.66128182	29.30303174	18.31795909	21.06761593	20.80402667	29.15190378	18.68642249	19.92818306	29.44434809	29.66229508	29.09675878	29.26868045	19.29078532	29.66077918	28.88986316	29.86278439	19.95172295	29.33201839	28.87144392	18.12792381	18.61801091	29.48804568	29.35060419	20.24637311	30.28502876	19.59912664	30.0782169	28.9101689	28.72737606	28.86665731	29.33572768	29.23245945	29.41358761	29.48823769	19.43185607	28.33152167	19.72631418	20.26197506	20.91649047	18.92163007	28.65594757	28.45911164	20.98721237	29.84457236	29.89407659	29.64044196	29.91147704	29.14855006
D-Sorbitol_RP	28.6989325	31.02541041	29.31241878	30.42916803	31.49279503	32.44757448	33.61218575	28.50324091	32.06099835	28.32684865	28.18030031	31.80073849	32.01589464	31.96537987	29.49021827	32.35305492	33.55888416	32.34550264	31.07589527	31.14331453	29.07041615	33.69582503	31.63236712	29.20668758	29.54501846	30.30250601	31.67459181	29.87914985	29.56190716	27.47074818	31.06421019	27.62359715	30.40800196	29.06319905	31.34220185	29.13514954	31.88641385	28.27125387	29.77216379	31.98154054	30.73544642	30.11720194	31.88503793	28.97931029	28.18497069	31.58460484	30.72341947	31.82438697	27.74590725	29.03578474	32.44536624	29.7607002	28.42219412	28.33598722
Dicyclohexylamine_RP	21.08159288	21.32635501	21.40434808	20.52045744	21.73996663	22.03378187	23.14400541	20.84922607	21.57807399	20.88696896	20.60195514	21.75116809	21.98774322	22.11210066	20.81190988	22.70185044	21.85675589	22.58894985	21.90545819	21.69349494	20.89222706	22.00229316	21.23516292	20.81766443	21.67593274	21.37566481	21.3310043	21.70450348	21.52797737	20.28303647	22.68331957	20.7163231	22.1938489	21.2656439	21.0336691	20.88227861	21.27932124	20.99672058	21.29641788	21.57133866	21.69638438	20.76664921	21.59153159	21.66204724	20.74217838	22.25827394	20.81829681	21.56929086	21.64517048	20.99526377	21.69527159	21.53532604	20.78056612	20.31127625
Diethyl-phthalate_RP	23.71963735	22.7392953	23.17841838	22.59342955	22.85334585	25.37926014	26.60735622	22.68483969	22.59372287	26.27056721	23.37576002	25.00050348	22.9996336	23.44674555	22.86244247	24.07678329	25.5655675	24.2132813	22.85972563	25.24715946	23.07032149	25.37926014	23.60306652	22.22591678	23.59920578	22.73347749	23.40120005	25.12433772	25.11261327	22.80987388	25.46281502	23.14543043	25.55572882	24.5282842	22.77301378	22.51983715	24.9601748	22.70083628	22.77982512	23.04091223	22.34865839	22.30050016	23.04021558	23.44374431	23.61728758	23.27144162	22.61322729	22.79196173	24.03392535	23.09077248	23.26016189	25.23251536	22.59812556	22.2639277
Diethyltoluamide_RP	23.8778285	21.96394609	24.34604761	24.06810606	22.51988312	18.12028593	20.93179719	23.7818072	24.13065487	24.18723273	22.21846476	18.94198764	24.3968521	24.37725313	23.88308826	24.38192609	18.71223467	24.39827212	23.47762009	19.57305093	18.17487134	19.75816341	24.25024809	22.34534294	23.78527079	24.22681793	24.03697441	18.40195211	18.66409812	23.65839232	18.79834909	23.97480136	17.54485994	23.29292012	24.24338295	22.04820555	19.42616367	23.79203111	21.94433778	24.11689888	22.74056433	23.8414143	24.18801755	23.98468615	22.1729092	24.75211843	23.72577918	23.68035512	24.04721099	23.77940204	24.27216854	16.52987253	22.6532976	22.01066242
DL-Pipecolinic acid_RP	25.86713593	25.56783656	26.66167057	26.94012099	26.32007229	27.83066659	27.9279833	25.80438046	27.63775355	26.29779917	25.56136677	26.91576352	27.66276856	27.63698018	25.72931334	28.09280707	27.1274727	28.0799808	26.10696927	26.45211778	25.97459742	28.37633271	26.21205657	26.04684188	25.86569116	26.53277656	27.73968518	26.49038602	26.84209513	25.38289047	26.8416123	25.63424301	27.29424208	25.34725842	26.59745195	25.72103661	27.38802066	25.62537732	25.81821401	27.81696381	26.41577687	26.19580079	27.52240851	26.6439767	25.52816449	27.5768545	26.55637863	26.3530474	26.00569297	26.12212451	28.17036059	25.88840687	26.32089688	25.75382579
FA 18:3+1O_RP	25.97737629	25.74015117	26.41739606	26.18063475	26.5076177	25.86742012	27.45750921	26.19900507	26.58383482	26.1319426	26.02986118	26.00589293	26.50274771	26.85296336	26.43369786	26.62689196	26.27698462	27.65894277	26.24846472	26.04406026	25.85838011	26.11245284	26.71360617	26.31317769	25.3590021	26.35378942	26.55348526	25.72670987	26.153705	26.00793263	26.71257183	25.93654098	26.76954799	25.20557923	26.39436057	26.30526708	25.89535491	26.03006511	26.39121341	25.7721185	26.39201087	26.34630197	26.60473218	26.07684028	26.17101377	26.60735797	26.04617555	25.54883287	26.01384152	26.18963536	26.81409787	25.76693167	26.22480577	25.91845449
Gabapentin_RP	24.60995318	25.42022187	25.0034743	24.69741904	25.64284643	21.71638095	22.55855322	24.78968404	25.38317351	24.58858224	24.50262324	22.00452613	25.39950079	25.46701993	24.44312281	25.54223582	21.99246486	25.80367289	25.37926014	20.73203665	21.01346904	21.76477002	25.77072071	25.15342041	24.77376641	25.36340811	25.5549095	21.18513544	20.91906774	24.29143445	21.95258538	24.56301887	21.90652518	24.74645203	25.26570502	24.83098381	21.11986349	24.60683215	25.0400962	25.37926014	25.49460499	25.11999502	25.31630406	24.73151988	25.16346673	25.42894848	24.59842582	25.32039809	24.78551877	24.98406717	25.64794111	21.35786081	24.69445186	24.61368007
Glutamic acid_RP	33.50301777	33.31344773	33.74239001	33.01738511	33.38168749	32.76432923	32.4344786	33.32874651	32.61700103	32.63089801	33.15756076	32.08187599	32.28785588	32.16611558	33.28484572	32.51707183	33.20343731	32.54270817	31.8897909	32.11732208	32.25633486	31.0643686	33.71619744	33.4171515	33.01186552	33.15420053	32.50772827	31.59058248	31.53163818	32.6749617	33.96622538	33.11428859	31.82359696	32.60003594	33.0366685	32.53965752	32.89331982	33.16211931	33.20506163	32.49152653	33.16693466	32.96157276	32.4303041	33.41598812	32.36418462	32.29078472	32.8936618	32.95788044	32.41844859	33.4419199	32.61277672	32.01433363	32.66698877	32.66078484
Glutathione_RP	NA	31.01056302	29.38502955	30.47521813	31.73287457	31.77864876	32.3904922	29.62955463	31.7526066	NA	16.23349434	31.30144672	31.39112038	31.03179389	29.79846595	20.9688352	32.04250639	31.60392218	30.73823887	NA	28.9215056	31.20383929	31.39477016	30.2311955	NA	30.8549449	31.13327925	29.52742007	28.74191579	28.61022094	30.10389634	29.32978888	30.00612817	29.02241831	31.23198671	29.50964607	31.1209638	29.53941775	29.65276624	31.39489252	31.41605658	30.38827995	31.42347976	29.36375964	24.10270891	31.32025774	30.20356319	31.11779708	18.67524131	29.56340013	31.58810992	29.47287154	29.71776623	29.9096479
Gly-Leu_RP	24.40784296	22.89904838	24.82475247	25.91082731	23.06059144	22.55924334	19.88281666	24.39461724	22.60472078	25.12689039	24.48918621	23.58859351	22.91877681	24.19251169	24.79012087	25.1650481	23.14108002	22.46351212	23.38100095	25.23862822	24.18279183	23.84955606	23.40655951	23.18048299	24.79798883	23.37269513	24.1236893	25.36232554	25.14160227	24.71911588	25.43582525	24.67326008	25.19200138	24.68338447	23.61827639	24.14857963	25.37926014	24.3576954	23.95886844	23.6582465	22.86519557	23.01930803	22.46752883	24.08400914	23.63016447	23.23561801	25.27396998	23.62223215	23.98301142	24.60173244	24.19674239	24.81036061	24.53150058	23.81927315
Guanine_RP	25.2622295	24.06532499	23.56014416	26.73214316	23.70181546	24.53103998	26.8034382	22.1114313	24.90629071	26.31422194	25.51037968	24.16467925	25.35901949	26.75675944	23.12762043	28.42386725	24.60841778	25.05201238	23.8461381	25.76022725	22.90121089	26.43459611	23.87902909	23.70085466	26.05962257	23.01988503	26.79623748	22.07307865	22.61037698	22.48928512	21.91852176	22.66166661	23.60726436	22.33168454	24.03213733	22.55215247	27.1682698	22.9761046	23.09870287	26.13848231	23.27429644	23.62706325	25.01954468	23.51786908	22.95623312	24.78329979	26.48219536	24.20718768	23.71171294	23.65993432	26.54324398	23.30897031	23.24652204	22.36280917
hexadecanedioic acid_RP	26.50753874	25.37926014	26.63526613	26.28578589	27.38870457	25.98069179	25.0130177	26.51921956	27.17040301	26.72902113	27.00066295	23.72279501	26.74252975	26.2940126	26.80638861	25.37926014	24.0263224	27.89621406	26.90080343	25.99922664	25.3499058	25.57836026	26.11000441	26.35978013	24.42253679	25.69880767	25.71553496	25.45996997	25.50116611	26.30174379	25.73994297	25.4586921	25.36784743	25.07356817	25.06505783	26.55294087	24.74405578	26.58310069	25.75623994	24.91458348	27.4583046	26.67372659	26.14684093	25.97141282	25.38460349	26.9661048	26.13366541	24.21067634	26.00954928	26.72652033	27.16907762	25.34673511	26.6569771	26.48791593
Hyodeoxycholic acid_RP	25.49486287	20.9584109	19.94866728	21.45179521	25.37926014	26.78535364	23.58754036	19.25625654	27.12568224	24.33509901	26.72225245	26.22620744	26.37796557	27.17559255	19.08271251	20.1901849	26.6647501	20.84645517	25.89049181	26.01238234	25.31492592	26.25581614	25.92673653	19.97272242	26.5051228	25.95141004	21.19819741	21.72604553	20.75557317	25.29673867	22.44469265	24.64297509	22.59942318	26.53612955	21.0244498	19.97709102	20.84906138	27.45914417	19.30286196	21.350146	25.21923399	25.32357183	25.60180526	25.19756773	25.37391678	28.14707586	20.98164514	19.6864917	25.26924644	26.18030173	21.16921691	20.99809433	26.46983285	25.24075076
Hypoxanthine_RP	26.6858581	24.6252899	27.49537469	25.76931314	24.1578808	22.07129385	20.42413786	27.12190616	22.97666655	26.12336505	27.60528617	19.25515598	23.59980381	24.04060419	27.51314689	20.00022637	19.97014207	22.21247419	26.10592857	22.51244186	22.77679563	20.29952244	24.20779025	27.05006718	26.4098387	24.94594337	23.68001048	21.38152426	22.75030124	28.09624185	22.89091553	27.88669783	22.33100082	23.32846919	25.82743025	26.87356943	21.26369754	27.31157557	27.25729373	23.33735326	22.16381312	23.88670118	23.1387316	27.27791266	27.88180385	24.56596481	25.61808808	24.58061429	27.55471365	26.88817825	23.36857996	28.40903506	26.90810409	26.68185522
Isoleucine_RP	23.97634204	22.94119191	24.67911778	25.01727526	22.67240066	21.75868608	23.59738523	24.49551286	24.16449259	23.09327641	24.16490349	22.70959998	24.01027771	24.0782384	23.34152451	24.9054908	24.39873539	24.15189655	24.32185395	23.28529623	24.76931441	23.16219807	24.51552827	23.35528417	24.59921378	23.7082109	24.67211915	24.86493983	23.03730463	23.98688457	23.82495441	24.17798244	23.81168312	23.30172819	24.70574795	23.60317556	23.03530642	23.83383574	24.2776303	24.60374776	21.82456243	24.86347567	23.63462592	23.81713028	23.91735801	24.77047049	25.33398349	23.706853	24.34387553	22.92692283	23.89598069	25.4893448	24.45559752	23.55972697
Isoleucylserine_RP	25.37926014	23.24372146	25.73483702	24.6270846	19.89038342	22.81428657	24.47500383	25.37454396	21.69826597	25.53794425	25.22906274	24.74950028	21.88969468	24.06443134	25.52087772	22.8317924	23.85587533	21.2280521	21.73148398	25.95741163	23.69153478	23.54776014	22.93816344	24.60526233	25.53671384	22.88775858	23.33042869	25.75619695	24.66951404	25.20461271	24.63736877	24.54063642	25.93019494	24.49774403	24.48803911	24.8530203	24.46573373	25.18500113	25.07872819	23.17743288	22.55804579	24.29391427	21.57781621	25.37926014	26.27003501	22.74110985	24.22089153	24.35974503	25.11370106	25.38054782	23.398484	24.55380648	25.56357242	24.73454685
Isonicotinic acid_RP	27.72422625	25.94174065	28.69316283	27.75636529	26.2579909	27.06075401	23.27154331	27.30737354	27.03153784	28.05496354	26.77100566	27.87396267	28.18994945	26.96051374	28.49958516	26.16074753	23.06991375	26.67830454	26.75282505	29.12517501	28.68295992	26.43009272	27.34935294	27.66202334	28.91946816	27.52966332	26.72615997	28.80499702	29.03062557	28.58995632	28.36353428	26.83226476	29.20772129	28.66822102	28.22500806	28.11196515	28.52398814	28.40151326	27.15204456	26.72044228	27.96081265	26.96641982	26.82868503	27.25564498	28.3118316	27.12374151	27.95392588	27.50127629	26.85638479	28.88788876	28.26944275	29.48542433	28.63258876	27.0912082
Isophorone_RP	25.41542777	25.7257791	25.06183293	25.01564147	25.62797993	24.09954345	25.46971301	25.67806771	24.8898161	25.2609866	25.36566742	24.49510004	25.6883246	25.37926014	25.17786485	25.34451917	24.36061474	25.59497336	25.48779256	24.43455686	23.45522567	24.45833303	25.10090449	25.09224028	23.42524268	25.17994429	25.27464663	24.12377011	24.04358712	25.56003306	24.52943928	25.83755169	24.52523761	23.62301453	24.83836426	25.05325786	23.86396769	25.23626012	25.28383008	25.27398819	25.26168985	24.50377429	25.32571459	24.81846691	26.3849549	25.45001185	24.42099163	23.82318672	25.81822222	25.20290478	25.87098656	24.01356971	25.48457077	24.97710482
Isovaleric acid_RP	21.98096757	23.51459503	25.39772961	22.08573991	21.66046767	25.42554412	25.6611406	20.78215443	22.0734675	20.01019887	21.46339788	23.21757858	23.17458207	22.43125488	25.09322394	22.1911575	24.08620489	22.38654263	21.69904076	25.24463165	25.46309602	26.03621512	22.37367447	22.95367094	25.10852656	21.99246337	21.40256551	25.56341468	25.73387854	20.89027297	25.8780597	21.43119051	25.95190552	24.20089683	21.39483386	21.91273158	25.42844928	21.92770756	22.10827208	21.71484083	21.78568713	21.7349447	22.85924205	22.72727648	21.78508808	21.97602586	21.71187777	25.06894718	22.84437899	21.34611948	23.33432076	24.92617087	24.22195106	20.64729446
Kainic acid_RP	23.02584771	24.36742151	25.2378483	22.91028627	24.50826297	24.22967783	24.42511508	25.38609021	24.1426354	23.33481826	22.44522532	25.00689435	24.01310524	23.49982663	25.43885789	20.2854808	24.06757004	22.83720568	23.95665889	23.25658003	26.47279259	22.63019141	24.43591993	25.03234167	23.11421437	24.4933564	23.18141611	25.68333125	25.61088832	26.21301313	25.89910817	26.10724779	26.73532666	26.92635681	24.75912443	26.16195219	23.22802492	25.65197911	25.3964381	22.70552411	24.53635342	24.35692024	24.06071854	24.80560889	26.61318919	24.5024135	24.39079728	24.49847601	25.34895322	25.16852581	22.88009144	27.3490043	25.29825481	25.57663038
Kojic Acid_RP	26.76412697	26.84581888	29.02635749	25.22289396	27.09870029	26.35647457	28.61643903	26.81129882	26.18520026	28.85741906	27.93059519	27.48036417	26.21428596	25.99634252	26.52899674	26.54119967	25.60082031	25.20821702	26.19022001	28.02856313	26.86654703	27.08607512	27.5065313	26.95201521	27.54034434	27.77686316	26.41203903	28.32064764	29.41344006	27.33710563	28.45849217	27.64222429	29.19556733	26.98594197	25.42126458	26.58239686	26.56471044	25.93342002	27.67399806	26.57473058	27.0302305	25.72901163	27.0270015	29.23466493	28.20817308	26.93513309	26.16417936	25.15839426	28.81306729	27.14481502	26.23805096	27.10863572	25.50735372	27.18688225
Kynurenine_RP	25.4844371	25.85418313	25.62325297	26.21646744	26.8404583	23.16092531	26.27639575	25.94124708	23.31627644	24.79130986	25.50897925	26.90455443	23.79767814	24.66411428	25.83883433	24.00717756	26.32508769	23.59142813	26.41367357	25.71199848	26.6673093	23.97193104	26.91664864	26.0214467	25.26349927	26.93232962	24.32864719	26.56875219	25.3913112	26.98227061	25.11633991	27.04510406	25.89687934	26.99865411	25.33077568	25.95212849	23.73666775	25.4760693	25.99244618	23.86779784	26.47944378	25.42582101	23.50619812	25.40448115	26.64832287	24.59672492	26.00556142	25.43318214	26.93164902	26.41892943	24.04650414	27.5483366	26.14084069	25.47340303
L-Asparagine_RP	25.59269984	25.3566212	26.01699621	25.47932537	25.68289335	24.38614691	25.52219863	26.71301357	24.83201178	26.16237748	27.56005078	26.14652367	24.11282289	24.2201868	26.34433458	23.70850233	25.08897274	23.85086225	24.58182526	25.06653757	24.61734414	23.90020022	25.45479728	25.08643045	25.60790156	25.41022605	23.66746181	27.13164186	25.51019549	24.96670654	25.31816413	24.85801092	26.79415319	25.2713263	25.3372557	26.88944627	25.6729658	27.54812474	25.56941413	23.85312562	25.89569761	25.84994985	24.11006774	25.45559279	24.13961253	24.16163953	25.37926014	25.63339445	24.29315679	25.7098287	24.30210122	25.04759095	24.74066669	24.86357786
L-beta-Homoisoleucine_RP	25.71616094	23.70308165	25.58555984	25.66136786	24.81248548	23.31254066	24.41123117	26.39865557	25.88853967	25.27266674	25.52333248	25.1477648	26.31511359	25.22869762	25.91612608	26.16577083	23.13867737	25.51542552	24.741735	25.27618357	26.56920863	23.09355436	22.68847931	25.5968549	24.55955862	23.53147915	25.61946181	24.76877386	23.46264705	26.52157765	25.88626255	26.60483064	25.18158063	26.98071931	26.63656906	25.64575232	21.28300782	26.30279338	25.89759569	25.22851969	24.52022297	24.34344114	26.29653095	24.69713491	26.99719937	26.35401739	25.27697631	26.3461024	26.95103745	25.54377282	24.53932149	23.00160343	25.3152049	25.51898794
L-Carnitine_RP	27.50266408	26.57462675	28.26513347	27.92361373	26.97250523	30.61144637	29.18598741	27.69264339	29.90054731	27.68348779	27.79755835	27.44668881	30.38285862	30.28826606	27.80364975	30.96235745	28.23461008	30.81523404	27.03693883	27.82834693	27.57058591	30.90343345	26.85024292	26.63541869	27.70103616	26.38588719	30.33161507	28.29172298	28.00293244	26.79943953	28.51353986	27.03823907	28.9872445	27.0021585	27.56427209	27.17080086	28.51236829	27.75034421	27.67258655	30.15169105	26.87332544	26.90463092	29.79456939	27.33218809	27.80846967	29.87315414	27.51230889	27.58842638	27.2403864	27.84917481	31.03130321	27.81636248	27.89538332	27.2043622
L-Glutamine_RP	30.69898071	30.64691327	30.80804075	28.86993319	30.72208443	30.55098261	31.63200466	30.69272862	29.94889127	30.54055516	30.3037867	31.62789992	30.08290337	29.98345271	30.76001245	29.87572106	30.91480776	30.31079349	29.14696699	31.26360363	29.69548802	31.16035494	31.14770829	30.73595004	30.74044466	31.34938072	29.65587117	30.80771939	30.35681475	30.20272739	30.92728154	30.16328359	31.23187605	30.04698459	29.52207164	30.48187155	28.86448993	30.59223606	30.31036943	29.69232823	30.6453759	30.62318125	29.93761659	30.44833045	29.60925067	29.66839058	27.93194	28.55827946	29.79674978	30.64402969	30.16770259	30.67871159	30.09431398	30.40864416
L-Histidine_RP	25.97603126	26.34099017	26.21190788	26.22112339	26.52039001	25.57561123	27.00722152	26.58776044	25.63631945	26.1956234	27.38318138	27.07082381	25.5853924	25.51100352	26.66674817	24.76670834	25.98614919	25.13123659	25.7702868	26.52536866	27.74927515	23.47048078	26.69445706	25.93243518	26.32724875	26.79878589	25.39541535	27.04784952	28.5412329	28.20084929	26.80647458	27.7680671	27.04964368	28.01641173	26.37637224	26.80668535	26.11124598	26.91564878	25.94476941	25.3128092	26.31842601	26.81401498	25.21814697	25.85585984	27.4917602	25.60651402	26.06528794	26.33272206	27.86509635	26.06837427	25.45473567	28.93539099	25.90976726	25.92378119
L-Homoserine_RP	27.20611822	27.12647783	28.00357742	28.48309764	27.42371127	27.39359622	27.70972083	27.6307631	27.57557358	26.80383329	27.02645591	26.73861186	27.53738509	27.71254749	27.60595209	27.43854289	27.92458107	27.06747302	26.31937534	27.55397707	26.91774145	26.24151437	14.69096315	27.06781839	27.15129653	26.27620213	26.63422169	27.60029943	28.02792716	27.92906164	29.07011573	27.20333116	27.69829764	27.57152458	28.23354819	27.22970564	28.46227941	27.73319771	26.98576063	27.40115084	27.29133572	28.22828028	27.23450668	15.18875626	26.86237296	26.9153664	27.36773633	27.46395596	26.91213662	27.62427965	27.66030573	28.21414477	27.67630165	27.08892779
L-Pyroglutamic acid_RP	31.53935719	31.25028523	31.63496241	30.74074568	31.38581659	30.35277867	30.0426106	31.46772668	30.00412624	30.6628063	31.07855563	29.95682919	30.13172539	29.88105093	31.40251768	30.06980279	30.75118471	30.22724392	29.59327307	29.99664635	29.98452751	28.69191543	31.75813176	31.3825462	30.93185009	31.31517945	29.48289728	29.40205998	29.05804039	30.61209549	31.68949375	31.02845917	29.6434723	30.37131429	30.85598768	30.54626723	30.4275221	31.29102945	31.06157976	29.8390122	31.21269055	31.08898088	29.91054382	31.28886736	30.14040556	29.77174111	29.99478343	30.15118348	30.30705173	31.45161016	30.15619633	29.76047785	30.52560101	30.65548356
L-Rhamnose_RP	22.88901666	23.25698901	23.2407238	22.9085423	24.49311887	24.5769918	21.03688442	23.19765287	24.23000548	23.51094097	23.16611751	20.15144959	24.34038775	23.90866721	23.49774364	24.52968077	24.35393182	25.54679425	23.88989079	23.90299803	18.46107482	24.49931578	24.18790786	22.73303702	23.54470168	22.7692825	23.92864886	24.48203717	21.25173132	23.55689976	24.34452509	23.40510308	19.32402604	23.48839643	23.58039451	23.44755673	23.75831901	23.34000363	23.69453247	23.54702397	23.86943483	23.17946039	24.17935224	22.90706392	23.8694361	24.31837983	22.29979114	23.67211847	24.09103861	23.46259306	23.95086964	24.03323819	23.13397658	22.71070363
L-Saccharopine_RP	25.86707997	28.17488799	28.80797062	28.42739165	28.51048409	28.15306785	29.08521262	29.21558569	28.23915967	25.19800729	25.39285285	28.62029143	27.94043045	27.93089806	29.13864121	26.32723769	28.87501537	27.57267395	27.68477363	26.27420373	28.81093634	27.29894991	28.36702253	28.36514311	25.73608021	28.1943461	27.50101702	28.75380295	28.51206053	29.4535532	29.28120827	28.47393147	29.26581739	30.0326203	29.49349617	28.80775733	28.75534124	29.12134964	28.52333941	27.82862471	28.05177689	29.11018776	28.01826262	28.21804289	28.94473456	28.03139988	28.47700919	29.32740658	27.9262637	28.40703635	27.9184827	30.72074681	27.84792718	28.43374628
L-TYROSINE_RP	27.93935518	28.23140263	28.93026178	30.02592344	28.77888711	27.75380802	29.53885862	28.56092502	27.93019604	28.35036376	27.90647309	28.72691248	28.06149464	28.60082583	28.84183577	28.60294052	28.33606406	27.7892717	28.79248723	28.28790416	28.49349728	27.98426811	28.76491806	27.85423582	28.14423183	28.63745796	28.48609496	29.4262442	29.48993264	28.90901867	29.49549679	28.79636797	29.53037575	29.05866575	28.74175685	28.58067176	29.47306025	28.54537316	28.11353322	28.13979399	28.49264667	28.50682155	27.82622867	28.38269305	28.31228744	28.54303879	29.52876142	28.88449548	28.43345032	28.53719669	28.40886986	29.33936126	28.75095587	28.30208445
Lauramidopropyl betaine_RP	25.83539522	25.90713418	25.21494157	25.45407838	26.84171842	26.09822816	19.58924745	25.04171558	26.55360279	25.96515572	25.15034178	15.68880184	25.43574055	26.36429387	25.2552255	26.38631014	25.92858485	25.80373792	25.76679994	25.52742664	25.26424283	26.01104543	26.84039706	24.29929302	25.63343023	24.97104625	25.5018805	25.61380391	18.6549628	24.61088006	18.2203589	26.0492402	18.21025814	24.82282312	25.9712756	25.15797376	15.83307815	26.17566985	25.35516525	26.43663443	26.05881441	25.80224298	25.61596959	26.12109746	25.19335032	25.52286479	26.0076381	24.94872762	26.46308693	25.5392445	25.6652046	20.4318264	25.1290368	25.69370304
Laurocapram_RP	23.28849521	23.63092242	23.4352191	25.37926014	27.78755067	23.79987352	26.08299045	23.12486648	25.20351799	24.46531643	27.57033108	22.78146522	25.23714115	24.99457685	21.10572559	23.88716008	23.32757671	22.88028973	25.23270731	24.22089583	20.90649636	24.31487592	25.80572393	21.13876443	22.99249619	26.89231639	22.85673602	24.18298218	24.51408375	25.50240229	24.99547967	25.94521632	25.00887756	22.40880982	23.29408437	22.54226003	24.0354274	26.24414575	23.06977192	23.50945885	26.26661242	27.47767365	28.22888691	26.59132312	23.75145591	25.00875466	23.25321875	21.79754584	26.10280397	25.72788392	24.051583	24.55705423	25.57201535	25.84563603
Lysine_RP	27.47672898	25.6323786	24.48333354	26.47556653	24.85958288	25.75402924	26.39984334	23.68236138	25.88665896	27.85061814	28.86908139	24.80923547	26.00844517	26.2039715	23.80864523	26.76304981	25.37926014	25.58134742	25.50243839	27.87659155	29.0097814	25.51547474	26.09859501	23.8372608	28.18352936	24.3657872	25.84960449	25.7877915	24.92432894	27.12873368	24.8623571	29.03125124	25.39067285	28.76143333	25.89464669	25.44493512	26.46186322	24.48384373	23.61132641	25.65682433	24.65382555	26.09384752	25.43280569	24.74991015	30.03445049	26.14738193	25.89574705	25.77869416	28.94415634	24.59674243	26.02117865	28.77445173	23.47156322	23.09119107
Mellein_RP	20.51035927	18.6207422	19.32556181	18.28306253	21.66502675	16.952981	24.22309109	18.80437537	23.31165387	19.75552872	22.44545242	19.6645537	20.30379229	19.68023431	18.39240523	17.72430939	18.82256021	19.37947873	24.07914415	19.52375557	18.13734209	20.01279168	19.85265438	17.4966311	18.95857122	22.53050521	18.81343322	19.51198881	19.0655768	18.74198609	19.015446	24.79364836	18.53892498	17.57704524	17.99548649	18.14075382	18.1792893	18.31007516	19.01394804	18.62083803	22.32395722	24.24870935	21.74670807	19.77867897	19.96230881	22.35198956	17.92750047	18.40598127	25.04259292	20.35942943	19.01547794	18.58516003	18.58043054	22.69119299
Methionine_RP	21.19269329	24.22373626	21.97067307	25.83172407	24.39101472	21.99060538	19.04739376	21.91254783	24.78416527	20.77072075	20.55397129	19.99516989	24.55060553	25.34826736	21.87489281	23.43687809	24.79867186	22.12854768	24.31131405	19.44888037	21.39769921	25.08793467	24.41166343	21.16732632	21.28159113	23.24108064	26.01928274	19.18165907	20.72795221	21.61284662	20.48002607	21.59359716	20.81754899	21.90729617	26.14728177	21.44567542	26.04270239	21.64650061	21.63348647	25.55882112	23.08706948	26.03745701	24.50561563	21.73115654	21.29562371	26.16738964	25.77206316	24.9051115	21.13217189	21.74074254	24.24134967	22.38699636	22.02124295	21.83333778
Methylxanthoxylin_RP	26.13033767	26.27705142	26.6119807	26.08216468	26.88899887	26.29728771	24.20122319	26.33656925	26.47585861	27.05601466	25.82610448	26.75903645	26.36009804	26.5304331	26.71620754	26.29681381	26.46031936	26.86119018	26.3135096	26.1794785	25.84286222	23.39446585	26.73776086	26.21469669	25.779414	26.82517544	26.63897442	22.84243953	22.66319068	26.20832626	23.14549795	26.34880684	23.00165548	26.43755351	26.25612743	26.23798999	22.37955024	26.76593514	26.3242548	26.24576955	26.94799581	26.1468319	26.38732217	26.41227372	26.57177935	26.67631443	25.69465154	26.14010008	26.18396268	26.43848831	26.4417919	23.10142748	26.57859951	26.44067535
myrcene_RP	27.46079171	28.05732771	27.73902485	27.40584579	28.20628901	26.80068994	28.05370256	27.3857165	28.1433021	27.44388282	27.32934773	26.7886913	28.11605882	28.21840976	27.27815679	28.36953675	26.96799453	28.58540988	27.90014338	26.42471501	25.81007265	27.00047533	28.64622791	27.69244508	25.78055453	28.09248454	28.32275986	26.2112537	26.31155721	27.01228039	26.92201385	27.19462772	26.78141343	27.38346766	27.9519985	27.42386916	26.37524481	27.20283777	27.56396262	28.17940249	28.09974815	27.75543458	28.1660974	27.50297584	27.70044847	28.26547251	27.29977885	28.00021298	27.52463334	27.60638273	28.41099763	26.38888258	27.32027552	27.18702326
Myristamidopropyl betaine_RP	23.2636132	20.19124437	23.2676231	23.91172662	25.06467061	19.35762725	22.6904428	23.79035938	25.3677415	24.89662927	24.37201352	21.74304652	24.63014119	24.48824376	24.40057947	25.20484492	23.1634477	25.4646002	24.55712443	20.5008427	17.4682389	22.35695981	25.67496108	21.47920042	19.43984573	24.22756663	22.13450866	23.93000231	25.37926014	23.98670069	19.90577986	23.09017365	25.04453389	20.4743601	24.34438895	24.17858409	23.60454116	23.51910301	24.16488769	18.70481242	24.04572164	24.00366669	24.89030765	23.06130904	21.48276319	24.78954848	24.54836668	20.04049012	24.20700711	24.51337494	22.81477737	23.92343005	23.36148384	23.5613781
N-(n-octyl)-2-pyrrolidinone_RP	23.5374947	24.14580885	23.91298297	23.87312507	24.54833003	24.56155155	20.24389081	23.67731873	24.34855017	23.9689767	23.78150083	24.36049501	24.19547505	24.34013179	23.84998603	24.62966863	24.71231237	24.70446951	24.21714474	19.25285674	24.06740077	17.15414865	24.81974974	23.79819093	24.10225848	24.02847561	24.29497619	18.18403479	19.2829444	23.53684296	18.5814796	24.10716308	17.85949372	23.77817683	23.97093701	23.71828405	16.8520576	23.54210449	23.85297714	24.22260146	23.94621228	23.81280483	24.29111425	24.03106662	23.71914517	24.26683953	23.77517364	24.19090282	23.97023264	23.90209591	24.47684254	18.01270032	23.73167257	23.47870215
N-Acetylarginine; CE10; SNEIUMQYRCDYCH-LURJTMIESA-N_RP	15.80135161	23.24177618	19.00103545	24.66532081	23.20396375	24.47025236	25.98364554	19.54234843	25.10686849	18.58083942	19.04496903	22.65439994	25.19436948	25.44591762	19.91260004	25.81976471	24.45291191	24.49118691	24.30500499	15.46364136	17.52921839	25.94922248	23.70957093	19.31303679	15.5663932	22.41239641	26.00117765	19.92252882	17.62414483	20.16091639	16.19874931	20.27184443	17.86639913	20.00172071	24.39727806	20.43530956	24.95471613	19.50174631	18.71094989	25.59962563	21.66979214	23.83751361	24.79099856	18.54719709	20.05072436	25.56240204	24.53631912	23.94777103	19.55784936	19.56965597	25.17751262	20.77559139	19.24269572	19.72353646
N-Acetylglutamic acid_RP	19.47933806	26.90850927	22.85850158	28.43895893	25.99031464	25.56072062	27.34035339	21.20380229	28.10756584	20.49253421	18.4438774	23.12318259	28.27649822	28.46720491	19.88025954	27.51222687	25.35423823	26.44325169	25.74744584	19.57938843	18.58293081	27.33019816	27.06180604	24.42648376	19.75552266	25.76006433	29.05408359	22.00152851	20.52777865	21.59551057	21.25223937	21.94053841	20.42547423	18.66702	28.86125802	20.97547563	27.82782335	21.06234328	21.81104089	28.39900285	26.0058076	28.92777038	27.87448852	21.86758046	20.41556509	29.04432503	27.94283595	28.19534494	21.13781394	22.76152286	27.96388615	20.85235088	24.26009443	23.20637355
N-ACETYLPROLINE_RP	23.44751363	23.5452351	23.8792855	22.76703033	23.93955949	25.22794047	23.76613048	22.80012174	24.63254707	25.44472897	25.09987221	20.82982983	24.72430286	25.20736273	23.40814304	26.32259786	24.62143093	25.42838961	23.97617778	25.54986012	23.36747679	26.40519221	24.00604612	23.72952097	25.22415552	24.09450031	25.06724833	20.92757826	24.17153746	22.66095148	21.61797523	22.61592778	21.71613919	22.73104961	23.95561137	22.9079799	21.25905819	22.80848621	23.46752218	25.27647312	24.07908769	23.81242441	24.48659152	23.79850263	23.05624511	24.62188193	22.67817064	21.25054292	23.15301156	23.5775992	26.35869281	21.28895063	23.58566654	23.0982718
N-Butylbenzenesulfonamide_RP	25.65349997	26.00015165	26.10090414	25.50440447	25.96200179	26.21113216	16.38749441	25.9374726	26.2352503	26.028553	25.79105119	26.26769695	26.74071496	26.45759637	25.63343975	26.34979447	26.31765588	26.47462051	26.03274112	26.3992523	25.74397015	26.77256818	26.06517307	25.7915953	26.18505563	26.12943316	26.15526062	16.85334944	26.15099031	26.16994714	26.8663199	25.70832333	16.38902939	25.61593666	25.98500227	25.00970366	26.34655025	25.85553014	25.63708829	26.19517494	26.29046917	26.09845449	26.31767256	25.7788325	26.33924073	26.35243212	25.77475952	25.8237591	25.79649342	26.16722878	26.30287359	26.07405779	26.07135582	25.636542
N-epsilon-Acetyllysine_RP	24.94709057	26.84295264	25.93115561	26.35452782	27.19286288	25.25756852	27.52365509	25.7538931	25.48063996	25.29991464	25.85256457	27.49447203	25.51108326	25.21768455	25.73139162	24.37809681	26.37389349	24.79833599	26.66902843	25.39566032	27.38210578	24.79620803	26.48553794	25.90015469	24.92161969	26.86464913	25.36310493	26.04042706	26.56407687	26.52462066	25.96792715	27.33921988	26.30755546	27.24966677	27.43239227	26.27931665	25.56688786	25.95010165	25.47434899	25.04261644	26.85153165	26.89297196	25.57702377	25.42274262	27.81316241	26.05236688	25.89684922	27.1035034	25.69798758	25.31522463	24.70362288	27.61121729	25.20950001	25.70904296
N-METHYL-L-GLUTAMATE_RP	27.12206086	26.15925041	27.53800343	25.35598536	24.36591882	26.36074439	28.11701244	27.12117855	26.00282756	27.85548745	27.18910131	27.19828894	26.0752653	26.21356218	27.59751592	23.92801149	26.97345428	26.04222344	23.43517438	27.55941271	26.80105315	26.89329511	24.3112935	26.37013115	27.30763679	26.75713446	26.5256108	28.1472709	27.32905866	25.27688677	28.22972557	26.10384582	28.64439501	25.96206779	26.64746647	27.56881021	27.06266335	27.38395659	27.08968378	26.68889057	23.88078131	25.74800362	25.97207905	27.69506196	26.810079	24.7567027	26.97760288	26.75407286	26.94766101	26.78099386	26.52650851	26.66295	27.47673549	26.27436141
N-Methylisoleucine_RP	25.08671724	24.63963203	26.51831934	21.67136241	25.34531979	23.31254066	21.08938952	24.95985838	22.41377718	24.48415504	22.9750902	25.1477648	22.6030369	22.1555875	24.827229	19.6083454	23.13867737	23.23441013	22.90407155	21.71097218	23.31852229	23.09355436	25.09071963	27.29300879	23.33665658	24.88309937	22.55828581	24.6633694	22.99810893	24.38357091	22.09359712	24.60074081	21.64033153	24.37580132	22.78487911	25.45557495	21.47654464	24.69849528	25.60467408	22.24837023	25.95416036	22.61793035	22.2856043	26.39245899	23.17906901	22.70916807	21.40990587	22.36295027	24.09363223	26.14139315	22.97128854	23.96533479	26.42981033	26.38195961
"N,N-dimethyl-7H-purin-6-amine_RP"	25.38885759	24.47644484	22.32409545	22.38538695	24.72871413	23.86537168	23.7514848	23.5146829	24.31511048	23.2900114	24.41804751	25.97370229	22.25444498	23.90348826	24.5965816	22.58075914	23.49250142	24.32943203	22.10058705	25.45121322	22.01126277	23.29309043	23.98158051	25.46874678	25.01986499	25.52151426	23.06439487	25.39230932	22.2844863	25.31003964	24.8865884	23.7191495	24.55517885	25.42461079	23.55396811	24.67154056	24.18542107	25.28437842	25.30865583	22.41727596	24.60343802	23.0165082	22.21832743	22.47343953	21.57142648	24.39901543	24.16172749	23.64144567	23.36998822	25.36453023	22.08874291	25.38170958	25.649016	25.39044611
"N,N-DIMETHYLARGININE_RP"	26.60991522	27.18305774	26.96559056	26.6735247	27.79302305	26.63038959	28.65734885	26.98193175	27.11016336	27.18053797	26.90260078	27.11333085	26.74682111	26.647655	26.96693807	26.52949561	26.96248078	26.79194308	27.79164344	24.03910347	25.91525851	26.29888715	28.07001572	26.66764818	26.99019656	27.11925577	26.76918234	27.0943115	26.86770362	25.92312946	27.42150308	25.69690367	27.67686977	25.92881144	26.51216206	26.65977799	27.10914559	26.8651272	26.81252946	26.59598574	27.07320136	25.88485233	26.92564688	26.72456641	26.22254829	27.52140032	26.12157904	26.33981743	26.29174989	26.78909743	26.52843934	26.59321037	26.72654073	26.67088817
"N,N-Dimethyldodecylamine N-oxide_RP"	27.63310308	28.12020323	28.07028123	27.82045059	28.3629329	28.32601531	29.49867385	27.69869046	28.15144644	28.03970281	27.77481574	28.35149995	27.98122684	28.16791494	27.61990612	27.91910617	28.42977672	28.7130394	28.10058705	28.26455677	27.66645369	28.60699278	28.86141449	27.5023882	27.89997796	27.70985883	28.49599962	28.22383305	28.11098263	27.21568218	28.29921491	28.09579227	28.39790931	27.71682673	27.82888973	27.48983994	27.79836883	27.54253175	27.70272793	27.95102544	28.27776681	27.68377466	27.94704471	28.02024062	27.61836759	28.43077161	27.53688737	27.79738204	27.87308618	28.00228525	28.27411746	28.08591571	27.41202025	27.56661659
"N,N-Dimethylglycine_RP"	28.06245637	31.61723197	29.3984652	31.04475489	32.24238624	31.91558142	29.3561612	29.59742316	31.93395428	27.62114089	28.21944135	32.00559728	31.91455314	32.05945119	29.12986396	30.6138019	32.06621807	31.19727152	31.74433355	28.63077968	28.29768513	31.34469476	31.60664491	29.60324764	27.83246223	31.55153591	30.47914395	28.70284944	28.59879923	29.35945613	29.70906167	29.01436052	29.30779753	29.89846726	31.91905969	28.92050538	31.20823698	29.46707277	28.83052455	31.3435094	31.97684005	31.61760844	31.48958894	29.05960579	28.46207656	31.73333021	30.95381586	31.42387519	28.90882116	29.21165955	32.11706299	30.11548929	28.82236541	28.73838277
"N,N-Dimethylsulfamide_RP"	27.73929248	28.23519792	28.0615632	27.86118786	26.83635355	27.30172451	29.16359113	27.81450319	28.33562224	27.93806183	27.67772515	27.94073284	27.89035671	28.42061857	26.34983375	27.18276119	28.24544296	27.30351133	28.05772119	28.54108053	27.94166804	28.36788483	28.71158574	27.92774973	27.20340063	26.83105513	28.55014559	28.50374027	28.48539953	27.61056634	28.98245321	27.66071762	28.84689793	27.7882123	26.85654842	26.4550833	27.69514529	26.50257028	27.92315431	28.32476555	28.10674169	26.35580155	28.30623891	26.46535998	28.05717347	28.32076643	27.30987496	26.98655487	27.42172311	26.56942001	28.63932929	28.57610002	27.70862356	27.54779282
"N,N,N-TRIMETHYLLYSINE_RP"	24.79022262	26.29647478	24.72323758	22.92958671	26.8018332	21.11788081	24.20376477	25.96763424	21.6125314	25.57355866	26.00753396	25.85151551	21.65068764	21.46414063	25.93225216	20.82851601	27.32292056	21.2358511	27.04661794	19.27570072	25.37926014	20.99459898	27.07370017	25.36874553	25.82136459	25.83426945	21.08345607	25.95650044	26.417741	25.66965533	17.58941214	25.5299537	19.95544076	25.69088586	24.16098396	25.76078609	20.2266341	25.75037071	25.42177275	21.09483256	25.77685232	24.83957791	21.30071415	24.71617022	25.48731913	22.59165599	22.99456399	24.307705	25.7299182	25.00848393	21.2121675	17.92523538	24.48533282	25.47943546
N2-Methylguanosine_RP	21.53079054	23.43298065	22.3013694	23.85083529	22.9920691	21.55428491	26.24579138	22.59766908	22.11301883	22.15592851	22.07308147	24.15778294	22.90496297	23.93197397	21.41331547	23.9718348	25.00796958	21.15927889	26.06135165	23.17459302	21.60047956	22.79880102	24.04974831	22.5670006	22.16748028	23.93958596	23.9687424	21.34966737	21.61250141	21.65284554	22.32486051	21.61924229	22.95849114	22.3781638	23.43176358	20.58704702	22.79787026	21.32577658	22.42550013	22.80329472	23.38054044	23.81779921	21.4613432	21.9884986	21.81120979	23.40030047	23.39371191	24.2965588	21.78464194	22.55151982	23.04217364	22.72463117	21.05868769	22.17122611
NAD_RP	24.65563422	23.72281444	25.10402177	23.78883886	24.80778569	23.8937163	25.39226713	24.85022042	24.22883652	24.98766077	24.56844107	24.65668637	23.96013614	23.13888437	24.98050511	22.1221844	24.70581831	24.22078052	23.98224801	25.03267259	24.30469467	23.43600077	24.34505608	24.8659233	24.78734956	24.44387949	23.84633432	25.0956564	24.89497307	24.82709427	16.81261167	24.7105727	25.34331152	24.63816269	24.70834461	24.82198688	24.11089255	24.76573991	24.67974719	23.35123217	24.71990236	24.28066305	24.17114422	24.70930956	24.6858981	24.57202521	23.66797639	24.64385209	24.74471679	24.81945164	22.96969494	25.29268908	25.13562836	24.72053634
"NCGC00347704-02_C24H32O7_2H-Oxireno[1,10a]phenanthro[3,2-b]furan-10(11bH)-one, 5,7-bis(acetyloxy)-3,3a,4,5,6,7,7a,7b,8,8a-decahydro-4,4,7a,11-tetramethyl-, (1aS,3aR,5S,7S,7aR,7bS,8aR,11bR)-_RP"	27.9927778	27.65919185	28.56470373	28.25414363	28.24171664	28.66584208	29.79574902	28.4929031	28.70493322	28.86860798	28.56520377	24.43195048	28.71426135	29.15011125	29.12845282	28.75760426	24.66804875	28.93552262	28.3623193	24.6438875	28.14197336	24.69059001	28.60488799	28.04135743	28.35781874	28.67638109	28.36780469	25.27369124	26.24209499	29.78207291	24.61376869	29.04781043	25.49646832	28.89838743	27.79690256	28.99516801	24.21330945	28.12941051	28.66918452	28.96632417	28.15183718	28.02445113	28.47535228	28.75031063	29.60220511	28.06665543	28.74171041	28.10443386	29.05532423	28.76317706	29.01024412	25.1957042	29.07726911	28.4106013
Niacinamide_RP	27.59985747	26.9237406	27.74772151	26.73477841	27.77996419	27.23553572	28.50755755	27.5605984	27.26921543	27.70727083	27.38919945	27.81346905	27.14031529	26.36339883	27.67278019	25.8699552	27.83401002	27.4182233	27.12426304	28.11309838	27.13950479	26.9843676	27.53394618	27.7233202	27.66689631	27.36398604	26.80768714	27.95440242	27.79443042	27.43329515	28.05019503	27.35398049	28.28766938	27.40840831	27.56315763	27.50084174	27.11809881	27.48935827	27.4015348	26.62120645	27.53002673	27.10573619	27.19561753	27.43235444	27.31125661	27.46739753	26.60665707	27.53702518	27.47679742	27.57660453	26.42155296	28.16656845	27.79711209	27.48853775
NICOTINAMIDE MONONUCLEOTIDE_RP	25.54517698	25.85947765	24.74432954	26.72716104	26.26146971	24.58001065	24.68894945	24.49002713	27.39373315	24.75451784	25.12776947	23.31359584	27.47647866	27.91939441	24.55956118	27.92019643	23.98924081	27.31944748	25.99056873	23.65837024	21.53787663	24.61007146	26.42362174	24.64778734	25.07844285	25.50972912	27.27510787	21.98056196	21.38828869	24.01344396	22.99404531	23.76581563	22.57500655	24.42112089	26.1307525	23.94977839	24.43078586	24.16667452	24.30418292	27.52784194	25.67244871	25.61738469	27.03764134	24.24159279	24.46673767	26.90103876	26.01272074	25.74484568	24.3654891	24.79111911	28.04387378	22.52037439	24.16155288	24.07332248
O-Acetyl-L-carnitine_RP	28.59165551	26.1939325	28.11142746	28.4618436	26.27778113	28.39767633	28.00655225	27.89070381	28.17365778	28.6055056	28.16523782	27.58964994	28.81737753	29.02514589	28.16241423	28.38422487	26.68661007	28.59938949	26.70279117	29.11138491	27.83328839	29.07688557	26.81054668	28.28360671	28.01775638	27.53226614	28.61363722	28.095936	27.95997797	28.34550319	29.16977159	27.66194813	28.52117864	28.31280079	27.90770625	28.05836119	28.51791773	28.09564325	28.52837333	28.55465319	26.94817448	27.87627478	28.02071914	28.49900996	28.08085121	28.61581024	28.15146901	27.72430825	28.60886158	28.15028736	29.42228588	28.9466	28.67474875	27.84731677
P-OCTOPAMINE_RP	26.08250299	25.23951389	24.27231877	27.09861124	25.91910529	28.25317713	26.63881074	25.56503893	25.30451327	24.54062312	23.72449949	25.89818539	24.91700791	24.26665029	25.79486735	30.31463822	25.45414694	25.20537895	26.01752824	30.17097141	25.43614628	29.67943974	25.9263568	27.98429511	29.63542566	25.88191768	23.90360197	26.3539037	26.41933199	25.98824811	29.27340396	25.8113326	26.35137102	26.04574	25.86115893	25.57724022	29.67050493	24.34478233	24.1210389	29.66206691	25.56302807	25.57646322	24.32256652	25.42785159	25.29160373	24.68116801	26.59523798	25.86571182	23.66508074	24.40621335	29.7962293	26.32268655	24.45727281	25.43355625
Panthenol_RP	21.22465804	22.15531215	23.79739222	20.96607968	22.21541019	21.65693141	17.053054	21.04039184	22.71013	20.86592052	22.45891836	23.07621377	21.5812977	21.12002197	20.65014762	22.15281194	21.88846662	22.29580316	21.92059308	21.41051409	17.20670014	21.92781056	21.44132386	19.49940818	21.91801701	20.33732767	21.60315377	17.42687701	18.26106346	20.80971987	19.65643611	22.1792478	17.39068116	21.1304795	21.60362212	20.55974037	21.25925447	20.9484147	20.5694124	21.86171756	23.72053665	20.40277163	21.51763236	24.00019326	21.30941334	20.84303089	20.53530548	21.37155631	23.82121624	20.67400585	21.32237602	23.26251147	21.08495864	20.63648293
Paracetamol_RP	23.29082449	23.40030832	22.64892011	22.73761173	24.52649131	23.91205936	21.2644915	23.41377235	24.26864938	22.67984578	22.50306414	23.51655736	24.19617117	23.87450768	24.43846571	24.23823827	25.47967931	24.00913888	24.03160839	21.26416183	20.96810684	24.38041137	25.14895545	23.36281929	22.6178545	22.82664156	23.68557903	23.29301848	21.94223847	22.56205112	23.40498704	22.08974501	21.57198561	22.83046269	23.55237936	22.41531928	20.67977398	22.9706396	22.52657538	23.53470477	23.63932535	22.7328219	23.28724732	23.1229104	21.61187919	24.17298924	22.1933778	23.09364593	22.7803681	23.232818	25.04786478	23.50299126	23.05650634	22.40235159
Pentaethylene glycol_RP	25.15003059	26.34569891	26.04760604	25.31953668	14.86940814	27.01706119	28.3457012	26.14709084	26.27633994	15.80971255	25.26129116	26.93355457	15.17441647	15.3064984	26.17053529	25.48170118	27.55608857	16.52862217	26.17167247	25.62679681	26.73728034	27.37880989	25.60712957	26.22222624	25.75119471	25.57931893	26.3474017	27.33271896	26.49578329	15.9463477	27.51292534	26.41832858	27.75887794	26.70543859	14.85244703	26.15931385	26.30306342	26.37973724	26.3687446	26.52816553	14.77194229	25.67051607	26.63164114	26.05863122	17.11890962	16.87966091	25.57596271	26.51136751	26.7572901	15.59608868	26.42536123	27.46643391	26.382745	25.9163378
Phenacetin_RP	20.254063	23.91213814	22.77348797	21.12833901	22.34099437	21.93345633	27.07082948	23.17732717	20.30800971	21.26934632	21.24198867	24.27863978	20.39102527	20.29165028	21.6245384	19.85837617	24.98708437	20.63043586	20.92569531	20.41212966	21.77778395	21.73905909	21.82059638	22.61635062	20.23336187	22.19746026	20.57925136	23.40949874	22.82948926	22.99811508	22.71267595	23.1736081	22.96130089	23.27739224	22.47013478	22.29104425	20.92537288	22.9336961	22.50478586	19.93012663	22.44427672	20.84496662	20.17528412	22.34502774	22.34863266	20.37891778	21.13911992	22.00193611	22.17724656	22.06167916	20.35423038	22.07435483	22.97231431	22.59138197
Phenylalanine_RP	31.36056278	30.70819566	31.65909615	32.3872055	31.12040056	30.63609505	32.26939981	31.37319133	30.8917463	31.63393602	31.28990351	31.25058223	31.07028643	31.48604021	31.56336891	31.74866968	31.0348859	30.8615192	31.28327345	31.80639808	31.85737683	31.16682853	31.20150007	30.78820921	31.67619583	31.13624468	31.44218677	32.1329514	33.29231407	32.3815847	32.2010261	32.31040775	32.25355908	32.3407644	31.21273199	31.30066729	32.14586904	31.35778621	31.04364072	31.01657706	30.85129557	30.98968794	30.65005157	31.12325245	31.77667092	31.34565672	32.08129985	31.24648613	32.33425156	31.41615899	31.39381419	32.81148875	31.48448194	31.07741827
"Phytosphingosine (not validated, isomer of 1696)_RP"	25.33504572	23.76066423	25.27922893	24.21080444	23.82830261	24.02717204	25.2015613	25.46775277	24.47843226	25.87082094	25.25682606	23.9429847	24.42474366	25.48167766	25.37926014	24.80509274	23.96766754	24.65243985	24.03456952	25.86726745	25.073369	24.77516331	24.29752127	24.62844394	25.80009576	24.15460131	25.10534771	24.79291521	25.79796769	25.96086336	25.05570893	25.04928147	25.90753889	25.62756467	24.07080251	24.89366366	23.99921254	25.37926014	24.83493168	24.3685684	24.15682759	24.22925567	24.71589392	24.94227399	24.93909018	24.19536154	23.87385678	24.03955861	25.16479656	25.68120655	25.00219498	25.77653529	25.02130425	26.12488823
Piperidine_RP	30.5283779	29.90160913	30.85156456	31.55768298	30.21363428	29.77276813	31.47916908	30.51997878	30.04721709	30.74954471	30.4869624	30.40547685	30.08048829	30.54636357	30.79879987	30.74491128	30.29455661	29.83950102	30.48805342	30.98453109	30.76715098	30.26042375	30.45325099	30.08980996	30.81275979	30.31544397	30.58132461	31.38747242	31.33870069	30.70831813	31.42926615	30.25868634	31.50861166	31.17407523	30.72044044	30.66987888	31.35039948	30.63598588	30.33911108	30.15872172	30.0742155	30.6835214	29.80047963	30.38667825	30.4126456	30.57954277	31.33779806	30.81226388	30.81105513	30.68929584	30.35735013	31.55193129	30.77117673	30.27940822
Prolinamide_RP	23.88854756	21.96592642	23.8703931	20.27760606	22.3551524	19.26029707	25.24206048	24.61579434	20.43630455	23.15265739	24.06214007	23.51831325	19.65237253	19.27059196	24.73155038	18.40006843	16.81417405	18.98587369	20.40036784	24.15141259	25.41636471	18.24527741	22.11630511	24.50311858	23.31670531	23.12480247	19.92962501	23.96840716	24.82723659	25.46775823	26.06772087	25.19736818	24.62089653	26.13534305	22.24797816	24.33232074	25.57014064	24.81950676	23.7519962	19.36657456	23.60607558	24.53449874	19.83427123	23.83823026	25.92718278	20.52208303	20.30808557	22.08261184	25.77221581	24.13468999	17.99408547	24.89259333	23.7264986	23.97524667
Proline_RP	32.52140895	32.2990851	32.93649335	31.50455565	32.65874216	31.25758826	33.65356945	32.61591273	31.72054842	32.2652807	32.05508401	33.20648732	31.3852501	31.11059464	32.60426706	30.79544194	32.58615751	31.08769629	32.29819494	33.21933465	32.26532768	30.9873951	32.64479804	33.44808437	32.61205202	33.01309709	31.2286427	32.93171132	32.96090857	32.66084205	33.39931138	32.40709929	33.12388877	32.54638823	32.69252587	32.49818866	31.6164347	32.47152939	32.68147399	31.16367397	33.0224861	33.10341692	31.40861375	32.58089603	32.12381458	31.92942918	31.41634775	32.62696686	32.26493218	32.85445924	30.89379547	33.26528314	32.89134171	32.8240602
Propionic acid_RP	28.73420388	29.466771	29.7841086	25.35383923	29.61535974	28.60744135	31.67828076	27.49789107	28.21392023	31.01837492	29.99306234	28.97821711	28.31270844	27.94213261	27.49478874	27.56406731	28.05152494	27.0910197	28.45758407	28.70351805	31.26266191	28.75375691	29.80176341	28.87300197	27.7928405	29.97279552	27.86861121	29.6340908	32.97558297	27.90069614	30.10129495	29.92856059	30.90494295	27.84190804	26.30939445	29.30285347	27.35754493	27.81620763	29.47022551	28.42042401	29.47482643	26.99600308	28.83144565	32.38607521	30.53223083	28.94007298	27.44661009	26.24489203	31.30754293	28.73667866	26.85899339	27.64627909	29.00991263	29.33619028
Propionylcarnitine_RP	25.38320291	22.96819378	21.22043439	22.93210053	23.53451754	24.01012736	20.26795302	21.40994696	24.29335223	26.07362285	25.74843717	22.59915721	25.03109776	23.70557111	21.39289641	25.72212022	23.24500993	24.5521394	22.75866597	25.73808789	23.23926787	24.28720409	22.36774925	22.17686442	25.21542224	21.94165038	24.24345885	21.18511743	13.61365461	21.99553729	16.00469231	21.74739888	21.29552929	22.307558	23.75729519	20.77592721	23.75881205	21.42487337	21.81267101	23.97137417	23.49026237	21.91009991	24.32121657	21.83733676	24.767299	24.66758235	22.49022243	23.42830873	28.43691468	21.77094656	24.2066458	23.36225538	21.890598	21.37433353
Prosulfocarb_RP	NA	23.33040325	22.32841121	14.27375724	17.86079072	24.89476565	NA	15.5090954	NA	15.22468019	15.16717471	25.03315072	15.30281513	NA	22.78120682	24.08566646	25.31130661	19.68944584	18.55016199	24.99702742	24.42799416	15.35933064	16.47565621	22.7665209	24.67378705	15.36133974	22.00664809	24.95813283	24.81164677	NA	25.37926014	NA	NA	24.31821123	23.97662136	23.16092726	24.70854844	NA	23.16861155	24.43570134	NA	14.56328542	NA	17.26888205	NA	NA	22.71979107	24.0734444	NA	15.0197196	23.48809563	24.98251953	18.89468867	NA
Pterosin A_RP	23.73747117	22.62126701	24.0509849	23.61799164	23.35709073	23.90235166	17.69363404	23.93264037	24.29415367	23.67990321	23.43750299	23.31863561	24.71167732	24.61046041	23.61795833	24.0200818	23.67771964	24.77000982	23.84025121	24.29978777	23.91505531	24.71725128	24.29426755	22.7766613	19.86368042	24.176152	24.34767104	15.57697179	18.99108424	23.42956438	18.54777822	23.86428065	18.61742632	22.98066124	23.66121079	22.69896347	17.95075159	23.69595769	22.61369646	23.81062641	23.5969239	24.09162916	24.44708836	24.35738903	23.22335468	24.86808724	23.24743479	23.49514806	24.10441147	23.85576777	24.23330209	23.39932225	23.18816756	22.90629001
PYRIDOXINE_RP	23.57342214	23.54610851	24.57960543	22.21812121	24.02039496	22.36044401	21.68873665	23.25589635	22.33726782	24.1425103	23.37983466	24.08239836	22.46577476	22.586274	23.31965369	22.86597503	23.81070458	23.20358112	23.87626675	23.78430648	24.17381394	23.3017457	23.85079462	23.73690163	23.64625664	24.28320857	22.52851649	24.16947453	25.57348809	22.86844405	24.78041376	23.52828644	20.7056352	23.09422866	22.28271064	23.54842133	22.53760208	23.41571189	23.71168712	22.57030083	23.92073176	22.32990381	22.45523078	24.74840656	23.80572373	22.84603831	22.00877111	22.44653192	24.46207124	23.62252571	22.40610135	23.6058004	24.00752433	23.56600088
Pyruvic acid_RP	18.12627156	25.51765942	22.15908243	27.7726949	24.98864957	26.72864614	24.38464696	22.99456537	27.28037607	15.65741447	16.59109096	25.37926014	27.45033599	28.43845821	22.40092754	28.78951728	26.53522373	27.72480371	26.68849343	21.22428803	22.49523747	28.67134682	26.79603834	22.37925744	18.83549755	25.84159134	28.47422369	22.20766722	21.90945626	22.18492012	22.86158393	19.40896871	23.3699147	21.24563377	26.03828222	22.07537598	27.97605263	22.78390478	22.93245085	28.20615658	24.30390285	26.12195102	27.14148421	19.68471743	23.52202999	27.63449315	27.47658616	25.68276016	23.09803209	22.70110085	28.54139993	23.71040698	22.89757343	22.30939361
S-Adenosyl-L-homocysteine_RP	23.78701439	24.28442792	24.51285732	23.89842746	25.17267384	22.58360567	24.89182586	24.872387	23.52994034	23.55200507	23.3864579	24.77886394	23.00066933	22.87555472	24.79215022	21.65246905	24.94158898	22.62797286	25.26357826	23.93326852	24.21255056	22.60839588	24.84448116	24.66601854	23.26100803	24.82523267	22.87489201	24.44989012	24.29333498	24.77465592	24.83484042	24.54024837	25.06754661	24.92141059	25.03438012	24.95932132	23.63913856	24.78194705	24.27896338	22.64983663	24.72155255	25.06945761	23.01889466	24.33374078	24.62991745	24.04315097	23.42935566	24.92034214	24.39812752	24.83210378	22.40796634	25.64973946	24.95743362	24.6752938
S-Lactoylglutathione_RP	17.78452399	25.48000262	26.53583563	24.81394932	26.07846619	25.18319196	27.7419362	25.86929934	25.54851431	17.00549488	14.65889746	26.75094364	25.1416885	25.26644349	25.14794773	17.88609075	25.91109354	25.21017135	25.8011199	21.92573974	25.42428639	25.917033	25.37926014	26.17416282	15.92056599	26.44368127	25.03472523	24.47297102	26.55739574	25.40808797	28.10976081	25.25794898	28.20116572	24.60747068	25.08834689	25.77618729	25.9605896	25.71344504	25.89014374	25.09030223	25.74771222	25.28420094	25.64628209	25.37934158	24.5087536	25.19609156	24.07420305	24.78915618	18.40494756	26.80382392	25.13963257	25.97632204	26.55726457	25.86577432
SARCOSINE_RP	30.88571798	30.7072081	31.39688274	30.39345558	31.22957477	30.03017274	29.96204554	31.18472019	29.96138246	30.61494857	30.62463357	31.65042515	30.27058352	29.44280715	31.29645665	29.57147565	30.43808942	29.88032828	30.29872747	31.47110001	30.86306309	29.3894334	30.79135794	31.18070236	30.95601922	31.10276391	29.46658877	31.63392532	30.46203309	31.12023904	31.90778178	30.66936591	31.89948611	31.2923165	31.13859228	31.23831794	30.16926338	31.07045748	31.03602058	29.1231233	31.41813612	31.01404265	29.69798711	31.07120029	30.83159476	30.57034588	30.29165556	30.96709465	31.03562226	31.08090137	29.35421726	31.89201054	31.09518707	31.06257554
Serine_RP	25.01648773	24.68960618	25.59483808	25.29537571	25.69910705	26.60618481	28.01731056	26.47570903	24.39321092	26.18965484	25.49222732	26.03865204	24.10069884	25.10921996	26.62527915	26.38623983	27.69145841	25.77141038	25.41606485	27.24655969	25.07894847	26.43238767	25.70156585	25.73519468	25.56187812	25.90622787	25.04182606	26.1692774	25.56784708	25.10215131	23.69794229	25.01799171	27.0409321	26.07657406	25.32080413	26.16224925	26.80098145	26.1901136	25.37926014	26.47351951	25.20493368	24.99786226	24.25676674	25.01587696	25.34066765	24.609497	26.14955044	26.47749753	24.75439115	25.23054259	26.73108249	27.6352194	25.372827	24.98398051
sn-Glycero-3-phosphocholine	32.45823734	32.61571884	32.90440337	32.66739877	33.05130665	33.44629067	32.39498703	32.48182435	33.23512477	32.00182113	32.20737633	32.92075899	33.20761793	33.23331199	32.39591822	32.98110924	33.53482977	33.22702239	32.41199709	32.89001699	31.82960161	32.43236869	32.97825065	32.5400313	32.28699911	32.43368449	32.93519327	32.21582052	31.86182916	32.2337136	32.60125483	32.08982478	32.68050636	32.31080869	32.6208153	32.00376058	32.86248746	32.27937994	32.23225655	33.04866887	32.58496753	32.29118062	32.99139627	32.41017707	32.18509572	32.91303066	32.37450694	32.56642866	31.81623069	32.43760661	33.45443214	33.00923272	31.93299718	32.12512474
Spermidine	29.05933879	26.59423767	28.8913038	28.48887766	28.32692412	29.3705995	28.70781374	28.75405679	28.93162546	29.6636186	28.74060542	28.40015692	28.64691721	28.17674902	29.06576307	28.61075626	27.67793954	28.57825706	27.67798139	29.49554533	28.56473044	28.14698727	28.5414479	28.53836481	28.97148975	28.70412377	28.42019664	29.460197	29.44062613	28.35403877	29.66472514	28.25074309	29.98525764	28.48075065	27.83233551	28.80710179	28.64269302	28.60056188	29.05557909	28.0793118	28.50398837	27.78366873	27.90895769	28.62512289	28.6390246	28.59934905	28.64330098	27.68742482	29.27436588	28.9022401	28.28351411	29.14004679	28.97066671	28.68958435
Terbutaline	22.56931095	22.49934618	23.22964595	22.75194447	23.53983709	17.1204076	18.10787129	22.65848086	23.87382235	23.46262417	22.31389422	16.23702691	23.17077372	23.18272734	22.50997761	23.28510733	17.1337973	23.82945537	23.01768751	21.22978702	22.87665312	23.00130023	23.16773319	21.65425493	22.35850881	22.89795965	23.04619628	21.08201201	15.90975091	22.56204754	20.68747316	23.25343194	21.76822779	22.53738057	22.33922085	22.02709702	14.28328845	22.49447741	22.30879991	22.71890059	22.93879584	22.39232224	23.06639598	23.64097548	22.21183619	23.75646716	22.11081793	22.13736686	22.94359823	22.38988881	23.13580052	22.8448139	22.79722804	22.18146674
"Threonylleucine (isomer of 809, 926)"	23.62533609	19.70489921	24.45586313	23.19503854	20.25509877	21.05991495	22.38092713	24.08456565	20.68432425	23.94776044	22.93259061	22.24816178	24.66955813	21.35655097	24.73941657	21.80797034	21.5645269	21.22191066	20.59218078	23.49578286	23.51118637	22.08953577	21.12952383	22.5988244	23.74219843	21.07771274	21.56717613	25.37926014	24.6754276	24.0275411	25.37647068	23.37206632	25.13065515	23.62228024	22.31834749	23.40009454	23.11406515	23.93896781	23.42704701	21.13867642	20.51455542	20.18243665	20.47956695	23.93018052	23.09012437	20.97818054	22.33630324	22.40208667	23.02805001	23.70472781	22.40185232	24.32588712	24.07038263	23.36359006
Tri(butoxyethyl)phosphate	15.92540513	24.80444893	24.59333825	22.62889247	20.12686504	26.28632343	17.47613113	22.83422252	22.54681919	17.51151295	16.4148061	25.60479193	22.26868261	22.62969218	24.69098971	25.77273946	25.79334894	24.17352263	22.66543198	16.47972393	24.94407853	26.54905445	21.57457686	24.37882303	26.84293138	22.61726944	24.77761793	26.23467243	15.44848807	21.55193652	16.37340046	15.41298474	17.3864353	25.17416065	25.04952291	24.67151795	25.50493548	23.05484926	24.54127167	26.39221089	19.05724242	22.14824485	22.81230285	16.97680518	21.00334372	16.71671243	24.86730928	26.24736528	20.09419398	23.05171309	25.53507379	25.59690704	21.85874915	21.95455638
Triacetin	23.66764755	24.54511428	24.43693667	23.86423813	25.44588153	24.65123368	22.18585149	24.09827647	24.88773576	23.93537174	24.75678492	20.92018264	24.70473888	24.76525	23.45900561	24.4960225	21.2247391	25.21101575	24.3073987	20.86793199	23.87705494	24.81297885	25.029477	24.51476427	23.48264534	24.53342002	24.67857073	20.53083814	20.71791071	23.8459252	20.99495436	24.13044364	21.30935193	23.51841896	24.37860907	24.31264892	20.73679632	23.87188628	24.13697558	24.60012669	25.82886871	24.32660454	24.78330956	24.64070398	24.96316374	25.44870896	23.81399487	23.9850088	24.65991855	24.11351408	24.49942638	23.74351027	23.96635182	24.54367987
Tris(1-chloro-2-propyl)phosphate	24.09145743	24.67168212	24.58920914	24.25014175	24.74331953	25.0361541	18.5125953	24.24861049	24.69020141	24.35077191	24.16494669	25.02667527	24.68805332	24.85918561	24.49955733	24.95843413	25.21919252	25.20988122	24.57371745	24.99424286	24.41162442	16.82047381	25.23355241	24.36485669	24.5444628	24.52686311	24.89021556	25.0093648	24.99124988	24.00631172	25.5412431	24.23291661	15.92772473	24.48870215	24.43879649	24.31825725	24.85536312	23.98011594	24.31122541	24.82053195	24.75698572	24.33417181	24.82297226	24.31707175	24.29799394	24.77527027	24.33609288	24.58261992	24.34712209	24.38741046	25.09395197	24.97684043	24.30353253	23.91496398
Tyramine	23.97615514	23.8064762	24.44871534	22.82891297	24.21573944	21.40860134	22.71014124	23.3931392	21.58244089	25.01588187	24.25516112	24.73194468	21.86148908	21.93630213	23.37696626	21.1246503	21.75148525	21.69964274	22.95192825	21.08678789	20.55998225	20.39130188	24.35849164	23.14137577	24.24242016	24.26657554	22.3089946	20.93435234	25.92281049	23.23398196	21.84254974	23.96582612	25.35200091	23.47714862	22.13952858	23.90470584	22.26952365	23.24828965	23.6044556	19.9240649	24.02582049	22.41908113	21.59999049	24.54195892	24.31436643	22.1752172	22.87778036	23.01737774	24.6913823	23.0752584	19.7809268	24.20826574	23.02373611	23.69143858
Tyrosine	22.81356424	25.09291324	25.68066236	25.64460349	25.76096799	23.55840694	22.96739828	25.90320727	24.92398965	23.58263181	23.58984359	25.19150725	24.89412526	24.75778011	25.79067822	22.41590175	25.73769774	24.65653412	25.64245932	24.14035169	25.38826692	24.28477106	25.48551702	26.15289572	23.15573667	25.10293367	25.33674138	23.75166177	26.92330373	25.73208686	22.44494775	27.28238585	25.75627995	25.68462404	26.91382714	26.87720209	25.61836324	25.63001369	26.23602705	24.67589898	25.54721784	25.68407499	25.5913574	25.61584384	27.28917179	26.26951369	25.75468431	26.7257361	25.40956706	25.37926014	24.04645216	26.30806359	25.31745654	26.07787033
Uracil	28.82792853	24.95953802	29.14491594	26.93664785	22.70312965	25.76768509	26.0647042	28.89840539	26.23743301	28.33945943	28.07848366	26.73175367	25.42409886	26.3813438	29.0186153	27.27086036	25.18384377	25.63840723	25.34739356	29.02790936	27.67285444	26.05238607	22.81018211	28.44127519	28.38618544	26.88212432	25.90341992	28.83039916	27.98460376	28.52445055	29.58094359	28.09060052	29.33239595	28.45697481	26.76905094	28.15628698	27.10223936	28.81223429	28.63321935	26.54313623	22.88007646	26.24081549	25.9131908	28.64514627	28.00045709	24.20637121	26.47203601	27.97652291	28.25560557	28.96157231	26.29896432	28.91466462	29.12302079	28.43340918
Uracil; CE10; ISAKRJDGNUQOIC-UHFFFAOYSA-N	27.16057205	25.35291062	27.29895328	25.27694864	25.92835995	24.39727586	23.5038188	27.06118035	25.46871824	26.85618836	26.43173904	26.39024203	24.25177744	25.56226683	27.58521357	25.83541777	23.23201439	24.15297862	25.07637428	27.56825682	26.80330136	24.84084196	25.28935275	27.05322653	26.97897513	25.91923907	24.84625654	27.45452732	27.38916545	27.35390565	28.0622693	26.79754038	27.7057483	27.15251442	25.98424506	26.90975119	25.75918006	27.4468673	27.21099811	24.96223794	26.00771104	24.90223989	24.44477696	27.30831501	26.93387798	24.76241189	25.11264151	26.73388805	27.09601742	27.66611314	25.09583534	27.9626761	26.97735205	26.64086386
uridine	25.83085171	25.60629175	25.40275878	24.43757839	24.69399417	25.62990794	26.87619168	24.73731442	24.16465649	28.49107246	25.61878846	25.14456921	24.56078705	25.29280785	24.76133518	25.908018	25.75736365	26.3173665	24.55653005	25.48291235	25.01322334	25.64391462	25.19639858	23.8739218	25.39951818	24.54439034	25.26514445	25.28445434	25.24654484	24.87461896	25.56629861	25.29982818	25.6293403	24.98701118	24.37269439	25.32587273	25.15052653	24.62759607	24.85683955	26.19201198	23.86480525	23.84842205	24.51931031	25.60242733	25.47340762	24.77509797	24.28629779	25.19322972	26.35852107	25.01307791	25.2215063	25.37926014	24.41683255	24.1104962
Urocanic acid	26.03177189	26.40860975	26.44234712	26.19940417	26.67321842	26.71088257	28.43990115	26.15070802	26.62395828	26.28457368	26.0350217	26.77143705	25.94473508	26.7202881	26.22433127	26.97162225	26.89960706	26.91060236	26.37133282	26.74091678	26.41417547	27.07698181	26.9532938	26.13875667	26.45610303	26.50321026	26.70213914	26.77204396	26.83975963	26.01291154	27.45086323	25.82725124	27.06143239	25.9417615	26.37988573	26.103181	26.65273287	25.94344719	26.11883446	26.83193919	26.3851062	26.18500276	26.53402349	26.15482418	26.44956469	26.60960749	26.14088727	26.54877665	26.02780619	26.22925593	26.78705296	26.95749459	26.03272196	25.89885226
Valerophenone	24.94670544	25.49997598	24.05126921	24.73691116	22.69830795	24.06736449	24.53433934	24.10374381	24.93467554	25.37926014	24.26967732	23.76396156	25.51165611	25.28328791	24.14706688	25.34253432	20.32245553	26.07649369	24.99419794	22.01883661	20.89138194	20.65826682	25.24541416	24.68857511	25.77701303	24.29556385	25.69585184	21.13284923	20.64838061	24.47908719	19.56253602	22.54580907	20.38598838	20.79369732	24.56911218	24.13266869	19.50252504	24.25159911	23.84220327	26.47084213	24.72491135	24.70559795	25.13743454	24.31904323	24.64252502	25.3295718	25.01076045	25.12335302	24.3296696	24.41093359	24.86137076	21.14388155	24.72626139	24.27507624
Vesamicol	26.26308149	19.83381594	24.39710187	22.39874741	21.13434459	22.1798515	23.61911226	24.4212189	20.28566511	26.85217194	26.25632672	21.41554076	19.55296754	19.97131481	24.04506517	20.16685704	22.39459017	20.29951938	22.90896663	26.36708493	25.38041597	23.03541651	19.77772933	23.20882985	26.20842852	21.35454197	21.02866895	26.19538161	26.5529294	24.38850577	26.30564849	24.00979504	26.40292135	25.59232571	21.71140534	24.08249149	23.66280627	24.38776799	24.11005869	20.79990829	23.85585396	23.34443024	20.03338684	26.16699871	25.81786417	23.17403756	23.74169768	21.04867938	26.10921057	23.97252194	23.04168906	26.14926188	26.56138406	23.9310526
Xanthine	29.511385	26.45483427	29.2054292	29.39294255	26.82680955	27.0064874	26.30091577	28.89551828	27.84282952	28.92323764	28.57372385	27.53143986	27.53164151	29.1624222	29.00408913	29.51345779	24.89445616	27.07039798	26.43130287	29.80231624	27.75065718	28.59303125	26.63124648	28.30623114	29.15755685	27.29870847	28.83411019	28.83010245	28.22889788	28.51346427	29.65310575	28.10950905	29.38066709	28.55517503	27.30167857	28.23869125	29.47471729	28.87815698	28.74303579	28.89251135	26.18306583	27.28969288	27.31822393	28.66163708	28.29734613	27.73168429	28.92367321	28.52825019	28.48459233	29.08086813	28.66035008	28.95805652	29.03727998	28.31250999
Xanthyletin	17.5464103	25.68922418	24.7890438	26.04301483	26.46531077	25.76219244	26.3871013	25.02277967	25.90990447	NA	NA	25.79332043	25.85590421	26.27606425	25.43099442	22.68017771	25.98478928	25.47289515	25.2374193	17.04588255	23.75796695	26.08518833	26.01635225	24.92000479	17.98087167	25.61852319	25.81729526	25.33035033	24.56002793	24.25823347	21.19693191	24.16182055	21.17669885	24.12918997	26.23612362	24.72244109	26.11196215	25.17303632	24.72081531	26.0541856	26.04659594	25.80429145	25.69644207	24.80717595	21.66853302	26.43113822	25.91327473	25.75760818	16.6992489	24.41029455	26.4046844	24.65146977	25.04519014	25.03755883
XYLITOL	24.97257171	25.5708007	25.36079067	25.84814701	26.32678557	25.67909785	26.39416476	24.95702904	26.11710378	25.00233093	25.08971872	26.33660087	26.47015738	26.45739128	24.93282984	26.65743393	26.39049306	26.56755551	26.18261387	25.33909866	24.52229232	26.17887254	26.87623724	25.37926014	24.83135644	26.13075377	26.56618001	23.76880932	23.9754533	25.04360689	24.91457574	25.02602679	22.57777677	23.90575425	26.11104273	25.34093141	25.43963623	24.98896949	25.41472592	25.83476594	26.22949514	25.67708707	25.86414674	25.43976094	23.50288003	26.02227458	25.61362811	25.37926014	25.18792897	25.28618995	26.80254669	24.40253715	25.20247269	25.01905319
(R)-2-hydroxystearic acid_RN	24.81609018	24.39527933	24.5954961	24.7884346	23.89058896	21.56618857	22.98585766	23.77475965	25.37198447	24.55849361	24.0227209	23.80873212	25.44322237	25.23371343	21.58630112	24.30170273	24.15124404	24.88862298	24.38494211	20.41339376	23.82515794	21.48516555	24.48982197	23.81448187	23.7390017	24.54073926	24.44235794	23.89609646	23.21973241	23.25524063	23.43220451	23.11508671	23.12882804	20.57126627	24.62162081	23.98942626	23.41162628	23.97882916	24.67288607	25.18674096	24.27352341	24.82507539	25.39520577	23.88449172	24.36867627	25.21545142	24.11488242	24.3979245	24.13745199	24.46740427	24.90334301	23.0979691	24.5879638	24.21193936
(S)-MALATE_RN	26.00695238	28.17279431	28.12210942	26.82744627	28.53318801	28.41906537	28.28159863	28.06417875	27.50804551	25.39095649	25.6035096	27.70454768	27.22257274	26.48092839	28.3466132	24.11874851	28.31884415	27.46380444	28.65816917	25.30419468	27.4870371	26.41387157	28.75762542	27.97292952	25.71183106	27.60980034	26.57889888	28.17155919	27.52535554	27.68737345	27.98022332	27.21835951	27.96714298	27.64357402	27.62458722	27.65381089	26.83356991	28.0972514	28.45914929	26.69996966	28.23270281	26.51297412	27.06844187	28.13226507	27.57048886	26.94817126	26.43255085	27.80974183	27.53698509	28.45331711	27.2414823	27.81290924	28.25540875	28.31620837
2-Isopropylmalic acid_RN	23.35512586	27.34213242	26.06517482	27.66416445	26.26450122	28.01498415	26.49688279	26.68857213	27.37060586	26.93358691	23.62386899	26.90838176	28.20560927	27.43354519	27.49409981	27.79491579	25.40786989	28.24988401	26.11478738	27.56656015	26.33925403	28.15871018	27.83959094	25.45927492	27.62149653	26.43729433	28.09688813	26.74482031	26.86373293	28.69369925	27.32423699	25.39721214	26.96404331	26.13320915	26.99026463	25.22221507	27.13435197	27.28237543	26.86965461	27.60761466	25.78135806	28.2945024	27.76468889	25.72205119	24.67712031	28.21053206	27.69308133	26.71647893	26.87059708	26.94694171	27.74727571	27.31992997	26.78930414	25.52592092
2-Naphthalenesulfonic acid_RN	23.66751911	24.94145247	23.67985988	23.76387473	24.93598957	23.10525241	23.45301837	23.14058134	25.50755814	23.65098813	24.06206095	24.29439519	23.03877945	23.61993337	23.43238883	22.7258047	20.87060451	23.85197003	24.10403756	20.86781754	19.85016281	22.29191077	24.48795199	20.74774712	23.9338981	22.77766956	23.53358167	21.7386083	21.35447866	22.47754416	21.44773832	22.58433549	23.82578555	22.47332395	23.46200429	20.60962441	20.30829665	23.1625035	23.78109135	23.74048969	24.20552732	22.81987694	22.47195276	24.00042533	23.08258829	23.59619797	23.17846773	23.67867527	24.06012852	23.11264841	23.57543929	24.09131399	23.91974345	23.59787607
2'-Adenylic acid_RN	23.20954101	22.25139182	19.45218918	22.74292389	21.90469839	24.20616739	22.68597973	18.79058758	22.84976341	23.58179098	23.43820941	21.39069167	24.17184193	24.19820637	20.02403454	25.31585574	22.31267996	23.89432502	22.89008106	23.01657378	19.83884774	23.64576385	22.79971922	18.99524432	23.4735805	21.08785143	24.648243	18.27199167	20.6648617	19.41714547	17.50423461	18.68976792	19.05187285	19.49267489	22.60092293	19.57056845	22.50056837	19.27308308	19.54476633	24.04534885	21.17538583	22.41535605	23.25008117	19.81390905	20.20552746	23.69349616	22.49027619	22.15300329	23.24459986	19.18777981	23.46719938	20.30340776	19.79919406	19.39750352
3-HYDROXYBUTANOIC ACID_RN	26.71096321	25.83215929	25.74901063	25.96433321	26.66071522	27.03242378	25.84748296	25.93415362	26.8175794	26.08847932	26.58224233	25.99601739	27.48898882	26.76572877	26.37932811	27.17098363	26.96226318	27.18032327	26.93344447	26.27422158	27.48517299	26.96787448	26.4056312	25.15448516	26.26794372	26.04198496	26.3651626	26.27483901	25.99857443	26.41598722	26.50306606	26.48864502	26.53471075	27.48707098	26.92509058	25.55601649	25.85981635	26.26024506	26.08798735	26.32410335	26.56910089	26.11337651	26.7856988	25.57010017	27.1100788	27.72758947	26.0202982	26.51935145	28.00057417	26.01499065	26.99873075	27.79673939	26.17573858	25.87026834
3-Phenyllactic acid_RN	17.7156877	23.98358058	23.96071737	25.13115587	19.0278898	25.02116623	25.00339302	24.75072863	18.06619193	18.17182843	18.28369982	23.6145682	19.76708717	19.97304687	25.02730215	25.57459775	25.58698789	25.47345229	20.09059506	21.54178128	24.08218699	25.79110297	20.42775448	22.64176352	21.19084821	19.0250325	25.46796242	24.14700315	25.12803001	20.06447327	24.95787908	23.38132838	24.42958746	24.64767884	24.33780029	22.96141515	25.33081352	24.65112652	24.62355584	25.39208557	23.46414023	17.16254744	18.52149057	17.99288022	19.01279346	18.55676556	25.08860451	24.60546186	18.86980486	19.44041644	25.82000671	25.04736106	17.58506036	23.8270169
"3',5'-Cyclic AMP_RN"	25.61552284	27.57683689	26.7624304	26.30451783	22.81801035	27.36188795	27.99374821	26.0136968	26.95814251	27.44929179	27.75795647	27.13704539	25.02030142	27.18202227	26.52567512	27.86959686	26.7394318	27.38337613	28.56374338	26.86929249	26.77653389	27.42756713	24.49799702	26.4681829	27.08859658	23.15073544	27.26267331	26.50835608	26.75276603	26.21221594	26.68162658	25.78911757	26.45368559	26.47290748	27.62298979	26.37808673	26.4004767	26.72090659	26.89542144	26.94839829	26.87342727	27.35367886	24.35699272	26.99658812	27.1340246	27.78805015	26.44322873	27.71567714	24.09189913	25.18316919	27.17687453	27.0202508	27.01121261	24.06871085
5'-Deoxy-5'-Methylthioadenosine_RN	14.61604064	24.16827732	22.22719825	15.73723683	14.92834052	23.54740308	24.69088652	12.66485553	13.72020457	14.18825543	16.13573959	23.49106903	16.76090126	15.31157589	22.09729739	23.34507693	22.95993408	23.50370126	18.68876575	22.25654644	23.11002069	23.01592689	18.41569815	22.43251743	22.49704769	17.61672019	23.5287753	22.22540271	22.53661784	16.05799677	22.35675348	15.47482132	22.41657332	22.39084898	23.94679955	22.24312957	21.95854557	22.26914379	22.78905512	22.94812766	15.58177929	16.90534388	15.06868732	14.82299157	15.98880581	16.64507625	22.11238247	24.03567459	16.64018882	14.61664185	23.15578626	22.97481393	14.74545932	22.38556982
6-PHOSPHOGLUCONATE_RN	28.07750614	25.49244197	24.29799711	25.61358134	25.72069344	26.55316588	25.8214295	24.00280622	25.39887173	21.42035556	29.22384656	24.88134805	26.639259	26.25171695	23.99705891	28.11484247	25.46751882	26.33206056	25.34901719	28.09281477	24.60921494	25.41961396	26.18187792	24.97387973	28.60583342	24.94603405	25.85007321	24.47529619	23.97799601	24.16639737	24.56783895	24.63846077	24.21459027	24.02493231	25.15498516	23.5683986	25.31169114	24.25580947	24.29597929	26.0657717	25.48166199	24.32898268	25.93517623	24.79334211	23.88672949	25.99513052	25.419177	24.98227847	25.27396218	24.566108	26.10804411	24.26189229	23.99499102	24.23117396
ADENINE_RN	31.24006983	26.29207681	29.95257162	30.47870639	25.46872106	29.93951013	26.77426393	29.07102757	29.21349287	31.04989194	31.10415469	26.4093077	29.68078712	30.64091317	29.51377898	31.6648296	27.05057475	29.70098055	27.04106148	30.86624456	28.42478291	30.97052265	25.73603362	29.14820109	31.04452887	25.90554114	30.8219559	29.37125694	27.32939383	27.9943749	30.17729871	28.22882187	29.42228659	27.43778642	28.2984918	26.94162423	30.2263533	29.57648673	29.91193191	30.66474911	25.75947178	27.71041492	29.46803465	29.53372487	27.99366865	29.52472614	30.22981493	29.22451728	29.48704658	30.23976575	30.91202179	27.85926811	30.44818599	28.46934588
Adenosine-3-monophosphate_RN	23.37294505	27.42700161	27.02692717	24.05488588	24.45989314	28.46695401	27.02349222	26.74304442	24.59197981	23.81438546	24.54055075	27.64734556	24.63422834	24.86907968	27.21808611	27.17448769	27.83137151	27.87761615	27.20456896	26.54732113	27.1721058	25.59182874	24.76341048	27.06920903	26.7043556	24.61461772	26.00026508	27.39658754	27.30908415	24.7640174	26.83877922	23.88183409	27.50293589	27.10613379	28.40614582	27.00128954	24.09239002	26.80127037	27.46476035	25.52762287	24.82722098	24.75949395	27.59280072	24.54725625	25.04062902	25.03937454	24.55130904	28.08175936	25.22743323	26.65508756	25.30425937	27.73485741	24.33797694	27.17034383
adipic acid_RN	25.66920885	25.79442216	25.15992734	23.98940263	27.73822258	26.11437751	24.94841143	24.79446775	25.85394099	25.84728648	25.29527864	26.26775034	25.31971723	24.28259698	25.37031599	26.80220323	27.41303402	25.60100661	25.02859864	25.25798333	25.66896713	25.00928841	25.61118406	25.97331199	25.47509003	25.29026018	23.97971204	25.19315279	25.43029378	25.60319939	25.05004654	25.09496762	24.42612825	25.72933346	27.29842712	25.36114719	25.14736117	25.10216271	25.54206045	25.01616723	27.51834891	26.88537236	26.03889402	24.99104553	26.89558049	25.58435073	24.29240196	27.30835059	28.5837433	24.59574654	24.44156213	26.56387861	25.06511301	25.48956413
Ala-Ile_RN	20.27878725	20.20047568	23.82535853	23.38723384	14.13509382	21.15250457	19.77740809	23.45832179	20.28147303	21.89316859	20.78341473	20.13478947	20.94782933	21.6608076	23.87809357	20.57767948	19.96971593	20.36713671	20.79196932	20.23264009	22.70377526	21.5985224	20.52347599	20.79815187	21.31401034	20.10906545	21.68820986	24.41594487	23.86144146	23.82261456	23.88868696	22.7223805	23.73033674	23.28626021	21.45994788	22.98400759	22.34336609	23.72870923	23.09061718	21.44863314	15.78643468	20.1039833	20.03398424	23.33330174	21.2187543	20.47150946	22.89510609	22.03483592	21.32930868	23.10308726	21.87637535	22.72895014	23.9916818	22.82857936
alpha-D-(+)-mannose-1-phosphate_RN	23.60677512	28.55508613	27.9177948	27.75606368	28.32848973	29.72371252	28.52097985	27.32148654	28.63062963	22.60329683	23.00260622	28.37409698	29.11995461	28.36584164	27.94916059	27.73548672	29.02933232	29.28785293	28.3274861	25.78383099	27.75915526	28.37475886	25.08197188	27.87698863	25.35977707	27.89603046	28.65926113	27.8311299	26.77366863	27.0923196	28.25666063	26.40154801	27.59096916	27.27408035	29.04700363	26.9311485	27.65235106	23.34548137	27.72142497	28.7167754	28.59298125	23.89532797	28.88018108	27.19131218	22.72195738	28.84364343	27.43521534	28.88463297	22.09092801	23.8156894	28.48317851	28.10016161	23.31398785	27.55499382
Aspartic acid_RN	27.0043766	21.01142539	21.6136991	21.25073673	21.11875536	21.60613159	20.87646565	21.14105019	21.00455759	27.97442324	28.1319257	20.84052479	20.90122938	20.59408828	21.63480478	22.7433267	20.73640796	20.67840871	20.20181757	26.63145882	24.04146506	20.11954321	21.57324409	22.17493837	27.57659859	20.29151133	20.89446165	23.09789992	23.9926538	22.13067146	21.33198604	23.94971587	16.17976107	21.98715331	21.17941206	22.12776188	21.05172376	21.66933082	21.39451909	20.51774339	21.07818881	20.43400731	20.50536556	21.48755511	23.67160898	20.52469368	21.7196505	20.98097657	24.38191695	22.01443772	21.04507501	22.72093114	21.4239125	21.51528772
BETA-GLYCEROPHOSPHATE_RN	24.68337637	26.1567458	27.95669552	26.16344487	25.43035428	26.79900518	25.90066783	26.82194213	25.25213828	24.67314321	24.71120066	27.17550621	25.48240673	25.42646716	27.22046673	25.32528221	26.26009449	25.89384845	24.7629904	25.27672716	26.20470276	25.32010167	25.28131974	25.23545165	25.27662973	26.31446859	25.2379916	27.35250533	26.31699637	26.00416764	27.47830705	24.81940258	27.44353009	26.53173188	27.26220023	26.56747651	25.29891921	27.04066283	26.7241561	24.94551549	26.28042458	28.00693379	25.5377493	26.82651423	26.47127928	24.90855851	26.10637657	27.69013841	25.63996395	25.80481691	24.97912836	26.28044011	27.50786625	26.28705829
Bisphenol S_RN	22.94035526	22.35124632	21.57485056	20.60042484	21.78364938	24.21059597	NA	22.05819413	23.06784993	23.38489857	21.00516207	20.93295253	20.95417055	21.18923498	13.69416882	20.78589608	21.56076962	21.85940332	21.08648321	13.70241098	21.00193241	NA	21.60781831	14.0367146	20.91121329	21.09098707	22.83073422	13.67372629	NA	19.35692727	10.92722619	19.76076668	14.53869542	20.24556484	23.18464717	12.61180469	NA	19.90036863	21.23006221	21.40290133	21.50322127	22.12864737	20.87522115	20.48597093	22.55628614	21.14342929	20.76089033	22.32027409	21.91907643	21.23140937	21.38520649	13.42135624	20.28741459	22.4975309
CITRATE_RN	26.04285265	30.66385018	27.51772959	32.32938636	29.85322555	32.32739959	31.74469917	28.29528145	31.81048194	25.28534518	26.50601452	30.28806638	32.28657663	32.83641726	28.03552947	33.68317341	31.3560136	32.64948972	31.51267539	26.65885423	28.3461839	33.48839528	31.59598718	27.80978083	25.56313742	30.53273899	33.14053298	28.0226468	27.61354518	27.50953432	28.03886651	27.26016971	28.94870061	26.90161667	31.24464705	27.67523406	32.18230977	28.34198399	28.85040818	32.8819184	29.4899659	31.03342398	31.92358027	28.24569408	28.87709795	32.30336789	32.17967881	31.03514141	28.59305341	28.05399475	33.21596724	29.01542994	28.69422627	28.12039185
Citric acid_RN	21.50165013	22.7233598	22.94910185	23.80931748	22.02158283	24.35394739	23.46936044	22.30476568	23.65115618	21.19650453	20.15161503	23.39469207	23.91257225	23.48180771	23.22008941	25.58035048	23.71023382	23.87542154	22.75774676	22.62600932	22.20651811	24.37888358	22.6924856	22.34100764	21.77442038	22.62282858	23.97311228	22.75404809	19.51153034	21.46530228	22.56087235	20.73453932	22.7048791	21.48147477	24.23612835	22.51054686	24.0066614	22.67939582	22.98605575	23.55882316	22.21379605	23.24060982	23.90074779	21.92589252	22.31905707	23.57857878	24.50288684	24.09271288	22.28274018	22.39289677	24.26471962	23.35345056	22.73578492	22.2756934
D-Gluconic acid_RN	25.6366985	22.54993023	20.524253	22.87862598	23.34680219	23.06923507	22.79274246	20.56293409	24.99288254	24.66894493	25.45202189	22.04420738	25.97529868	27.16298386	20.55566558	28.43147045	22.59432544	23.13620623	22.60926891	24.76943573	21.37836821	27.28442348	23.60189588	22.05327585	25.42460703	22.68016796	26.87813418	20.26209092	20.61007586	21.30160786	20.78442922	21.05461426	20.54593756	21.09689839	22.22466973	20.26465795	22.19911558	21.06902704	21.30999528	27.07990296	23.00912959	21.56831433	24.80740086	23.4147128	22.13403315	24.36780118	22.36726198	21.85361267	23.85566444	21.18810884	28.11946542	21.07140494	22.37652757	20.75811709
D-Glucose_RN	28.62119724	28.97503929	30.65485617	26.89707838	28.66878701	29.1646125	29.84852431	27.21797941	27.69593826	30.17051235	29.76496816	28.80835209	28.02638199	27.8146654	27.57420021	28.18769251	27.58378757	28.82174389	27.84106557	28.35120326	30.56805483	28.53652106	29.1182172	28.42033444	28.96349344	29.00711822	27.98547543	29.5729894	31.63052465	27.7312983	29.20178947	28.59690783	30.04308084	27.60044172	26.86557751	28.93724732	27.5457834	27.88036113	29.48134389	28.11587887	28.90272074	26.90905889	28.21346649	31.24529141	29.73496012	28.16203428	27.54722099	26.93489017	30.13857876	28.44965227	28.07410758	27.99601092	28.82940678	29.03064682
D-GLYCERIC ACID_RN	25.48771184	25.46713584	24.54257877	26.03757143	25.47388994	25.39439382	25.17164748	23.89624389	24.80715346	25.01198854	21.70436183	24.72801883	25.46290512	25.57993243	24.09213155	21.37334577	25.17238259	25.76412124	26.43184532	21.52506861	25.24650855	25.35849115	24.57867766	25.2088989	20.97345215	25.86006349	25.56516447	24.53329507	25.72073548	24.57807074	25.04510522	24.74324048	24.74762708	24.73409706	24.72046733	25.1807876	24.82116522	24.19809702	25.30424366	25.31893566	25.45841966	25.31974433	25.04994076	24.89879049	26.30321547	25.72452749	24.7907791	24.38033458	25.67380197	25.9890668	25.48110053	24.55820154	25.19372472	25.02146308
Decanedioic acid_RN	21.57967674	20.84216582	21.88369444	21.03353771	18.62869997	22.10168091	21.08030396	21.82552249	20.43154028	18.94636129	18.36414636	21.57818451	16.9146125	20.75175228	22.4833713	22.00858026	21.06912809	21.27578668	17.48308574	21.19232593	21.97390507	21.74820871	18.27933113	21.63309827	21.15363422	17.5665179	21.59154392	22.26645116	21.91068681	17.81557464	22.3111502	16.77537944	22.48916442	21.991008	21.03614696	21.64026048	20.51572336	20.7683134	22.36456264	21.25143907	17.72566543	18.01381472	18.01587546	18.59071114	17.91421892	17.70919646	20.7199938	20.92420678	18.54846237	22.15912871	21.0463224	22.56119132	17.21196743	22.23082001
Dihydroxyacetone phosphate_RN	25.73553841	26.24650583	26.5876164	23.09147728	27.20606917	24.55467301	25.08307198	26.77175394	23.9800444	26.2970687	26.41499409	27.17035553	24.36271849	24.14723082	26.76158276	24.35078112	26.04959174	24.03102531	25.872378	23.94452356	26.54069716	23.38930498	27.50917512	25.70154496	25.24167987	27.57603284	23.92533319	26.36482277	26.64834815	27.04891439	26.66414094	25.7816343	27.36588317	27.10990247	25.15275207	27.33374758	22.57205982	27.1141783	27.59534878	23.82296233	27.644128	25.70674971	23.98184529	27.47888983	27.39535912	24.93788593	22.77616883	24.8087219	20.94437204	24.85495217	23.97757483	26.75249182	27.09352587	27.43471396
"DL-alpha,epsilon-Diaminopimelic acid_RN"	23.23884647	24.73681706	24.49708209	24.25913916	24.73670007	24.85326556	24.37760126	24.141901	23.808703	17.131511	23.49601668	24.72796298	24.18792077	24.05712962	24.43844273	20.99633128	25.08036883	24.17417012	24.30128995	22.79473822	24.59319729	23.79220608	25.22349079	24.57924777	22.47858576	24.57196061	24.07180603	24.39598033	24.2292812	24.40018557	24.31036661	24.70362737	24.12655204	24.69440931	24.62119395	23.91069535	23.96470401	24.05692448	24.40504055	23.98613731	24.84648506	24.23621429	24.07574402	24.44105809	24.66496784	24.1517438	24.15706976	24.52385627	24.54424598	24.22327167	24.07772356	25.04164441	23.9675232	24.23610226
Dodecylbenzenesulfonic acid_RN	26.25367077	27.87961065	28.29931207	24.77583052	27.39569063	28.04934211	27.54131837	27.83289372	26.17727277	26.84150325	26.87149186	27.07402691	25.77311029	25.91849065	27.95125553	30.3483094	28.05297313	28.42865448	24.9610422	27.51233186	26.18893304	27.92458888	27.59539442	28.130514	27.92100235	25.92643886	27.79394463	28.2567386	26.14117949	24.79420809	28.04671229	25.31382336	26.50413092	27.18662099	28.4572561	27.89323319	25.85462343	28.23846534	28.61714298	28.57559575	26.11915838	25.15134287	25.70453424	26.4531117	25.53421621	26.28883408	27.68579958	28.67625092	26.23982272	24.1842079	28.66736167	25.76539576	24.21810089	27.99705151
FA 18:1+1O_RN	26.59282195	23.03999348	25.24991583	24.81808454	25.70586972	24.57343056	24.17111272	25.83180966	26.29132198	27.01325456	25.64962657	24.13056696	26.34377299	26.50871771	23.85773173	27.99396472	22.81340264	25.23499071	25.11540062	25.48154979	25.71193634	27.10170739	26.17942292	23.75778886	25.60035918	25.73131013	26.12883867	24.44649806	24.33494342	25.10535584	24.3431361	24.53295623	24.73430365	25.04157317	23.53849499	24.7462368	23.8009881	26.22424007	23.64550842	24.71424948	26.1254773	25.21990421	25.06229181	25.72175046	26.13987923	25.98580787	23.73818228	26.95849351	26.35469238	26.52965536	24.91581173	24.16277331	26.3420621	26.36198504
"Fructose-1,6-bisphosphate_RN"	27.0294865	27.39381741	27.69026574	23.35658138	28.25018766	25.0785931	25.89474471	27.97265883	24.43117794	27.38021987	27.53293176	28.4387245	24.97761285	24.61475375	27.9643808	24.52770672	27.21394079	24.36011861	26.79780317	25.17218434	27.81855793	23.46778058	28.33839026	26.84485489	26.50156985	28.59308231	24.13771591	27.81268647	28.01133791	28.10916899	28.17221716	26.9499513	28.79823847	28.41044067	26.17724355	28.5635731	23.17630385	28.27273325	28.88824191	24.15448622	28.77467842	26.85206905	24.59780045	28.4667319	28.55609862	25.51170308	23.55691587	25.98422675	28.57315883	25.82230437	24.10868613	28.17787015	28.27592196	28.67165155
Fumaric acid (not validated)_RN	24.35119064	25.04587279	26.14289884	24.51320705	25.28447782	24.03807467	24.74936141	24.89957167	23.84149106	23.05580257	24.44835214	25.075018	24.29684469	23.91090343	25.60402343	24.34000248	23.75171592	24.88310971	25.31282042	23.9496643	24.7328732	24.67104407	26.03442188	25.36784744	23.79873045	25.43099684	25.04357066	24.74103743	24.79268407	25.11132968	25.82767547	25.19519381	26.51103413	25.15275169	24.81606649	25.8842096	23.0933308	25.32610944	26.20627446	25.14904811	25.15853377	24.42504395	24.95983665	24.53446382	26.14565523	24.21537277	24.25959718	24.73662629	25.4473475	25.83839304	24.19480205	25.65602358	25.74086945	25.97744178
Glutamic acid_RN	24.97635403	21.13992295	24.37307041	23.57554119	20.89586515	22.20432392	20.14231021	23.99417371	21.72413643	24.82462845	25.04353148	23.2637362	22.81640722	21.74414562	24.62919506	22.27717288	22.33235557	22.22985371	21.57559682	24.671044	24.04240899	20.9536163	21.69495754	24.05053575	24.67104407	22.01786336	23.46959293	24.26919458	23.81005238	24.07864837	20.89581852	23.5959878	23.92818176	23.99889714	22.65350077	23.39674874	22.97220701	24.4682312	24.54697738	21.4579218	21.15153234	23.23320043	21.8933309	24.67051834	23.877893	20.9978366	23.75198866	22.93112143	24.67144036	24.67104407	22.84979359	24.04312049	24.75412434	24.27196727
Glutamine_RN	28.43923217	27.77809368	28.58902726	25.86949411	27.32485995	25.60598878	24.64166199	28.36911021	24.5750417	28.10461916	28.42522952	28.22032122	24.73756521	24.87537136	28.66782598	24.60936869	25.0267123	24.94921157	25.24606026	28.21942544	27.63554067	24.50070945	28.48265086	28.31576672	28.32326678	28.2664662	24.79410205	28.54977777	27.66872958	27.87717653	28.13186983	27.27314268	28.58756156	27.44991552	26.42258776	27.88578184	25.06064323	28.45251215	28.5130439	25.18733946	27.66899885	27.8327191	24.93015584	28.25873375	26.94179647	23.86067392	25.23209224	26.12881286	26.4484891	28.06082169	24.6069843	27.99850105	27.86758682	28.24457293
Gly-Ile_RN	20.53725098	20.02815425	23.46043003	24.11093411	20.53447542	20.99876817	20.82066572	23.2356502	20.17686633	21.5504089	20.13799099	20.96694444	21.06098279	22.62389681	23.72764729	21.34039458	20.08956998	19.88569972	21.3955735	20.94348415	22.93446064	21.75771937	21.90873149	21.66313406	21.39601306	21.10959867	22.71156131	24.36256656	24.06263051	23.57824906	23.98491129	22.5214757	23.68491907	23.44819353	22.04063056	22.59122516	23.14344709	23.46071744	23.1538472	22.05471003	17.26289432	21.37422324	20.38509302	23.00288299	22.10540789	21.38884175	23.66876743	22.00400531	21.46998928	23.37283389	22.40601124	23.47162749	23.78467803	23.14844377
Glyceraldehyde_RN	28.39311316	24.61490436	24.39433891	22.98781063	28.57223198	24.73575364	24.78525018	24.08570794	28.02599871	29.38797075	29.10269405	24.10609421	28.22344539	28.22715948	28.07066102	22.98063331	24.95762471	24.18659104	24.88315127	23.22211546	24.08602112	23.63422425	29.00438656	24.07451357	23.56924226	28.54894064	23.71025418	24.60105072	24.4887046	27.62022391	24.41605699	27.94756573	24.6077845	23.72089574	24.03767855	24.12686941	23.11448434	27.98545168	24.66920207	23.44351815	28.66604727	27.43940795	28.13077889	30.10701471	29.0027779	28.14463142	22.91636943	24.10298204	29.35801804	28.23397641	23.69974358	24.06039499	28.67001961	28.57111723
Glycerol_RN	20.02957657	23.18717672	22.45597682	23.49601618	25.53982925	23.74217678	24.84495834	24.97551311	21.7980014	25.53523895	20.96402183	19.69666778	21.30779123	24.10762976	24.67549456	21.85124977	21.27902434	23.46563538	23.86805804	25.34672911	22.532787	23.51436675	23.08417032	22.2803096	23.49551227	24.98735742	22.25385868	24.19958222	21.15387094	24.89896899	23.2054546	25.00320651	25.48092246	23.05436451	19.26064071	20.34299065	23.51772174	21.50507896	22.67119287	24.35382987	21.30199208	21.04910242	22.47780675	22.74981122	20.787497	20.66651143	20.68451722	23.92075334	26.82944652	20.55157671	24.20573718	22.82752844	21.08897312	20.64988047
Guanosine_RN	23.93946289	20.25641212	20.68847591	25.52476921	19.30395486	22.26857946	21.37951967	19.72880458	22.0946433	25.02631962	24.68268898	20.00576408	23.16119976	25.07315085	19.81114744	27.30452728	21.55326561	22.85468954	20.64201572	23.31596504	20.87863095	24.75612164	18.65630591	20.50557636	24.47054146	19.28157212	25.43748342	20.35328839	20.02747068	20.03178613	19.95687733	19.93693043	20.26355329	19.74572909	21.79819714	20.34165106	25.494324	20.0971401	21.32610549	24.56797725	19.01585078	20.98683172	22.60966414	20.51403458	21.17807338	22.19855513	25.41237794	21.70466762	21.21097356	20.61548064	24.73510384	20.05003942	20.35398689	20.14822552
Indole-3-acetaldehyde_RN	23.37263745	21.63029962	23.55095366	24.13903383	19.66253716	22.52046302	20.44992618	23.10310802	22.19670511	23.566974	23.73748823	20.66466387	22.68938154	23.13840113	23.52260579	23.72949669	20.91066745	22.63616682	22.72883336	22.09898372	23.18691535	22.07936979	21.8284924	21.74706289	23.08229827	21.30908603	23.21194341	23.26018157	15.66982115	23.54975454	22.34962694	22.81167734	22.25265261	23.07279307	22.8712502	22.88744195	22.31058723	23.36918083	23.23604847	22.5971769	20.11138881	22.5971171	22.40692416	23.24891124	23.13766976	22.93545389	23.70711117	22.82174758	23.55736007	23.21333632	23.06987875	22.6096196	23.70398342	23.19185618
Indolelactic acid_RN	14.05259596	23.94340218	23.44848143	24.16519252	23.96916103	24.62676965	24.65120163	24.24076039	24.02550333	19.50880571	16.64897685	22.66272918	24.40792447	24.41667227	24.66659358	25.49065778	24.61082944	24.96017231	24.80368201	22.60931498	24.28834675	25.43535882	23.5276961	22.23477112	22.34340846	22.35475095	24.59780106	24.43888122	25.02663189	15.88563618	24.49409443	13.40907325	24.32229477	23.81857393	23.91206379	22.78134161	24.72563221	24.16661849	24.14232504	24.62783866	23.25616707	22.47439068	14.00004701	17.98686412	16.8910547	24.64368108	24.1550523	23.90556214	15.58714544	13.56877079	24.8514186	24.4134119	23.75442564	14.61730076
Inosine_RN	23.6113743	17.61006248	22.72185165	22.24239362	16.4988951	16.90582812	NA	21.82691807	16.57235513	23.99330514	25.49659184	18.49061757	14.54196038	20.22029569	22.22854352	20.89072973	17.80825839	15.81023534	17.95624766	22.7795127	23.71308957	20.29012646	17.27454532	21.91950101	23.95351931	17.79850649	20.09473904	22.63263668	23.32744676	23.52196175	21.72961359	23.30623687	22.77843811	23.05646729	20.46733654	21.6421951	21.38948833	22.62433787	22.71307946	19.9412521	17.96515971	17.96414833	17.8312664	23.36653957	23.44266057	18.30476456	21.83922511	19.04382344	23.52961433	22.18418209	19.85656951	22.91249433	21.88407015	21.58593248
Kynurenic acid_RN	21.51092153	23.53608736	20.83494785	19.93466804	24.60538807	16.17614485	15.01668944	21.17621225	19.13100066	21.36556491	21.99649528	15.08596579	19.67369694	19.96496157	16.12779253	16.51837594	23.59882026	20.72275716	23.1512556	14.68840711	18.25294898	16.45835027	23.85738334	16.01125393	21.20830246	22.53054551	20.1175365	16.92799799	16.10391699	21.27632186	16.7499506	20.26481121	16.81153354	21.06276984	16.36882633	16.00912106	16.5172327	20.86026876	21.86974306	16.46724917	23.00759648	19.59978599	19.60983318	20.90418526	21.45004452	19.97033205	20.05185967	20.58134845	22.5790573	21.3792339	15.27390719	17.15401248	20.90492115	20.63664058
Kynurenine_RN	17.63691213	20.39789108	20.44286861	20.01894412	20.5669226	19.09119327	20.20333252	20.35955858	16.24944894	17.78885877	21.36058216	20.74042791	16.74083782	20.52757782	20.85426835	20.98956976	20.09432598	20.76324105	15.61287775	19.92673658	21.68900535	16.55465579	20.69590913	20.37735348	20.22889525	20.77400189	20.66708469	21.56138026	22.82275915	21.11290294	20.70818774	20.70926324	21.21119768	21.13878442	18.92767621	20.93699004	18.90729099	20.9457303	21.0976637	20.64858744	16.55413221	15.70779977	16.29691674	18.88352107	21.28990692	13.8174095	19.87545803	19.9679058	21.45471114	20.71830555	21.01644529	21.65427946	20.98868982	20.2435141
L-allo-Threonine_RN	25.84566432	24.26809496	25.66123183	25.47869982	24.07032375	25.113201	23.8543876	25.96086607	24.44602922	25.27257256	26.31964186	24.24044096	24.72003523	24.55409317	26.16694329	24.73271945	24.45466347	24.05605049	24.12530194	26.31111589	25.57282466	24.11856498	23.60451689	25.27514511	26.69786568	23.79208591	24.50517404	26.12408644	26.36885645	27.38365249	26.11094524	25.02200315	25.85460615	26.10953913	25.47188144	25.35626032	24.96317112	26.85551499	25.8374345	24.48187861	24.51486716	25.89846401	24.36458329	25.44967029	25.39061133	24.58379731	25.27673774	25.50941409	25.45729269	25.84266584	24.74583626	26.77972394	25.79921048	25.48320569
L-Glutamic acid_RN	21.54699754	21.97116626	24.37307041	23.57554136	21.84290918	21.34675919	21.24568219	23.99417371	20.68748836	21.54720907	21.02886269	23.2637362	20.78735978	19.2914046	24.62919506	22.71905946	22.33235557	21.03017022	21.06113908	24.67104415	24.04240899	23.15131351	21.38541027	24.05053575	24.67104407	21.82655211	23.46959293	24.26919443	23.81005238	21.15958863	23.82931157	19.92169233	23.92818176	23.99889714	22.03232494	23.39674865	22.97220701	24.4682312	24.54697738	22.5752769	21.37532623	20.9579846	20.11803418	22.07700582	22.53859521	21.45772577	23.75198866	22.93112143	24.67064779	24.67104407	22.84979359	24.04312049	22.94992922	24.27196714
L-Iditol_RN	32.92847384	33.73844084	33.00646142	33.55122767	34.42048797	35.78884866	33.75988239	32.37306787	34.54236718	32.44844453	32.74153884	33.24491468	35.02882479	34.57856526	32.51037619	35.04661256	34.27520568	35.24832232	34.40637622	32.89137319	31.60096431	35.13139468	34.81811931	32.88391528	32.71184898	33.60666355	34.56739645	32.05735157	31.3578711	31.80117575	33.19162692	31.29173225	32.10425116	31.29786755	33.62449136	31.57875844	33.81655153	32.60378178	33.28291042	34.66617074	34.3214458	33.43342816	34.48944008	33.03149584	32.16939069	34.48457654	33.48613905	34.37155946	32.05657868	33.19520125	35.28485021	31.85523195	32.91416947	32.28169009
L-Proline_RN	30.43601625	29.31832578	30.31525237	28.57008231	29.48939858	28.62356898	29.0070161	30.05273842	28.42283747	30.15728206	30.32160559	30.0625802	28.49340305	27.86084765	30.4879653	27.30840388	29.11844054	28.23217248	29.72624036	30.11115203	30.06829917	28.02875772	29.81269085	30.93804812	30.17817772	30.06238006	28.24084522	30.63279883	30.33743357	30.42911895	30.34419085	29.62335732	30.40964132	30.04450571	30.07468848	30.01751549	28.01523091	30.41734062	30.83524225	28.07300591	30.39843692	30.49604166	28.37649349	30.20721895	30.00406686	29.0844188	28.53899334	30.18488861	30.19820924	30.58030638	27.81198965	30.63334222	31.03302166	30.74495265
L-Saccharopine_RN	23.12713958	24.99734841	25.67955365	24.87918493	24.77336557	25.33651193	24.25709866	26.05366776	24.87286735	18.71704461	23.18601246	24.97210615	24.80601278	24.50323318	26.24742248	23.16407432	25.04526081	24.45897844	24.55044054	22.49631662	26.44115281	24.26234294	25.27426335	25.20012752	22.93529522	24.72747042	24.3831524	26.07862978	26.05880783	26.34896626	25.87504645	25.2661635	26.20736802	27.07034643	26.32631699	25.87398931	24.69597104	26.31120203	26.18585916	24.38433433	24.99706354	25.99551279	24.78088146	25.38947654	26.39601499	24.69840706	25.09834583	26.36312349	25.27466229	25.53474684	24.40098667	27.67207504	25.51348172	25.88402651
L-Tyrosine_RN	19.68348612	23.18323755	24.48938156	25.04000659	18.84913116	23.45381163	23.74614132	22.99416638	18.70192683	20.59182766	20.14405024	23.44550954	20.2686853	18.70361658	24.43886055	23.49776236	23.20058925	22.93193622	18.12409383	23.36907225	24.5383768	23.26133302	18.64965137	23.00086974	23.74081988	19.10571983	23.36786273	25.41948901	25.66006598	18.58823384	24.77424919	18.65147603	25.14025431	24.50148499	23.94989127	23.86584094	24.69907238	18.19892189	23.55396758	23.38598168	18.60250328	19.07732493	18.69578285	22.02285306	19.48636764	19.46595746	25.00991413	24.25332739	21.01314644	19.33001475	23.19428023	24.78388661	20.08453604	18.35008139
L(+)-Arginine_RN	23.74983951	24.5818548	24.04852864	25.71810444	23.34843964	24.22187869	23.41643356	25.19619537	24.86189293	24.72414665	26.89847946	24.7701476	24.7078598	24.7613993	23.99962816	23.77867102	22.33005188	22.84808403	23.58925447	23.10200114	25.29093153	12.49112753	24.76452341	23.87741605	25.8159304	24.47120637	24.96964605	24.92074636	24.67104407	25.78231747	24.11505955	25.75992644	24.59728354	24.89475783	26.64061192	24.70796513	25.22457002	24.50243355	23.57660583	24.48138503	23.98059033	26.47493226	24.74428769	23.76429312	25.61982956	25.58453052	25.80386597	26.38344773	25.41815058	23.77188984	23.91457503	26.39831448	23.93096334	24.06030078
Maleic acid_RN	27.43159202	28.57720777	28.49847357	26.95472053	28.77709041	28.58771222	29.17324052	28.01921137	27.84112882	27.60950808	27.23723754	28.06839141	27.60146145	27.30523498	28.34370379	26.82891031	28.89751463	28.04673247	28.84648953	27.11363488	28.20271187	27.65854844	29.12745354	28.19168725	27.3243482	27.91598612	27.29798295	28.82157988	28.50028782	27.75030329	28.38064142	27.42680495	28.64388112	27.72173798	27.90879587	27.97924313	27.221671	28.12726721	28.52034109	27.3091083	28.38545591	27.0473517	27.59799859	28.42416095	28.11203811	27.47655754	26.9973207	28.14063384	28.00798691	28.55195406	27.59703145	28.34599395	28.54201525	28.52466361
Maltitol_RN	24.65871177	26.27659339	26.2498799	24.23953314	26.16923428	26.66469121	26.32843719	23.6586394	25.08979683	24.79554157	25.45766956	26.424248	25.6535697	24.72733439	24.13105934	25.40879372	24.7312587	26.09747989	25.72070631	24.98321056	24.96334253	25.84710884	26.14985833	25.31090221	25.40400264	26.31271928	25.02666846	24.91894442	25.91146886	24.17182122	25.26644139	23.45048841	25.9643431	23.83007351	24.2896025	25.23075081	24.67104407	24.69096162	25.8022915	25.34196726	26.01544546	24.27216539	25.27901323	26.29336505	25.1365653	25.52048521	24.87338244	24.07432267	24.73962532	25.20292941	25.53980955	24.15233761	25.06484479	25.55731573
N-Acetyl-DL-glutamic acid_RN	20.58164463	26.00337055	22.79536753	26.67129018	25.39487017	26.47633839	25.47774519	20.50675804	27.01662442	20.63441241	20.92162124	25.37174248	22.819978	26.92940935	21.08119855	26.59018469	24.95493078	25.24144077	25.30313551	20.6441415	21.23134806	26.5686024	26.21166599	23.34167965	18.9721675	24.90021859	27.4653028	22.0702427	21.37951623	21.05675297	22.38244394	21.65993643	21.29957581	20.85691693	28.17708851	21.20642148	26.43926434	20.96550788	22.57503305	26.8091085	25.18240947	28.07070418	27.182233	22.55923338	21.42400537	27.68209553	26.88112912	27.49804944	20.94830102	22.43932367	26.3045154	21.69973149	23.10347792	22.51887181
N-Butylbenzenesulfonamide_RN	23.22956558	23.33317825	23.64037686	22.87470335	22.88868823	23.77930465	23.0917821	23.45128524	23.19709655	23.77574426	24.01101191	22.57896587	24.25151113	23.59091565	23.16010364	24.0403271	22.67160195	24.09456981	23.46126141	22.74353868	23.3594579	23.69667435	23.15239441	23.15961862	23.46477935	23.14424851	23.66180131	23.10449033	23.36065417	23.71701992	23.45608503	22.68234949	23.3289833	22.55184401	23.37716756	21.97721297	22.74171182	23.61440838	23.50759991	23.17839842	23.44069389	23.36254807	23.48027231	23.29841376	24.12805817	23.52141439	23.02961816	22.82053188	23.68115653	23.69785248	23.53025346	13.58485497	23.93310191	23.49730118
N-Fructosyl isoleucine_RN	25.08532219	24.41259386	26.21466467	24.56625763	23.75460528	23.69775026	24.59411816	24.48271293	21.43376556	25.82570592	25.89997171	24.61412516	23.39698496	22.35906181	24.8436884	23.67069565	22.24518402	15.2782296	24.57909775	25.0379758	26.5599424	23.29744473	23.12504407	24.96084836	25.77509102	25.09365169	22.73677671	26.90215495	22.27132741	25.206242	26.22849729	25.40542655	26.79872929	25.91267416	14.64849708	26.23323014	17.4785659	25.28910527	26.38180809	22.45067919	24.3130701	24.5825942	23.58284597	25.62319585	27.02731286	23.86045937	24.99176903	24.14033046	26.07794237	25.75085856	21.94524876	25.72168866	26.22912035	25.9911598
N-Methylglutamic acid_RN	24.47842145	24.72718379	24.74659205	25.76030565	24.40219455	27.04928161	24.77047294	24.59135951	26.29145991	24.0186972	24.39651274	24.30780966	26.80047199	26.33213045	24.84608939	25.85184502	25.201143	26.00549644	24.84910376	24.04016093	24.36681697	26.57159391	24.97965284	24.76284037	24.26884055	24.06537018	26.67782407	25.73679553	23.08922256	23.68468021	25.09355512	23.42022034	24.87931435	24.59605631	26.06786728	24.63412301	25.86184646	25.18137823	25.01922996	26.58902761	24.35598751	25.61696061	26.4054778	24.30838076	24.35393203	26.44404762	25.72420707	25.60761782	22.73521639	24.71959066	26.44248374	25.10515984	25.52618553	24.46644194
Octadecanedioic acid_RN	25.42342602	23.18902253	25.78926757	22.19149274	23.01160641	24.17905329	23.42660392	25.19136349	22.27503878	24.37039192	24.65939917	23.80167265	24.1514028	22.75652622	23.42005476	23.86067656	24.08209948	25.17398838	22.77498539	22.87472329	23.28581442	24.05441531	21.16526526	23.07660958	23.13404416	22.79428091	23.35230839	23.50288782	23.01834928	24.12422184	23.45576883	23.04114766	23.36066632	23.38652917	23.62207923	23.1402246	22.81683665	25.53463164	23.92967496	23.45778255	22.49118802	22.34390593	22.19772487	24.6715698	24.05867044	22.29441285	22.68090791	23.28469799	24.56431783	25.8469109	23.72564741	23.39852631	26.00502839	24.8756462
Ortophosphate_RN	31.25917282	30.76919987	31.04740797	30.65207998	30.79203542	31.91503127	30.65316459	30.47942943	30.86546836	31.5443495	31.58087984	30.70535012	31.25684106	31.02431674	30.67391017	31.40590819	30.57405492	31.57009097	30.65914619	30.77423694	31.03573051	31.11021744	31.49648791	30.50320529	30.9999136	30.7573817	31.19669159	31.09338175	31.31400118	30.18806166	31.02805313	30.02227254	31.22862611	30.48771033	30.96818694	30.56958209	30.27307261	30.59337968	31.28151168	30.86293396	30.96153417	30.72618103	30.97230146	31.24951179	31.21619058	31.10334967	30.46962155	31.01624997	31.27294405	30.86467328	31.19375944	30.91036416	31.22930454	30.86191582
Pantothenate_RN	25.88665052	25.40170835	26.06916847	25.04943751	25.25692922	24.17535467	24.59080396	25.33748264	26.23188633	24.34793971	24.34555245	25.01444689	26.33829586	26.15817445	25.80114742	25.36105602	25.10587541	25.84693062	24.99551297	25.13942215	25.12881379	25.93721689	25.47759762	25.93156765	24.34325025	25.12614726	25.95689929	25.39964952	17.46103084	25.46553019	16.72194156	24.76298747	18.30984104	25.31427724	25.83418467	25.03437209	23.27534616	25.89174704	26.54094562	25.7147927	25.20315177	25.59910274	25.87918456	26.36887469	25.82304992	26.26092712	25.19040168	25.69526978	24.36089225	26.55539043	26.57257588	19.17058697	26.48063007	25.96513179
Phenylalanine_RN	27.95729449	26.67585122	27.85876396	28.63789399	26.75804381	27.08208162	26.67593305	27.55544614	26.4773301	28.19775408	28.26224134	26.8173757	27.02790884	27.20058948	28.18558236	28.07707677	26.59452386	26.80294574	27.48863409	27.3437956	28.52032267	27.13043529	27.2622606	26.7814472	27.92669513	26.89912393	27.34845094	28.49257082	29.88262793	28.95196423	27.98261389	28.32103529	28.20163538	28.71026078	27.35673703	27.40624757	27.85067046	27.84175878	27.80420535	26.8989058	26.90370201	26.97981239	26.57411774	27.56030589	28.3056508	27.28279521	28.4536633	27.47626646	25.72933272	27.77853203	27.27854632	29.04160889	28.17727793	27.58977085
Pyroglutamic acid_RN	27.17055707	26.2000238	26.86407122	25.58132163	26.53211661	26.02825513	25.1833949	26.2946424	24.97427058	27.04081822	27.16786301	26.43536103	24.90666949	24.74218127	26.41217975	25.41957464	25.30123664	25.27441242	25.73253228	26.45944091	26.15325031	25.3013789	27.2033829	26.48895804	26.62607907	26.88129539	25.18608749	26.65329089	26.32637872	27.09164468	26.65419634	26.42476745	26.40468318	26.05485506	26.12544804	25.94280531	25.0177541	27.33068335	26.89725318	25.04410658	26.86783817	26.45378779	25.15471832	27.02935388	27.07081261	24.8813609	25.57584805	26.20788127	26.91943916	27.08899046	25.10345629	26.65848456	27.27082878	27.34151974
Salicylanilide_RN	23.22956572	23.33317812	23.64037686	22.87470335	22.88868823	23.77930465	23.09178195	23.45128524	23.19709655	23.77574426	24.01101191	22.57896587	24.25151113	23.59091565	23.16010364	24.04032723	22.67160195	24.09456969	23.46126141	22.74353868	23.3594579	23.69667435	23.15239441	23.15961873	23.46477935	16.25020064	23.66180131	23.1044905	23.36065417	23.71701981	23.45608489	15.28621537	23.32898315	22.55184401	23.37716756	21.97721297	22.74171182	17.16269931	23.50759991	23.17839842	23.44069402	23.36254807	23.48027231	23.29841392	24.12805817	23.52141426	23.02961816	22.82053188	15.08779257	23.69785239	23.53025346	22.53120794	23.93310191	23.49730107
Succinic acid_RN	27.504082	29.86111161	29.56747373	29.46905206	30.00021872	29.69462596	29.56429417	28.76691379	29.04166762	27.61886106	27.06325193	30.02982777	29.38087347	29.38353501	29.11142555	27.58648726	29.68806859	29.34526749	30.0624221	26.75482112	27.6666358	29.46726008	30.20441757	28.14973437	27.12731049	29.93066964	29.25014118	29.33733858	28.73617267	28.35879181	29.17253722	27.15944452	29.49846889	28.05727588	29.95284718	28.84792148	29.05327845	28.93238766	29.20747891	29.10458161	30.30291162	29.69348259	29.11836041	29.38307156	27.69143462	29.53175496	29.25349241	30.02590132	26.10280141	28.20104898	29.36417828	28.05477815	30.08743436	29.48021685
Tridecanedioic acid_RN	21.72353851	23.13905261	18.15277515	17.72145468	19.22884878	23.95689308	23.58081956	22.52370568	20.78226886	22.81809815	22.40117332	23.18197935	21.18866103	21.03656623	23.44270598	24.10127231	23.16006567	19.46244589	20.87548499	23.45549925	23.27997863	23.30139982	18.991361	22.63529296	23.06522061	18.49090466	23.74774193	23.79408424	23.42058016	21.23104101	23.89562779	21.7863728	23.72983058	22.94954436	23.27654751	22.90773247	22.71109701	17.30483034	23.52333119	23.23131327	19.24094388	20.32649229	20.66906126	22.40890334	21.0190272	20.8304716	22.86218865	23.64919058	21.41424953	17.5795685	23.44222974	23.17059802	18.95982241	17.55428428
Undecanedioic acid_RN	21.87886036	21.78590873	22.25897115	21.4934927	21.84575351	20.13032961	18.84100703	21.66873722	21.77150341	21.8347508	21.92763379	18.5977024	21.58047481	21.7355692	22.15871526	19.35415836	18.67502284	22.21725242	21.53810382	18.59360343	19.43778275	19.1050417	21.76028051	19.25089536	21.59859915	21.53198776	22.39397227	22.75294002	19.31418413	21.51036013	19.15932283	21.38729523	20.21128869	18.4104969	19.85994302	19.13539254	18.09321035	22.46116889	22.36914829	21.86353824	21.92480452	21.72994242	21.66736354	21.73784212	22.04620555	21.61630057	21.34897654	22.04136897	21.8770122	22.12302939	22.07227632	18.70887606	22.29845249	22.0579659
Uridine_RN	27.94226923	23.37625539	28.06577209	25.81261791	22.32254271	24.71531849	22.84385144	27.72971626	24.75010833	27.37395536	27.47578969	24.90562517	23.8135688	25.04157973	28.13090274	26.0540075	22.9085813	24.00955326	23.82398908	27.33022509	27.13982179	24.73074794	23.83907506	27.29838919	27.36120711	25.11359947	24.69384515	28.0149367	27.23588266	27.27690792	28.22776218	26.64949443	28.09328357	27.40412436	25.75096788	27.02083197	25.50215222	27.97708645	28.24740047	24.99298312	23.30781621	25.08598415	24.28615051	27.8021827	27.19838662	23.98484559	25.38231355	27.17045766	27.47275102	28.05616405	24.99002989	27.70768834	28.46087518	27.69825843
(2R)-6-methylpiperidine-2-carboxylic acid_HP	22.65272489	20.54901037	22.55797978	21.79560467	18.42770243	23.93523306	19.67358631	23.53011215	21.66627187	21.9036481	19.46091836	21.07850589	23.97659421	21.77597823	21.47803913	21.91170082	19.62430046	20.17065814	19.75093623	23.34834068	22.62875759	20.74123038	22.35346777	20.44447831	22.33962838	23.41518217	20.89600255	20.67955494	21.50432302	23.71722486	24.02125179	24.13368371	21.48016805	23.89353437	24.03285368	18.60315786	21.12912381	21.40846729	18.23393899	22.30390952	19.34510882	22.13300237	22.20206049	22.75069839	21.82488895	22.58364447	23.13573501	22.91351301	23.61897703	22.03098174	21.10532381	21.74409819	23.3940057	21.71643989
(S)-1-carbamoylpyrrolidine-2-carboxylic acid_HP	25.88487025	26.73006462	25.05634207	23.92979383	24.94235307	26.48328688	28.40478263	26.27252211	23.65778613	26.17916353	25.42259831	27.66757506	25.58303404	23.72325764	23.58487717	23.6515322	26.97792294	24.25626241	27.39264379	26.07155083	26.55468278	23.47157148	23.40263391	27.72871657	23.48563477	26.54804978	24.19269219	24.24282687	23.21365872	26.07435402	25.89517105	25.78774128	24.38800898	25.6255688	26.75752593	26.2797606	23.11963131	23.60460216	25.65020703	26.23407514	27.30872302	24.37738577	23.6643048	26.40508768	28.26784981	26.83281155	26.02268705	26.48755442	26.02384374	23.44879571	23.60170078	24.1900871	26.59681864	27.87937692
1-Acetylimidazole_HP	23.60663704	22.28393746	23.29263185	23.91633638	22.79964449	23.27454484	21.94926633	22.76207112	23.49922828	21.9564481	22.55790442	22.43570824	22.97675483	23.23561819	23.64420326	23.70925097	22.23154576	22.73267916	22.82774374	22.70559197	22.73502708	23.91653371	23.57595975	21.45016126	23.72082167	22.6475299	23.89288546	23.91319986	22.94508106	23.01196571	23.67888374	23.30139764	24.11461697	23.30034327	23.67535493	22.98939756	23.92577015	23.69682258	22.37444485	23.40370791	21.06698805	22.75200416	22.87642274	23.01795039	22.5906983	23.41739682	23.27711791	24.16042385	22.78410652	23.92692481	23.77675612	22.87737872	22.51503102	23.29244278
1-Aminocyclopropane-1-carboxylic acid_HP	24.54461686	23.48224666	24.15592034	24.26344463	24.9956172	22.74837661	22.60619731	22.44720705	23.30527661	22.89945286	24.80100763	22.32966461	22.18513157	24.49149978	24.55323407	24.50523807	22.78244364	23.27487417	22.62298401	22.80950477	22.69777345	24.48615676	25.80260707	22.44222826	24.56919388	22.46270355	24.47491348	25.46683044	24.10815123	21.73431969	22.48183535	22.33297582	24.60169993	22.85477039	22.47904066	24.41397231	24.20481457	24.19178875	25.64834734	23.14293175	23.49177028	24.67106244	24.55287972	22.46715545	22.92848875	21.47177804	22.62324421	21.89449603	22.36028116	24.39656218	24.94716222	23.24408378	22.33275159	22.93536488
"1,3-Diphenylguanidine_HP"	21.64507455	18.68614661	19.65926707	20.434076	21.71957515	20.38024635	16.98337434	19.75253598	20.80766985	21.49013892	20.41919289	16.85051786	18.86728654	20.72588983	20.69418912	23.44941662	19.32382241	18.98578756	17.18816078	19.30688921	18.05905338	20.62631374	19.89604111	17.70281407	20.2018013	19.61457759	19.53546499	20.57917604	19.49244134	18.05334362	21.70791422	21.59126381	20.59998902	21.77378876	21.22537336	17.51674165	21.63136969	19.07833164	20.66762186	18.92397257	22.7834329	21.67863334	18.45925956	18.15739423	20.06686257	18.66455635	18.28806398	19.06067335	19.57134265	24.43110006	22.73504312	18.91820488	19.09542964	15.45833027
"1,4-Cyclohexanedicarboxylic acid_HP"	23.00074096	19.36202459	21.73597533	21.4766421	20.82029523	21.89166307	19.91598079	23.42697592	23.13099305	19.91618862	20.51953701	20.44404619	22.66664688	21.86417508	23.50581985	24.55720622	20.47770298	22.04752719	20.15613757	22.01859323	21.20134037	22.67679498	22.49321403	18.46686146	22.83110712	21.82245873	21.33578891	22.19493075	23.82297061	22.08548826	21.51082251	22.4324495	25.32169674	22.06467356	23.53217196	19.55951064	25.11460818	22.31028915	20.37382238	21.47546882	21.82887187	23.21026847	23.09072099	20.4225126	21.09444922	21.68598823	22.57236958	22.48906005	20.30988364	24.02990698	23.28145968	22.44336595	23.66419166	20.40235429
2-Piperidone; CE10; XUWHAWMETYGRKB-UHFFFAOYSA-N_HP	23.55509654	23.4715235	24.75146073	23.86285565	22.90332256	24.91459231	23.61899888	24.598889	24.33683672	25.02849899	23.41224573	23.96622887	24.84531842	23.91787966	23.27014179	23.89493041	23.31337559	23.71739151	24.08253247	24.24391691	24.28345887	24.1908878	23.74023077	24.03755533	24.98247039	24.55882322	23.99218101	25.21750819	25.19385123	25.13048073	24.4395199	25.16935516	24.3924799	24.73417083	24.86664496	23.3979092	24.82867801	24.43107752	23.15086669	24.7423405	23.70819778	23.61486539	23.70244141	24.23002678	23.3802595	24.33347478	24.24401522	24.7129538	25.36965156	24.38197223	24.12444891	23.29931723	25.2008529	23.7089378
"2,2'-(Tetradecylimino)diethanol_HP"	24.70170984	22.59172882	24.33278376	25.45608006	23.20618983	23.43503934	23.00391005	24.2055281	24.53226962	23.62649233	22.71282314	22.3752609	24.3578882	25.09108092	24.98072957	24.92476087	22.98492787	24.36645283	23.04758966	24.00711934	24.37634485	24.63019158	24.28258594	22.61097176	24.68478298	23.88976584	25.43138129	24.75005639	24.89249268	24.07687054	24.00313462	23.8005643	24.60714798	24.21089586	23.91650662	22.92827167	25.30912091	25.55843509	22.73493539	23.78587249	22.87947845	24.18461866	24.41455726	24.1838072	22.12130784	24.19915821	24.13510889	24.22132705	23.76056566	25.09634841	25.32294163	24.50924153	24.3924799	22.64437828
"2,2',2''-Nitrilotriethanol_HP"	27.23627989	25.9207184	29.43086009	26.7990574	27.34597314	28.71591096	27.30788366	25.55281532	26.8701009	26.40914743	27.13681254	25.23022663	25.6786374	26.64300481	27.96639226	26.94934713	27.3441886	26.9101028	27.5488405	26.52527104	27.17915806	28.4109658	25.48624902	26.84393927	27.71173421	24.94483529	26.75858964	28.84064758	26.73068624	26.59250122	25.02197262	27.99705162	28.84505101	26.17257915	26.34446189	27.27767804	28.43267071	28.10168782	27.06324519	26.5217288	26.46722083	26.99048862	27.12851992	25.25012946	26.0940287	25.67580787	25.29985982	26.03706632	26.44645742	26.84328166	26.74011618	28.24256606	26.87041326	26.85966683
"2,6-Xylidine_HP"	27.24300808	27.53158634	26.54288454	28.11804681	28.13624793	25.88262467	28.04376164	26.8017528	26.77954674	25.947115	27.7694269	27.37602324	26.86727221	27.71107486	27.77853744	27.87984734	28.22025162	26.86344241	28.122784	26.82204115	26.7498703	27.30518388	26.79061819	27.54570303	27.05589545	26.72794205	27.87738078	27.01067779	27.41813971	26.82460913	26.34826586	26.12120396	27.17151655	26.8455532	26.28733064	28.06487626	27.97470818	27.40939161	27.88674158	26.30129176	27.84958437	26.86511669	26.78948233	26.71205103	27.46498605	26.69818918	26.63683491	26.88539922	26.64857944	27.81200415	27.77651765	26.93266487	26.75205345	27.69602521
2`-O-Methylguanosine_HP	24.22463787	22.57727002	24.43744087	22.3382329	22.92915993	23.13540697	21.41684306	22.42365669	24.12522424	23.08860651	23.54061856	21.75949189	23.39711238	23.84266922	23.20000855	22.60423755	23.8370526	23.96614035	22.38477216	22.81601616	22.49753107	23.95665697	27.00726096	22.41618483	25.75539668	22.25204429	23.96161952	26.10225746	23.12977083	21.94725087	22.32125423	23.16186712	24.00525788	23.08503295	23.40095624	23.75269762	22.29588346	24.07018127	24.33956161	22.59693938	21.93225917	24.00605132	24.79510157	21.72670226	22.31134935	21.9835208	22.45953151	21.61526732	22.79453337	23.40814755	22.93986431	24.22004712	22.69602227	21.88172174
3-Methyl-L-histidine_HP	17.3323579	18.8938703	24.39972718	14.28055439	18.35701141	16.41860312	19.09121512	16.87598348	18.30424396	19.98200562	17.17160577	18.41962322	17.48589048	19.3993032	14.31421134	17.66398703	18.49710589	17.88897088	22.87264005	14.95129315	16.79173844	18.45275056	13.87823404	16.79690008	18.82248717	15.25055346	18.94915722	13.82095822	18.36227292	12.53251028	12.96953142	16.59278846	17.17330461	26.94166384	16.051927	13.82450023	18.48706193	17.45450786	16.88753488	14.83560916	19.00083939	18.06003135	17.58386361	16.74108821	18.72037022	17.7288571	14.7204004	16.23126755	17.97945477	18.90925747	14.02747758	17.5634815	22.14963046	14.75244946
3-Methylpyrazole_HP	25.28298469	24.43129519	25.070914	25.53413995	24.69295286	24.54547103	25.12172231	25.33919341	24.79439208	24.77341177	24.3924799	25.18711443	25.42605911	25.82529016	25.78336889	26.14816384	25.48914964	24.81557441	25.75439927	25.58131818	25.25716468	25.39179481	24.82390748	25.05354157	25.53880063	25.57052219	25.90574553	25.55195295	25.71801907	25.20631455	26.04929383	25.12297107	25.62330261	25.30304441	25.12071944	25.49107907	25.98671091	25.90242689	24.61393152	25.0094016	24.91490025	24.75571944	24.75084395	25.21977611	24.57896713	25.37085684	25.11680993	25.7713472	25.08669427	26.06412628	26.01188272	24.84786173	25.98513314	24.54832491
"3,3-pentamethylene-4-butyrolactam_HP"	21.53178682	22.2565911	18.37886989	23.33030429	20.77199558	18.1681644	22.41298394	21.32577036	19.81866783	18.59052466	21.89887011	22.60505981	22.71560641	21.72253248	22.4795179	23.553946	22.84791699	18.3562833	22.67515886	21.85526532	19.76131656	19.56719736	23.66555363	20.64033426	20.2422757	21.56904132	22.4406725	20.59353891	19.27589334	19.52833892	22.67805376	19.36250212	19.43758877	22.44545682	18.50282533	20.82379437	20.28028949	19.21938867	22.49525287	18.95069725	21.43347746	23.48084607	18.40507773	17.97620063	21.90272823	21.78328025	21.87752988	19.97203285	19.95028265	23.07248568	21.403414	21.87373599	19.47106497	20.77451081
4-AMINOBUTANOATE_HP	26.58228525	25.10239358	24.59875457	26.62837073	26.74440706	24.5043789	23.9059913	23.39141445	26.22080591	25.31952295	24.88252258	23.48360873	24.42707159	25.2581514	25.73560777	25.39014049	26.24944766	26.21381543	24.73902006	23.82760352	23.5223105	25.42526269	25.57141332	24.94386731	26.45307937	22.83872811	25.3700643	26.01358331	26.1942168	24.54812222	23.81882592	24.54160754	24.61092948	25.22201094	23.56533289	25.88533412	27.28046714	27.20537533	25.20268545	25.09360985	25.04352147	26.31998887	25.88896058	22.93735024	23.89302671	23.03346202	24.38993289	23.83343325	23.85798834	26.38211483	26.34173528	25.59592529	24.38152856	24.83999737
4-Butyloxyaniline_HP	20.64787624	21.42870597	21.60545153	21.30990049	17.04227491	21.5490154	17.71657017	20.92721675	20.75612863	22.10869685	21.28269604	17.73475325	21.235176	20.85778351	21.22133215	21.3020572	21.33379225	20.9721019	20.84285857	21.65412348	20.26657277	21.1124259	22.25516492	21.39477432	21.82761482	21.99193651	20.46704755	21.77824452	20.28183162	21.46002891	21.69950184	22.09592379	21.02345964	21.72244442	21.46998049	21.58100401	19.26769066	21.11467879	16.93841485	21.84780706	18.20863643	20.60987594	20.50498798	20.42932296	21.45556727	20.20118796	21.05021601	21.05839336	21.44686403	21.46571572	19.43116371	17.77884804	21.88520811	16.8926982
4-Hydroxybenzoylcholine_HP	23.56197233	22.65537635	22.77209537	23.72654148	22.8528997	22.70906744	23.44863728	23.64261275	22.77129555	23.06530371	22.78839493	22.87414828	23.6659977	23.50977653	23.49900169	24.110773	23.03323961	22.68828988	23.45557607	23.15658934	22.86027789	23.31874629	22.62644033	22.66831397	23.21204482	23.00755121	23.9512932	23.53375497	23.78029128	23.23730094	22.91293293	23.22948654	22.83144857	23.82417579	23.06636235	23.07455135	23.71672744	23.9502927	22.95448723	23.02257186	23.13192222	22.45712885	22.64300765	23.08377136	22.87911294	23.35658512	22.98843327	23.58739618	23.14360844	23.9502695	24.00012999	19.09199123	23.99977488	23.00864269
4-Hydroxymandelonitrile_HP	22.00059089	22.17843092	23.52772322	23.30045498	20.41799	23.4043347	24.3924799	24.73992113	23.65469088	23.50893726	20.99404445	23.22235686	24.98307367	22.30595923	23.48510406	22.65320167	22.16797034	22.72486562	22.77160567	24.25307323	24.58512461	23.1709143	22.40958075	23.57472543	22.34853454	24.62284642	22.42287252	21.8811477	22.6523985	24.21815213	23.92589293	24.8227187	21.99343057	24.36188429	23.92185376	22.51049915	22.96871334	22.46742623	20.67058892	23.58546514	22.33347564	22.56322908	23.53642868	23.81330175	22.73324423	25.01363116	24.32709058	24.02128417	25.24129283	22.83255344	22.03816854	23.1304884	25.30801517	22.86517236
4-IMIDAZOLEACETIC ACID_HP	22.66190186	23.55793119	23.16967694	24.10598808	23.92462203	23.92159694	24.86602961	23.35710032	23.73797398	23.28130968	22.53946177	22.60955545	22.78823386	25.56685201	23.6693367	24.39837776	23.37770813	22.76303547	22.96973131	23.90143334	22.87556593	23.26962213	22.4088464	22.83630766	23.92140925	23.34744242	24.0668227	25.4283593	24.04508815	23.40744629	24.16817649	22.64836003	24.05754158	23.4848276	22.92479481	23.69047733	24.48948774	24.40805991	22.64901085	23.7743696	24.05482853	22.47381458	22.74351049	22.83827161	23.48050302	24.79685946	23.7725048	24.86464916	22.47674095	23.96079986	26.03592036	22.82328525	23.01035132	23.37240198
4-Isopropylaniline_HP	21.74017406	24.37617608	21.44162824	22.92565148	24.92220844	20.72615584	24.90171261	21.34724908	21.7052353	21.15974974	24.57937502	24.22453599	21.30523965	22.28531145	22.55265317	22.78471792	25.0933502	21.42523404	24.46680708	21.12385653	21.3449632	22.11272941	21.26313785	24.40535309	21.56855911	21.63107097	22.24912655	21.46923587	22.45079927	21.77916796	21.02645361	21.33223099	21.55370774	21.34707322	21.3489584	25.02276088	22.90159605	22.61058552	24.77154747	21.3226494	24.58946945	21.97381718	21.91608763	21.98373866	24.3924799	22.05115563	20.94970025	22.22201637	21.75548853	22.2871623	22.41182864	21.24897194	21.96663796	24.63387936
4-Methyl-5-thiazoleethanol_HP	26.43458357	27.39066467	27.17936953	25.88344957	25.67429775	27.52674089	27.79050716	27.39018056	26.30308835	27.47909637	26.14135428	27.22380659	27.73368994	25.85585913	25.92814214	25.54523837	27.3489927	26.33572399	27.57087616	27.48083718	27.24510019	25.92614085	25.8351772	27.8716143	25.54707296	27.27791538	25.51065344	25.27009939	25.27123277	27.22056956	27.28225376	27.28058417	26.08960281	27.60150477	27.77870692	27.22738112	26.03071201	25.73125575	26.51936978	27.54331868	27.57340365	26.43004725	26.36549135	26.57504918	27.81308502	27.48086074	27.16521786	26.57412514	27.78775609	26.0739174	25.86838521	26.38690166	27.66191122	27.67455903
4-Methylpyrimidine_HP	23.53176123	22.29286903	23.68755255	24.82892195	22.06111766	23.05043441	21.87105793	23.11787907	24.19816938	22.57068056	21.849274	22.298473	23.40012193	24.95396211	24.30689355	24.86723318	21.85193759	24.00967672	22.00898691	23.09656599	22.47718489	24.83806892	25.54187419	20.95167977	25.4009914	23.26763698	24.77572428	25.53682309	24.63532303	23.34697732	22.4858671	22.39015828	24.36241939	23.4975075	23.37242272	21.89977243	24.68072667	24.76908703	22.47316611	22.9755027	21.44548396	23.46093985	23.21203765	22.49650181	21.79758633	22.41507489	23.11028759	23.93163208	22.39555109	24.99743719	24.96181806	24.30936848	23.11217868	21.80892867
4-Piperidinecarboxamide_HP	22.9135167	23.04879791	22.44762566	25.25794554	25.22177024	22.85263524	23.2109823	22.68305605	25.61332033	23.19363697	23.66150322	23.21400361	22.92611508	25.68448689	25.48644375	25.968587	23.32347909	25.0669537	23.36732158	22.64470304	22.00417428	26.31173321	24.28144752	23.1410981	24.69924106	22.69446819	25.89455472	24.26397686	26.28212316	22.66192172	22.73331842	22.89633482	23.04788935	22.72044017	23.30892004	23.11464938	26.02137082	26.36638347	23.80217294	23.27758276	23.21526965	23.79558085	23.63165638	22.72730587	23.40210097	22.595365	22.62440161	22.93218379	23.13134502	26.25845812	25.61601943	25.17129371	22.89819316	23.22174109
5-HYDROXYINDOLEACETATE_HP	20.6398936	21.47036011	21.74129064	19.55925707	20.38806125	22.83474065	21.0965179	21.12219585	21.7009299	20.76004711	22.15221796	22.96394742	21.55080821	20.28402988	18.69836771	19.89230512	22.0238741	22.0868334	22.23336526	20.91603071	20.64383284	19.79216875	20.22672639	20.84938294	21.59848557	21.2945178	19.88862046	21.23711131	19.79070192	21.81778402	21.75920446	21.57363522	20.83306867	20.93183832	23.07745967	21.89603709	19.49023133	19.75110321	22.09686499	20.97852851	20.54052886	20.82708411	20.66414177	21.99062165	23.56936367	20.30692932	21.09781433	23.66250522	21.44559171	19.79481355	19.35525941	22.05091853	21.71454895	23.08031876
5-OXO-L-PROLINE_HP	26.20005746	25.95306642	26.23417594	26.06761077	26.62870768	25.04947035	27.54302661	25.57425123	25.37571043	25.87851619	27.07244151	27.55791493	26.17576304	26.24028712	25.81687698	26.27853527	26.12138583	26.29829025	26.4732879	26.6631456	26.03957186	26.1436655	25.80891187	26.53601493	25.82736196	25.44396656	26.27237791	25.04772315	25.20329529	25.62332857	26.34568682	25.13918666	26.12241089	26.29424701	25.2836939	26.64317509	25.47345679	26.3198137	27.73073881	26.18534808	26.88395687	25.66787549	25.56466472	24.56618103	26.40282378	25.62807724	25.26806011	24.676177	26.24269192	26.39062128	26.33593464	26.55123988	25.30212202	26.92154822
5'-S-methyl-5'-thioadenosine_HP	30.0585077	29.01533587	31.28550705	29.82267836	30.28795042	29.24056069	28.57688244	28.26657746	29.23615628	29.15761229	30.14291063	28.74107215	28.65409724	29.80798679	30.03557404	29.93892598	29.55633632	28.9989028	29.51845925	29.51340452	28.62345782	29.87365468	31.24362939	28.93625477	30.07733121	28.36111049	29.981628	31.24771183	29.64979756	28.20474129	29.94128217	29.94001306	30.28040381	28.92681849	29.850112	30.11866592	29.83988015	29.88126446	30.83911899	29.29892474	29.10107665	30.09321562	29.99386363	28.835137	28.52443518	28.58801426	28.53270251	29.22387308	28.70175046	29.90350856	30.31175919	28.92339084	28.70876937	28.53920177
Acetaminophen_HP	22.76098827	20.66592467	23.42168143	22.29374571	19.61115549	22.99618786	21.79330419	23.19169929	22.54192834	23.96546391	19.30359891	21.20522288	23.49851105	21.79659277	22.2578299	22.60925152	20.72438786	21.7736524	20.20242877	23.44723828	23.15221895	22.69707417	24.3924799	21.09140734	23.95267161	23.31431067	23.37957031	24.17135541	22.87160651	23.35871923	23.25399303	24.26247281	22.64705126	23.26642572	23.19798849	20.2173233	21.31795417	22.68862386	19.57291965	23.45630998	20.6697384	21.99290443	21.69349647	23.35589204	21.16012269	23.90623373	23.34342554	24.02654641	23.17733414	22.80793775	22.80824177	21.9557206	24.29165228	20.97253506
Acetylcarnitine_HP	29.34405902	28.69356724	28.15681629	30.10010575	30.27744245	28.40354327	29.438244	28.51547696	29.41180656	28.83235185	27.61906011	28.69092494	28.60301967	30.58211424	29.83823242	30.37784722	28.62640984	29.36601816	29.11509598	28.46845814	29.00059884	30.1137133	27.78314261	29.00880263	28.09975014	28.53417083	30.18789626	28.22978236	30.53634396	28.4140171	28.67502305	28.2551425	28.19955441	28.67309199	29.00201195	28.89756784	30.54710562	30.12625108	28.30416599	28.40219876	29.22626523	29.09430222	28.98470377	28.48074179	27.87811384	28.60476554	29.07477392	28.31114178	28.62884043	31.08940372	30.53093329	29.36906077	29.17746169	28.58869211
Adenine_HP	26.16514278	25.14805402	27.37225831	26.22839395	26.35132451	26.47877829	24.89148907	24.89858111	25.43496777	25.30325122	26.26761133	24.87558716	25.10020902	26.01668155	26.06417432	26.036623	25.77282046	25.2118466	25.61268053	25.92034127	25.66648083	26.00493527	27.28679968	25.11590126	26.15438032	25.60037725	26.0236957	27.13225287	25.84895666	25.64694861	26.18557271	26.10056238	26.33479874	25.33054905	26.03434345	26.19177832	25.82697951	26.04041486	26.81659564	25.59120733	25.32804335	26.25402977	26.12965263	24.96201584	24.8148393	24.8517017	24.97447485	24.72753804	25.79703878	26.02114409	26.39389529	25.22882473	25.15124798	24.81652185
Alanine_HP	23.88596786	22.63365532	22.63934736	24.63229865	22.62439705	23.44109346	23.73089977	23.24256047	23.43270471	23.16805124	23.97137249	22.55203701	23.57201416	24.63630925	24.84696495	23.29602466	21.71783089	23.52598102	21.60500389	23.66966256	24.47424343	24.73817984	24.43983139	21.88909411	24.40690507	23.44065981	24.06425221	25.42550209	25.45738199	24.29791295	22.98949534	21.74548071	24.91463312	23.62572222	21.91162727	23.27089479	24.19700052	22.99771659	23.83900918	24.21364866	22.11521889	24.72198552	24.08732737	20.74043857	21.76047161	22.37185779	24.3950269	22.76855369	23.64299558	23.37299202	24.47058226	24.03139541	22.74015512	22.86230032
Alanine betaine; CE10; CJKONRHMUGBAQI-UHFFFAOYSA-N_HP	22.34605859	25.21972316	24.15283833	24.27248828	18.38688203	26.00354423	24.74715351	25.23443331	24.18940243	25.51413921	21.78840494	26.12376937	25.57388195	22.74918259	21.93994405	23.05609566	18.80809371	23.75542155	25.30046428	25.26089546	24.48899876	23.86362433	23.38158813	24.57257955	22.96253672	25.65092185	23.80809928	24.15283868	22.70857504	26.04878051	26.00279652	26.33730747	22.70689802	25.87255947	26.37205696	21.85491745	22.69079497	24.33518008	21.48161434	26.13521979	24.82326229	23.84065676	23.91621115	26.05975904	25.69964775	25.23093943	25.08568071	26.53118537	26.35539647	23.22672911	22.80514675	23.72348184	25.94259513	25.19039444
Alanylleucine (isomer of 675)_HP	20.86839333	20.1443914	22.56649586	20.07829754	20.70142406	22.38791246	21.94880536	23.2142723	20.80519885	19.78027157	22.21140359	20.43702695	23.61204691	19.32947841	20.28348665	18.51869847	23.02619519	20.27209474	21.04082242	23.43991333	22.96316093	18.72494121	23.18857842	20.27881814	23.91446823	22.71931576	19.55480445	22.82048261	19.61890857	23.42985097	23.26701131	23.75096903	21.36974585	23.63194441	22.7289693	22.26424677	19.61604852	18.2573271	21.40395006	19.2938461	20.05138932	21.53257507	21.40229468	21.78225198	22.43674766	22.01201211	23.06838788	21.42610415	24.21539896	20.84851875	19.55956237	20.99338835	23.07948573	22.94401708
allantoin_HP	NA	24.24844358	NA	NA	24.13436027	NA	23.65649516	NA	NA	NA	21.38897065	25.49655027	14.14993864	NA	NA	NA	22.74553705	NA	25.6311028	NA	NA	NA	NA	23.90961722	NA	NA	NA	15.54340739	NA	NA	NA	17.06111266	NA	NA	NA	23.01841194	NA	NA	23.38724934	19.26389964	25.77448957	NA	NA	NA	24.45752109	14.22034925	NA	16.43686198	NA	NA	NA	NA	15.63913895	24.3924799
Allopurinol_HP	24.65154748	27.57474449	25.31508321	23.62568573	24.79394182	27.99356989	27.57860476	26.63254492	25.56276511	26.13036388	24.8430821	27.71904895	27.30386151	24.16898603	23.39177896	22.79889548	24.07280666	25.88030355	28.30893058	27.24610456	26.79097398	24.36767011	26.95175132	26.3334088	26.61228289	26.72274655	24.24595745	25.55791499	24.91771365	27.64548098	27.74378882	27.91132898	25.5228287	27.59709051	28.3936789	25.43799541	23.19043003	24.20791716	24.72719606	26.41846647	26.10018828	26.37111067	24.96121828	27.70216956	28.47749942	27.18833973	27.1040817	28.06943723	27.5647774	23.88708961	24.19785462	26.09078542	26.89135543	28.49931474
Allysine (not validated)_HP	24.60749889	24.41262945	25.1622221	26.21072958	25.8546556	24.43441375	25.05902311	25.58522173	25.9493931	25.45152159	25.43280867	23.25494811	24.81171056	26.15560103	25.85497868	26.20713103	25.37911212	25.75907382	23.97407544	26.09317035	25.35544108	25.53275589	25.81225588	23.97544232	26.58794816	25.09113526	25.27648314	26.17137365	25.73078657	25.14853099	26.21127575	23.54699872	26.60989569	25.09703189	24.65399375	24.97946157	26.49369176	24.65801867	24.38634474	26.16802362	24.38816693	25.93890446	25.65525021	25.4371908	23.99006436	26.3972182	25.84533441	25.3661904	24.59846918	24.96948987	25.95651659	26.02150113	24.79882221	24.25672459
ALPHA-AMINOADIPATE_HP	23.92254165	26.31047521	25.01809678	25.52733724	25.10294643	24.35809236	27.63342498	24.68542375	24.99685173	24.7906896	24.43859338	26.70991339	23.68732477	24.45762624	25.21487389	25.59219609	25.461711	24.37988176	27.23013773	26.52211991	25.66716418	25.15168592	23.10807894	24.70234776	23.81063141	25.04650969	24.70741855	24.37669519	24.58276709	26.40115887	25.37048464	26.3476422	24.80611472	24.50452452	25.27702906	26.18057126	25.71905674	24.45569401	23.61201428	26.08850843	27.06586484	24.03337485	23.55285684	26.97098083	26.27383827	27.14721271	25.28332962	27.61742623	23.15865943	24.90621623	24.50164766	24.30231117	25.69925032	25.61218661
AMINOADIPATE_HP	24.58868288	25.85042585	24.52488478	24.62595286	24.89248934	24.61974391	25.81147908	24.90262132	24.37598705	25.36065276	24.8861749	25.19597282	24.88153896	24.28297409	24.37084196	24.62642689	24.98394812	24.40507804	24.76518223	25.25727335	24.5912423	24.41728968	24.21487491	25.41550193	24.71100174	24.92282755	24.235223	24.29056049	24.35376497	25.05300133	25.39837659	24.51630137	24.90062679	24.94220421	24.78768195	24.46498488	24.46542449	25.7378007	24.49557147	25.71297445	26.15017916	24.28300642	24.36706997	24.87043634	24.99286861	25.61736457	24.85901252	25.39712057	24.82652932	24.72723545	24.21078478	24.22112216	24.79874086	24.82163768
Arginine_HP	30.33980537	31.31937109	29.76092615	28.37936933	28.98064748	30.42079962	29.8878591	28.97092201	29.2728365	29.30350069	30.01325897	31.49029889	29.66896173	28.64746789	28.49364627	28.60531224	29.8724464	29.26003755	31.7383268	29.50495536	28.25891433	28.72991328	29.09026852	29.92819577	28.39834499	29.02744657	28.68170534	28.48999781	28.57216264	29.8691023	30.55565905	30.14846397	29.88759879	30.00339021	30.60264822	30.31601142	28.65343899	28.93584516	30.74595599	30.26548252	30.91593431	29.13750045	29.11571896	30.59409251	31.61637637	29.14398445	28.79682468	30.4494424	29.81471605	28.78335223	28.59108828	29.32938748	29.4878578	31.14643199
Arginine ethyl ester_HP	23.07066582	21.28223564	22.19270644	23.76442618	22.2774044	21.32790847	21.97664637	22.02528758	22.90218855	21.372788	21.56964743	20.87158519	22.02797673	23.69461728	23.56148105	23.83408475	22.17175599	22.74044819	22.17822131	21.92980519	22.27603508	23.34091346	22.29879672	21.47126168	23.21799196	21.55506645	23.63949396	23.17024231	23.43613836	21.90112165	21.56681432	21.36977351	23.12494705	22.07675474	21.79722358	21.82155873	23.9839064	23.60540461	21.88000914	21.61758954	21.71437356	22.57948094	22.77559834	21.92926642	21.16908364	22.23562872	21.95223957	22.11715992	21.70499527	23.96681404	23.73350896	22.71241221	22.23389433	21.45330158
Aspartic acid_HP	22.00775953	28.93134269	22.10540752	22.30198431	23.88790652	23.80901418	23.7639004	22.99021048	23.51928589	27.31477625	23.42856684	26.46835627	22.59919996	22.98902689	22.8124539	23.01323141	23.37636459	23.85453222	25.61141532	22.94577536	23.0573774	23.14553734	22.53484814	28.0440099	23.04654589	22.37383697	23.22143129	23.11343283	22.70524655	24.25043609	24.24951724	23.07653619	22.29894184	22.99314969	23.82037062	22.31760497	22.85964675	24.67970041	23.34377669	28.38341972	29.40515743	22.42403518	22.69439813	24.96247001	26.64762062	22.47706695	21.98354517	25.26833678	23.10496504	22.88078023	22.71237291	23.40576999	22.24049529	24.64864383
beta-Alanine_HP	31.46388172	31.10539696	31.23304463	30.25384815	30.96172357	31.28854329	31.68625665	31.05361747	30.54512668	30.82137802	31.41266229	31.49264461	31.51579088	30.1088375	30.59105561	30.55169008	31.90419662	30.87432081	31.59276505	31.36997401	30.87685442	30.11161397	30.83090589	31.12624996	30.70681683	31.08086135	30.35134803	30.44563845	29.86242838	31.22615264	31.51228293	31.30691738	30.87646986	31.4979954	31.50140953	31.30726706	30.6452661	30.25505857	31.01525136	31.10840909	31.24629126	31.32044719	31.04624557	30.85566653	31.48825051	31.17279366	31.04810697	31.11098532	31.49124054	30.10593468	30.8791695	30.89109532	31.25980712	31.69841189
betaine_HP	31.55085931	31.79536456	31.62125451	32.09076087	32.16672903	30.74053621	32.49123839	31.36432349	31.37433615	31.45517871	31.97418417	32.12629142	31.48994523	32.0057107	32.04520432	32.29798628	33.00982778	31.23181289	32.4247338	31.37469256	31.3259652	31.68293198	31.26001699	32.2178209	31.75325117	31.2456876	32.34796274	31.70963586	31.89263428	31.6352375	31.23241102	31.25934869	31.84600541	31.42029442	31.05304959	32.68278567	32.27946667	32.14183215	32.25671872	31.56997056	32.40796144	31.61649965	31.40863343	31.00174027	32.29599571	31.36940938	31.24818879	31.33767967	31.20599775	32.17550151	31.99606789	31.37282671	31.59160633	32.43519988
Betaine; CE30; CE10; KWIUHFFTVRNATP-UHFFFAOYSA-N_HP	33.35696455	34.52130054	33.23257582	33.87382809	34.0988484	33.70742904	34.88181926	33.76914225	32.97390557	33.63680641	33.67435227	34.58871051	34.11543964	33.33053196	33.61581906	33.8956184	34.56403628	32.95180801	35.33033838	33.75779179	33.65862455	33.18513455	32.86302686	34.56616012	33.36296683	33.61768449	33.58327873	33.24406076	33.23975723	34.05647487	33.88058336	34.03786435	33.20553382	34.03997128	34.06924406	34.2802926	33.89303943	33.39529389	33.78483103	33.8595033	35.01668903	33.18889255	33.11496869	33.84812606	34.78421377	33.84569349	33.73477265	34.02978272	33.96081577	33.4735154	33.66069086	32.95282262	34.03269857	34.77868276
Calcium (+)-pantothenate_HP	28.58496591	28.38482485	28.88798589	29.21165547	29.05534291	29.11652882	29.74230466	29.69134583	29.75653351	29.02999708	28.82477264	28.85958983	29.53502469	29.58649294	29.45739855	29.44846398	28.98012813	29.18528933	21.86249608	29.54816574	28.96149627	30.09142373	28.88186012	29.15506686	29.37816877	29.82866664	29.77968285	28.68910892	30.02236746	29.21781772	29.35662406	29.81831598	28.57210696	29.53443584	29.20784948	28.59249177	29.5272425	29.81976058	28.51789926	28.89702016	28.81470776	28.95590736	28.49929116	28.66412821	29.49459745	29.5367432	29.40147759	28.86332905	29.64396834	30.22938898	29.14424141	29.20602125	29.79606692	29.18146963
Choline _HP	33.73142988	33.77790316	33.40439798	34.87874031	35.75858179	32.11437953	33.40394851	33.32982734	35.20404749	32.50857425	35.39345474	32.47583122	32.32621778	34.57630239	35.49837494	34.86808984	35.58354921	34.38465815	33.5133907	32.4063908	32.62182609	34.12992067	33.41308787	34.00285161	34.69615953	32.633452	34.31862221	34.90760058	34.18573992	33.0974447	33.55021789	33.40078962	33.53636401	33.3531088	32.70767758	35.0827918	35.26749256	34.20418212	35.05341614	32.86120902	33.49516816	34.54865312	34.27714487	32.67788874	33.31226752	32.95347716	32.93275328	32.63022827	32.33345173	34.72341326	35.44737302	34.25493472	33.48578483	33.58576114
Cinnamic acid_HP	21.53674209	22.45192689	21.32289699	21.80248588	22.4390743	22.71791972	21.96560143	21.48694418	23.17400564	21.9106393	22.11372463	23.44379489	22.03154416	21.86617696	21.67341684	21.48703709	21.93983719	23.30562771	22.78897941	21.78320106	20.86151012	22.07308563	21.87165737	22.18496465	21.94021271	21.78804095	22.15039209	21.5625812	21.58293422	22.58056582	22.02987561	22.51337764	21.68687825	21.89578108	23.06207203	21.76667849	22.13105626	22.3836217	22.14121724	22.39103204	22.60767022	21.7337074	21.8778002	22.29993379	23.94361759	21.69150499	21.48438896	23.56162517	22.26331051	22.141668	21.93752699	23.38611004	22.24958536	23.70249459
CITRULLINE_HP	26.66883933	27.36501445	25.75044969	24.28374284	25.49862052	27.3448869	29.06562454	27.13731975	24.51348854	27.00965913	25.96030272	28.30611236	26.4193096	24.23460303	24.260935	24.32665493	27.57945059	24.74234571	28.13704295	26.90827428	27.40875417	24.19483746	23.89639827	28.36895016	24.17904066	27.43779504	24.87560417	24.92673475	23.93871025	26.89655315	26.75270642	26.59699392	25.11361842	26.43508263	27.60891728	26.89514768	23.84894804	24.30791207	26.20170971	27.08982177	27.9966008	24.89818462	24.32705041	27.2574304	28.89253425	27.71194888	26.90068318	27.32756997	26.8406198	23.98448691	24.34129757	24.56060897	27.43634931	28.49830175
Coniferaldehyde_HP	23.50653709	19.27360981	23.14023847	20.75736321	16.61094421	21.48831721	21.44798043	23.17167853	22.74273474	23.56407698	20.47974061	16.96368321	23.44146026	20.42571074	20.16674605	20.10099737	21.78684961	22.59418418	16.15224978	23.67553593	24.57630749	20.6719267	21.45542229	21.35380039	21.89361374	24.45430091	20.15293485	21.76286284	20.5911277	23.28845594	23.17508443	22.55897989	21.91173917	22.6381384	22.05746829	21.46547719	19.83689727	19.75776392	15.71484208	23.48209101	20.08555692	24.23844468	24.20194416	21.09734526	20.15736531	24.46411369	23.38994501	22.42963702	23.26466465	20.48891419	19.0539109	22.50943229	23.61199236	19.23595567
Cyclohexylamine_HP	23.30207941	21.83228819	22.66466183	24.23890535	22.15853298	22.613001	22.27958865	23.48836199	24.03359386	23.11274307	21.92396734	22.07123143	23.39666181	24.13123569	24.08083862	24.18170044	22.20873746	23.86049083	22.54306294	23.0960796	22.94916213	24.08992307	23.63510903	21.94256027	23.80433871	23.31975044	24.82788705	23.69569579	23.82303929	23.03677839	22.5662159	23.32725333	22.88877388	23.13804681	22.95009664	23.41312651	24.2471983	24.10322035	22.02783287	22.97783498	22.3147813	23.73362201	23.50820603	23.02871394	22.12998174	23.31666962	22.8361679	22.54455048	22.99772709	25.14297463	24.28530101	23.69959204	23.63116321	22.79678175
CYSTATHIONINE_HP	24.68565908	26.17600376	24.3924799	22.94000488	24.04728383	25.43977546	26.10731503	24.57022016	23.50338244	24.85553979	24.99158054	25.37126802	25.58274005	22.48022279	23.27130531	22.72774255	25.79902362	23.49277372	25.26486527	25.85741238	25.27618974	22.76384284	23.41092807	25.12908205	23.44768082	25.10739748	22.90288734	23.26871294	22.11556628	25.44611856	26.37128592	25.47904582	23.95603572	25.40333386	25.43565665	24.77847116	22.84603584	21.17361629	24.9513456	24.88284681	25.62199807	24.49737903	24.25843482	24.79501548	25.7648524	25.08855598	25.02769744	25.81779146	25.67753933	22.43417019	23.02966738	23.38089298	24.65823504	26.32088235
"CYTIDINE 2',3'-CYCLIC PHOSPHATE_HP"	16.42150436	21.84286482	16.24896224	20.06710054	19.69952559	17.5855858	16.74302867	18.16299891	20.47805817	22.23306052	16.01366685	22.77134284	15.78042217	20.49793448	21.32871394	20.53272425	15.51270125	18.74140946	20.10309021	16.05882676	17.9997416	21.06343342	16.61795669	21.3375754	17.92542434	17.4141813	20.90653004	18.06428094	21.53827011	18.293831	16.17621032	17.04035094	16.62749912	15.49042418	17.00584144	15.35978397	21.48764456	24.59697108	15.37942771	22.77065523	22.59900265	18.36880514	18.7621084	19.15152398	18.86677661	17.34417869	NA	16.51008357	17.06227094	21.04510075	21.43724062	18.86407899	17.74371272	17.91595346
CYTIDINE MONOPHOSPHATE_HP	24.92401523	25.72228905	23.66552927	24.67696663	25.29762492	19.8101547	21.99449407	21.81886501	25.31808193	25.62321282	24.32719117	25.21534681	19.74409495	25.44730278	24.8887365	25.22441895	23.88293877	25.21022954	22.01090615	20.11342738	20.38799495	25.69715367	23.96751841	25.87737232	24.28879046	20.09221169	25.56832519	24.22539444	25.27982381	20.53412092	20.06156318	20.39159496	23.22041825	19.60918942	19.63901443	23.64800237	25.37701631	28.30376492	24.04416652	25.63097325	26.15382888	25.79250003	25.46337978	20.86041493	21.21959138	21.09420618	19.85798287	20.09138778	20.56492831	25.58896292	25.29345831	25.04928021	20.93215565	20.45675879
Cytosine_HP	23.75592226	29.66775208	23.22585158	24.05812109	24.17728331	24.60028233	25.22379503	24.68820398	26.54644316	29.48121811	23.29614109	27.91855953	23.8134833	25.64153015	24.4891086	24.10495778	23.71660127	26.29125523	26.02836271	23.7772704	23.63780708	25.86453522	23.41871835	29.91275209	23.57492587	24.24036209	25.51661397	23.7407284	25.76704086	24.52870662	24.34398489	24.60593252	23.11954763	23.91228171	24.74110406	23.77690889	24.12263591	29.55403339	23.52814516	29.59718671	30.46650541	24.40757402	25.23610798	25.19735648	26.55470819	24.31306656	23.61966223	24.32051226	24.38361797	25.66644268	24.05062407	26.36753791	24.21299111	25.20142605
D-Glucose-6-phosphate_HP	24.16813171	23.812942	24.45070575	23.56165611	25.1820728	22.49218042	23.8306015	23.12108935	24.3930334	23.08932224	25.81641961	23.89515191	22.47667442	23.96093549	23.76253241	24.05626672	25.68776939	24.22053289	23.63447514	22.35371337	22.69271113	24.36653168	24.26752763	23.97869516	24.95854786	21.91222025	24.16482915	24.7383761	26.79148357	22.55602847	22.18402555	23.07889942	24.11241557	22.51671684	22.24927114	25.4432046	23.96906383	23.59122347	25.78798817	22.80721754	24.36389114	24.11182392	24.14769461	22.17033037	23.53810382	22.43581396	22.11167197	21.58285527	22.69260726	23.87927518	23.7981848	24.11491769	23.19534595	23.52164241
D-TRYPTOPHAN_HP	24.90901058	25.09787278	23.30793196	24.51182832	24.97399339	25.50418819	24.92548089	24.64112197	26.5070259	25.019222	22.01464218	25.15917847	25.33306101	25.43381768	24.72552153	24.583387	21.10940147	26.54656773	24.83636619	25.0359799	23.42554728	25.57436715	24.91960721	24.90094919	24.11009653	25.03233717	25.37580853	24.4082646	25.11726887	25.71646498	25.50501277	25.84847052	23.74010769	25.35001392	26.0071051	23.02138219	24.7753094	25.82863001	23.77100576	25.49855485	25.33628554	25.08934607	25.08665832	24.76526303	25.89051748	24.90619689	24.50130417	25.41455819	25.63824179	25.54956641	24.7411137	26.69183933	25.5933724	25.79221954
DEOXYCARNITINE_HP	24.10660061	24.75619307	23.08550431	25.30534792	26.51800628	23.78706292	23.18813319	24.02609182	24.75300993	23.52199698	24.85440934	24.01131946	25.45853826	25.32301767	25.10117718	26.0687484	25.05352256	24.79474575	24.31815271	25.43102195	25.55405834	24.83805174	24.13202259	22.85121881	26.08271669	22.88751728	25.15306245	25.84028167	25.20238654	23.7985542	23.30438232	23.67308052	23.92411378	25.42565249	23.46829086	24.38100619	26.15568291	25.7445621	25.02116103	22.78678246	23.46152805	24.08120126	24.22172799	23.24539727	24.78279459	22.48825043	24.65703593	23.64845675	23.88339302	26.06467879	26.61986828	24.8815019	23.91436042	25.60096688
Dicyclohexylamine_HP	18.96462168	16.20276135	20.26836322	20.45227467	21.42622299	20.38821868	21.40282168	19.67665577	20.62667114	19.88294835	21.05142028	21.83892024	19.64363359	21.19882979	20.52019196	21.77960685	21.17018488	20.27150631	16.67576497	18.98927173	18.42403518	20.72832336	21.60416883	20.0874599	20.21624019	20.02100957	20.30304478	21.98612684	21.14836325	20.74076713	20.39178812	21.44434286	20.09419758	20.59793372	20.84580631	17.22841132	21.58856976	22.43446857	15.3019662	21.213131	17.12561332	19.63525541	20.84555951	19.74245142	20.97977558	19.91519995	20.15800584	20.67232648	19.5846286	20.53211676	21.69958272	19.48883797	21.49311754	16.5215831
DIETHANOLAMINE_HP	23.88050379	22.42534635	23.59794566	24.47612769	23.23168934	23.26240706	23.20532895	21.76668762	23.38966765	21.61613048	22.97241374	23.09250967	22.8880707	24.47143169	23.86047215	24.24547909	22.84708637	22.51520511	23.44032732	21.8615678	22.66785585	23.478801	23.24245026	22.75786242	23.12374546	21.87398191	23.60429334	23.97414082	24.15041699	22.30512844	21.73059433	23.1302802	23.54249649	22.78003138	21.98034753	23.13412094	24.35979089	23.36002781	23.00848175	22.00660255	22.7164376	23.32279848	22.81694906	22.77546643	22.54836679	22.2942523	22.15878995	23.21296856	22.00248017	24.74261316	24.51275502	23.55076707	22.39433021	22.68621521
Dioctyl Phthalate_HP	18.53814818	19.68627822	20.66036409	18.43659569	19.78425604	20.22532607	19.48474481	19.49701439	21.28422967	21.83318727	19.08456367	19.72706883	19.78978162	20.80003872	19.60850568	21.2255088	19.5889301	19.75807089	19.35557606	19.80889415	19.48820885	20.42672588	20.67540488	19.50457467	20.08129782	19.73802538	20.83514063	20.09047783	19.68475356	18.85801894	19.96577897	20.69574254	19.60231352	20.31659348	19.22706479	19.05204248	19.37626792	21.51900913	19.33835131	20.63456162	19.08836201	20.76334522	21.60410475	18.92449653	19.57732628	19.33050552	19.64659864	21.91170052	19.75965861	21.70966027	20.88401282	20.1430967	19.90548564	19.79094542
Diphenylamine_HP	23.6850425	23.64900984	24.33789321	22.98341328	19.39733804	25.66889622	24.65480636	24.42885258	23.08848002	23.96953869	23.404919	23.20873011	24.1795293	22.78380965	23.10666182	23.01441544	23.79788327	23.59175531	23.5342087	24.27076883	23.99474869	22.6687081	23.12718032	24.16862559	23.34481753	24.18012895	22.66856605	23.32250054	22.79538473	24.32322958	24.3454399	24.88911813	23.27852568	24.27494654	23.62500262	24.11199863	22.98288255	22.42258974	22.79492438	23.76042438	23.75146867	23.48472452	23.45376721	24.74112014	23.67137564	24.07187097	24.28226947	22.83374345	25.43698422	22.70022787	22.98033362	22.87319993	24.66326993	24.35304845
ectoine_HP	23.36602203	23.2987263	23.6057114	24.46423391	20.88064728	22.10036762	23.95289043	23.75424611	22.20874579	23.45190858	21.73944849	22.79755897	24.05587373	23.82858445	24.35274017	24.45656414	22.70409299	23.9247752	23.23834415	24.40002666	23.79223715	23.65241246	23.8887985	22.84131903	23.00066823	23.94991941	23.74251703	22.54250667	23.34630178	24.01530621	24.66389333	22.35652292	24.31108463	23.87456773	23.31389781	23.48920576	23.73543927	23.56822378	22.61412654	24.2928498	23.52666789	22.67250514	22.45116606	24.53956874	23.09975388	24.61351578	24.70050489	23.12592958	23.60262906	22.32773554	23.97544177	23.16349772	23.11831613	21.72475684
Gabapentin_HP	23.39316777	20.89812447	23.60029117	23.34175019	21.90663923	23.6780529	20.63002341	22.99974577	23.35378485	22.18659945	21.86041543	21.85187283	23.09609138	23.27144377	23.26415781	23.43322602	21.79729817	23.25795185	20.87844223	23.31361027	22.92584441	22.92548044	24.19897573	21.348377	23.94402272	23.12696307	23.31210411	23.38978255	23.18490623	23.71793407	24.18906298	23.79664755	22.62332749	23.30163352	23.98306392	21.73051434	23.44687649	21.61423689	19.00366813	22.28607341	20.80404688	23.94537622	23.57537585	22.81103521	22.07855647	22.6645192	22.7611368	22.28478432	22.91862751	23.66525717	23.81750039	23.38771645	23.40921266	22.16532147
Galaxolidone_HP	24.92588721	22.17887588	23.84899605	24.75657782	24.83916535	21.30562545	21.84185789	21.5714689	25.66199863	21.48861299	24.65325641	22.44909005	21.3030376	24.73994492	24.74558087	24.80376473	24.27335584	25.2880112	22.84589863	21.27875512	20.89579172	25.02191835	24.81416928	22.10108608	25.10793045	21.06153074	25.03479066	25.04264963	24.35095797	20.97289295	21.0581168	21.59978251	24.40663129	21.73510341	21.64054839	24.33932213	24.91011145	24.6347991	25.11338032	21.36774527	21.98418754	25.35104839	25.32094128	21.39548935	22.13940611	21.05440364	21.04671105	21.29236568	21.47728622	24.84802212	24.60771474	25.24423299	22.06408894	21.65314913
gamma-Amino-n-butyric acid_HP	26.8364045	24.57575748	26.17019724	26.53773396	26.60951944	24.83880303	25.46808719	24.43362892	25.97386201	23.79017354	27.42487108	25.28562568	24.82564127	26.82422103	26.68270185	26.47656364	28.35052107	25.93247593	24.8668868	24.5313607	25.17303086	26.44534433	25.32471612	25.16342974	26.73433262	24.349514	25.78191595	25.67182522	26.15994952	24.36916741	24.84993799	24.10353738	26.28909009	23.44660551	25.04985991	27.23432053	27.97312716	25.68278144	27.51360831	24.19390923	23.8080119	26.2898855	26.13753867	24.4012567	25.0810366	24.94776005	24.85270722	24.21216346	24.78724663	26.76570565	26.99908739	26.09791915	24.10131747	25.12777088
gamma-Glutamylglutamine_HP	23.92239454	22.96220276	23.71506944	21.62850236	22.67717401	21.68206406	24.19690085	23.35429728	22.97181124	22.8438789	23.84656853	22.57893234	23.2483182	21.09769415	21.41728565	21.61379453	24.41931236	23.74937833	22.70486883	23.01353561	23.00114532	21.37621488	22.49919043	23.86891205	22.46837257	23.00057755	21.35162517	22.51536681	20.83146947	23.31005592	22.98674172	23.10603182	23.28849807	23.23381892	21.94355815	24.4039536	21.45549709	20.32525948	24.7323684	23.19618302	24.15620422	23.73374625	23.57573446	21.61136964	23.52412983	23.21698172	22.8556067	22.4412833	23.04269168	21.17977833	21.66700958	23.57605928	23.35280807	23.71346528
Glutamic acid_HP	32.64065739	33.16985336	32.83289721	31.9957527	32.63197877	32.45497932	33.58402124	32.59676227	32.41055511	32.66625397	33.14189343	33.24012834	32.80012526	31.78670936	32.16799265	32.41570133	33.47676183	32.61935991	33.46473873	32.7319703	32.41109945	32.3586264	32.33631909	33.33362468	32.43866514	32.51956654	32.42421832	32.49406402	32.33884954	32.66819812	32.68814376	32.79201837	32.64189541	32.71182185	32.69809084	33.47952599	32.33547027	32.37649129	33.39914067	32.78541522	33.52911832	32.46773632	32.38863974	32.24323629	33.45449065	32.63756694	32.49444951	32.60185238	32.79377305	32.20527376	31.96814131	32.52272541	32.78053554	33.32293251
Glutathione (reduced)_HP	28.09033271	21.95818554	29.99286606	30.14912395	29.35940278	26.60393579	27.76334227	26.15555098	28.53000768	20.42508262	30.90815445	23.94182783	26.54803506	27.57480747	30.44972208	30.08714451	31.09940359	27.3787851	23.49989352	27.89580026	28.94144587	29.60464527	28.86189749	21.45130096	30.70975143	27.18184079	29.15680304	30.28883424	27.76503516	26.68882169	25.27097017	26.98661394	29.65200811	26.39773236	25.9991176	30.09426359	27.52407322	25.82860634	30.74797851	20.65040348	20.68629668	29.3020745	29.47976767	27.10827561	25.8414594	26.51958861	28.26476155	27.19595208	27.77711471	28.96638142	28.92897174	26.58190662	28.03473981	26.75680458
GLYCEROL 2-PHOSPHATE_HP	23.05732693	22.94235004	22.78331948	23.75488607	23.85278252	22.44930787	22.69785823	22.59002708	23.81531545	22.26559026	24.08993234	22.69323709	22.5988909	23.55269238	23.631827	23.64541804	23.5736477	23.2325828	22.96078866	22.39806419	22.37825016	23.97875612	23.19724554	23.29297017	23.56274905	22.30575674	23.66079975	23.21842093	23.83104585	21.89670307	22.50583683	22.42332889	22.50335108	22.44919255	22.59274594	22.95851212	23.83079637	23.85065523	23.44265636	22.46913609	23.4499031	23.14863911	23.38487113	21.604949	22.83702266	21.70594239	22.07625005	21.81756301	22.61970485	24.02052939	23.30083606	23.354473	22.07221663	23.15022884
Glycyl-L-proline_HP	24.70649897	23.19715794	23.89390142	24.34390178	24.41206816	23.16947696	23.27009718	23.21685114	25.46808339	22.72386429	24.17606332	23.46669112	23.21774358	24.81687653	24.27864274	24.14982791	23.97278012	25.50819368	23.18428826	23.55083141	22.73058468	25.05762072	24.76509866	22.35345225	24.70393607	23.3441797	25.12085103	24.71209931	24.655143	23.46987741	23.82553795	23.21399807	24.33235557	23.62291941	23.72458806	23.70525225	24.00616451	24.85113443	24.57768759	23.30357288	23.26665734	24.74133014	24.70435971	23.24527075	24.01017676	23.87940231	23.12959781	23.39341333	23.46619444	25.04612261	24.3309702	25.67803626	23.39797913	23.28805662
Guanine_HP	23.93986429	22.80560755	24.1959966	22.4995161	23.0837959	22.78761604	22.58155896	21.71656719	22.91549839	22.39255161	23.52036887	22.13284932	22.84727922	23.30870544	22.30753772	22.26904479	24.13572412	23.15540236	23.0412286	22.15765622	22.09014459	23.10934904	26.80155185	22.07442487	25.37307122	21.23669516	23.4162699	25.76192693	22.78295647	21.15202994	21.80347762	22.45024048	23.57708298	22.51506629	22.96138998	23.91722674	21.89645994	23.55432649	24.40164451	21.63429927	22.06354044	23.62394221	24.19027095	21.92920731	22.61866855	21.19579818	22.07419914	21.60819904	22.36539011	23.00943848	22.59173755	23.43585345	22.07614426	22.59989102
"GUANOSINE 5,9;-DIPHOSPHO-D-MANNOSE_HP"	20.18831743	23.09448296	21.02074193	21.71480147	22.53116769	19.43587375	21.59653357	19.22289962	20.86068415	21.03057406	22.63129942	21.69011384	20.02792111	20.98247579	21.6377212	22.6778499	22.63547651	20.60604758	21.99923305	19.78019503	19.25496476	21.60378504	21.9743974	21.66933951	22.61427698	19.10296405	21.75850798	22.32625616	21.17161323	20.29110866	20.20481644	20.80474794	21.37001052	20.54722485	20.04323263	21.66284832	22.46234408	21.92751962	22.34862739	22.41248595	23.12993542	20.95232716	20.89182418	20.60478397	21.59637427	19.54333801	19.59918879	20.35006319	19.45093682	21.78275084	22.24594433	20.36172274	19.72573278	20.57486162
"Guanosine-3',5'-cyclic monophosphate_HP"	15.86056746	22.15778777	NA	20.03169648	19.23749375	NA	NA	15.03328617	20.35023516	22.62678362	15.57941	22.62030746	NA	20.65761713	20.77193857	20.69780657	NA	18.38766777	18.91733564	14.8319284	NA	21.17668755	14.15284101	21.74577701	18.22132512	16.07475893	20.71419077	17.61444047	21.72395212	NA	NA	NA	NA	NA	NA	NA	21.11672354	24.73787857	14.97246967	23.20842947	22.83667833	17.57995193	17.99625914	16.66254906	NA	15.50537962	NA	15.37613643	15.09355543	21.5525312	21.65004437	18.43478476	16.52922102	NA
HISTAMINE_HP	22.91644969	21.79995748	23.05086671	22.83447353	22.2933869	20.57226077	22.70517467	22.2512816	20.87869056	21.74836327	25.04518495	22.08380454	21.8998319	21.82954552	22.22697248	22.08758404	24.58991806	21.10366499	21.84844352	21.40458247	21.23393148	21.66472942	24.39062249	22.66616459	24.8375686	21.92179322	21.54061712	22.77435811	22.5908214	21.44180956	20.60159639	21.47017812	23.96209751	21.90616817	21.3266199	23.2398487	22.67967807	22.20210923	23.84356715	21.45592104	22.26817115	23.16854731	22.90308336	20.9344901	21.68091848	21.9353873	21.84382054	20.38490844	21.52191307	21.88505438	22.4354721	21.02854285	21.41395578	21.64611992
HISTIDINOL_HP	28.21416436	25.34878576	27.03167009	24.16708995	25.47925163	25.05539242	27.46024992	26.01110966	26.09836685	25.39231565	26.75271033	25.52003642	25.64141698	23.52520698	24.04156	23.29991803	27.04193167	27.23925678	26.33981208	25.23023753	25.80824061	22.92280702	26.96605527	25.99796652	24.95058945	25.85402868	24.13974255	26.32914472	21.94268251	24.95927224	25.51551196	25.70484262	27.49384745	25.18448715	25.475725	27.85913167	23.44515977	22.83625266	27.7611995	24.51995071	25.29121772	27.6654651	27.39869412	25.0148812	25.20445457	26.07260522	25.29436512	23.99123677	25.57584356	22.25433743	24.72411564	26.96798987	26.005756	24.72438236
HYPOTAURINE_HP	26.68945799	25.19639121	24.26928836	26.79055144	27.74111208	26.11310961	24.98053018	25.20187543	26.34837416	24.73439039	25.17737187	26.26601284	26.02885934	26.50712971	27.10447335	26.65626208	25.48107213	26.42412541	25.84340535	26.25971021	25.55712715	26.6182496	26.70005736	24.96159555	26.1003402	24.64778662	26.81227912	26.50930713	26.15450556	24.83702206	26.4053198	25.86923584	25.44625315	26.23278718	26.2827607	24.57485019	26.76785056	26.16396803	25.59346922	25.10178787	25.43031408	27.87035302	27.48178218	25.55567482	26.06366968	24.62105179	25.03569763	25.49135434	26.03653292	26.48848765	27.20110714	26.27078008	25.3339828	26.54706809
Indole-3-carbinol_HP	17.66054944	18.39925223	17.73550126	18.32686876	18.66118785	18.48608014	17.5480541	17.96900961	20.03768654	18.4585316	16.43437509	17.86367366	18.63764073	19.17114931	18.1787015	18.37087367	17.73370739	19.34538717	18.85203424	18.67221964	17.37053428	19.59901451	17.7644945	18.78428179	17.40621731	18.13389336	19.08688592	17.94735471	18.5442091	19.18490615	18.84796243	19.18478951	17.34057612	18.40959509	18.8272511	17.85040297	18.09128478	19.22088742	16.6382829	18.62610397	19.07814867	18.15088338	18.03998569	17.89901861	18.89409293	18.46248843	17.94000856	19.00484248	18.49555935	19.13143739	18.05934329	19.89630258	18.95231152	19.27697047
Isobutyric acid_HP	22.6325408	22.21210039	22.30807191	23.44341981	22.43005249	22.98721509	22.4045094	23.6265811	23.13314419	21.86251505	23.07415919	22.54629199	23.02519593	22.80686515	23.52953638	24.99451564	22.47179613	22.12893832	22.87943901	22.52878454	21.44245935	22.91728317	23.1652548	21.38511515	23.2247072	22.51791094	22.97766783	22.94565594	23.68130921	22.59285625	22.4801663	23.2671792	23.98211524	23.01617868	22.93697276	22.16199691	25.17630701	23.4473741	22.24502665	22.77713304	23.40618308	23.10635111	22.9703649	21.61048738	22.50694061	22.02564215	22.65579515	22.88677714	22.10677999	23.91802208	23.44652198	22.51798622	22.64901101	22.23750881
Isoleucine_HP	29.59252459	29.34168446	28.69840683	28.67997293	29.53939521	29.82911899	29.63010585	29.04342875	30.59863483	28.63550403	29.20841195	30.0879557	29.3467866	29.65944671	29.17126743	28.46956875	29.44825876	30.92395294	31.00816636	28.69325477	28.06666395	29.34033595	28.82411816	29.43972548	29.35055933	28.66419475	29.33187018	29.08188828	29.22819059	29.51055911	29.01452241	28.94412929	28.79405429	29.29081056	30.43344165	29.18795699	29.31417409	29.80373464	29.28950293	29.04873994	29.23895042	29.76540821	29.63905809	29.64622725	30.75864487	29.1773714	28.6574326	28.87996677	29.43513077	29.6510748	29.26451541	30.93600407	29.64684767	30.29135857
Isoleucylaspartate_HP	24.135002	25.57503314	24.14650518	24.43419481	24.90478508	24.81332879	25.78904895	24.94674846	23.96648597	24.92818903	24.65144189	25.40327379	25.55561755	24.06034422	24.46712479	24.24235138	25.01879762	23.89505569	25.70797253	25.04070309	24.5063898	24.08870401	24.67055138	25.79678933	24.28581605	25.11130996	24.1581875	23.67940415	23.80806522	24.98887858	25.16871076	24.97182119	23.61686043	25.3385766	25.23702934	24.50363114	24.4007765	23.9841078	24.54509576	25.18816894	25.82076941	24.22015702	23.81257829	24.59666792	25.89734732	24.89441605	24.90705288	24.61567658	25.4579639	24.18356986	24.12810524	23.9717975	24.86797781	25.91971559
Isonicotinic acid_HP	26.67245789	24.71960364	27.11845423	26.74089047	19.85264239	27.56758214	20.73192327	27.13599144	26.86894414	27.10714466	20.01596127	25.63369587	27.23306345	26.40669341	26.92766882	26.28421419	19.11684263	26.50685403	20.16112031	26.89532544	26.71609322	26.87390687	26.34792018	26.47279727	26.30228008	26.98945019	26.2456523	25.65380663	25.95888991	26.93260106	26.88419912	27.36557297	26.06219039	27.14439273	27.37061065	19.88000549	26.76275297	25.80863841	25.80644383	27.41883259	19.53045309	26.7104373	27.00872304	26.95347194	19.05027299	26.80931158	26.67849295	27.13003672	27.17236315	26.53662816	26.56902898	26.47238567	27.41953722	19.36417161
L-Arginine_HP	24.08768076	25.87282863	23.55271614	22.38274078	24.37289163	23.95430487	24.21158717	22.32046263	23.9725245	22.91194944	24.98232078	26.20595902	23.06030638	22.45771641	22.33915329	22.42394453	23.97815083	21.78499123	26.41095905	22.64939001	21.13096381	22.80973794	22.624618	23.93749666	22.80988069	22.20539871	22.60301551	22.91679561	22.95921088	23.71609015	24.67286589	23.77296147	23.80511441	22.51558252	23.75763121	24.44209786	22.87877424	22.25018599	26.16603914	24.58393541	25.5411543	22.89950968	22.84842735	23.87102865	26.53333059	22.60509246	22.10326635	24.95466764	23.14196954	22.3745383	22.57660193	22.79009661	23.16009402	25.43651518
L-Asparagine_HP	28.04687139	29.83863007	27.80983072	26.79136187	27.7165396	27.3070321	27.64842339	27.13325732	27.64579491	27.09582712	28.47805398	27.84406823	28.65213285	27.08193911	27.07522525	26.79367703	28.65048933	27.61979339	27.64875917	27.48184743	26.72046904	27.03818962	27.50545526	27.5462789	27.36255208	26.93662755	27.03156	27.18908165	26.6772687	29.21020751	29.22947345	29.08102436	27.74637012	29.41115854	27.58069276	28.38837786	26.95723455	26.96978114	28.39808962	27.84477634	28.80184896	27.51408007	27.52841112	26.97688421	27.78482929	27.03830268	27.19531831	28.06015886	28.88300207	26.99843325	26.99291887	27.62750763	27.46702139	28.31820981
L-beta-Homoisoleucine_HP	25.58155989	25.2351834	24.91489991	27.26578172	25.35925824	27.46942746	24.56642632	26.13066781	26.71152262	25.81938761	24.31772287	26.96671822	27.58240757	26.19263027	26.81865597	26.43417871	23.84725985	26.58354708	27.11166093	26.69574132	26.16455485	26.60116869	25.79932062	25.22804993	26.65448554	26.13066806	26.61398907	25.7248561	25.45620497	26.2029023	26.866892	26.62403342	24.96724482	27.46729879	28.07614456	22.5572777	26.50079509	26.63899142	21.71600613	25.76139805	24.90987178	27.58205364	27.10671804	27.18107816	25.68378724	26.06452335	26.64996626	26.06959586	26.88833609	25.47042877	27.31956809	26.76171934	26.50423951	26.4836203
L-beta-Homolysine_HP	23.96188516	25.82969746	23.22969562	24.15264493	23.73045787	26.09196418	24.15365838	24.22909285	24.38346639	23.64057441	22.99739282	25.53070163	25.53512513	24.56013231	24.10672655	24.27744117	23.41302385	24.33149485	27.06820191	24.59538164	23.49582918	24.10303039	22.58730525	24.12357969	23.19369098	23.31212916	24.89989195	21.25414429	24.02485645	24.93673611	24.75534103	25.18143725	22.71201103	25.64835726	26.57163961	23.36247103	24.54494011	23.74447507	23.16771204	24.3924799	24.88673872	24.9584644	24.74506689	26.107502	26.45836026	23.72352418	23.92277592	25.50795557	25.26511268	24.30154656	23.82784849	24.56313527	24.42030989	26.47463103
L-beta-Homomethionine_HP	20.51209694	17.84159583	21.55853125	17.23502837	15.48157667	22.48302565	19.27178801	21.63247019	19.52613024	16.7254806	17.23757191	19.35293066	23.37718444	18.09868391	17.35140063	17.75050845	18.77259914	20.66098814	20.11259031	22.56600315	20.35313554	19.17597507	19.75540441	15.86941207	19.81654806	22.85445021	17.07231839	18.23936311	19.09902358	22.52996602	22.85932835	23.26827746	19.56575663	23.12463956	23.20948777	17.44678845	17.39289605	17.34837373	15.95276493	19.06641341	17.64053516	19.5603841	20.35955183	21.35628257	21.68080383	22.29168597	22.29769572	20.0697916	22.45956841	17.20565356	17.10715035	19.69203171	23.13052694	21.09264938
L-beta-Homoproline_HP	25.2939198	25.93288078	25.79437499	25.2731597	19.95293796	25.57398079	24.12459582	24.39422483	24.11741671	25.22464267	25.04880961	25.9161979	24.8075014	25.48155973	25.42825235	24.72079472	25.14287727	24.10339025	26.06369268	24.90849399	23.60541463	24.82016086	25.70176569	24.78369487	26.02193918	24.55738511	24.13219495	24.84468853	24.6346381	25.37843703	25.79697986	25.78449373	25.62177413	25.33451035	25.67597369	24.55306663	25.50656167	23.30819099	23.56828331	26.26244449	25.66526929	25.03970843	24.92316746	25.79067877	25.71047352	24.46977118	23.64855594	25.74630735	25.63996523	25.27879767	25.3407402	24.03821565	24.77364031	25.33774705
L-beta-Homoserine_HP	23.92360511	23.41277272	25.07116901	24.73741802	22.48461888	23.74320624	24.46732041	24.84150098	24.15739613	24.85423862	22.90825457	23.5039053	24.30921541	24.04519981	24.659247	24.99674784	23.26859273	24.53871358	23.62492886	25.6620178	24.65910278	24.82468742	24.82316828	22.90409813	23.68330056	25.20264357	24.48136746	25.08207699	24.43047464	25.32293499	26.11235371	25.2951509	25.29077759	24.70723034	24.51377408	22.5960123	24.59075234	24.37689988	22.96719817	25.56308133	23.87028624	23.59624901	23.1434286	25.79323697	23.19625811	26.01911952	25.30087464	26.04653815	24.40134183	23.76473429	24.67686882	24.10800199	24.8338327	21.53347822
L-beta-Homothreonine_HP	27.42331095	25.15151322	27.01262259	27.37883703	25.79593712	27.22586778	24.87990428	26.47628627	26.41233079	27.06054821	25.67908734	25.00489416	26.94148821	27.6600189	27.6184581	27.9333717	25.02107252	26.6438917	25.76150894	27.1051807	26.54721229	27.68104671	28.52296248	24.76098735	27.09489975	26.71850457	28.00140287	28.8909975	27.6440558	26.36031394	27.26756659	26.96134548	27.81047934	26.90086763	27.2806408	26.0840921	27.48628491	27.94121746	27.03131729	27.28746996	25.18011909	27.50406757	27.65323999	27.47647199	24.92675323	26.32474882	26.57266772	26.88298878	26.68922832	27.87380032	28.16155521	26.34770772	26.82746504	24.88333665
L-CARNITINE_HP	28.64579124	29.93521342	27.53540605	31.74671108	31.87929034	29.00175368	28.96674745	29.64265526	29.88044071	28.85655907	27.8113927	28.84787007	29.85836233	31.62217806	31.20143363	32.21272302	28.33820307	29.29283277	30.69928117	28.61358003	28.14450059	31.13397285	27.67122892	29.82137104	29.04676113	29.04331067	31.80988977	28.15231599	31.75902556	29.47425545	28.27278158	29.08710829	27.7315494	30.01255721	29.16918684	27.62654158	32.41416776	32.12033546	27.70383643	29.11889675	29.33579046	29.18928822	28.93790408	28.58969251	29.54442071	29.04287315	29.19361151	27.91959496	29.93320198	32.37197207	32.02365801	29.49473548	29.6210993	30.15004847
L-Glutamic acid_HP	26.98172021	26.81747659	26.94054736	26.36499499	26.9755083	26.32169008	26.73246222	26.6842118	27.34712136	27.28185218	27.03374845	27.71050685	26.36061431	27.20796744	27.58512935	26.20575605	27.21437881	26.85014409	27.07624976	26.33183715	27.39417172	27.07967666	25.84660145	27.64557047	28.1090006	25.68045898	26.15204852	25.30017561	26.73052189	24.45053518	25.37652102	25.2455918	26.95226011	27.94253604	26.50348724	27.74262552	28.76511172	26.79161912	27.65463888	26.50497536	27.99594297	27.92004555	27.24190311	25.04926436	28.18822384	27.24196793	26.19141357	25.77322632	27.28203068	27.27261917	27.53064305	28.13748744	26.21267125	27.51264351
L-Glutamine_HP	30.14362699	30.4492087	30.50798381	27.53040022	28.0792129	29.46988899	30.67969049	29.83262442	28.11199528	30.05161007	30.42278132	30.28937859	30.28237642	27.35687774	27.43473172	27.2472317	30.93879711	28.17213236	30.14755798	30.00757906	29.66459986	27.84769699	28.31400695	30.60461121	27.81134195	29.62925006	27.57187374	27.80198135	27.18211895	30.11290496	30.33382471	30.39839809	29.9100039	30.21235174	29.70315347	31.12727291	27.42761973	27.4936523	30.87456711	30.15123652	30.99546052	28.79635248	28.4393982	29.28555684	30.57817365	29.73650708	29.68862072	29.76569134	30.28494438	27.1185281	27.12812851	28.53182556	29.86405333	30.471017
L-Histidine_HP	29.26514451	29.97193669	28.66962519	28.05396173	28.79107043	30.09139063	28.38151002	27.83102914	28.41377607	28.02223922	29.01037539	30.52757919	28.7726293	28.07474267	28.21660782	28.20015938	29.11086432	28.36082404	30.50064916	28.07916282	27.50564055	28.18450361	28.34662212	28.41517406	28.39468253	27.67691053	28.23921583	28.00139377	27.94109732	28.7860938	28.97510353	28.84450356	28.49915814	29.00499586	30.10984808	29.0677478	28.33060384	27.73550988	29.40135223	28.4222452	28.92209551	28.56576137	28.53698389	29.64572545	30.63237203	27.73101097	27.80043409	30.21508732	28.77150153	28.14903934	28.26800149	28.45077494	28.35598465	30.84537119
L-Pipecolic acid; CE10; HXEACLLIILLPRG-YFKPBYRVSA-N_HP	24.91459239	26.37151101	25.10171303	24.35076498	24.47742717	25.33591163	25.62700654	24.93196756	23.71980573	25.31348416	25.91023971	25.87354863	25.79613541	23.95568092	24.0710772	23.91886403	25.92864255	24.20242444	26.30456266	25.40404282	25.06559613	23.590931	25.6829164	25.77726642	25.97583826	24.87072944	23.69032217	25.07061845	23.6722096	25.30051072	25.28613228	25.44467061	25.52479563	25.68376743	25.64086764	25.33967331	24.07864183	23.84196691	25.85665047	25.72528072	26.31053747	24.63139397	24.63065097	25.21690047	26.05881467	24.96011708	25.21424004	25.36284099	25.57325244	23.63333244	24.04212667	23.99802096	25.132815	26.09851812
L-Pyroglutamic acid_HP	29.18607344	29.74279792	29.74044772	26.94800176	27.31156953	28.53740603	29.95306076	28.63636954	27.07834998	29.08070115	29.72492565	29.60296072	29.3477633	26.45332756	26.36611367	30.46781541	30.2720107	27.25712577	29.3784945	29.0602125	28.69819131	26.81499753	27.331563	29.87685332	30.51773993	28.79671446	26.65104373	30.59301504	26.28890717	29.08692718	29.47856385	29.60380885	29.00408081	29.28911562	28.83216577	30.43323941	30.42258758	30.45744072	30.18493687	29.13385709	30.30773039	27.76241083	27.51213446	28.19564329	29.87054623	28.69356514	28.79547634	28.63901068	29.49716931	26.06836931	26.31463196	27.6267366	28.91452288	29.77584193
L-Saccharopine_HP	30.70481022	27.99141575	29.88650321	29.97176044	30.43391515	31.15905363	30.43800697	29.69945974	30.3089869	27.51012948	30.52299547	30.68939726	30.60429398	29.56400876	30.04169708	29.80516991	30.66233332	30.21393177	31.39184073	30.20291503	29.52471335	29.82114897	29.81192366	28.30500725	30.24962958	29.70296471	29.88596936	29.77626653	29.29441889	30.18987233	30.68861961	30.64973995	29.71833348	30.6811748	31.39367078	30.28352953	29.94527668	28.72663827	30.44371827	27.75972812	28.32921273	30.79044361	30.7337883	30.27698884	31.06309262	29.70528579	29.9097477	30.38970205	30.67743234	29.70091103	29.76446031	29.93582199	30.1978518	31.55856915
Lauryldiethanolamine_HP	25.25371872	23.51215197	25.08352945	25.87547319	23.7130889	24.42686743	23.98080584	25.01041521	25.25639977	24.89456336	23.58239793	23.34492736	25.34463386	25.69327679	25.71741692	26.06122704	24.1873168	25.2136624	23.99997164	24.89684263	24.98307292	25.50570808	24.87163596	23.76501535	25.72454027	24.70969695	25.92498724	25.5314373	25.73489108	25.01385208	24.8926185	25.05954743	25.43139849	25.08827875	24.99171567	24.08293318	26.1341737	25.91840523	23.68362845	24.84294063	23.73742308	25.23444735	25.14453735	24.83966137	23.457144	24.95337847	24.88662764	24.93220624	24.97602015	25.97427299	25.75181537	25.16796098	25.06808282	23.52862303
Levetiracetam_HP	21.38768009	24.80261855	21.08454657	21.90513108	21.69062487	22.48565154	22.80834167	22.40949447	21.08039263	25.5503918	20.03892335	25.75148912	21.31403629	22.13014102	22.06638912	22.16942477	20.14773315	19.65170825	26.08746408	20.90073487	20.89736573	21.55719577	19.06051375	25.69183041	20.18045065	21.56317397	21.7259055	20.80073352	21.85169452	22.36239946	21.60267507	23.04568447	21.09806204	21.56003173	21.26685863	21.58175961	17.46910189	21.98364711	20.69953707	25.0904942	24.15002248	21.03176154	19.78404451	22.47797673	22.21075486	23.30089887	21.2810929	22.30609695	24.38039137	21.63936747	21.72642469	21.286034	22.37765705	22.67158244
Loline_HP	22.03130312	21.70163551	22.70176989	22.27813855	21.96867981	22.45641512	21.84443654	21.5406414	23.10026329	22.03875661	22.02639886	22.2060461	22.27948599	22.93535714	22.97134675	24.21102433	22.68492009	22.52171265	22.25848969	22.08950001	21.03812503	23.24312951	22.4625575	21.47539206	23.93120963	21.48362754	23.19636489	23.26634612	23.16498408	22.04710867	22.52466429	22.83355801	23.18782973	22.37794768	22.10868875	22.14969765	23.77149449	23.72422851	21.87982256	22.84566848	21.79850274	22.543795	21.81047032	21.80663015	22.50831991	22.4985307	22.03796241	21.83767962	21.69330786	23.217428	22.6792776	23.09308842	22.45525703	21.48335712
Lysine_HP	27.48182678	30.73086988	25.96129816	26.57533795	27.43768143	29.77181152	26.65345362	25.84921888	28.2190609	28.8892807	26.23598227	31.14664807	25.34460486	27.52275663	27.09676208	27.02364773	25.99343379	27.90382975	31.9724933	24.9998666	24.8946339	27.55566884	27.457917	28.98810843	26.65916566	25.15758953	27.5289525	26.47671197	27.2155825	27.18860147	27.4958414	26.71176154	26.62348089	26.32807112	30.63404642	26.02380972	27.02761762	28.6193836	27.15215185	29.89798763	29.93489069	27.13073612	27.05010223	30.45619693	31.26412554	25.43736926	25.13886345	29.00680743	25.62261108	27.5089691	27.20969967	28.31490044	25.68213715	28.92702873
Melamine_HP	22.87445003	20.85365296	22.17047445	24.43799445	23.16283358	22.16452321	21.34178357	23.55919007	22.43784352	21.81961755	23.01558713	21.00373085	23.77502817	23.30243939	23.39551115	23.98796517	23.24552527	23.03988889	21.55965704	23.50479478	22.31320934	22.9601273	22.29443395	22.98676704	22.94354181	23.31468145	23.69523852	24.10078051	24.31821635	22.80048477	22.47908456	22.59747613	22.92764291	23.69577191	23.49122737	21.42649006	23.63470479	23.61838772	23.32703087	22.47955314	21.32381339	22.16362611	22.30714271	22.56028977	21.36886836	22.40181103	22.28179653	23.63463747	22.44964126	23.69320073	24.44366223	22.48048114	23.75163293	21.05588017
Methacrylamide_HP	30.88821242	24.5758086	29.45870857	28.90994918	29.28400635	25.82497453	26.73088737	26.59931313	27.85313357	24.7821823	29.75205735	26.94217881	27.65264286	28.43871005	28.54609194	27.95701512	30.49848224	27.62109418	26.58293206	25.87488573	26.42732273	28.33182027	29.09177677	23.67842334	27.89464043	25.99308522	27.31158403	27.98886464	27.43113594	25.69174845	24.58301242	26.59357508	30.56635101	27.34110058	26.38063159	30.54556229	28.96213362	26.09724318	30.37278587	22.88988533	24.3924799	28.99427683	28.39614008	24.74179728	26.79833526	27.01148608	25.78974939	24.90030394	27.46184968	28.16036515	28.82263828	28.04067556	27.06459799	27.56403494
Morpholine_HP	23.31673737	23.50792502	22.66367519	22.70318406	23.20981107	22.66417739	23.05683266	22.92858296	24.0750556	23.46344864	21.41802151	22.73121042	22.89288704	24.07030387	24.90429313	24.60350223	22.92253091	24.97686807	22.59582257	22.92284647	24.25475383	22.81841644	22.96266427	22.55753753	24.14827851	23.09885543	24.07800259	23.30062206	23.66463024	23.84856045	24.32337007	23.89160734	25.13444285	22.99453676	23.00539933	22.46326583	24.33508021	23.96567461	23.27517446	23.00462715	22.61924191	22.78803973	23.00683373	24.30978065	22.33168941	23.66849654	22.99546365	24.4541437	25.25588024	23.84641069	23.56385918	24.96012624	23.32285415	22.12026797
N-Acetylarginine; CE10; SNEIUMQYRCDYCH-LURJTMIESA-N_HP	27.22191519	23.79668228	25.01842521	29.10753697	29.66624359	23.06407607	22.48032634	21.98303386	28.73161286	20.96213608	25.98731622	22.09167599	22.39875185	29.61018878	29.41700438	28.71940585	24.78500636	28.6302702	23.12667402	22.3074027	22.45206553	29.86149672	27.85749814	23.54351229	28.00611127	23.46207018	30.13152535	29.0952322	29.66252637	21.87937325	22.23674655	23.59894172	26.46014015	22.66742861	22.63081855	24.82853282	28.68595241	29.96396261	27.0055824	21.51651294	24.16994323	27.75422636	26.82913058	21.94089352	23.38400213	22.40276415	21.75684012	22.45838026	22.33570513	29.67904656	29.54269285	28.56580222	22.49639817	23.40635579
N-ACETYLGALACTOSAMINE_HP	22.80491519	28.95898024	22.43261918	22.66199503	23.60129756	24.03084035	24.30459567	24.08354368	26.1622377	28.975453	22.08117803	27.10512511	23.13683102	25.23530678	23.16544411	22.81867025	22.36319789	25.85641449	25.20961691	22.98660573	22.89952643	25.25091746	22.47004337	29.25137477	22.62826347	23.5710769	24.95129387	22.88335085	25.22747735	23.97763581	23.72174929	23.94725783	21.93598943	23.1511877	24.27118571	22.47952914	22.9538163	29.13798852	22.22577119	29.09832431	29.76933754	23.84881449	24.62935704	24.64170844	25.82533255	23.67190658	22.80584661	23.70308743	23.64641357	25.05685435	23.06017691	25.92421167	23.62849668	24.30834407
N-ACETYLPROLINE_HP	26.31933317	22.99104838	24.58887067	25.73227713	26.43495313	21.95767808	23.962738	23.18419592	25.93192244	23.16664574	24.18748931	22.98023331	22.57321767	25.62055665	25.5855697	24.60923837	25.05130112	26.05024229	22.88525878	23.06737883	23.41592567	25.61829847	24.28021957	23.68377295	23.97513208	23.49455587	26.0860075	24.28677407	24.98987291	23.03126093	23.05020242	22.51786443	24.12930438	22.59048956	22.41916286	24.56054886	24.64234268	25.50727227	25.06547492	23.19206806	23.46409768	26.16840738	26.07414968	22.52310154	23.06898121	23.55891836	23.07218838	25.05439325	22.4762533	25.19798349	25.51262857	25.96823747	23.50783424	22.83759397
N-ACETYLPUTRESCINE_HP	25.3562465	29.04569018	25.18690603	22.40508881	22.06884649	28.04228004	27.6371774	27.41211242	24.89873739	28.00870381	25.5376668	27.51061193	29.29074091	22.98446983	22.64890078	21.6272271	26.68050523	24.91626884	27.44971379	29.01211985	28.33268397	22.77018506	24.69446797	27.46430629	25.52245073	27.18826653	22.6600473	24.51562117	22.15819743	28.59994447	28.43517358	28.21819015	24.54992375	29.02096216	28.1851327	25.01953343	22.51595922	22.79012146	24.55949595	28.37630678	28.38426813	25.4846774	25.14138577	27.28817341	28.40354957	27.4132539	28.14563778	27.25616176	29.02151634	23.04870672	22.10156092	24.86745956	27.56315698	28.94052885
N-Cyclohexylformamide_HP	21.88580655	22.79125202	20.42382294	20.54305065	21.09356205	23.59378141	20.53077572	21.9345148	21.89221691	23.36584256	19.7531535	21.64662243	21.57529653	21.75645384	20.95498228	21.21241011	19.64886448	21.2841305	21.30837771	21.99658614	20.74504758	21.12091728	19.60933106	21.67458417	20.47726626	21.84829925	21.95833748	21.76978716	18.90530041	20.57112373	23.13592542	22.81698099	21.53769874	22.84178093	23.57857565	19.80867485	20.19866919	20.81828971	19.4441217	23.46645009	21.7522318	21.29496897	19.43094223	21.98902245	21.19285261	20.02190826	21.97505424	20.27540864	23.70014033	21.25588902	21.32106714	21.87907213	20.24564557	20.6067101
N-epsilon-Acetyllysine_HP	28.31829533	27.43584746	26.62826853	27.79920053	27.51776653	28.54077499	26.96998588	26.61776224	26.63380276	26.54349074	26.98618427	27.27757608	27.36524958	26.39534128	27.66772975	27.1031142	27.35688798	28.26781288	29.60035179	27.60034376	27.46273081	26.82363075	27.93841782	26.66768969	27.69375556	26.46542272	27.12972996	28.10607251	27.01447216	27.05989343	27.98856844	27.10493041	26.84874996	27.75770856	28.9175643	25.46499036	27.22370273	26.26046129	26.81277842	26.62708814	26.85833433	29.17860018	28.72168282	28.59399005	29.25140926	27.09603105	27.00558214	27.78284746	27.32795456	26.285593	27.1192242	28.43198158	26.979884	28.29772463
N-ethyl-4-methoxybenzamide_HP	22.02227821	21.78127868	22.39183258	22.56875919	22.36486891	20.15109196	22.78692504	20.91192641	20.75240156	20.9974887	23.03543197	22.36673369	21.93951345	21.10881976	21.55240652	22.99169233	23.32148683	20.47405417	21.76386403	21.72636137	21.39629483	21.30143775	23.45892789	20.41666575	23.54395031	20.9507593	21.79669405	24.36977404	21.31889847	21.61909254	21.51697484	21.08745047	22.55983502	21.01670857	21.28625506	22.99822649	21.7710712	21.353583	22.85554412	20.94570076	21.56454118	21.56239845	21.72855369	20.91244476	22.14780199	21.96045415	21.4004772	21.47622348	21.0104819	22.46121725	22.63206332	21.476051	21.11860059	21.45672532
N-Methyl-2-pyrrolidone_HP	27.47458541	25.46565356	24.37478309	23.48560482	26.49308645	26.70191242	23.82404285	23.35598437	23.26671152	24.23359754	27.02917541	24.90727503	27.55385235	26.41030904	23.42625443	23.31427749	25.80054721	25.13400013	27.89865849	25.91303265	25.67578429	22.9857249	26.43526671	25.57471121	24.28211427	22.63754432	26.48846662	25.54614484	23.67300214	23.01418394	26.56447993	23.08724212	29.20449426	22.63440566	25.57980771	27.11639197	23.78277375	28.20558995	26.12208771	22.38574527	23.19938407	23.00991737	22.74326273	22.35773107	23.56533986	22.40960892	26.89464738	23.05558778	26.0798672	29.22743459	26.75449652	26.40572591	23.33233507	22.08512462
N-Nitrosopiperidine (NPIP)_HP	26.94420605	26.2311684	25.07223169	23.21138939	23.19993619	28.45825106	25.74158681	25.97040783	23.2715977	25.85470495	24.17317073	28.15647863	26.89108922	22.78072293	22.77810187	22.97674797	25.40547296	23.47903816	28.40770581	26.35441869	25.98089509	22.60446128	23.16130071	25.72317498	22.8755913	25.87402778	22.59209608	22.72596772	22.86031421	25.9999035	27.13441248	26.22693043	24.00542565	27.218571	28.613189	24.93574219	22.77053351	22.26018365	24.07939453	25.87174524	25.5140283	24.57504597	24.41066011	27.39982362	27.68774724	25.1825603	25.52389433	26.71506672	27.21226963	22.31791253	22.52108498	23.21076253	26.01471506	27.69538795
"N,N-Acetylhistidine; CE10; KBOJOGQFRVVWBH-ZETCQYMHSA-N_HP"	27.90053971	26.14264221	26.75776351	29.26488227	29.50018541	25.19553532	26.18475636	25.35817624	28.31040867	24.95792246	27.28398527	25.44266114	26.12992414	29.08215672	29.31631252	29.5174067	26.68539821	27.96213073	25.48532631	25.61706277	25.11777022	29.51436003	28.26042606	25.59840499	28.41657712	25.3234257	29.50674575	28.6583479	29.66082341	25.92891413	25.47685421	25.36019972	27.59809259	26.31442525	25.36289198	26.60715957	29.60300689	28.68265637	27.98665768	25.60227354	26.29520915	28.20830949	27.77657227	24.84948774	25.49534129	25.59295453	25.60274873	25.93782352	25.78558728	29.44417049	29.75437053	27.98213666	25.77263272	26.69899342
"N,N-Dimethylarginine_HP"	29.67709369	31.12884839	30.0494519	28.60409981	29.36988993	29.65111609	31.20635864	30.16864284	27.89294645	30.28985039	30.95609076	30.74544724	30.5779221	28.26912147	28.53764477	28.69458894	31.11875301	27.83021708	31.04190961	30.28770268	30.06341564	28.27593981	30.386207	31.02026952	30.14240844	30.03577508	28.3144237	29.98580845	28.15341717	30.25166322	30.23195058	30.50035035	30.22101526	30.52091398	29.93853061	30.77764987	28.63850612	27.66920327	30.9651543	30.35752817	31.35114082	29.44392159	29.30719105	29.68382898	30.68212199	30.15500982	30.26242268	29.91968592	30.39736843	28.43255043	28.52351786	27.6677856	30.34811493	30.77208425
"N,N-Dimethyldodecylamine N-oxide_HP"	24.23584368	23.06436743	23.45840188	24.71731804	23.56202866	22.789231	23.83789647	23.81018363	23.78842055	23.08268089	23.73575281	23.55231612	23.68789617	24.62416856	24.93868053	24.23288569	24.14597297	23.62075647	23.6947336	24.3924799	23.79726725	24.17300218	24.39297565	23.38421857	24.05857475	23.47526206	25.29441022	23.73569778	24.51494946	23.90605909	23.54024506	23.74302815	24.47943028	23.7917825	23.67195916	23.3640253	24.21070621	23.83031707	23.52159792	23.32111009	23.69039723	23.78893779	23.24693855	23.61485759	23.63042532	23.81665991	23.17502347	23.74956255	23.4339025	24.27199899	25.01221803	23.46409504	23.23811624	23.16188192
"N,N-Dimethylglycine_HP"	31.14494148	26.98025344	30.40375766	31.05127453	30.83514065	28.36349553	28.21189269	28.16581965	30.3573197	26.5742335	30.94994699	27.86045747	29.14397736	31.43178708	31.50393793	30.69860664	30.95925333	30.50965177	27.73636048	27.8293246	28.35770322	30.93482983	30.8969445	26.92037536	31.01823917	27.46186591	30.03808063	29.54169229	30.36185158	27.28023448	27.62918802	27.30541676	30.79238583	28.95175141	29.1601325	30.15521788	31.50194059	30.04834115	30.25907903	26.67276849	26.78667984	31.18694327	30.61895794	26.95742897	28.15027111	28.36922046	27.7977236	26.75277082	28.39912709	31.58929359	31.44066079	30.48901903	27.99982696	28.78051024
N(PAI)-METHYL-L-HISTIDINE_HP	24.33724846	22.14753206	24.42908177	24.32320428	24.53269359	25.6625371	26.92750489	26.47310596	23.49899302	26.1818242	25.38611612	22.55277395	26.92532936	23.78594634	24.45399486	24.52074945	25.85748581	23.93779021	22.73836689	26.58709995	26.1719342	24.15452037	25.06049907	27.21742999	24.30601078	26.05414103	24.09549098	22.26361935	23.80627893	26.05684716	22.33661815	25.95963743	24.53704395	21.72140962	22.36643433	25.09350772	24.32772253	23.76308831	25.60845224	21.78109645	27.71435489	24.96316701	24.70122724	21.59859079	22.67416065	25.75426744	26.4369522	25.36924244	21.51965153	24.06518318	24.45376292	23.81769363	25.76104873	27.1217882
"N~1~,N~4~-bis(3-aminopropyl)-1,4-butanediamine_HP"	25.37199781	25.13948363	25.29958536	25.91282245	24.89252614	22.63572974	25.74288141	23.88256615	24.72043539	23.62588639	24.60223013	24.51549506	24.22240225	25.92864706	24.90674757	26.22342396	24.76126246	23.97351335	26.30224107	23.84631656	25.34229099	25.6073462	24.93645047	24.1711944	25.81047249	23.7270334	25.34663935	26.57863344	25.96154272	23.93832848	24.04011211	25.13212048	25.73210725	23.87292897	24.79309883	25.7627855	26.5732524	25.46098325	24.9628251	25.22527203	24.70018941	24.48572241	24.37429968	25.11545588	24.2451093	24.3924799	24.28610206	25.34749662	24.24897916	26.18183189	26.13062385	24.18813673	24.62185533	24.70255147
N2_N2-Dimethylguanosine_HP	19.67842036	19.99347863	19.23657211	20.43445203	20.49194903	19.41553422	19.50424676	19.60928529	23.43418737	20.21914203	17.1040477	19.35071222	19.58226925	22.64049872	21.16375864	20.49080677	16.56498831	23.18465741	18.38362673	19.79564542	18.37215672	23.12271643	20.58048842	19.88668062	20.38507819	19.86532294	23.05764701	20.5496616	21.99872828	19.71855174	19.50813183	20.12597441	18.9198503	19.68949696	19.73017568	19.28386769	18.99688613	22.41201602	18.09305415	19.68568253	18.98751856	20.47645163	21.25949419	18.56445734	19.6118765	19.1685819	19.19877233	18.62936393	19.78745899	22.10762752	20.96800973	23.21260993	19.88446328	18.72873027
N8-Acetylspermidine_HP	27.23438313	27.01783671	26.80424202	26.85117963	28.27703358	26.00467368	26.97518005	25.80450045	27.57701824	26.27334887	28.12568844	27.21201382	26.24649293	27.57742337	26.65712895	26.6937545	27.81153623	27.64888193	27.42251467	26.25480003	25.65320925	27.88626342	28.14324226	26.87736953	27.62314081	26.00853272	28.38386359	27.72073304	27.28724331	26.17391929	26.45165171	26.60937921	27.21143772	25.88532338	26.376083	27.71880687	26.43931599	27.60845003	28.46915545	26.33376788	27.53387567	27.50695574	27.55222957	25.87583782	27.0767682	25.92835642	26.00378191	26.39671066	26.13339607	27.41893264	27.01838399	27.6163819	26.07617853	26.6328362
Naringenin_HP	NA	15.63940435	NA	NA	17.5568063	19.43950725	14.86605166	NA	NA	NA	NA	19.77910525	NA	NA	NA	NA	NA	NA	19.66601869	16.27015146	NA	NA	16.86551756	NA	NA	NA	NA	14.87913512	NA	15.6628571	19.06981605	16.37192863	NA	14.10393066	19.72919306	NA	NA	NA	NA	NA	NA	NA	NA	17.45457513	18.31607266	NA	NA	19.46988257	NA	NA	NA	NA	NA	20.61152601
Niacinamide_HP	28.93964128	28.06403489	28.9388666	29.11679701	28.09703999	28.86570507	28.24277972	28.76598822	28.88438959	28.63366319	28.36740509	28.09752315	29.14283392	28.18415749	29.1524626	29.2566937	28.58661219	28.54297788	28.29321581	29.16558259	28.69397036	28.61853989	28.88144711	27.91555379	29.43894969	28.95663716	28.59646983	28.90908315	28.34606084	29.00493286	29.3526889	29.30476422	28.60857326	29.09472659	28.96699681	27.90020983	29.1531318	27.42103336	27.87301547	29.01084751	28.27087562	29.31767587	29.1269852	28.29433027	28.29993831	28.84533387	28.74302779	28.80277736	29.24589983	28.30758108	29.0360315	28.44145828	28.84251483	28.2647655
Ornithine_HP	28.47198961	28.09473149	26.79720851	23.99496737	24.54262859	29.9639336	27.61785494	27.57347785	24.51935733	27.39734373	25.88284962	30.12355627	28.51051361	24.00204945	24.40966996	23.8553435	27.15327044	24.82555057	30.33623339	27.93372892	27.76685123	24.08251952	24.54684893	27.59893655	24.37805472	27.48369309	24.31004631	24.01566571	23.83275714	27.50032017	28.5988433	28.10876129	25.47850942	28.87375578	30.30238848	26.508824	23.98439298	23.89494714	25.62332135	27.40070852	27.35301291	25.82956284	25.82452786	29.25891904	29.56459279	26.94262154	27.39261832	28.54241368	28.74234453	23.58753127	24.03355267	24.88101366	27.8625492	29.57580402
Ortophosphate_HP	21.57349893	23.72607088	22.14069479	23.67805453	24.17294942	22.35056205	23.78789919	22.03865571	21.85358307	21.73880543	23.76892928	23.69402778	22.69298955	22.80697204	23.26960509	23.61877283	23.51310116	22.01540617	24.01923241	22.20344744	21.71606123	23.44732523	22.71508233	23.67891807	23.09310656	22.45276841	22.81750585	23.176117	23.49271569	22.73822919	22.67347426	22.48043391	22.39728004	22.79546238	22.76852333	23.52580279	24.02088971	24.02672955	24.34467069	22.21453639	23.33321217	21.7528716	21.26728991	21.99878877	24.24820814	21.77841814	22.33683197	22.37496483	22.759887	23.69907013	23.2565457	21.48801974	22.01128665	24.23315159
p-phenetidine_HP	22.62368365	23.17418544	22.29402378	22.37490925	24.13051929	22.39880858	24.12843357	22.68056634	21.64115557	21.97821817	23.02068324	23.55581632	22.40241647	22.3094442	22.61508926	22.71329526	24.13412912	22.08643761	24.19592422	22.89807005	22.40588136	21.57362406	20.25543219	23.61902395	21.41218389	22.19705238	22.05623915	21.60180345	21.27139514	22.58255526	22.02281833	22.54403742	22.36078006	22.77297953	22.56011762	22.60316718	22.50556652	23.00979416	22.66482413	21.87846196	24.06185308	22.1145468	21.62437701	22.00379975	23.75365686	22.6161351	22.09323664	23.90646363	22.46436057	22.85286657	22.61011785	21.97458596	22.70369168	22.94850047
Panthenol_HP	21.11521898	21.53063439	22.82681446	21.9898928	20.05909946	22.94655143	23.43023727	20.33880439	21.78143072	20.6294905	21.42370016	23.09903825	21.25800984	21.64427187	23.36595882	22.55756685	23.13151236	21.48550837	20.52060571	21.2783307	19.29879561	22.39064674	22.49295384	20.05982068	22.14598237	21.63869863	21.64479363	23.3211734	21.76155557	22.06014806	21.65017988	23.34488547	22.15702096	21.48760243	21.73357016	19.25706296	21.94474742	22.05699882	20.33275627	21.65565873	19.67888067	22.2971389	21.73258309	21.30813636	22.25676285	23.50058355	21.00039018	21.6480373	21.35971115	21.73156827	22.15178288	21.55605701	21.6883525	20.06051884
PANTOTHENATE_HP	24.23577068	21.47557876	24.70181359	24.87768192	22.31740044	25.04312842	23.43433044	25.32254605	25.88224681	24.46276699	21.94776465	16.19058064	25.51794497	25.22191055	25.17654079	25.00298387	22.88137259	25.15924302	23.50651641	25.27302473	24.82215007	25.92948588	24.26531995	22.57296942	25.07546481	25.64157398	25.47459508	24.29255366	25.63644746	24.98702915	25.08984537	25.62831364	24.18227384	25.24731355	24.87410652	14.00881188	25.14168624	25.29355721	21.44026116	24.27744684	22.15176627	24.8870665	24.16958734	24.3924799	22.84518803	25.30021428	25.41018841	24.54299112	25.57097935	25.7673039	24.60293281	25.27908745	25.80286574	23.04551773
Paracetamol_HP	21.34911183	24.32781464	23.02062979	21.41859496	22.099043	20.47234566	22.42949756	20.80342231	21.48621992	23.9580819	22.41753408	21.99530576	21.24937088	21.84697981	21.34649534	23.01145724	22.61260825	20.14040113	22.14511461	20.99848735	21.42789405	21.29719235	21.14978871	23.87491139	21.31895755	20.79724868	21.22761955	23.32835356	24.07042577	21.22506469	22.07511284	21.23181067	23.4585175	21.35686659	22.36672236	22.51960559	24.33952387	23.61042717	22.14766027	25.19719314	25.186484	19.60037252	21.17400198	20.26586667	21.57346354	21.17616023	21.0232341	19.62165652	21.38833092	21.3295538	21.50610431	20.96267615	21.5327545	20.93901746
Phenacetin_HP	24.44771133	24.37444451	23.16657316	24.16986376	24.2333502	22.85046319	24.05850036	22.8812188	23.77504386	22.66223241	24.24912561	23.92778683	23.14291109	23.85582648	24.12466334	24.2974483	24.36564743	23.44824915	24.53734561	22.81292608	22.97952855	23.74997192	23.44415979	24.3924799	23.80978416	22.77132176	24.0440171	23.49412535	23.75481532	22.71382538	22.70827013	22.90891034	23.27916702	23.05740787	23.07059245	24.27973959	24.19946383	23.98425164	24.11285864	22.70608094	23.64089617	23.02396228	23.53154274	21.99756926	23.96815559	22.79740384	22.63251259	22.61752361	22.73804813	23.62118611	24.0028893	23.17357598	23.18818264	24.24253186
Phenylalanine_HP	28.64375457	29.04943751	28.36321342	28.10765798	28.82294173	29.98234395	28.87735839	28.65641856	30.21926464	29.01532159	28.59845429	30.34252606	29.19452092	29.09505381	28.43568068	28.29688528	28.67661679	30.36450666	29.62270722	28.88653587	27.80563906	29.15412203	29.07015522	28.93559577	28.61004573	28.88823623	29.13248927	28.43417387	28.60714907	29.55908185	29.35057207	29.57069227	28.04523535	29.18117712	30.32500388	28.35907651	28.34630747	29.53084341	28.71653636	29.50017226	29.38593925	28.96518996	28.94398571	29.40825084	30.75790504	28.78422553	28.52553515	30.61483437	29.40063782	29.0490683	28.63429318	30.47955103	29.39042159	30.45009678
Phosphocholine_HP	29.68338332	27.70289998	29.78516796	31.03756832	30.68691662	28.43003092	27.86374742	27.27848477	29.67990048	26.45439387	30.24873915	28.77744624	28.24615427	31.79255356	30.98064641	32.7271623	30.61096696	29.46867305	29.53840094	28.5581142	28.4206867	32.16015497	30.20510063	26.49515348	31.179203	27.10538054	31.9860208	30.03447187	33.03508975	27.79039898	28.72381731	27.77246263	29.38818463	27.66176834	28.60133498	29.51237429	32.65718089	33.0428403	29.87349331	26.50680162	27.20895372	30.20271208	29.81814923	28.55763664	29.60621879	27.21780124	27.8647839	28.17325437	27.87550937	33.23170786	32.27264192	29.58996807	27.23178849	28.79764674
Piperidine_HP	27.89000693	27.81607048	26.89545915	27.24705638	28.03880714	28.21835424	28.11107299	27.37684501	29.09597563	27.12848952	27.70465736	27.98563961	27.66033135	28.02591792	27.4730646	26.7953185	27.94561471	29.32520672	29.27176129	26.97546385	26.50871929	27.66365404	27.50830981	27.92490056	27.73362663	27.18159192	27.65426384	27.43122552	27.28380316	27.9048695	27.5585112	27.66361448	27.07334616	27.73506216	28.93958435	27.76473381	27.67209005	28.28072467	27.77022506	27.38935122	27.85360982	28.11459386	27.95232146	27.50351219	29.32480801	27.63450258	27.00781505	27.61707202	27.90708156	28.0956377	27.60974408	29.40674578	28.03431332	28.77236786
Prolinamide_HP	23.1363196	22.54525535	23.78432583	23.30884125	22.46522764	22.06742745	24.4740848	24.47032875	24.56290093	24.49346887	22.24529848	22.10632824	24.2335103	24.44079332	23.67937389	23.64203962	23.39512862	24.63053404	22.57786209	23.78227404	24.24537745	24.59187218	23.46700919	24.31817905	23.34189177	24.47460601	24.65269166	23.35552618	24.38984549	22.96798536	22.87173313	23.5294182	22.69069536	23.69864159	22.49910748	23.5078416	23.80274284	24.65968438	22.68283309	24.07979506	23.65510034	23.88443115	23.26257891	21.94320774	21.63906773	24.85893869	23.99499179	21.98151084	23.98098757	24.52836448	23.20861531	24.56909253	24.5177084	22.28558616
Proline_HP	32.0174562	30.6666871	31.15096921	30.0750672	30.20046298	31.12297191	31.37367665	31.33164886	30.0321782	31.06998028	30.64806759	30.36037635	31.616741	29.67382459	30.41638276	29.65133701	31.80459717	30.25234892	30.8847219	31.54284386	31.88612991	29.91385714	30.68002002	31.18315881	30.87968799	31.16681287	29.80740518	30.53319514	29.17035898	31.00585976	31.10987678	30.66243084	30.75862957	31.51800531	31.28144828	31.3487491	30.02633527	29.36607482	30.48333973	31.14312803	30.68908845	31.32572215	31.17138282	30.38783642	31.14784146	31.21204476	31.16024404	30.75057332	31.39800486	29.54917651	30.09286796	30.15644857	31.32704718	31.619129
Propachlor OXA_HP	19.54643119	15.86381512	18.40963361	21.78706673	21.22422191	21.0910063	15.74661613	17.29022641	22.81023038	17.90245557	16.31377825	19.54933521	18.16348509	23.03954779	22.37747121	22.8461564	15.81870291	21.57518113	15.16426205	17.67539384	16.83288146	24.06588264	20.9048834	16.38910143	21.70535486	19.28446219	23.86750474	20.22066187	23.32475918	20.13281163	20.04470545	19.57138643	18.60068465	18.32258465	21.26521974	17.45543842	23.09459856	23.05778464	15.53798808	18.88815254	16.16778714	20.46954901	19.27918095	20.25098889	21.09821817	18.81953286	16.28910661	21.73809737	17.95346371	22.6843042	22.83419056	21.78738378	18.95614846	20.49528257
Propamocarb_HP	29.70372475	30.70134471	29.86263675	26.95312871	27.72053771	29.20190676	29.46939914	28.91807982	26.96555573	29.48991079	30.91697926	29.93365568	29.87441974	26.48215269	26.98323036	26.63355797	30.68001322	28.05135942	30.34736867	29.59018471	29.30194215	26.44932307	30.83986111	29.84626946	31.21961014	28.43794836	26.72988445	30.2505282	26.07393318	29.26988074	29.54452955	29.70197312	30.46519359	29.69912692	29.52130605	30.25818496	26.61606211	26.41902719	30.87919883	29.87574883	30.55970522	28.97490861	28.96268892	29.18875695	30.07155457	28.43945115	29.21762142	29.6547946	29.58294434	26.39924566	27.02523861	27.91763468	28.988394	30.11751695
Propionylcarnitine_HP	25.01517217	28.38059858	24.8887274	27.15407405	27.1800714	25.79613809	24.72714193	24.07835564	26.53884258	27.65495265	26.1065145	30.84586526	24.23102159	26.35109186	27.01735325	27.24362517	26.3856966	25.56535271	27.92683522	24.31724719	24.4927428	27.02330546	25.66766613	27.88048362	26.12475417	23.95321815	26.96212944	26.06143887	26.74975467	23.87174361	24.05554457	23.92259844	25.9062676	24.4230755	25.69422834	24.23257416	27.09688461	28.34616219	24.86387667	27.63242662	28.51796667	26.66670992	26.23261501	25.90264447	24.96352883	23.44648014	24.25352787	24.03435618	24.26417071	27.03552649	27.89998715	25.42714638	24.06615466	25.24771841
Pterosin B_HP	28.451473	23.83403481	28.34552026	24.14977751	24.30351812	28.63249374	26.73280722	28.01098643	23.78221708	22.93036036	27.10469341	24.4932766	27.92906446	23.25324451	24.52080188	22.6875715	28.48063128	24.07286489	27.2240812	27.97648454	28.02966168	23.11745168	25.75050315	23.42682121	25.47512557	27.47449147	23.8020763	24.09299669	22.54522807	27.60665454	28.68370496	28.16206375	26.19394995	28.46596365	29.16971457	28.21246243	23.49412911	19.5516401	24.3924799	23.43905282	24.06781693	26.15057241	25.9752467	28.00800847	28.52015134	26.79517492	27.56940579	26.75389541	26.69559629	24.38839761	23.61839985	23.38456524	27.84087694	28.71633936
Putrescine_HP	22.04139289	22.80230898	21.02976999	19.91246231	18.0591738	23.5309892	22.44699795	21.70937121	19.99826443	21.08457956	19.27383244	22.7803905	23.67503841	19.56313459	19.78415578	19.16057203	21.86449096	20.12725019	22.97652689	23.57009543	21.83328948	18.85209126	18.3733168	21.36243168	18.3900454	21.93424641	20.25305804	18.88803528	18.90407458	23.64746148	24.12847788	24.24602613	20.38570354	23.69692783	23.9654902	20.6141286	19.71499049	18.90755227	19.95350874	22.05803533	23.09345776	20.37362945	20.25515228	23.96105772	23.79421372	21.98026806	22.2453418	23.75889308	23.85172385	19.11178741	18.87824764	20.33543528	21.86427967	24.01027454
Pyridine_HP	24.70136787	25.04101888	24.90316317	24.54414167	24.6197306	24.43994851	25.48093837	24.62650812	24.45226995	24.67263718	25.04552687	25.06201805	24.73582106	24.20172202	24.37528983	24.61154187	25.44185679	24.62871961	25.33708577	24.83567117	24.43543637	24.59803823	24.4150195	25.12396787	24.41736701	24.67159168	24.66351346	24.6002452	24.43207037	24.88465629	24.72759502	24.91832773	24.69923361	24.68937018	24.67943638	25.50861334	24.59269019	24.4195461	25.20548554	24.85330195	25.45786849	24.55197799	24.4610683	24.4609077	25.32014447	25.07010593	24.49737227	24.93197381	24.97613944	24.43730716	24.1414142	24.54863703	25.03151293	25.1713405
Pyridoxal_HP	23.55905451	21.55350363	25.67257308	23.34918838	21.13763074	25.20035896	23.99012715	25.94735446	25.0991441	24.3221928	20.23792376	22.47227379	26.11325504	24.29960038	25.17629299	24.38658204	22.21966753	24.26652096	22.00260184	25.77475138	26.10607486	24.68279532	23.651959	21.52788803	24.36357469	25.92152704	24.04886936	23.03770577	24.39530907	25.38097585	25.1274436	26.42214313	22.83452408	25.68495149	25.02511775	21.04617765	24.82946499	22.48126149	20.67144936	24.42412533	20.21478788	24.11346815	25.02060353	24.94987378	23.03198241	26.14081583	25.73503233	25.31055972	26.72356724	23.56371823	23.16481369	24.47559131	26.48233484	21.9285272
PYRIDOXAMINE_HP	26.18218836	25.73784399	26.86880536	26.34481254	25.86014044	26.16258159	27.13358818	27.38381773	26.80473768	26.69437497	26.07066495	25.1169507	27.25442565	26.65266477	26.90029696	26.94604288	26.40837521	25.99199255	25.58292667	27.06365454	27.53532861	26.6856676	26.92171183	26.75181623	27.05417842	26.86556813	26.38191332	26.59075808	26.89676778	26.58553437	26.35977662	27.01125414	26.49999167	27.38904424	26.45554593	26.55563145	27.06113491	27.08753204	25.74711074	26.60400392	26.3069438	26.23914439	26.9006508	25.50080093	26.19689593	27.5842112	26.94015306	26.52641776	26.88016027	26.99012292	26.44911173	26.4529731	28.14119549	26.45628016
Pyrimidine_HP	24.15839924	24.64490672	24.34930683	24.46114282	23.98214712	24.49678237	25.09997768	24.61496126	23.99420945	24.54927487	24.06749829	24.51954637	24.79309294	24.06376113	24.07023064	24.12522796	24.86334073	23.97909332	24.89717745	24.60558549	24.3924799	24.00253604	23.66863679	24.9674502	23.87316957	24.45434202	24.16223476	23.64254948	23.87657905	24.41579238	24.4960309	24.43253701	24.00686552	24.7069703	24.86629987	24.725899	24.38418329	24.11832142	24.19640637	24.68847938	24.88373559	23.98708043	23.97909493	23.94473918	24.96597887	24.65973454	24.39573642	24.01709085	24.85254203	24.29679152	24.13527708	23.8738008	24.78282211	24.79822486
Rosmarinic acid (not validated)_HP	19.40052947	14.32651094	19.61260539	19.59491165	16.38679647	20.37474244	12.76857415	16.41259176	16.65800622	16.94098742	17.71711224	16.38400418	16.62364403	17.87249344	19.03088245	18.97928981	15.36594378	15.16862858	14.43362408	17.63531396	17.46885593	17.1205852	20.82164925	13.49832188	17.98879503	16.56628893	17.53113348	20.75350768	17.29167378	14.05655027	17.44533712	18.18010385	19.82052447	15.73063661	18.19372517	16.21044575	17.69419103	16.7629912	17.67192447	18.86992555	12.53609712	19.15589403	17.5142448	14.90016637	12.61680038	14.53265263	15.46141084	14.54117974	15.94062576	16.13890634	19.2678952	17.32368863	12.46562375	13.71855326
S-Adenosyl-L-homocysteine_HP	26.42750907	25.17108123	25.77296724	24.96457304	25.8450845	25.78131039	26.29934872	25.46331055	25.39517759	24.64373008	26.56777872	25.62610381	25.8116084	24.34416647	25.10166816	24.61041891	26.82959312	25.2159406	26.49762145	25.46385936	25.60165703	24.71428294	26.27300135	25.60151324	26.48303631	25.16545056	24.87788525	25.49205337	24.3951143	25.54482092	25.88588575	25.65976071	26.1437845	25.64884444	25.95393955	26.58133504	24.88296504	23.21005932	26.45240614	24.52831415	25.68491164	26.24065191	26.28194687	25.25555544	26.06364941	25.28090147	25.27373516	25.3523626	25.73127571	24.35931008	24.67270132	25.03449764	25.72083168	26.20186721
S-Methyl-L-cysteine_HP	20.81425981	22.62725441	21.49477306	21.73714625	24.43691601	22.10672833	23.29912315	20.87104558	21.11529434	21.07984382	23.84492004	22.05926748	21.18395104	21.03862108	21.53786866	21.75376576	23.92693458	20.86473074	24.3150394	20.91159047	20.72802139	21.76619823	20.76545481	22.01405563	21.87224044	21.71393698	21.8511833	22.85933173	21.73325156	21.59650496	21.22677174	20.94173401	21.69145128	21.53292489	22.12513546	24.24052248	22.21521249	21.66727355	23.759046	21.43355225	22.40440123	21.24669105	22.14986371	20.74806319	22.49351584	20.48452739	20.82247526	21.97115008	21.15381172	22.46559427	21.80740805	20.97346799	21.26585343	23.7203121
S-Sulforaphene_HP	26.44841809	27.32714217	25.76509798	26.68939807	27.22677801	24.60238871	27.85656374	25.71055727	26.12843693	25.19222972	26.54795574	26.76254114	25.86535794	26.97115016	26.93559793	27.17998035	27.75310231	25.89931013	27.47699625	25.62385085	25.94367639	26.50203595	25.7757402	27.18896186	26.49156078	25.33896911	26.9139211	26.58354928	26.82848547	25.8573549	25.32051815	25.27802019	26.47110028	25.72882768	25.0303307	27.68683982	27.25111924	26.84226899	27.01665187	24.34517458	27.44748827	26.08702797	26.08807841	25.46773557	26.97745975	25.80445779	25.75372554	25.5767709	26.59279613	26.95578004	26.86426977	25.7844006	25.70830867	27.01809966
Serine_HP	27.1903161	28.12852418	27.38135744	26.51353033	27.15881039	27.0746	28.00414858	27.11139257	27.37504187	26.87641812	28.07686658	28.14314724	27.47095582	27.00929251	26.68911878	26.93922444	28.00548967	27.55220693	28.03765491	27.30586122	27.05888348	26.93568486	27.68998425	27.71557091	28.69280611	26.92993986	26.79156869	27.89983045	26.80097111	27.15196364	27.1911964	27.11016214	27.45385067	27.27522051	27.54776402	27.78194286	26.70589178	26.83525406	27.90439021	27.36139565	28.03791716	27.17099302	26.92269497	26.68195023	28.28437036	27.19439358	26.80314949	27.42350804	27.22538323	27.30384905	26.50954295	27.46521779	27.34578429	28.30928701
sn-Glycero-3-phosphocholine_HP	34.00459672	34.42716028	33.94834202	34.71236273	34.98135568	33.52793341	34.78250216	33.63012215	34.23133552	33.6651396	34.65820823	34.37384404	33.90837352	34.53951627	34.63725379	34.92892101	34.95876714	33.98725165	35.05858898	33.72089611	33.62644353	34.62832315	33.87648617	34.50655791	34.55631538	33.49871617	34.77927055	34.43637189	34.69473478	33.78778093	33.78119717	33.90455859	34.0193697	33.80845813	33.82358629	34.68447005	34.93470334	34.78435527	34.64615436	33.72761847	34.77815853	33.99154299	33.95690238	33.55025069	34.51680679	33.71715579	33.61674993	33.74046686	33.75404681	34.85250094	34.59358408	33.95187595	33.82070533	34.51595217
SORBIC ACID_HP	21.64469047	22.47559779	19.92580163	22.11064579	21.59032049	21.56430322	23.01745155	23.13226085	21.2078939	23.41451522	20.68879164	21.69272651	21.50181932	22.91342541	21.71867506	21.98165982	21.49482743	21.18310155	23.81207381	22.32194493	21.24579914	21.80625932	21.04303273	22.2358716	21.68980063	21.06762293	22.14223293	21.66297907	21.91150436	21.00195946	22.69613045	21.07392977	21.39852878	21.35613021	22.71976248	22.18858477	22.07544254	23.45711526	21.84269763	20.64237694	22.8398135	21.18819432	21.35519656	23.49202964	22.65333505	21.20495203	20.92327035	20.5865499	20.76194517	22.26730914	21.92850875	21.4203527	21.2632153	22.14211009
Spermidine_HP	27.04916671	28.16930196	25.97140621	27.71409018	28.62107102	25.29890646	28.27483351	25.98633761	26.62414871	25.06419179	27.39687043	27.22429053	25.73646327	27.70401834	27.54489135	27.56130682	27.9215433	26.09605552	26.31725858	25.67119314	26.55437745	26.90710905	25.97688256	27.38529289	27.42382839	25.2494922	25.79273354	27.2611905	27.55834524	26.24252523	25.32855219	22.3444833	26.92367402	26.06678447	25.87624639	27.73197069	27.65923095	26.53856949	27.45518946	25.21175216	28.36676756	26.80066884	26.83660761	24.40478509	27.51001795	25.23960639	26.45764013	26.1076548	25.85508653	27.12742212	27.2048301	26.47236033	25.53764844	27.18801164
Threonine_HP	28.56300304	28.99033862	27.55401016	27.59259722	28.1990842	28.87093666	28.90202085	28.47400162	28.80378792	28.28258797	27.7509759	29.19319818	28.92226979	28.28835629	28.03370855	27.75383455	28.02641886	28.85657792	28.89104878	28.50389538	27.87272407	28.32940135	28.01324898	28.81619724	28.14315525	28.49651141	28.34604384	27.69567742	27.92912742	28.69489495	28.95413734	28.82123715	27.28681333	28.94400337	29.06838155	27.40843398	27.81541819	28.39854128	27.74574379	28.72369104	29.10474605	28.4235483	28.34055154	28.32702248	29.40304741	28.35706891	28.11929508	29.29448304	28.98969175	28.39367961	28.21141197	28.89384012	28.65605227	29.83237916
trans-4-Hydroxy-L-proline_HP	26.72539778	28.51007591	27.73530338	27.22724706	26.78526052	29.35393683	29.11823305	28.48283741	26.76904522	28.28717827	27.23886293	28.75351031	29.60246242	27.40190714	27.28802794	27.27949865	28.70092178	26.33093534	29.35122457	29.25661269	28.82183775	27.23195325	26.58743584	28.79097655	27.01361819	28.79459678	26.80204709	24.66427942	26.85162074	28.6568153	29.2958804	28.55483949	26.57767482	28.91523376	29.5331544	27.77928942	27.33518556	26.31424832	26.9016819	28.24065073	28.53920542	27.37054096	26.94244063	28.21138069	29.75949814	28.59568834	28.8627696	28.67430436	29.50297156	27.71988048	26.75578849	27.19544814	28.44908029	29.71238304
Tri-isobutylphosphate_HP	23.43885982	23.09240736	22.30826947	23.52263706	24.01084295	22.80545112	23.6868385	22.45630035	23.05520182	22.77624895	22.82895686	23.89081956	23.16677615	23.59010186	23.54844672	22.96483275	23.48323456	23.32655881	22.90950046	21.96597685	22.22304092	23.56464517	23.49665383	23.31758879	22.46299197	22.69185259	23.62000958	22.68517971	23.524348	22.74784979	21.94448249	22.89467307	22.78255151	22.78138515	22.998219	23.59778589	23.39723459	23.81211091	23.68561848	22.21789867	23.30860166	22.42611463	22.10299482	23.07691294	23.68105304	22.956481	22.05718586	22.74462974	22.75641441	23.6028981	23.51537233	23.24292417	23.56558402	23.608157
TRIGONELLINE_HP	21.11354279	22.02191706	20.94495548	21.95806661	20.65017528	22.07673509	23.04024203	22.98342475	21.36237731	22.22831172	20.21816732	22.37779597	23.15026833	22.0359575	21.92106915	22.33373989	19.42325359	21.15634522	22.42084785	23.11654124	22.7908463	21.45942033	20.85634509	22.99395392	21.15723125	23.42179194	21.90972683	21.31974629	21.71846637	22.56594614	22.34390322	22.73869831	20.93679677	23.24474692	22.67458488	21.4098802	22.14900585	22.21100558	20.86084157	22.04995284	22.02180979	20.64070482	21.82345756	21.37725942	22.32513174	22.75461994	23.29723391	22.13014571	23.08943462	22.31321792	21.79885564	21.49754986	23.42773445	22.34077805
Trimethylamine N-oxide_HP	26.10836729	25.5496613	26.87890734	24.5495931	23.13037643	26.97962192	26.98977	27.20249934	25.64929064	26.81407254	25.44930875	26.82802138	27.25010902	24.63637318	24.86558048	25.03036008	26.15785439	25.48035691	26.25185609	27.6997747	27.02093371	25.05606217	26.17140471	25.81293969	26.12240954	27.202891	25.12532422	26.17952849	25.19146028	27.21793825	28.05360094	27.67712114	26.42536879	27.14451187	27.11394247	25.71810492	24.97668227	25.01347924	24.87163894	26.91323304	25.90185	26.41349795	25.71699629	27.02706295	26.5749494	27.71636711	26.93840249	27.76471837	27.22760436	24.82200821	24.84819246	25.03525957	27.46550033	26.69815169
Trimethylamine N-oxide; CE0; UYPYRKYUKCHHIB-UHFFFAOYSA-N_HP	22.48114128	22.16784693	22.62178671	22.51278733	22.05312741	22.26169802	22.36198091	22.31108116	21.30266501	22.19773921	22.70630255	21.77670665	22.51427028	22.50904434	22.90732352	23.14069253	22.75774781	21.64459665	22.87781972	22.18293289	22.0280731	22.36850609	22.56355786	22.14341273	23.02077857	22.36676618	22.26897965	22.98238231	22.63920924	22.27480936	22.64884523	22.85641132	22.94647533	22.38205657	22.15926782	22.69920288	22.9703144	22.73340837	22.80491151	22.67071086	22.76195722	22.30999494	22.41209323	22.27143796	22.48937598	22.3713138	22.31276258	22.67992837	22.5026857	23.01025899	23.12165758	21.82569864	22.73743584	22.63920535
Tris(2-butoxyethyl) phosphate_HP	23.6352634	24.07315833	23.30818137	24.50492302	24.52548652	23.10685652	26.93616324	23.56465355	24.3919264	23.29522229	25.52829031	24.68404992	24.24260849	25.2322741	25.04228335	24.80866355	24.45390255	24.49189951	23.17782739	23.72991486	22.38570573	26.48339953	25.37303325	23.79131513	23.92824292	24.74269194	24.15929814	25.57107913	26.23219973	25.11473915	23.74912864	24.35976018	23.9808624	25.76341335	24.22439557	25.01513971	26.60714407	25.31723385	24.0819774	26.37148118	23.87936971	24.32517314	26.25371797	22.76168278	27.69995051	23.01456915	22.83088085	24.3308161	23.69074997	24.93010449	24.76038457	23.71595075	24.02153504	23.98696416
Tyramine_HP	22.8423975	24.40878371	22.61840791	23.60596965	25.71739117	21.55571269	25.33384182	22.34775787	22.65134873	22.10108871	25.00872045	24.7084169	22.35685527	22.97220858	23.26874031	23.20388938	25.58130094	22.52650031	25.55664759	22.41152483	22.1092497	22.95423972	22.62527306	24.51290893	22.89543135	22.11758696	23.32919001	22.74354119	23.27287001	22.43477048	22.18615444	22.32551001	22.57441223	22.27690467	22.33722174	25.44576878	23.36923719	23.22596759	25.29527836	22.01466965	25.14468266	22.58601187	22.50667045	22.33630015	24.80981338	22.52395862	22.13477099	22.57381902	22.21965002	23.61068221	23.36058679	22.62154998	22.42615707	24.8343873
Tyrosine_HP	23.91846626	23.61648419	23.51775319	23.38244962	23.93216921	23.70880135	24.03431675	23.5135187	25.19836646	22.75951825	24.24966464	23.30369039	23.63603371	24.27273544	23.70964022	23.29309556	23.94305699	25.21861137	23.55309396	23.47010697	22.30242576	24.00233308	24.14235615	23.41431253	23.94867329	23.22755745	23.92507178	24.11549817	23.73955763	23.96416854	23.4904353	23.73248428	23.45235674	23.6732247	24.1026672	23.58286832	23.96996953	24.36226853	24.13278767	22.98948139	23.4483107	24.21235483	24.27767605	23.01332447	24.33295821	23.61518167	23.04144738	23.94889319	23.78576868	24.00952389	23.73771819	25.29157877	23.84227455	24.35005853
Uracil; CE10; ISAKRJDGNUQOIC-UHFFFAOYSA-N_HP	20.79934988	24.04231509	20.65254822	20.04682075	20.95692446	23.39393225	24.62035816	23.56425042	21.69723083	23.02665269	19.36955999	24.2916832	23.95014071	20.82188203	20.9671893	19.93199254	20.60497043	21.35342163	24.11995719	23.45935739	22.60306513	20.70482143	19.26627074	24.76466576	19.35867963	23.87198697	20.32356924	18.74072151	20.26216907	23.22969244	23.36648716	24.3924799	19.17628396	23.99439003	23.66634392	22.17886627	20.05354725	21.39875041	20.1882241	23.25412761	24.32688568	21.27900063	22.61508254	22.17422099	24.53926972	23.50968461	23.17693604	22.09239011	23.95341099	20.873797	19.80432992	21.53460536	23.78693991	24.96967761
URIDINE 5'-DIPHOSPHO-N-ACETYLGLUCOSAMINE_HP	23.58745267	24.32124795	23.94462736	23.94925712	24.555829	21.76013109	23.82847004	22.66561578	23.22368896	23.7260412	25.04421129	23.36507753	22.87953928	23.32503984	24.03922797	23.97351237	25.24780691	23.25081992	23.29990201	22.81597861	22.84090326	23.69316514	23.71030729	24.50319486	24.11439389	22.3214272	23.74437601	23.7914273	23.30422448	22.42089987	22.6189488	22.63344852	23.8058915	22.72689095	22.10427217	24.51835038	24.01052196	24.06511852	24.51066859	23.57170604	24.40450806	23.95938673	23.85585324	21.78771496	23.15411934	22.48816539	22.42218378	22.07023756	22.66842568	23.63923942	23.90176769	23.12457751	22.5839621	22.94041287
Uridine 5'-monophosphate_HP	25.46700367	25.5012531	25.01740391	25.37588443	26.40680051	24.1689864	25.65789722	24.39073496	25.736987	24.18199642	25.75819489	26.34182445	24.66909094	25.08703258	25.51494396	25.45634206	25.48843224	25.42184493	26.06557986	24.70083472	23.95484991	25.39257234	25.16801214	24.99417247	25.39507499	24.43544579	25.09855678	25.32700379	25.05528231	24.74562496	25.13101511	24.9825665	24.73377283	24.16359184	23.67561329	26.00520785	25.67669462	24.79215124	25.94468498	24.21071997	25.47722734	26.06735548	25.65161547	24.10364998	26.03306445	24.37803752	24.39648296	24.76225687	24.60798948	25.21702341	25.20006381	25.28929068	23.81040657	24.96985972
UROCANATE_HP	25.77864512	23.15645292	26.86977433	26.24865969	24.69997412	25.7508862	23.72751848	25.07191822	25.65838913	25.09012401	25.1593246	24.22634974	25.54152329	26.51509067	26.61429897	26.59257296	24.01184384	25.72916441	24.71689008	25.57667932	24.69199888	26.19435201	25.52779203	24.72241749	26.73515735	24.90046659	26.08360124	27.31926587	26.26292323	25.44682768	25.36068036	26.04305383	25.91514732	26.19335381	25.21006403	23.80512238	26.81680249	26.93676766	24.85342813	25.70318054	25.22682504	25.70724245	25.54830959	25.02319499	24.56409642	25.33543776	25.33385778	25.58093965	25.87498755	26.48506527	26.09924588	25.28350716	25.47379371	23.97024992
Valine_HP	29.07669522	30.68223938	29.73626655	31.47324053	31.34985691	28.75740893	31.17526969	29.51956547	29.99446235	28.15490814	31.1176427	30.17830501	29.66199949	31.29665248	31.28447198	31.52666439	31.1494231	28.67324304	30.85724776	28.36181917	28.57271185	30.80646753	28.46853209	30.54946713	29.4074353	29.09001497	31.12283375	29.20582678	31.32164997	29.72282403	28.11465167	29.18136493	29.09381562	28.30523364	28.98695693	31.04683775	31.64648367	31.09653124	30.85053455	28.43833883	30.88812116	28.78424991	28.78415736	28.18003925	30.39437232	28.45121711	28.34083305	29.57530449	28.25709869	31.19652576	31.22319076	29.72614591	29.52204663	30.39861787
Xanthine_HP	17.472609	22.0000888	17.51242927	17.63224097	20.15167018	20.13461685	21.98821725	20.26645967	20.91018706	20.81783166	19.11849071	22.11536578	20.45509333	19.99326123	18.76810856	16.40137134	17.82308411	20.35152489	21.60300423	20.33665246	18.71132642	20.46184028	16.0251803	23.36785786	17.60415644	20.63560058	19.90629947	18.33990695	19.28241615	19.97030097	20.18923432	21.15644543	14.81984116	20.62411622	20.43465403	19.59537528	15.61974842	20.73818306	18.9338405	20.88108655	22.62107557	15.68069376	19.42874245	19.01286518	22.38530751	20.07782822	19.89157159	18.97853788	20.54335975	19.60688121	18.94788168	20.55548009	20.38158141	22.54292309
Zearalenone_HP	22.0683647	24.09879541	21.80219701	22.22060606	22.58663339	22.37701431	23.78042622	23.596743	22.11517421	22.78937314	21.88057973	23.23871031	23.12506015	21.70178231	21.65720771	22.18409045	22.77940857	21.7856592	23.84544998	23.67082342	23.36233273	21.87068716	21.41450646	23.716368	20.9569551	22.63566716	21.77137704	20.98378352	21.44916306	23.60552969	23.56253655	22.81466093	21.35342758	23.93054542	23.45599062	22.50030128	22.38180739	21.75540773	22.08390124	23.05651119	23.81638061	22.41320819	22.0356974	22.14455189	23.33769846	23.69040965	23.7459097	22.36887756	23.15056933	21.93408332	21.49174324	21.74507258	22.73349523	23.30802191
.alpha.-L-Asp-L-Lys_HN	22.1831048	20.58800815	22.04256529	21.76090154	20.94156475	20.62414196	20.61716179	22.10165311	20.71011846	22.05350326	21.66938434	21.46556061	20.6053403	20.98535808	22.00207771	21.1457227	20.34715395	20.62344601	20.56920098	22.37497817	21.62203353	20.72842863	20.98730917	22.06856591	21.88163943	21.50385071	21.39404241	21.79667303	21.4413653	21.48561052	22.01100669	21.76042719	21.8853635	21.78572087	21.31938946	21.66513616	21.81419757	21.89215812	22.14911176	21.07161973	21.51770908	21.41067201	20.68704259	22.38792485	21.63362238	21.25005396	21.87695779	21.17460385	21.40654973	22.06437212	20.6266889	21.5955094	22.59950859	21.94190585
.alpha.-L-Glu-Gly_HN	21.87956643	21.80132576	22.27947878	22.88711536	22.00185433	20.43831723	21.59531161	22.24300766	20.33233326	22.73912568	22.46838998	22.20449944	20.78121904	21.2702532	22.36235174	21.15190852	21.44959508	20.53778536	21.27301288	21.97276554	23.0773371	21.41614939	22.36569016	21.68240418	22.42733817	22.4506644	21.94893939	22.54566891	22.64350376	22.98749402	22.29584622	23.18979609	22.22834605	22.74264032	22.13758758	22.50650446	22.41540066	22.44101128	22.24393899	21.46404136	21.65226308	21.85696653	21.26576483	22.23557179	22.81682156	21.11069088	22.96980762	21.57712669	22.47107574	22.11281664	21.42691803	22.5940026	21.68439006	22.39533593
".alpha.,.alpha.'-Trehalose 6-phosphate_HN"	19.17244524	21.21993099	18.52345956	18.75042536	21.3581215	20.27790283	21.19700374	19.33417096	19.31315898	20.28681855	20.08656312	21.46492712	19.9005133	20.04781653	18.99054821	20.116514	21.68045514	20.29221827	20.67606833	19.2846766	20.13370935	20.21165359	21.11150413	19.62264701	20.53616162	21.12145706	20.25142568	18.80879882	19.61589353	19.25276794	18.51845805	18.45890641	19.089514	19.11195505	19.95863677	19.50024414	19.15710844	19.67963187	19.05884056	20.46518566	21.55206938	19.29607843	19.78022942	19.38266569	19.91117255	19.16113548	19.35695107	20.74398936	18.89844301	19.13156971	20.0322638	19.47442376	18.35226544	19.91382728
.beta.-Gentiobiose_HN	25.31009061	23.81925916	25.31852078	22.49909294	23.67997379	22.53308524	24.09369213	25.11106748	22.37909862	25.63691737	25.06586221	23.65103231	22.14878613	22.58598581	24.86489992	22.91106182	23.16076033	23.292026	23.10053497	25.66024942	24.82463074	23.19434658	25.12015206	23.77003147	25.64244424	24.0121816	22.64452083	24.83059771	24.83961349	23.81792619	25.12260334	23.83320439	25.18495327	23.91851116	21.53121062	24.45160722	22.79894545	25.01676003	25.5128488	22.84613763	23.5763669	22.20603875	22.51896659	25.56768281	24.54374568	22.36519933	22.81137051	21.63210885	24.23147255	25.03941314	22.85203171	23.95341801	25.2030851	24.82445521
.beta.-Nicotinamide adenine dinucleotide_HN	24.43365498	24.15155604	24.6314259	23.44888692	24.48543784	24.07079474	23.87591401	24.52250039	23.94612829	24.71825207	24.41406166	24.40654345	23.79163892	22.64658179	24.34402701	22.14261191	24.41961476	24.20401518	23.9759213	24.36320096	24.39673441	23.13785223	24.17978318	24.9369024	24.45908791	24.44431474	23.54951317	24.31713629	24.28959523	24.37122446	24.35742025	24.28839821	24.45378229	24.01029467	24.4777706	24.58768294	23.81282205	24.47946078	24.57662413	22.94692788	24.70497128	24.44490476	24.13264938	25.00689564	24.56309092	24.02066516	23.61102305	24.43650308	24.28900197	24.58120166	22.62776981	24.04583611	24.82125187	24.91985623
.gamma.-Aminobutyric acid_HN	29.4311908	29.33138643	29.46873131	28.53196918	29.01245226	28.24606193	28.57869493	29.38390185	27.86359001	29.56783384	29.29249588	29.5584986	27.5050685	27.17504199	29.31909326	27.82919857	28.42946158	28.22258506	28.51111696	29.51111953	29.57173646	27.85629972	29.31427077	29.67919936	29.34895568	29.85315182	27.94730994	29.26328217	29.38851901	29.33470518	29.52798171	29.09943767	29.31124712	29.16177534	28.7660063	29.35439707	28.26067054	29.3792058	29.66383384	27.55645644	29.39322444	29.3820761	28.11625724	29.85104627	29.69048459	27.84734451	28.68115005	29.10274868	29.31117718	29.47723771	27.23929467	29.07441209	29.60091409	29.77161506
.gamma.-Hydroxybutyric acid_HN	26.3216225	25.7843679	25.71394314	25.98318367	26.72529006	26.20640061	25.65823262	25.96741483	27.46875966	26.02011165	25.9270364	25.79005951	27.96987545	26.90773401	26.13739588	26.89086331	26.68709713	26.60418821	27.07162776	26.4579464	28.5244701	26.42273035	26.08231282	25.51879324	25.96236711	26.56097159	26.05284711	25.7214841	25.25377536	27.23596549	26.06407727	28.07548764	25.61398785	28.35894908	27.47804105	25.76161549	26.36031962	26.31506635	25.74471344	26.24788349	26.68782099	25.95016377	27.58218254	25.90212065	28.20475696	28.25672453	26.08274676	26.93626113	28.41288427	26.04417045	26.61752657	28.07957176	25.96933633	23.52067305
(R)-2-hydroxystearic acid_HN	23.18788515	23.4295161	22.62178567	22.8814778	23.12313643	23.17593989	22.58296842	22.82684855	23.18215616	22.50865006	22.68645027	22.6315289	22.81538739	23.00302698	22.53329288	23.50441673	22.495185	23.05914837	22.36664632	22.87617085	22.2045109	23.03735872	23.11190728	21.9373096	22.13188284	22.58426989	23.31807006	21.45896417	21.70942249	21.87025449	21.91069235	22.19178896	22.2986687	22.76387496	22.45204985	22.61948378	23.41448727	22.43083385	22.85449413	23.12964437	22.32089972	22.80738475	22.76821991	22.70246421	23.01880151	23.09693507	22.9972276	22.2715491	22.39315382	22.76576744	23.63095275	22.62541719	22.61338661	22.55367974
1-.beta.-D-Arabinofuranosyluracil 5'-monophosphate_HN	26.13443106	25.04575992	22.64853794	25.79248432	25.16285232	26.64915568	25.8294953	20.87443595	25.36889087	26.3745016	25.7596823	24.97221823	25.46124935	25.54117293	20.81590377	28.5188359	25.30386294	25.98856557	24.57706661	26.69808486	22.55140613	25.47871683	24.83711155	21.72509308	26.69686368	25.03397179	25.89352638	21.60879855	21.97163385	20.45123944	22.46838147	20.33592839	21.79587394	20.46202684	27.32337806	21.30709046	26.00858519	21.22966508	21.60424753	25.48956096	24.81504056	26.70788227	25.77622364	23.11985057	22.01133406	25.44616446	25.84953978	27.35448694	25.07653609	22.46792711	25.41196962	20.6834083	21.53838056	21.78188688
"1,11-Undecanedicarboxylic acid_HN"	21.16778882	20.85436352	20.71216184	20.55668872	21.88158504	21.12481197	21.39239988	20.63493896	21.35676077	20.84455101	21.13118267	21.43803282	20.45452793	21.00592547	21.04587064	21.50177029	21.19795535	20.91041335	21.13305149	21.35874907	21.27084432	20.81426947	20.93332807	20.74250722	20.78014929	20.91810848	21.31505189	21.17876596	20.63102943	20.58608393	21.3558168	21.83584661	21.5114033	20.76806639	20.98258789	21.1880615	21.1137269	21.67991527	20.90064511	20.89362108	21.36164889	21.45629609	20.76467504	21.13238531	21.68216708	20.57762847	20.89975242	21.34690871	21.18317276	21.27640873	20.9265061	20.63571294	21.60728721	21.40223919
"1,3-Cyclohexanedicarboxylic acid_HN"	21.70137652	22.35253451	22.65038182	23.27971503	22.23117283	24.18007949	23.01853512	22.86006608	23.0472112	22.61135537	21.46038895	22.49383193	22.66405323	23.15417441	23.51847474	23.9493587	22.63613324	23.5281803	23.47229168	23.45941346	22.90972131	23.74115593	23.35689641	22.13921452	22.72525359	23.38317128	23.01657601	23.44410889	23.23064221	23.48610393	22.98345267	22.45455684	23.29667187	24.06389074	22.60461274	22.56120834	23.5026148	23.12404391	22.51935233	22.5791461	21.97875405	22.13480899	22.09088372	22.26860514	22.11264035	22.81538691	23.0674833	22.85903076	21.64606173	22.48582389	23.85899112	23.95517062	24.3142501	22.14295766
"1,5-Anhydro-D-sorbitol_HN"	26.78949574	29.3016349	28.00105364	28.65064627	29.28456977	29.85764277	29.01155628	27.84456537	29.34123485	26.25619233	26.18432739	28.65209237	29.55927643	29.16381501	27.62040183	29.6164221	29.63122455	29.74451982	29.11225623	27.95048483	27.3403775	29.4058719	27.85704326	28.24740156	27.63701035	28.14270161	29.27761116	26.932367	25.86895489	26.18058373	27.86867348	25.72753774	25.99080749	26.34123469	28.96485048	27.239532	28.96518296	27.96644079	27.82307717	29.03679197	28.80871597	28.74079072	29.47001486	27.51450723	25.93804012	27.99448049	28.82853722	28.64168639	26.87946672	27.5141246	29.468955	26.22864439	26.7718199	27.97248493
10-Hydroxydecanoic acid_HN	20.61110111	20.10829626	21.90661794	19.56992902	20.40066215	19.8438049	20.25981067	22.38178794	19.93851391	21.34700335	19.5180333	20.57125261	19.57977989	19.57427734	22.02128312	19.32422642	20.20855615	20.14806812	19.60409794	20.52188097	21.47197315	19.98501162	19.30421766	21.84112262	20.03332784	20.56535746	19.36271939	21.8291695	21.02776832	21.96801869	22.28286478	22.37473458	21.67699662	21.67979295	19.98934531	21.75576234	19.84352548	22.23761562	22.00020199	19.93365619	20.94710623	19.98730296	20.07247866	22.10451416	21.74023949	19.48616837	19.34322287	18.38892518	20.13649943	22.38839763	19.60283301	22.27473265	22.6203289	22.4072414
12(13)-Epoxy-9Z-octadecenoic acid_HN	24.24946813	21.75940544	26.7055115	23.15527736	21.9472949	21.73751704	21.0567724	26.9042833	21.56398962	24.7984462	24.50536869	22.47028164	21.8049713	22.90637746	26.76796899	23.24716722	21.9308833	22.22000667	21.19314182	24.30616478	25.77256687	22.62434773	21.40910954	26.60406197	24.23118097	22.59918113	23.12451089	25.56799876	25.45185585	26.21643154	26.62076882	26.34047533	26.0723154	27.04160061	22.61025018	26.43361043	23.1939323	26.76620055	26.88112593	22.4572701	23.25869308	22.56230192	21.37408187	26.85792794	25.72844683	21.70216425	22.81551615	22.67921456	25.04195088	26.53070841	23.01066533	26.38054336	26.16866784	26.87069386
2-Furancarboxylic acid_HN	25.62983821	26.57527751	27.40051016	27.91406637	25.9947134	27.51875878	26.46610812	27.12653832	27.66214541	24.85418853	24.55233531	26.81898044	27.91445438	27.75399139	27.19536305	26.71802842	27.39893486	27.66344588	27.61000177	26.79287505	25.94637597	27.72505279	26.90733862	26.58987229	25.60159859	27.27967624	28.03134449	26.45977005	25.71390903	24.90285131	26.55565017	25.47125803	23.6586775	25.83471397	27.66132596	27.24911849	26.59564583	27.32904497	27.08789349	27.58906419	26.57902104	27.34177079	27.70178448	26.21554345	26.77748233	27.78518133	28.05748546	27.05791754	26.95367918	27.02437444	27.65595863	26.13556198	26.85084494	27.17089092
2-Hydroxy-4-methylpentanoic acid_HN	21.16335798	21.24799014	21.56488862	21.88054194	21.51942584	21.79769932	21.93862173	22.45117096	21.53883538	20.83322017	20.30111722	20.96370538	21.63030909	22.10493651	22.25325724	23.07116194	22.10177651	22.48236535	21.62858946	21.63346345	21.78414226	22.48980951	20.99524021	21.02650119	20.91680467	21.25732205	22.12805052	21.92441131	21.26947347	21.18390909	22.35764763	21.22139036	21.95709375	22.02351388	21.13157765	21.33428046	22.3605384	22.25186228	22.01063659	21.90650829	21.37614615	20.83154407	21.65438197	21.70990674	21.89387416	21.85926993	22.28876982	21.43396608	21.51429819	21.80065419	22.18208934	21.7363789	22.04943966	21.81595424
2-Hydroxypalmitic acid_HN	22.23816878	23.0623169	22.11509337	21.43551052	22.21601093	21.69984203	22.08340312	22.33430688	21.78501784	21.47402822	21.83977908	21.88653789	21.58612563	21.75538774	22.40919174	22.20264755	22.15878462	22.0159396	21.76875142	21.95000994	21.77665818	21.78831551	22.16218842	22.69253383	21.01686937	21.97150264	22.0964566	22.10445174	21.87330544	21.35148077	22.16781245	22.16981504	22.56269536	21.96647951	21.12746792	22.04023429	21.76358267	22.15991103	22.54563995	21.72831487	21.84875035	21.76143063	21.83095276	22.06569125	22.31936374	22.05885686	21.54551015	21.17028777	21.7113583	22.22140633	22.2923	21.92980625	21.84694028	22.40466707
2-Isopropylmalic acid_HN	27.32812201	26.11002729	25.46944827	26.91407779	25.43684467	24.2432275	24.7551949	25.4745731	26.85022343	26.50264798	27.66932552	25.41038015	28.02612885	27.19705274	25.69633249	27.29795093	23.86600655	28.17161282	25.79789589	28.15604748	25.90012909	28.16085659	27.74067889	23.71372505	27.67150932	25.75015693	27.47508261	24.63008757	24.43361266	27.90888219	25.14644012	24.11911593	23.73088137	23.85665673	24.6968497	24.71763766	25.75622908	25.35188935	25.76887476	27.25863504	23.86196698	27.90044076	27.21314954	23.52545107	22.98284765	26.60692709	27.09378629	23.109411	26.02961549	25.52066117	26.65259622	26.16153512	26.25795063	24.24297591
2-Methoxy-5-nitrophenol_HN	18.66964876	26.15829652	21.53297926	25.12746744	26.5029784	29.12309415	27.21211803	22.51492589	27.48855921	18.97750827	21.1346364	25.46980976	28.54994731	28.21574149	21.79873942	29.44976192	27.68259039	29.13028753	27.6883347	19.70997806	24.37259059	29.51484241	26.78356077	22.79743677	18.38990528	25.62868247	28.27466425	22.29701707	23.07923878	23.2055562	22.21888847	24.95955461	22.65427846	24.21657314	24.78100263	23.1924987	25.70270665	22.38324981	22.33147872	28.29984066	25.59258597	25.09926009	27.59507389	22.11051737	25.2671231	27.29848251	24.87598484	24.90713635	23.86138755	22.07635096	29.4097164	23.61164596	22.44104441	22.9494847
2-Naphthalenesulfonic acid_HN	20.98089001	23.35481364	21.08624088	22.14657256	23.67260023	22.72226429	24.17816964	21.46674463	23.7046238	21.50134359	21.75545926	24.73052606	20.84713746	21.67400928	21.17261867	22.46320297	21.72673699	21.63539055	22.69122793	21.14663306	19.43255358	22.21499511	22.28139436	21.66759828	22.1525539	21.2923177	20.49760946	21.2147452	20.96167667	20.35882397	20.56920799	21.50014278	24.11655279	20.84076025	21.69306947	21.24636867	20.80771579	21.21891592	21.43075573	20.96781776	22.9847571	21.73330013	19.62307906	22.12768009	21.55926361	21.70477108	21.4981265	21.60552881	21.23944987	21.65724278	20.56223302	23.9771618	21.97643269	21.9862569
2-Nitrophenol_HN	23.3157248	24.47913407	22.20994156	22.93982081	23.26356806	22.9903214	23.92690654	23.31932163	22.62371676	22.53856711	23.70425262	23.59194847	22.8787179	22.13805933	21.83177496	23.48140965	22.29685275	23.2519503	22.22993514	22.74586349	22.18050013	23.22370776	23.40958947	22.12797924	22.36972496	23.56019768	23.3451915	22.86482969	22.8673789	22.67664494	22.96881851	22.35861123	22.21981805	22.08469614	22.57141414	21.57532094	22.61914196	22.4934082	23.08930138	22.68453235	22.9920004	23.83194088	23.05244182	22.56141398	24.72870639	22.93078618	23.44476313	22.60922842	23.33564761	22.83155419	24.17574471	22.19418759	22.6409452	22.67403088
2-Phenylbutyric acid_HN	22.48277298	22.14736689	21.43471906	21.33320109	22.02548403	21.83999927	21.96652474	21.91142048	21.52999115	21.57917959	22.2292848	21.52400707	21.55163006	20.92333584	20.55551016	21.12269676	22.0645684	22.73997566	21.5362847	21.56547436	19.6412812	21.69935348	20.82825788	20.93728654	21.58387907	21.46264681	21.41650091	21.50148066	20.8274205	22.06648912	21.57798557	22.12969045	21.44858048	20.77175424	21.08415689	20.69049148	20.60441929	22.00158989	21.46865885	21.3662731	21.9890952	21.43420369	22.32890302	21.70887503	22.19504545	21.16580061	21.1490301	21.25118491	21.07056588	22.19448932	21.58476696	21.39407852	22.24474742	21.67247808
"2,2'-Methylene-bis(6-tert-butyl)-4-ethylphenol_HN"	21.09660131	22.14447606	20.73475305	20.52940644	21.69591002	21.33784505	21.7855287	21.56778923	21.01237432	20.1999458	20.86659138	20.42847329	20.79861081	20.90336082	21.21227355	21.59005447	20.86987642	21.09524659	21.07068694	20.64737852	20.64354349	20.84405039	21.35014102	20.59340192	20.40821937	20.59601374	20.8257371	19.85448039	20.34261226	20.23053061	20.31329189	20.86268054	21.50637855	20.90386127	20.826188	21.22842264	20.30540252	21.14183651	22.2185369	20.25498971	15.88644837	20.55246185	20.18598034	20.94270278	20.47372668	20.2146249	21.24766263	20.40410212	19.8912887	20.96674666	20.45757957	21.45490352	20.82308138	15.73014918
"2,3-Diphospho-D-glyceric acid_HN"	17.03361498	23.59245855	23.05092331	23.3372643	23.31494843	23.8921597	24.1084988	22.39672189	23.48141938	17.1314947	16.76361089	23.35335083	23.42056634	23.64950616	22.33824604	18.68726442	23.94819525	24.01583557	23.56366305	18.66845436	22.94503264	23.85938563	23.96612903	23.59245855	16.24171825	23.75717823	24.31224414	22.68927645	22.88738425	22.36425935	23.57530863	22.21020857	22.8218359	22.46330414	22.48036812	22.97005228	24.08571587	22.4069363	23.06694272	23.60697748	23.26625534	22.87453124	23.52578553	23.58638553	23.35736114	23.55750905	22.66378653	23.06932869	22.74739819	24.15925862	23.53975047	21.87670712	23.38423249	23.12440467
"2,6-Diaminopimelic acid_HN"	23.77737529	25.03340654	24.6560119	24.44217876	25.0866976	24.14091475	24.8238156	24.72080665	23.98198925	23.90315592	24.01568304	25.41305399	23.96042101	23.93991558	24.74182288	22.36905325	25.04721737	24.30184497	24.86829006	23.99705224	26.00651558	24.02669261	25.41708667	25.27915728	23.59365223	25.66059231	24.32413877	24.60941228	25.57061664	25.20976595	24.47129693	26.22322173	24.85509272	25.64285344	24.74034356	25.12036447	24.38912644	24.40894717	24.72718812	23.90980532	25.44390962	25.21731572	24.18498519	24.8981269	25.87395256	24.32650822	24.56580868	24.90083469	25.34334715	24.64665543	23.74359133	25.47930644	24.96306496	25.25308948
3-(2-Hydroxyphenyl)propionic acid_HN	21.67263335	23.9665921	23.77720811	25.33164341	24.60461227	24.42595052	24.63289907	25.2272952	24.53687004	21.17091761	20.7460713	23.02271075	25.07981944	25.64840344	24.92374629	25.26866341	25.67693212	25.44653923	25.40589583	21.91669063	24.28866056	25.74386135	23.87246858	23.00164307	20.97375212	23.87992395	25.49568225	23.92125928	24.7595908	25.0560475	25.03800509	24.20924989	23.75548738	25.07128927	24.34837241	23.16335257	26.17847727	24.81695886	24.41024419	25.29205284	23.51316866	23.92453988	25.03488334	23.54452276	24.27460698	25.18846058	25.63636781	24.67996334	25.38238538	24.33451769	25.66639416	24.09052666	24.49824299	24.15605987
3-Dehydroshikimic acid_HN	22.34360555	16.43088943	17.59190046	17.27668322	16.80776722	15.31346162	18.96851367	22.20671532	15.43044869	20.09038854	20.22479086	19.76320545	15.00778725	17.19899536	23.31144807	16.14073725	16.31144743	16.10188286	15.36130176	22.75327359	20.15135674	14.74197018	16.1487266	20.67633209	21.89019786	19.1777127	16.34447584	22.62313691	19.03037997	21.91211392	22.77645337	18.95535024	21.50662011	21.48968586	16.69858291	20.5042939	17.16265887	21.69605567	22.92191425	15.35330304	16.4840885	17.13844786	17.06564791	19.23419718	22.41177749	16.95784415	15.4621057	16.99405308	21.31628921	22.31619856	15.63952206	22.86962106	21.71107871	21.94241182
3-Furancarboxylic acid_HN	23.28131223	23.57570514	24.85504674	23.94328435	22.52389795	23.32614051	21.66793724	24.38600314	23.96707595	21.52167171	22.53244203	24.25481251	24.5709242	23.74338913	24.72776228	24.15933033	23.79898492	23.65912379	23.6417923	24.83389496	22.78006452	22.56585073	22.96133921	24.06302403	22.6381789	23.76656494	23.3971722	24.02108463	22.48290889	23.71935825	24.59627416	22.5890617	19.92243248	23.72243286	23.36666809	23.81415822	22.81255411	24.89141869	24.109348	22.95805327	24.73580626	24.20046776	23.96958396	23.31442164	23.66314326	21.63960203	25.18012612	23.20628105	23.17583111	24.51672011	24.85459547	24.59623047	22.75470177	24.24380644
"3-Furancarboxylic acid, tetrahydro-4-methylene-2-octyl-5-oxo-, (2R,3S)-rel-_HN"	21.75310906	22.12986347	20.68129569	20.8333248	21.49233721	21.41093539	22.14326632	21.62493303	21.08544109	21.24203381	21.56344966	21.78075838	21.03463027	21.05186563	20.92227444	21.748662	21.63934703	21.78698693	21.39025233	21.52354533	21.53958186	21.58765859	21.69358359	21.66193695	21.18902824	21.3634978	21.67957675	21.56127553	21.18824879	20.6265139	21.28350223	21.25246361	21.58817044	21.25446289	21.5128634	21.08476187	21.23988866	21.2665277	21.79523064	20.98718882	22.02834055	21.48702126	20.93517009	21.394656	22.23199056	21.28002165	21.37622919	21.04207573	21.53384102	21.08548303	21.81589984	21.51142049	21.44815715	21.44915413
3-Hydroxyanthranilic acid_HN	16.31813468	21.33466208	19.00713226	21.63756814	20.49472105	19.03109755	18.84810999	20.98426647	19.74713165	15.73394827	14.86161154	22.57936155	19.80458238	19.96952314	19.2061247	14.54850243	21.7604831	18.09807891	20.49401756	14.03510829	20.25006681	18.62921549	19.22959467	19.02904983	14.24845026	21.61027433	18.57112933	19.54168708	20.48309228	20.83612765	19.38232365	20.09259494	19.50021956	20.3280366	21.46461103	19.95294285	21.92606729	19.83645893	20.38673337	19.20708917	22.080082	21.59943292	19.49779501	19.33239343	20.69377093	19.18742332	21.94339091	22.34569416	19.69346046	19.03127279	17.72127028	19.87678454	19.9941733	20.31124514
3-Phosphoglyceric acid_HN	25.15735554	27.67047696	26.20009426	25.81094825	28.02522275	27.06511731	26.87317739	25.92977173	26.22769959	24.32687079	24.94482186	27.338156	26.7787747	26.32206736	25.97493889	24.21118807	26.99648912	27.0038997	28.08621059	23.90593069	27.47240235	25.48169119	28.4582052	27.61968617	24.80481137	28.38016002	26.15236584	26.38275273	27.45579921	26.93459772	26.74443162	27.32863828	26.50374051	26.94364835	26.54382661	27.39984389	25.19181531	26.02437939	27.23948411	25.96025393	27.92579043	26.808778	26.69484954	27.67187583	28.08515267	26.62468509	25.17595155	26.66150255	27.30238948	27.65714728	25.92931466	26.38714244	27.05196847	27.36718298
"3,3-Dimethylglutaric acid_HN"	26.32639452	22.63182167	22.44082084	22.99162217	22.10308844	22.342956	22.04633251	25.71902465	22.24352381	18.40685593	22.26564725	22.35453091	22.04393419	22.16067263	27.34056318	22.36434138	22.22508446	22.54061462	22.13681426	24.94499821	22.95440428	22.20784034	22.08176639	21.79273885	23.96203176	22.83185169	22.43191601	22.42293841	21.92665804	23.94400569	22.81493596	23.0543154	23.59245855	26.10431301	22.21649883	24.21926738	22.03107596	24.02344669	21.89007018	22.09713883	22.5535488	22.64840005	19.21702664	22.20850322	24.63759703	22.08564866	21.82241641	21.98170985	22.22256325	25.06295076	22.19281585	26.30499785	26.33867319	23.13407238
"3,4-Dihydroxymandelic acid_HN"	21.67361066	21.72384132	21.85387114	23.79984594	22.04794116	22.64820028	22.66263097	21.77780725	22.28185845	21.94265252	21.16947094	22.89035173	21.90043279	23.47938732	21.92312566	23.08523883	22.63397549	22.73248991	21.93282244	22.26023011	22.32701979	22.75335703	22.01611034	21.85050971	22.90061979	23.22257682	22.42183009	22.70559584	22.31258222	22.1402969	22.85768395	22.13790646	22.17221994	21.83634981	22.06180657	22.01335496	22.19685243	21.91969723	22.38716166	22.07001384	22.17429312	21.88182545	22.093707	22.41048603	22.32061463	22.04186529	22.04531783	22.08628184	21.85232258	21.80766132	23.42750574	22.19297901	22.06214819	21.43548487
"3,5-Di-tert-butyl-2-hydroxybenzaldehyde_HN"	20.26048283	22.47356312	20.59238846	21.01629392	19.7623036	21.94877139	21.12160214	20.78086868	21.49531243	19.98666674	21.47068679	19.97206668	20.5868252	20.283315	20.05641697	21.80686067	20.06426521	21.80243625	19.77842431	20.57951313	20.71630533	21.89517762	20.04965636	19.77779852	20.64721441	20.49625022	21.09164569	21.15318513	21.89856425	19.70189014	21.51571092	19.73602268	21.04403457	20.0393992	21.15188249	19.39363428	20.89535152	20.38814431	20.82664863	20.67056637	20.18492284	21.25846331	21.05595664	21.26575512	22.08322341	20.98686906	20.23240503	21.63811443	20.2507915	21.09309562	22.30746509	19.75619684	19.51341082	20.01323463
3.alpha.-Galactobiose_HN	22.14520748	22.79113429	24.1976093	22.11802246	22.38544562	21.29565407	23.06323073	22.26328733	21.93443381	22.33395468	22.54517418	23.43223348	22.32370394	21.57959384	22.25061795	21.89615144	20.70789239	21.38900816	21.42925461	22.31745826	22.12754354	21.3955273	22.74089078	22.1164823	22.49224914	23.30491776	21.92758106	22.34113176	22.19289652	21.84818746	22.70660266	21.66425128	22.98284188	22.12886183	21.92005548	23.6151077	22.35833421	22.20145411	22.03457985	21.17362499	22.83242805	22.5964978	21.44032703	22.81577083	22.13355598	21.51655529	22.29769987	22.25836601	21.67802342	22.35526091	21.06754458	22.52371551	22.70134401	22.9039608
3'-CMP_HN	25.15558891	23.06651071	21.12980186	24.81853421	23.7391105	24.84079254	23.72209789	19.68022356	24.41745466	25.56593313	25.02551154	23.67506127	24.81241187	24.95567537	20.34111193	27.67098132	23.89195111	24.98958169	23.83444293	25.74566021	21.4565565	24.76359557	23.78097806	20.88937409	25.35566299	23.28060272	24.99100193	20.24505772	20.02008978	19.51278858	20.82748571	20.33802918	20.49046353	19.4529679	25.64001355	19.96932402	24.97859116	19.88555034	19.98787943	24.957961	23.41576638	25.06149265	24.46961404	21.5531326	21.70260658	24.66204482	24.97304875	25.41259917	24.54368947	21.98000082	24.76787259	19.74946733	20.79506162	20.32614256
4-O-.beta.-Galactopyranosyl-D-mannopyranose_HN	21.54491219	22.00360301	21.93319463	19.87035492	21.99871498	22.04601664	22.27924727	21.02410647	16.88235551	22.34160476	21.4828761	21.16281941	17.48837508	18.06528205	20.47507353	22.45057322	21.67061112	23.05125138	18.1409626	21.67720782	21.61711579	19.56222562	23.14569935	20.22026219	21.78353859	21.54589293	19.29793261	21.08197072	21.84809551	20.33205356	21.14571154	20.74609932	21.41558522	19.73043315	19.23979436	21.00241109	20.17779322	20.85921977	21.67568242	21.79883065	21.28202155	20.34885971	18.43831905	22.36244126	21.05363365	21.99477466	19.87416931	19.47930486	21.03476103	21.0587501	22.20235662	20.02801105	21.16681939	21.43845216
4-Oxohexanoic acid_HN	26.89577181	23.44178417	25.22860127	25.06593096	23.73343359	23.4400429	25.17996054	26.2146795	23.27004987	26.67571018	26.19767347	24.4224492	23.19458214	24.9122729	26.10961652	26.55329939	24.79286576	23.89438667	24.49567883	27.46652236	25.97044127	25.51274596	22.68682743	24.94520182	27.16487487	23.19991283	24.82988508	26.50034697	25.81754925	25.22126485	26.63116886	25.00101764	26.46130917	25.25176913	23.17294243	25.79451476	25.93972473	26.16983882	26.77540783	24.75593653	23.08766039	22.53696563	22.74064079	25.77020736	26.02094717	23.22754711	25.80516822	23.760761	25.3527484	26.41620227	25.12691847	25.62387843	26.14417869	26.03192643
"4,6-Dihydroxypyrimidine_HN"	26.4781527	25.60765782	26.6565389	24.21979923	26.62265165	23.46518227	24.09951465	26.66960811	23.6731981	26.38064497	26.05830748	26.43148639	23.24968961	23.72711033	26.81483806	22.97739579	25.24867863	23.57707365	25.89188512	26.4376332	27.4727975	23.69444851	25.44795205	26.26092415	26.06793128	26.57314444	23.41689048	26.6085949	27.57339799	26.92774547	26.71435848	26.18324611	26.5718007	27.1045341	26.11190081	27.00120438	24.43061583	26.79548161	26.26301025	23.60775365	27.24032421	25.67591475	23.96894359	26.59437007	27.28957842	23.75654529	24.31360189	26.15900665	27.30595533	26.80814825	23.59628064	27.26492103	26.84252722	27.02416855
5'-Methylthioadenosine_HN	22.51559974	24.25142699	22.00605731	22.22981024	23.93689492	23.00013573	25.12008407	21.89146785	23.3484814	22.50117361	22.55839599	23.77033481	23.84711754	23.21245002	21.61955348	23.09256454	23.61955865	23.31871246	25.28271393	22.73387678	22.97953877	22.9298802	24.97802436	22.70064667	22.36247251	24.36755201	23.3322583	21.59214895	21.87903523	22.091603	21.90127279	21.90677078	22.13499039	22.31237957	23.70677592	22.32587111	22.43003677	21.91587823	22.39158686	22.80574726	23.24466958	24.26310823	23.27858903	22.53270711	23.50248291	23.98725287	22.40966057	23.79142428	22.19911352	22.12059364	22.84140707	22.42622345	22.18994306	22.65235267
6-Phosphogluconic acid_HN	25.07491895	22.9887402	20.93395259	24.07829539	24.13057216	23.65241081	23.98449279	22.04814589	23.2167913	19.38695677	24.58825799	23.52386424	25.46445864	25.17418499	21.88973	24.73708023	25.57623658	23.53194733	25.13076966	23.04036005	21.21722001	23.92084961	25.80935844	22.2259206	23.66141998	23.37094547	25.09325824	20.71786735	20.36563566	21.85675201	21.03802385	24.45101945	18.20017822	21.7245701	23.88195046	24.17064317	22.75855582	22.42162622	22.14673718	25.19770066	24.07706181	23.11310364	23.53598531	23.6206745	21.75082488	25.96225873	24.52960774	23.9787048	22.35171948	21.80918047	25.43572486	21.57561763	21.5488063	22.30049933
9-HPODE_HN	23.31779248	21.2534068	23.09814618	21.96507859	21.09496453	21.18096884	20.1013974	23.59245855	20.83687966	23.95821764	23.5659597	21.54099881	20.50469208	21.44744908	23.24556236	21.71992035	21.1115448	21.00874989	20.11506436	23.33385793	22.83996237	21.85860951	19.86672421	23.16418536	23.70440315	21.36833987	21.74630462	22.79996229	21.80723184	22.95883442	23.02101008	23.38893508	23.20526237	23.89971412	21.59888457	23.42194565	21.80547166	23.29577974	23.43620431	21.45754007	22.0018543	21.75003967	20.86701637	23.22630993	23.81585518	21.02463717	21.64208144	21.63058195	23.60626217	23.65511611	21.87034922	23.61560138	23.39424679	23.35104545
Adenine_HN	27.75306965	26.53328881	27.74142738	27.52565126	25.92361368	26.7790017	26.97269518	27.51215743	26.92707003	27.585154	27.32308293	25.81993788	26.837244	27.2408508	27.52081224	27.91583498	25.79468137	26.80332633	27.83677609	28.32603958	26.77033875	27.42459706	27.28578618	27.39072979	28.13390391	26.09378065	27.17570227	27.3099266	26.44346986	26.90540127	28.05009391	26.67994895	27.44995876	27.33619043	27.38174149	26.33593893	27.71903561	27.69274915	27.38259926	27.42441938	25.24289168	27.50581093	26.78639948	27.42973273	26.29034824	26.76519025	27.31066118	27.9034104	26.2300701	27.80145679	27.1680111	27.29439031	27.9362534	27.06539189
Adenosine 2'-monophosphate_HN	25.24305837	24.55110633	22.06630337	22.62422583	24.60652189	24.76567238	24.29543117	22.11744182	24.70847624	25.86292763	25.2798301	24.30816905	24.9968233	23.94059024	21.94835744	26.71519933	24.15227714	25.04300664	24.57123004	25.9590727	22.21163874	23.92988946	24.67945725	20.28505677	26.07715135	24.02603909	24.53145342	21.83043836	21.64474331	21.6678917	21.56311514	21.07863779	21.83706281	21.0920752	26.367235	21.56681775	23.23010123	21.83564164	22.15070731	24.0087458	23.93211817	25.53641799	24.92281875	22.47761042	22.48992296	24.98084236	23.32335564	25.57944435	24.97025464	21.84607682	23.59245855	21.6617247	21.75656988	22.03505469
Adenosine 5'-monophosphate_HN	26.54723713	27.96063749	27.49120476	24.13139334	28.03527887	28.31585344	27.70062718	27.74238099	27.90219759	27.16430041	27.19043347	28.4165256	27.97838962	24.45312201	27.86175358	25.67682166	28.44633725	28.34838861	27.99854023	27.07784112	28.15132848	25.43163917	28.02644269	28.10326469	26.86899387	28.32940546	25.6873227	27.73167991	27.93013634	27.83371578	27.19054907	27.7492035	27.90777201	27.90954366	28.4979915	28.22534427	24.57116696	27.5459016	27.89804765	25.47997172	28.39976562	28.39616114	27.98809737	27.81976779	28.24342569	28.16144888	24.8730601	28.35282613	28.00678426	27.44880484	24.86250673	28.00557391	27.69982773	28.27721194
Ala-Gly_HN	30.01539323	29.77272269	29.97391698	27.96385107	29.53361591	26.88804137	27.16078757	30.22126659	26.62633791	30.32427901	29.81042994	30.47662355	26.39844558	26.38502105	30.17883275	26.58155738	27.09295705	26.70392308	27.84591907	30.23184187	30.01817108	26.33611755	30.13699663	30.2351701	30.05463631	30.79953473	26.82519993	30.006539	29.91043869	29.79616887	29.73402852	29.7254831	30.19671093	29.59421172	28.27703813	30.30597891	27.3804838	30.2103485	30.10127018	26.66928339	30.11237392	30.13175526	27.18353475	30.22672899	29.68513142	26.83427353	27.57025856	28.18598676	29.68115829	30.10125587	25.96615603	29.51813055	30.05641043	30.41425639
alpha-mannose-1-phosphate_HN	25.24477202	26.98199079	26.95568648	26.6078176	26.92603874	27.33313461	27.36270903	26.41968444	27.00958655	25.49307813	25.13131827	27.15135746	27.01352088	26.84560035	26.65048423	26.99207992	27.43338389	27.41014132	26.72451009	25.88830122	26.74642069	27.0165319	26.80427664	26.8450601	25.78355183	26.87828654	27.10201693	26.48778278	26.20738149	25.85452277	26.80334728	25.79609875	26.53950475	26.22006075	27.24045861	26.22072857	26.99908216	26.47479561	26.27981778	27.06795372	27.15837416	26.91371876	27.22850961	26.97339771	26.0977877	27.19633358	26.76923458	27.33334334	26.14869453	26.72767816	26.77624164	26.5501477	26.54006585	26.67521052
Arginine_HN	26.40261034	26.95320178	26.39173704	26.12613162	26.32053226	24.97166059	24.93158718	26.68275757	24.77587379	27.39703138	27.85434329	26.82108005	24.88037471	24.97189666	26.7832146	25.4099009	24.85788732	25.06309115	25.8034236	26.57460926	28.38866029	24.97826244	27.34918151	25.88127587	27.30812059	27.17703377	25.06145019	26.91949946	27.61711354	27.59732624	26.53489712	27.80209464	27.01907613	27.53722102	25.905524	27.67398228	25.91649608	27.05081972	26.21984994	24.82819334	26.23072777	27.50745869	24.75168342	26.63735777	28.37413215	25.06169184	26.09068661	26.15047804	27.94483594	26.263502	24.86088612	27.55204254	26.51632366	26.87604473
Asn-Val_HN	22.52455532	19.42971471	23.45661828	20.46830286	20.26903564	17.52641752	19.41353132	23.94169114	16.399124	23.33429807	22.73831719	21.13096406	NA	15.08395819	24.15980173	15.84788661	18.25580354	16.78993553	18.84609358	22.71445615	23.59245855	16.68992162	20.2561086	22.80595666	22.9276843	20.62014494	17.18887625	24.26829945	23.69543289	23.87779227	23.46789926	23.99421256	23.83444143	23.59245855	20.71022234	23.83925281	19.69975519	23.96694553	23.76227201	16.94268767	20.58561632	20.85021193	16.18768302	23.6307318	22.73169514	14.79756979	20.70130678	20.67690682	22.75340932	23.64212759	NA	23.56888381	24.47558299	24.11188883
Azelaic acid_HN	23.81430689	25.10557811	25.19150005	24.70753	25.17557132	24.83006633	25.14157048	25.19765805	24.70601718	24.83210943	22.98662576	25.45101867	24.60687819	24.71451146	25.6364334	23.59512722	24.95735843	25.10001871	24.74444477	23.56563007	24.72821684	24.95592362	24.70017582	25.19178945	23.2862577	25.455706	24.88819883	25.2789235	24.94893447	24.91251095	25.25266598	25.20534808	25.33224585	25.39036325	24.73801842	25.1855619	24.67095854	25.77816085	25.2747357	24.54370019	25.62262744	25.04716636	24.83835831	25.20653406	25.43802984	24.58724248	24.76016033	24.61818586	24.3159885	25.176742	24.42577425	25.58089263	25.49694661	25.62114296
Citraconic acid  (2-methylmalate)_HN	24.45965221	24.9338258	25.5670067	24.84925615	24.12119568	23.74611238	24.54747442	23.96125866	23.31881181	24.67664841	24.90049237	24.48696498	24.63374513	24.92065709	23.83415304	25.86429419	22.74925827	22.62079893	23.59245855	24.42146916	25.77089656	24.78163677	23.88490782	24.84685796	24.63819708	25.13841556	24.60998955	24.501158	25.79296018	24.05414111	24.76048643	24.64600201	24.80944121	23.69021031	23.1006293	24.7736934	24.76278899	24.18031499	24.94748353	24.43145099	24.61957326	22.9349309	23.9286183	26.33389631	25.46929905	23.8415475	25.01077212	22.92548121	25.21411322	24.00755021	24.78239917	23.62174628	24.59650516	24.96620325
Citric acid_HN	27.28306916	27.68066722	28.95049231	28.13029546	26.65832187	27.45524599	25.66015685	28.51857113	27.99309243	25.4446318	26.58605036	28.37087643	28.72408014	27.84950796	28.7860691	28.24287467	27.83670027	28.29878991	27.22867793	28.90768582	26.83881687	26.69325605	26.91680331	28.21643242	26.6564541	27.80382231	27.51799981	27.46946692	26.54737457	27.72428078	28.80862375	26.62522304	24.56030247	27.8324178	27.44388456	27.88458707	26.96264038	28.91018036	28.2127584	27.18044924	28.77324131	28.28237596	28.07096662	27.42734447	26.97535202	26.4017698	29.2856027	27.09475639	27.10476134	28.59791842	29.01662819	28.68556	26.82062068	27.65088146
Cordycepin_HN	22.58346011	22.98706325	22.01849208	22.33133178	22.62215623	23.5701423	22.95401003	22.64110063	23.24893165	23.52162605	22.91087889	22.04344714	23.57639925	23.59245855	22.50007291	23.59245855	22.60406055	23.70898942	22.5718737	22.34230189	23.3402458	23.30614939	22.49317088	22.82168949	23.03846006	23.51595061	22.85246203	22.95702388	22.8152756	23.70090205	22.42259357	23.33066845	22.58462377	22.95077301	22.02610914	22.94703061	22.4909432	23.0827982	22.38086288	22.55915926	23.60651969	23.21776356	24.08225861	23.07763144	23.88714301	22.93095195	22.39317346	22.01063454	23.89735453	22.72115377	23.3282328	22.74695371	22.50863567	22.77533509
Cyclic adenosine diphosphate ribose_HN	23.71377417	23.35803057	23.93427921	22.64847081	23.73192823	23.31894965	23.25289525	23.81274284	23.15937924	24.05423376	23.68421512	23.60278485	23.06636321	21.95000878	23.68870104	21.36100576	23.6357729	23.41997278	23.2405404	23.64638594	23.77885768	22.40591404	23.44655876	24.17953896	23.7214771	23.74479832	22.74669957	23.63061573	23.60822992	23.68936848	23.63117445	23.61898869	23.79846669	23.3960598	23.72788324	23.85339954	23.13495046	23.7303566	23.88720036	22.21301428	23.96087874	23.74157445	23.33384631	24.30631736	23.82257631	23.31667429	22.89910759	23.70410255	23.61380269	23.89771994	21.83699559	23.46127409	24.09022953	24.23039687
Cytidine_HN	23.94028165	NA	NA	18.87204636	13.90931831	NA	10.84452657	16.642711	16.00625072	23.69615929	23.27811897	15.82850614	19.17440176	18.01899651	NA	22.77388437	14.47128236	NA	NA	23.9640174	17.54604613	18.65603183	11.32106208	15.88980737	23.8341689	14.68851429	17.15829385	17.71025182	12.52196898	17.13412959	NA	19.10101118	13.64670624	18.22035356	16.91049412	15.88792861	19.71815696	17.44731764	14.68302296	19.20027465	17.97794145	16.5477861	18.42827049	17.40753901	18.25280395	20.92814523	18.75662181	16.32305075	19.8217628	18.79006186	16.93250478	18.11829838	17.4044034	18.29859426
Cytidine-3'-monophosphate_HN	23.73403833	24.27550769	23.25250642	23.59245855	24.42686374	24.23642802	23.88363331	23.385721	24.04602533	24.00081604	24.04158697	24.57215973	24.19674942	23.48380632	23.28756395	24.37853256	24.18001887	24.37148968	24.07788754	24.04883248	23.97886862	23.72435281	24.33847973	23.83314701	23.7916255	24.61307241	23.87043676	23.47194524	23.62887662	23.17985071	22.63838448	23.73306425	23.684049	23.33561496	25.11520471	23.96363802	23.70350651	23.04366547	23.4576683	23.47202897	24.7407639	25.03498645	24.26703918	23.59245855	24.03437542	24.37799309	23.70200677	24.87697842	24.26211897	23.35036755	23.52235538	23.29511471	23.59245855	23.84285749
D-(-)-Quinic acid_HN	22.44779812	17.73153006	22.27878103	18.88713136	17.90057129	18.71056951	16.66994355	22.90217871	18.06170852	23.12898006	23.23569553	19.77687767	18.01352692	18.69920181	22.99188004	18.57551049	17.84811445	18.97882067	18.29934953	22.70773557	23.05761177	18.8207651	17.89856647	21.78761543	22.8821623	19.42162991	19.29010759	22.62372741	22.68958753	23.38747662	22.21339352	23.87019746	22.32036058	23.91496339	18.70548099	22.74163328	18.76088059	23.00711474	22.92098259	18.65673152	19.4374967	19.20480423	18.56464964	22.56069967	23.3264968	18.27646235	19.39357123	18.65984989	23.37948405	22.52765394	17.93231372	23.49522919	22.9104559	22.71494628
D-2-Phosphoglyceric acid_HN	17.96364093	24.25563373	20.80324855	20.48126111	24.73232011	22.34768465	21.55104865	20.32347278	21.28099091	15.31924015	19.30974243	23.05491947	22.48589212	21.91500308	20.18613863	15.16704128	22.25333395	22.29731421	24.70547638	15.44111633	22.42680268	18.58852075	25.56254041	23.44677621	17.49188563	25.47662486	20.83533142	20.61037342	22.4132285	22.41110989	21.51049389	22.46364798	20.3709197	21.79654849	21.72716379	22.77000104	18.07391975	20.54081606	22.86782402	20.74679376	24.34741918	22.43155712	22.47886993	23.57154693	24.03460208	21.8759973	19.18748245	21.46449325	22.93186563	24.00338679	20.96866481	20.26446819	22.29438734	22.78464639
D-Arabinonic acid_HN	27.72004403	28.79034204	27.76890455	27.7662016	29.92863317	28.33167331	29.27707427	27.25477024	27.59503402	27.60308593	27.22405079	30.18274626	27.1939638	27.05325771	26.985131	26.68880278	29.42238796	27.58266589	28.80806827	28.46638347	28.81492384	27.03186377	29.36083553	28.28179615	27.21963688	30.37620306	27.27891031	27.2075799	27.94812399	26.31921227	27.91746962	27.78793683	28.26230787	28.19847832	28.54684555	27.83816676	27.85196367	27.05269037	28.00510341	27.07861119	29.51369522	28.46705758	28.00118214	27.87936038	28.582218	27.68607103	27.72247722	27.92951228	28.40950647	27.01740076	26.64274881	28.31183052	27.94082846	28.29679931
D-Arabinose-5-phosphate_HN	25.60058459	24.22338637	24.09570254	22.57947294	24.55898817	23.79645255	24.82448371	23.48492191	23.12505288	25.28687589	25.68499985	25.29935909	22.87151363	25.20749281	24.01183332	25.88612773	24.30478751	23.39175318	23.37263271	24.74898448	24.14820569	22.48994608	24.30728556	24.15566416	25.8575252	24.42620853	23.12740538	23.59182907	23.75138477	23.05276651	23.97972561	23.79595112	23.93090478	24.56268069	23.38272157	24.65139727	23.03376755	23.43917195	23.98905956	25.20617609	24.43416102	23.4163741	23.617691	24.7781781	23.54406648	23.0262044	24.79832728	23.38417811	23.82811814	23.59893824	25.13723931	24.67175937	23.34254248	23.84667303
D-Asparagine_HN	25.11922255	25.73983685	25.26177956	25.36958367	25.77521552	24.66385313	24.9273284	26.53343792	24.77443746	26.33381031	27.46089272	25.72921585	24.58007867	24.78944646	26.7359002	24.67195929	25.11951159	24.56854918	25.22273389	25.21709751	25.63745973	24.40483141	25.7077655	25.29641664	25.77325556	26.03700218	24.6530555	27.35297716	26.2287081	25.79410848	25.54066376	25.10765147	26.95535263	25.37883441	25.27324194	27.27011139	25.35023037	27.48045342	25.68147055	24.43690181	26.06963952	26.19203779	24.68542404	25.42110305	25.35704163	24.94362095	25.3084589	25.60383479	25.45567564	25.37937203	24.48451961	25.17895266	25.51037817	25.87849903
D-Fructose 6-phosphate_HN	23.66629609	28.92123978	27.6251679	28.63212589	28.84157091	28.97144676	29.10813956	27.63862076	28.54794917	22.64888927	23.6189574	28.83004726	28.77743393	28.53244052	28.14425838	27.55921039	29.51269305	29.20434952	29.10165905	25.61673817	28.15282096	28.83857728	28.70049516	28.32315669	23.77440553	28.53446166	28.89412757	27.48681923	26.56215148	27.35358271	28.07102864	27.32351011	27.33367864	27.46563382	29.18117241	27.32921922	29.09119784	27.68771321	27.29527782	29.31110288	29.1917525	28.53555679	28.85181583	27.29874448	27.33660676	29.2788098	28.47658442	28.79025319	27.73374594	28.58647147	28.37836305	28.32203297	27.5871686	27.80697332
D-myo-Inositol-4-phosphate_HN	16.94234685	24.00297701	23.54843042	23.42446486	23.75248502	24.43081626	24.6842062	22.65099958	23.97995746	19.23020422	18.98103805	23.93511038	23.91157016	24.024968	23.18924596	22.6432157	24.70535703	24.36553849	23.38775989	20.64202736	22.76972136	24.23296024	23.08597249	23.28374764	20.18022433	23.42407734	24.53729067	22.83696838	21.11653789	21.77118741	23.7559165	21.08882003	22.85497655	22.05301297	24.17981324	21.72682696	23.86796745	22.7117692	22.53090414	24.28988575	23.91617927	23.24594002	24.3673959	22.44822346	21.69512079	24.09110564	23.41472975	24.4773466	22.14775899	23.19783259	24.01940352	22.69185259	22.27889807	22.74979771
D-Pyroglutamic acid_HN	23.56253318	24.23082594	23.74671439	23.62661817	23.59864666	24.09812862	23.5770466	23.53474392	24.27173871	23.65768822	23.5093782	23.70896763	23.87378868	23.82015915	23.29071097	24.5842197	24.00019313	24.40954353	23.34145445	23.45584678	23.77352008	24.46059628	23.96013058	23.97969015	23.40825543	24.00608052	24.23368899	23.88953054	23.59245855	23.36510339	23.77699545	22.87322639	23.10730713	23.01056762	23.87344759	23.29171965	23.8664139	23.59245855	24.59241485	23.59245855	23.81260507	24.47298004	24.30979306	24.32910176	23.65604648	24.08095813	24.06018993	24.55213836	23.59245855	23.50139212	24.59928263	23.34009364	23.34193557	23.68636036
D-Ribose 1-phosphate_HN	24.1123898	24.38082792	23.08371983	24.86521565	24.0123504	25.58930786	24.3398461	23.16013973	25.09234211	23.60790599	23.74893557	24.08658147	25.0623005	25.34386665	23.3494709	25.99184439	24.62779628	25.24514526	24.36100319	24.46433075	23.6674672	25.25234197	24.31532637	23.63465092	23.66105397	24.26630608	25.42663829	22.82701316	22.94167389	22.88002086	23.65360169	22.4718682	23.27863572	23.07258147	24.61622518	22.88531092	25.0033352	23.12364089	23.46711607	25.15530978	24.15196475	24.72722128	25.04642708	23.36483612	23.58821942	24.76246216	24.83109197	24.65375569	23.21495211	23.45868393	25.30310188	22.87310497	23.25763099	23.3545051
"D-Saccharic acid 1,4-lactone_HN"	29.66128623	30.78424367	31.47786804	31.95070194	30.06984698	31.33122826	30.63220188	31.24904532	31.64420382	29.64506029	28.7339462	31.68825035	31.94126672	31.75743696	31.27391227	31.9034497	31.51773539	31.76475846	31.64979095	30.85435833	30.05931293	30.75524232	30.89251039	30.72019085	29.70452309	31.4176618	32.11602302	30.16751228	30.26955994	30.46443376	31.1128529	30.14515464	26.54613977	30.51120499	31.47674418	31.32562784	31.84071896	31.38840614	31.23464168	31.65941612	30.66037656	31.37789322	31.74751511	30.31304985	30.89416932	31.72761885	32.08743763	31.03644301	30.73232855	31.10723513	30.51416361	30.5787239	31.17258481	31.25536003
D-Xylose_HN	27.62337572	27.8513707	29.24319177	26.11876537	27.34877373	26.99215956	27.76012787	26.75452587	26.50344838	27.5102389	26.96064716	27.6592836	26.3256382	25.10642969	24.67092146	26.2813458	26.21791847	26.37287067	25.76522744	27.57392142	29.12751513	26.28847755	26.99977431	28.09452604	25.89367939	26.88824699	26.33817957	25.91259239	29.2155124	27.40347133	27.96774116	28.01386793	27.3180186	26.81635665	25.6951359	24.40048511	26.61037031	27.15516815	28.09733411	26.18700533	27.07915002	26.65607638	26.55447477	30.09737155	27.65258962	25.16199155	26.65617624	25.70276722	28.62276014	26.96096777	25.83674525	24.84633151	26.21902216	28.29382216
delta-Aminolevulinic acid_HN	25.30026782	22.42021844	25.11403439	22.26701219	22.99444241	22.19187241	21.50047886	26.24041612	22.21005386	25.15734066	25.14216809	24.33954067	21.63715184	22.36841705	26.41262505	21.86182864	22.04985419	22.34086682	21.95642182	25.22784855	25.9087684	22.07670804	22.75477796	25.84882838	24.91499225	24.13450079	21.91801938	26.09745296	25.96684146	26.19776208	24.69087056	26.74588237	25.57072867	26.67921614	23.03518698	26.74990225	21.98759531	25.664189	26.23319144	21.4733255	24.82468995	23.37860531	22.16979096	25.39187337	26.33596236	22.30441544	21.85814674	22.87641481	25.48313365	25.21258094	21.99056298	26.7571065	26.63718651	26.62542039
Diglycolic acid_HN	29.73563936	30.36773999	29.8013615	28.0841963	30.24804213	30.13224716	30.6371102	29.72100154	28.51075021	29.9645184	29.49255275	29.7588898	27.63529146	27.14399686	29.44456812	26.38929098	30.05206192	29.36235866	29.34414206	28.87141937	30.09030181	28.06609898	29.86895067	30.25005252	29.38540792	30.61204688	27.46514348	29.90741076	30.11543106	30.0748153	30.12481469	29.69812074	29.98660557	29.46483791	29.01821651	29.56432928	28.64063792	29.70934696	30.08567213	26.9906478	30.2656827	29.64047713	29.20698811	30.88587531	30.37528957	28.91178169	28.0215277	29.76787164	29.94155692	30.08564991	27.5240316	29.03397168	29.99721425	30.39590566
Dihydroxyacetone phosphate_HN	23.77573563	25.73219238	26.37103798	22.71073745	26.43963383	24.96745008	26.16569555	24.14435289	23.97510007	25.71284136	24.39404863	25.48419656	23.33146489	23.19216501	26.0342393	23.40084179	25.58236662	24.14860377	23.83517287	23.39855353	25.81302387	23.4131813	27.00648132	25.55801961	23.67163976	25.56599266	23.46178645	25.34651705	26.20881909	23.59245855	25.41008866	24.94116753	25.17792092	24.48451823	23.78642136	24.62735655	23.22468666	24.20297892	24.76620097	23.48674868	25.88796189	23.53359786	24.20281394	27.3887613	24.09472133	24.10956668	22.37039426	23.67549766	26.2108257	24.27955674	22.92261598	23.44821602	24.50378847	24.68278411
DL-2-Methylglutamic acid_HN	22.9918634	24.5728177	23.63648668	25.83323184	25.24503237	26.83502213	25.54168316	22.94962773	26.53301179	23.2227225	22.71843632	24.75168686	26.52036137	26.45683422	22.72107107	27.08792773	25.740599	26.29361294	25.73297507	22.94998326	22.46719402	26.73886375	24.82593649	22.89935159	22.76499043	24.19028279	26.63834532	22.80978946	22.53777717	22.66871895	22.57572662	22.50625552	23.29110182	21.82298176	25.30385716	22.91214159	26.09215471	23.19457378	23.02389979	26.68958231	24.13542467	25.48991215	25.70192746	23.8342908	23.07225047	26.46539195	25.4453548	25.41119048	22.82027724	23.38345255	26.69754189	22.16928904	23.77177475	23.42754188
DL-Benzylsuccinic acid_HN	20.78337476	21.95720092	20.63451955	20.44259021	21.55728144	21.48978079	21.19174558	21.12769744	20.55343396	21.76528645	20.94167989	21.49452917	21.77140768	20.36660992	20.52482586	22.32673729	21.48533805	21.90636076	21.42376853	20.84055041	21.32179971	22.34352309	21.37876999	21.88417993	20.45540152	21.67615801	21.20875048	21.83969594	21.51797512	20.26104647	21.05647465	21.35879155	20.16485945	20.42676865	21.45477775	21.50459666	21.69295539	20.62778499	21.84071225	21.2939437	20.56733555	21.51134287	20.80009636	21.8164453	21.49225737	21.53477991	21.48543645	20.81491572	21.5523055	21.82963554	22.6206652	20.71540132	21.37861558	21.57575504
DL-Cystathionine_HN	23.31621112	22.36202526	23.90361633	21.71739695	22.74274673	20.83659287	21.28982753	24.0941875	21.22157221	23.56517655	24.13850222	23.07381161	20.92572425	20.50878792	24.05970701	19.32661981	21.48170662	21.06089834	21.63770023	23.81728324	24.05347221	20.35313669	22.93557033	24.53161658	23.32502628	23.13773684	20.92856476	23.86406313	24.38141306	24.13501214	23.14156032	23.365214	23.80764743	23.77955245	22.64614375	24.85444836	21.73573369	23.79531014	24.01191394	20.52700887	23.72849685	23.27733009	21.11622317	24.38266816	23.59245855	21.76890967	21.61477666	22.62990593	23.10624049	23.47828529	20.13311565	24.06369638	24.08269169	24.72267257
DL-Indole-3-lactic acid_HN	22.5343941	23.63360662	22.9636098	23.96137761	24.13652327	23.75532136	24.31534133	24.19473154	23.75838962	22.24841233	22.14910249	22.56715344	23.90910203	24.11027187	24.07745586	24.79206582	24.58320476	24.54549079	24.76311923	22.61066442	23.89107954	24.79501132	23.18215504	22.02828184	21.76982013	22.45022941	24.13408688	23.48896594	23.81108569	24.03673233	23.75952497	23.64234738	23.54013315	23.57830731	23.33149351	22.76332067	24.87391538	23.83029548	23.49174129	24.25737101	23.15889074	22.5368823	23.97542015	22.93643951	23.22859608	24.15519795	23.94077614	23.36367829	24.09860532	23.59245855	24.12042786	23.59245855	23.33365345	23.34541912
DL-Isocitric acid lactone_HN	21.67012288	21.22908439	22.37912541	25.78003392	20.18680815	22.30985077	21.54347489	22.45109831	24.34536418	20.55014064	20.88518725	21.96958339	25.6549109	26.26327608	22.07700086	27.45613464	22.82589825	23.70974406	24.28577519	22.22830083	20.40880135	25.88849782	22.62794048	21.1401468	20.96972331	21.76980768	25.46248311	20.33817019	19.71276983	21.79699398	21.63382666	18.90246315	18.53391232	21.16362105	22.85564583	19.9025211	25.75326868	22.03793521	20.61646195	25.6686429	21.11720857	22.66461838	22.72567126	21.58840832	21.60018536	24.58890754	25.8112996	20.93596061	21.91364977	21.92387864	26.16185491	22.82944317	20.4663371	20.98775817
DL-Phenylalanine_HN	22.45983968	21.9606093	22.56858738	23.71141559	22.00280979	21.73869189	21.56557098	22.62430196	21.63622122	22.75678553	22.59054293	21.99738329	21.95000384	22.35446611	22.80028875	22.77421112	21.90912991	21.55958081	22.32709689	22.70857916	23.451807	21.8580343	22.07753364	22.33429933	22.86227036	22.08790964	22.29983593	23.02031553	24.15303815	23.65221803	22.83900991	23.73382677	22.59787813	23.52622072	22.10020206	22.76994794	23.30598248	22.59966852	22.61825844	21.84096107	22.05724477	22.38618795	21.63973453	22.87509969	23.18514822	21.98677392	23.59245855	22.31072355	23.58844864	22.60675152	22.02278524	23.49678682	22.743218	22.77502137
Dodecanedioic acid_HN	20.75821055	20.90588829	20.98206786	20.34016916	21.2713567	20.7547162	21.0446316	21.15734805	21.00128093	20.93482633	20.41746009	21.09842615	20.32022973	20.73600176	20.94634093	20.7378114	20.7339238	20.8744371	20.75517309	21.0976479	21.27692871	20.81756994	20.56851	21.10291084	20.34898894	21.37671922	20.93328911	20.88827338	20.82161771	20.88064967	21.49890484	21.57653604	21.57107694	20.97419969	20.4711042	21.65102975	20.64512588	21.44874488	21.29217588	20.42167941	21.18070247	21.04548379	20.67095901	21.26361916	21.75124897	20.57078064	20.56872113	20.69244937	21.02560215	21.69002748	20.87963987	21.24688723	21.5393069	21.73942125
Dodecyl sulfate_HN	25.8382673	26.45926622	24.64095041	26.23429796	26.11736713	26.16526933	26.90657726	25.17496023	26.56220532	25.71200478	26.02832345	27.00979895	24.9661085	25.15281111	25.08331398	26.65735137	25.02635216	25.3972415	25.7370869	25.26452094	24.82361856	25.88058937	25.84299119	24.78448746	25.29569987	25.02631405	25.29664595	25.13320442	25.46141227	24.19626494	25.49231828	25.25436719	26.42606839	24.338927	25.12111467	25.07413476	25.3506405	25.29031037	25.18814585	25.32895472	26.45932954	25.10414684	24.64495093	26.24204154	25.22478814	24.90218211	25.1856505	25.23822738	25.99453268	24.87827288	25.13739538	26.60241591	25.16893898	25.53527528
Ethylmalonic acid_HN	21.7532357	21.24120476	22.46207866	22.48392408	22.28745479	22.00786018	21.56583941	22.95464497	20.61614559	21.16204322	21.98911564	22.77255117	20.51252994	23.22527415	22.84890293	20.69899596	22.32483212	22.44054132	22.435601	21.63233002	22.63601095	25.59723899	22.41816416	22.50994521	21.59077247	23.54415871	22.63515858	22.92737493	22.18641626	22.36831849	23.17502864	22.65697573	23.26359899	22.79251752	21.94956986	22.69798793	23.12052002	22.9287366	22.82014383	22.91270464	22.48594343	22.27055409	20.59761198	23.13156903	22.29386795	21.70255662	22.82875051	21.75860711	22.13244132	23.12558766	23.85370001	22.24940554	23.22889013	23.05964421
Gabapentin related compound E_HN	21.02949881	21.59260482	20.60771563	20.82037185	21.34588848	21.26884214	21.40298123	20.65546492	20.95586845	20.91897607	20.92433638	21.48421401	21.09317311	20.96611644	20.39950452	21.24468656	21.15019911	21.33068827	20.66093917	20.95178909	21.01815848	21.35158496	21.21388578	20.95218736	20.47085403	21.46622228	21.36579831	20.75031305	20.86566925	20.55350291	21.13766549	21.1330734	20.87890375	20.43850556	20.73321219	20.82231213	20.82225623	20.62324282	21.04334532	20.8291885	21.56715003	21.54495292	21.22207411	21.22721981	21.64777644	20.98880067	20.88491188	21.01454626	21.18398764	20.79140192	21.34874026	20.68035289	21.22299247	21.15027873
Galactonic acid_HN	29.09283746	26.13483656	25.11881925	28.22594458	26.12084416	29.28356496	27.64186652	24.54035338	28.01861547	29.65722963	29.28072623	25.89872758	28.37191981	29.39295628	24.84582734	30.93240317	27.19896326	29.04588642	26.69983076	29.81466631	25.36028574	29.86737091	26.27464079	25.10572664	29.75652375	26.40130641	29.61569975	24.37739198	24.47222578	24.88833331	25.39852038	24.37256975	24.17114229	24.62520555	25.4330851	25.61328	28.21123443	24.37311596	24.75590869	29.65640238	26.85650262	25.44836774	27.98965087	27.36575684	24.49658188	27.97923999	28.26254596	27.42273678	27.8862792	24.49066318	30.02904933	24.01908972	24.91494371	24.91613456
gamma-Glutamyl-cysteine_HN	NA	22.29633681	20.25471735	17.96551954	22.94098064	18.74381217	21.13261485	19.89870959	21.42889593	NA	NA	22.63520315	19.61950705	17.61955693	20.78692827	NA	21.79522362	20.56405429	20.27779958	NA	21.0146132	16.1265448	22.34642712	22.3542398	NA	22.66221597	19.81977373	20.58120858	20.60520958	19.85117102	21.05235289	17.02816072	20.49274898	18.80319839	21.70529419	17.12445306	19.59288935	19.92964584	21.80595395	19.87594173	23.17962344	21.25721887	21.28535884	21.1908318	18.96473342	19.59764308	19.35034673	21.87314354	16.01858488	19.37913575	19.67664095	19.68805863	20.64483977	21.22031324
Glu-Ala_HN	22.38580606	22.14372312	24.00310909	22.9990944	21.48835868	20.65644566	21.61026041	23.76671139	19.95531339	22.95098546	22.48557069	22.1948451	19.61397407	19.6246104	23.53824791	19.34509964	21.61202532	19.53884179	20.69314215	22.49426272	23.50872727	19.86160778	21.59443606	23.26810876	22.57686468	22.64099379	20.6891642	24.50654337	24.18280759	23.97132507	24.25276326	23.39057651	24.16541792	23.84018782	21.66218856	23.98442484	22.03389451	23.87788614	23.75438936	14.91425249	22.22124359	21.8789033	20.53645704	23.83600066	22.43423553	20.42123316	22.55358187	21.65075819	21.58988499	22.76113118	19.45819655	23.07330183	23.92223117	23.33279102
Glucaric acid_HN	28.05767737	29.86710347	29.86682698	32.84451851	29.56081431	30.94149609	29.15924766	29.37288539	31.75574032	27.73821801	28.2788469	30.28510845	31.95584849	32.20590113	29.51282843	32.81978896	31.84654881	32.62567378	32.23196015	29.71455698	27.93618908	32.97235639	32.00036959	29.04601975	28.03707521	29.30539588	32.72295053	28.58132425	27.97290057	28.49918425	30.16015047	27.91400446	25.63899644	28.16542452	31.3044403	29.61357761	32.88114619	29.74879349	29.14524252	32.60601203	30.28044524	31.71132737	31.95183975	28.44413762	28.33896705	32.25376054	32.87773487	29.16697029	29.07422006	29.48434331	32.85248382	28.92848327	29.13288131	29.29244559
Glutamic acid_HN	33.07316059	32.99808958	33.13714632	32.28844106	32.64623996	31.97860364	32.24847018	33.03982278	31.6133231	33.17895453	32.89834122	33.17980749	31.26204792	30.97950615	32.96943888	31.68292128	32.17195541	31.9808377	32.16642995	33.16302093	33.21987466	31.62012752	32.97061802	33.33602856	33.00317874	33.47013332	31.75191691	32.93568968	33.06244579	32.97383797	33.17149597	32.74174309	32.93114586	32.81324483	32.44670946	33.01929999	32.01150398	33.0497453	33.29960195	31.39352033	33.01752581	33.0487402	31.80896426	33.50802712	33.29937336	31.60377357	32.42708597	32.75232191	32.95216617	33.126607	31.09081154	32.71129724	33.22697318	33.38036801
Glutaric acid_HN	19.73304288	20.97230785	24.07921033	24.96106583	20.34740962	22.54845178	21.76617212	24.89289108	19.49700142	19.83895188	20.37833707	22.61045898	19.44110139	19.71269035	25.32735621	22.62458028	23.62065722	24.09427942	20.07195881	24.80421452	23.71009775	23.21069055	19.81473736	21.55195885	24.74914129	20.01002489	24.77284394	23.26133369	23.29802975	20.46530529	22.75457231	23.59245855	24.63348268	25.1396866	25.41515321	23.37641407	25.71941752	23.10728213	24.19764712	24.33356799	20.04417404	19.28431289	19.91148679	20.43540634	19.81821722	18.45193957	24.14918581	24.2169635	19.54408375	20.56154591	23.34319327	25.41260113	21.02185421	20.17296068
Gly-Asp_HN	20.64689963	19.4555819	19.87473017	19.81922491	19.38961812	18.98293093	18.59368582	20.75485734	18.80887035	21.56383298	21.65787887	20.25231983	18.82335049	18.71271723	20.93873041	18.86306697	18.56712292	18.5562325	18.91946321	20.87159432	21.45602817	18.40131871	19.78314491	19.43812364	21.24092354	20.10633528	19.02440373	20.42940534	20.91066711	20.83873096	20.0928008	20.9412808	20.99897987	21.00848803	19.82868245	20.21270463	19.67919739	20.8144494	20.21897358	18.78734975	19.93036777	19.9745667	18.94781772	19.90266499	20.92713658	18.33049917	19.72775057	20.01295187	20.62891614	19.83754273	18.32419669	20.94366086	19.84887958	20.14248406
Gly-Lys_HN	19.79049577	19.52927883	19.67948031	20.56185946	19.85978877	19.1921152	18.98410231	19.97961945	18.67364516	21.08402527	21.0631114	20.01019528	18.87587082	19.26238346	19.99575328	20.577308	18.60086461	19.2418609	19.27282126	20.05890388	21.80084657	19.22270702	20.40013703	19.11787308	20.56363546	20.07531965	19.65679639	20.23007697	21.5671332	21.34129284	20.04953575	22.08931596	20.25858754	21.37877058	19.52398417	20.42562904	20.42266206	20.15616222	19.57618265	18.94856283	20.11113431	19.7893713	18.83816671	19.28203635	22.13722424	19.13737564	20.47824721	19.91080936	22.08161205	19.7957945	19.06208212	21.4662932	19.7974429	19.75047298
Glyceraldehyde_HN	28.1077246	28.39513254	29.67217201	26.74666731	27.96512609	27.57669981	28.25532345	27.34163153	27.12444323	28.39504374	28.10239498	28.13837073	26.99595406	26.95245635	26.74447947	27.19567716	26.85473641	27.02169629	26.35125469	28.08551235	29.47032901	27.12762826	27.55324112	28.59951857	28.2290252	28.27561509	27.06198868	27.90822943	29.57083953	27.84730997	28.47297858	28.42880893	27.48430225	27.33025908	26.44269885	28.35535183	27.21699491	27.72042973	28.59640201	26.88536737	27.42402764	27.30326902	27.26064313	30.4828757	28.11309949	26.51655129	27.3330011	26.55985999	29.01320447	27.65883591	26.8184844	26.68738529	27.47576985	28.80320823
"Glyceraldehyde, 3-(dihydrogen phosphate)_HN"	25.11672511	24.81696936	23.36429135	23.6804087	26.91178969	23.46194183	21.02288942	25.13125734	23.69271078	25.06931012	25.95071155	25.44351948	24.65425502	24.54398259	24.15414938	23.2671833	23.70005024	23.69701671	25.32904711	22.64787774	24.39150562	21.69978803	26.85336148	24.25052701	24.9524655	27.01865767	21.31715168	23.82009744	22.43500137	26.24087346	22.1436578	26.1333767	20.65977619	25.79452571	25.09721422	26.65207589	21.04661146	25.24892834	26.42779388	22.59259369	26.65524717	24.73533007	25.06678386	26.37659063	25.85418452	24.51205283	22.71645458	23.81396074	26.42900547	24.26077765	22.61709753	24.25566642	25.65107798	26.40170496
Glyceric acid_HN	24.44165727	23.07360367	25.79012239	25.9208527	22.56368926	24.34710466	22.92166671	25.80259185	23.69047789	23.57591135	24.14619381	22.42068293	23.67704536	23.69121301	25.42897915	23.81246429	22.14581372	23.38656741	22.55411962	24.39260045	24.32830401	23.35131391	22.74814012	24.63831169	24.061455	22.29191156	24.11592781	25.11532078	23.95546568	25.10866673	25.02606411	25.26573925	24.9953674	25.27229783	26.13175977	25.66755875	25.41946039	25.8319702	24.89588676	23.74318797	22.93413871	26.44623164	24.03985759	25.34805131	24.01689754	24.33967087	25.97843722	26.02350661	24.37013266	25.97848089	23.28267865	25.11615687	25.2959874	25.88562381
Glycerol_HN	19.65747262	21.48213978	22.02088271	19.72592744	19.39089363	26.53452874	20.95633157	18.69694902	25.88225483	21.49847701	19.2852934	19.79493879	18.64893856	17.76152981	17.2295588	18.09655125	18.34003263	26.40075887	17.51067309	17.98923312	20.22007451	26.28341424	19.35701685	17.82420526	25.05329379	20.26885991	18.99324632	25.62470121	26.14557018	19.85935217	25.50762209	22.16376207	24.92309226	18.94680824	24.90275905	18.39327036	25.42573607	23.71208042	20.03261542	24.92216771	19.12235772	20.17064338	24.97174855	20.75289699	20.73148408	17.55249625	18.1639212	26.0590727	18.86404061	25.15509433	19.40705851	19.32617452	22.18242651	18.80937311
Glycerol-2-phosphate_HN	26.10402338	27.95134808	29.15302833	27.80414232	27.49957894	28.36878727	28.16732361	28.63529811	26.9824099	26.14915983	25.78304824	29.18390084	26.95190924	26.79435038	28.85164244	26.71683288	28.31118023	27.67315707	26.87747114	27.29010479	28.15648927	26.91312747	26.94869942	27.31126274	26.88710008	28.57970959	26.60047739	28.63805934	27.94566957	27.84005772	28.66478763	27.31352787	28.95454608	28.40717246	28.67808957	28.70408133	27.61104528	28.59953943	28.20538143	26.64050683	28.18622121	29.6860636	27.01086844	28.40061934	28.17615422	26.66042823	28.0388019	29.05561489	27.26643806	27.37458773	26.26586925	27.92871613	29.1067211	28.26938587
Glycolic acid_HN	24.11069083	23.98197763	23.80482261	24.69430121	23.54903187	25.54439749	23.6078705	24.28019057	24.58530764	24.73204141	24.49802842	23.19850219	25.11428301	24.94225268	24.24321782	25.01580361	23.40169298	25.49500168	23.9420871	24.04194269	24.45926965	24.99773655	24.18654736	24.4129982	24.53286645	23.70655243	24.91948419	24.17822383	23.97307857	24.72679623	23.71880718	25.31254415	23.86509707	24.67022486	24.57994563	24.64980975	24.55430114	24.73175856	23.94378108	24.53810585	23.70265273	24.92472663	24.77794393	24.42832383	24.76004933	24.6445288	24.72676958	24.31000879	25.03425722	24.84322851	24.95093039	24.60993145	24.0996891	24.69751912
Guanine_HN	20.3965791	17.49178689	16.14311746	17.09795108	13.87905897	NA	NA	18.21833029	17.63948325	21.87530163	21.00894724	16.50686449	16.77832581	16.8060157	18.27199672	18.8404214	17.35785527	18.67238592	15.98159389	20.40992664	18.56035032	14.35470753	14.61194571	16.9323425	21.69848922	NA	15.96348717	17.77849678	17.87763266	18.41984344	16.6896262	18.90983448	17.67861365	19.08773851	14.04266776	18.16085935	14.15828555	17.84197644	18.16580687	16.94100174	14.10202728	15.66408499	15.40610897	17.1380103	18.38988642	13.80271459	17.46076544	NA	18.48973264	16.80426076	14.18497161	18.89821504	16.49320152	17.82745877
Histidine_HN	25.14539592	25.74222702	25.32350386	25.50407711	25.59448553	24.90260745	24.6748204	26.00957652	24.67633109	25.7170398	26.81774779	25.98697569	24.81431088	24.54206962	25.93962021	24.35142571	25.04871413	24.9046151	25.45429882	25.48566196	27.64727161	24.59316634	26.09259498	25.32472273	25.67093724	26.11514282	24.77262514	26.06382796	27.55565225	27.50965675	25.42344172	27.29457346	25.77028375	27.45203149	25.5807771	26.37192385	25.29055584	26.27492245	25.51105781	24.53162591	25.8019673	26.54014366	24.78239224	25.42827665	27.4800383	25.00439696	25.4086387	25.73453439	27.3645834	25.42895534	24.37697668	27.52132629	25.48617836	25.74829887
Hypotaurine_HN	23.63868802	24.15802945	23.77652895	23.1055832	25.1576755	24.45247013	25.20617229	24.79223439	23.82434352	25.48134909	24.73779243	24.49243247	23.9026017	23.11058935	25.20497924	22.99847683	23.91058646	24.16954346	24.33791855	24.1644896	26.47915437	22.95338906	25.38518832	25.35017878	24.2590647	25.07059934	23.57316839	25.22983597	26.17620082	25.11826321	23.91720455	26.01343022	26.06190401	25.49708925	26.35274433	26.7948935	23.29952425	25.1025702	25.36987136	23.0173352	25.54298985	25.9768854	24.3584631	25.14829812	25.81357201	24.67097645	23.4000807	26.1120436	25.94346061	24.63685237	22.73673989	25.5475178	25.46846968	26.37088552
Hypoxanthine_HN	24.5488576	22.89820228	25.43898621	24.01945426	22.13802375	20.46590156	22.81562367	25.1653973	20.65409361	24.21744598	25.64560834	22.76953406	21.73769188	21.85330746	25.37282477	21.84510748	23.91773439	20.12540527	24.29935172	24.68651897	26.26642728	22.80478363	22.18701221	25.4323022	24.52734333	23.08300546	21.94827316	25.63492902	25.9805075	26.11390227	24.96126265	26.06945611	25.56586342	26.01257622	23.91902483	25.32386762	23.55250743	25.53118033	25.58236433	21.68369526	21.32530292	22.31381497	20.85903447	25.73869819	26.28876218	22.3550307	23.89619491	22.84282651	25.37368145	25.01950116	21.26760734	25.82216479	25.21822006	25.41281893
Ile-Asn_HN	20.93152927	20.00553197	23.38177869	19.78192964	20.76719441	16.38768113	18.57363239	23.39729184	15.90161084	21.95767698	21.2666281	22.02780152	NA	16.65576618	23.26826117	19.44409772	18.20166164	NA	NA	21.01085036	22.02192061	NA	18.99700076	21.1901057	21.44262668	21.1636528	15.13812749	23.59245855	23.07398337	23.00249893	23.03755158	23.08892802	23.41030701	22.85902322	20.43687733	23.26301088	17.93665094	23.54730484	22.66192214	16.66774061	21.683712	20.98526396	17.15531272	22.45867108	20.66781727	16.32498636	19.43880378	20.28340406	20.47820294	22.1517772	17.05548253	21.89796657	23.46358122	22.47366601
Itaconic acid_HN	21.39007434	21.36544666	21.92327038	23.0608284	23.02413753	21.50326475	21.71300338	22.46777909	23.17842986	23.28083814	21.6404378	23.40324986	23.00569553	23.24521855	23.19696354	24.27210616	22.32897041	22.18300669	23.34640055	23.02408354	23.0578437	21.11206926	23.59245855	21.08781405	22.74503153	21.75611583	22.98528128	23.10326908	23.03030535	21.34921575	23.62366217	22.68720476	20.68423334	20.0410162	22.73366667	23.17750887	23.11548144	23.3007978	21.00245676	21.01017873	23.68819631	23.31360289	23.2979699	23.14305995	22.75885773	23.45941931	23.79535634	23.30733145	23.47438609	22.21168533	20.90686422	22.77605012	23.33988493	22.7646816
Kojic acid_HN	23.20925906	14.98172526	19.63387924	16.54780858	16.4536298	15.7186915	14.43177967	20.38638354	16.50147943	22.4561142	22.50790878	15.90636812	15.73307777	15.48031955	19.98696622	16.65491441	16.52308609	16.42381738	16.38710741	23.06427784	21.89685226	17.19275713	14.58623575	16.61642456	23.19030349	16.14464763	16.09556305	21.24168429	21.35771855	20.8334213	19.06831156	20.80398958	19.69695377	22.00164781	16.58233219	21.03603494	16.51049188	19.19903309	17.88675019	16.49197788	16.39994549	16.99191174	16.81100399	19.61956534	23.54632429	15.28814142	16.04388571	17.17212331	23.15486099	19.99976245	16.75142581	22.18795773	16.23688533	20.14591158
L-.gamma.-Glutamyl-L-glutamic acid_HN	21.14190778	24.46041425	21.51085369	24.13682162	23.17212239	16.46231785	23.708441	22.12317458	17.51147347	21.43525895	22.06990038	24.05032163	17.96609452	19.92977284	21.70353507	18.96401443	21.95244022	18.14605597	24.04699103	21.54206343	22.44023645	18.76033604	24.81613779	22.91230696	21.58230456	24.46132178	20.61252477	21.91737667	21.26302084	22.10259588	22.09119376	22.05813595	21.98454124	22.40987156	23.24654926	22.03936874	23.07904873	22.33551893	22.43663075	19.05691352	22.66491595	23.98658707	18.35691451	21.64844962	22.89385779	20.62288706	24.41889651	23.23396702	21.97820912	22.1849128	18.98268183	22.41323224	22.31146555	22.08339727
L-(+)-Erythrulose_HN	23.45255628	23.65246296	23.23410973	23.01173897	24.0028228	24.68077949	24.02189628	23.46156309	23.30793611	24.33397251	23.74522208	23.77665391	23.86470784	23.73032521	23.47333738	23.66951355	23.47898964	24.61898363	23.79222449	23.29868631	23.68923986	24.29615304	24.00467536	23.73146539	23.2012136	24.37290177	23.0474865	23.55502931	24.22739266	23.56596045	24.04360126	23.55556976	23.02007072	23.30258577	23.3037645	23.59245855	24.28728643	23.37837648	24.13232138	23.14129972	24.13898271	23.87765471	24.29558912	24.65419587	23.72700117	23.89267911	23.41386658	23.66941548	23.98995175	23.43167369	23.39540136	23.19347523	23.90530705	23.75691026
L-2-Hydroxyglutaric acid_HN	24.71833615	23.94567791	24.3529776	23.83187065	23.37832625	23.13118839	23.55658194	24.97660395	23.8128522	24.97886151	25.94732327	23.907367	23.60851784	23.3552262	24.82845839	22.5572539	23.39110534	23.59245855	24.03090983	24.610311	23.75524669	23.39791969	24.64782885	24.33054718	23.91029954	24.75207828	23.6890272	25.22307077	24.71828943	24.43293652	24.67782121	23.2075406	25.24415681	23.47920188	24.34899646	25.2550737	23.75406573	25.48375937	25.25536721	23.28418283	24.41080246	24.60759666	24.47823525	25.68909309	24.51554777	24.17788297	23.86706829	24.03056904	23.50753829	24.88109793	23.0959514	23.96788612	25.43272672	24.46918251
L-alanyl-L-alanine_HN	17.86260017	18.1031556	21.59344123	20.1858415	17.90333089	18.17161697	18.32668505	21.66005193	17.0049068	20.03233259	20.15496145	18.69075894	17.41313002	17.77428743	21.66078683	17.37108576	17.48395301	16.81307928	18.17444383	18.97912166	22.06128709	17.55926712	17.96453142	19.07704971	19.54345845	18.46827215	18.34572975	22.24005072	23.07218023	22.08958081	21.14950278	22.36981051	22.75482113	22.20892213	18.61529529	22.46865557	19.71161333	21.6367196	20.91937736	17.29809762	18.66404415	18.80070548	17.25266031	20.77758079	20.79299908	18.03211031	19.65168075	19.53216953	20.61649527	20.90563449	18.32681556	21.34045417	21.82784995	21.17989003
L-Arabinitol_HN	31.07302577	32.8161007	31.36644899	32.53155069	32.70521821	32.80512877	32.45825703	30.91021531	32.47132777	30.91149294	30.33879752	32.90125959	32.38346894	32.86434989	30.47560292	33.40134727	32.71820378	32.80061161	32.35565138	31.35223968	30.63253155	32.96842173	32.60215337	31.99230077	31.1410844	32.92700543	32.96538486	30.58364469	30.39844887	30.4798618	31.28268767	30.28539199	30.59645781	30.02701083	32.57042705	30.93145341	32.80056583	30.93952369	31.28789856	32.50921026	32.90011823	32.61282139	32.22315318	31.80029153	30.30814641	32.11705211	32.56579836	32.51184027	30.33469225	31.38986314	33.07148232	30.02583768	31.45856708	31.71450464
L-Aspartic acid_HN	28.15380016	22.73803152	23.24075975	23.03283395	23.13712178	22.34295401	23.11016722	23.07562742	22.3792198	29.71844862	29.1863633	22.84436109	22.10998582	22.22979383	23.4106289	24.4737486	23.10987378	22.64359086	22.57107878	28.42629341	26.3435453	22.0287766	22.98101159	24.17573666	29.1611828	22.62804135	22.81190907	24.77104815	25.98293309	24.24535559	22.6759616	26.22263034	23.7731456	24.05652413	22.40272773	24.6335046	23.08000195	23.42526846	22.95377338	22.22348266	23.22313875	22.25761391	21.89480074	24.1136239	25.73644378	23.03953244	23.5717014	23.51550161	26.1566841	23.64873084	22.17694076	24.3244794	23.34084015	23.74385408
L-Iditol_HN	32.78197949	34.8972933	33.53387305	34.37748938	33.84035012	35.62094741	34.72130312	33.41317165	35.11507289	32.85873703	32.0135284	34.45639641	35.18517374	33.90841548	33.1434751	35.23326568	35.39525269	35.35156019	34.65554613	33.61016404	32.74827909	35.13144975	34.79066705	34.07975085	33.26110338	34.07082319	34.95275084	32.80189438	32.30451275	32.0672722	33.73599428	31.43922469	32.6993716	32.5513779	34.56373232	32.84859687	34.73209438	33.45154097	33.56931024	34.75908786	34.58510239	34.59305001	35.18113179	33.28081819	31.97589635	34.73690177	34.43744244	34.55557871	31.39627099	33.33686376	35.17107202	32.26274347	32.56030434	33.67068979
L-Saccharopine_HN	25.6798848	27.41358015	28.00887778	27.65985281	27.62804239	26.9535806	26.9902788	28.91830592	27.01576337	25.62139642	25.33019554	27.78990699	26.69673124	26.68685476	28.88795378	25.84894323	27.48419645	26.89852775	27.4926006	25.61237407	29.57191846	26.7128037	27.59715308	28.06842389	25.86389212	27.85847673	26.88189623	28.38836001	28.83453684	29.3430593	28.10390216	28.82477539	28.823388	30.09734958	28.58449622	29.26948961	27.87659053	28.99639449	28.5238421	26.84703559	27.66515978	28.69836124	27.04689605	28.14194119	29.56031167	27.08224211	27.95716584	28.61377342	28.32963527	28.04499072	26.39097198	30.18291463	28.41138705	28.80732928
L-Threonine_HN	27.15560318	25.97884102	27.3212089	26.98638945	26.20892119	25.78597478	25.63814398	27.54174224	25.81458867	27.53577152	27.39144935	26.31368465	25.88852256	25.9873951	27.559302	25.96441648	26.07196902	25.7137927	26.25951699	27.20395473	28.05872287	25.58970393	26.26541383	27.12297782	27.24793832	26.36452825	25.98935783	27.41720771	28.67404378	28.13514588	27.213619	27.99990542	27.68675336	27.80879619	26.70752723	28.01368971	26.81246304	27.55272087	27.29997848	25.70910784	26.55760424	27.32604492	25.8398781	27.53215508	27.6960695	26.16342306	27.00930646	26.80949025	27.73410895	27.4373014	25.64659421	27.76133288	27.84601747	27.63586525
Malic acid_HN	29.53768439	30.51305036	30.36779501	28.63484092	30.27007443	30.02517724	29.96191482	30.39567642	29.90240662	29.31540007	28.89692444	30.06183244	29.3401878	27.50031655	29.99768035	27.70285866	30.46964082	29.76248529	30.24046208	28.76225644	30.04337008	28.27344146	30.36679839	30.78705872	29.00256923	30.53594539	28.49574945	29.98666622	29.59234485	30.44085339	30.63506948	29.04255711	29.78181899	29.98526872	30.26531331	29.11126355	29.29114945	30.49656912	30.33098406	28.04838022	30.44623603	30.43232338	29.89602174	31.14875106	30.02568255	29.95722679	28.54744635	30.42241222	29.66884201	30.53209126	27.20931589	29.57086824	29.93196344	30.72761391
Malonic acid_HN	24.2731564	23.60045465	23.66411956	24.69850679	23.76035645	25.75605754	24.279859	24.52639242	24.48445083	25.08519576	24.72731274	22.90908962	25.27875004	25.19413573	24.63238271	25.05702149	23.86577118	25.43042583	24.29360078	24.52292942	24.83676925	25.25661353	23.96152575	24.28308615	24.88586464	23.05292297	24.98785984	24.62833011	24.36281993	24.97530249	23.9712009	25.91063786	24.63918062	25.19519254	24.54983285	24.96379121	24.66361516	25.07815794	23.73498584	24.68249171	23.72435426	24.97710683	24.40836829	23.93498103	24.93990084	24.70389228	24.84917969	24.36921643	25.19232052	25.06973896	25.05843325	25.18844989	24.26307159	25.07179935
meso-Erythritol_HN	22.71888271	23.12939861	22.22523689	22.90738037	23.58627043	23.62473273	23.36260677	23.02522791	23.08296718	23.90104571	23.31783543	22.79881085	23.28585152	23.15136288	22.92352351	23.6953898	23.01114676	23.75935286	23.71559114	22.34684832	23.5224379	23.65035421	23.62330019	22.60280756	23.30368143	23.07392804	22.73168024	23.29784395	22.9531949	23.49551786	22.68365951	23.97926164	23.12880727	23.20354832	22.80984345	23.31166585	23.23688803	23.25430892	22.39202006	22.82096709	23.47835593	22.90647641	22.83731472	22.82894912	23.57583765	22.59997001	23.09219091	22.60002577	23.78484507	23.24552297	23.43413363	23.1530051	23.26471413	23.59245855
myo-Inositol_HN	25.67298872	26.4476024	25.58258116	26.63626641	26.66248269	28.16178781	27.02481208	25.83407147	27.3921678	25.69237819	25.55404913	26.35495234	27.87209191	27.25217576	25.70953607	28.02487734	27.57152718	28.1232779	27.11410058	25.95600025	25.3535097	28.00949801	26.60937	25.13885111	25.35063551	26.48882598	27.46683046	25.5644922	25.26181151	24.65042855	25.745824	24.48346437	25.78049259	24.63017731	25.93595092	25.07896425	27.17714307	25.67090911	25.90956961	27.45808907	26.30365799	25.51827455	27.31805123	25.82006151	24.99563256	27.30372405	26.71301965	25.94654605	24.79112242	25.9536029	27.87661158	24.69688268	26.11844614	25.61778322
N-.alpha.-Acetyl-L-ornithine_HN	24.17470131	25.07419098	24.0600436	26.38910822	24.10057041	24.02892063	24.2249091	22.63412888	25.22085496	23.67907419	22.2369489	25.74100395	24.9918168	25.10693775	22.39254032	24.75339164	23.10481047	23.80960594	24.65559746	24.25067902	22.88507301	24.11358434	25.16209023	24.75841235	23.44610094	25.83382205	25.76758918	22.63463205	23.12534818	22.74976612	24.18046696	23.28100974	22.70457919	22.42729149	27.02489909	22.96093633	26.33149937	22.54647772	23.60610157	24.96917138	24.89903462	27.57475204	25.19416091	24.52440206	22.35940071	26.18513974	26.71394431	26.94831707	22.83497772	24.11460112	24.03602414	22.28991205	24.91511127	23.78745501
N-Acetyl-D-glucosamine 6-phosphate_HN	23.62238392	24.73802677	24.47332991	24.41518644	24.87806837	24.9072197	24.14929797	24.89079185	24.61142926	23.5770111	23.76763713	25.15882854	24.4057309	24.29879316	24.58839903	23.03905334	24.3091865	24.84796339	24.44332083	23.92170451	24.18122752	24.03303682	24.99971083	25.28179582	23.2382485	25.26695759	24.3707192	24.3906284	23.91594699	23.8557772	24.27352981	24.0152619	24.6831472	24.08140604	24.91189353	24.60104102	24.65407246	24.52273091	24.98916782	24.27330921	25.20869033	25.05353435	24.72947412	24.8824615	24.64380609	24.54010333	24.39664399	25.13634091	23.50087252	24.75938771	24.1380898	23.90692887	24.85837454	25.13310407
N-Acetyl-L-methionine_HN	20.24968619	26.12131227	22.94570271	27.93305692	25.81424685	23.43308978	26.86046544	22.99883569	26.04595301	20.94842903	20.5610371	25.16940498	25.76199072	26.68607235	23.10574662	25.21976619	26.58168852	23.37306171	25.97028159	21.31893532	22.81923324	26.87914176	25.78879819	22.37418525	21.2826616	24.62093365	27.90201944	23.36375102	23.3553072	22.64635131	23.06849382	22.63779252	23.34732886	22.99097439	28.15899708	23.21486421	28.46234993	22.72415086	23.03045127	27.40345907	24.65406979	28.24035912	26.04100689	22.54893882	21.98681026	27.52890986	28.31162526	26.90279646	21.26086486	22.45716473	25.60223376	22.94809705	23.23859229	23.28904691
N-Acetyl-L-tyrosine_HN	19.01590162	21.25198867	19.16534139	22.96100364	21.24493271	23.60760515	22.63026713	19.69156966	22.94156982	20.25014968	20.51373869	20.34243518	23.8605124	23.84145419	19.60327665	24.83258419	23.32371462	23.44483308	22.62723585	19.08743065	20.76910432	24.94420135	21.44561683	19.3259614	19.93268794	20.44259596	24.37039546	20.11190374	20.71225216	20.36835664	19.11860789	21.56417382	20.08367848	20.81827207	21.41936603	20.17464776	23.80646881	19.85620668	19.61749697	24.42931057	19.82253613	20.59602252	22.65423753	19.59081813	20.38883813	22.66081981	22.95415654	20.95270772	20.60088937	19.40499363	24.13730253	20.98982027	19.37081152	19.96681591
N-Acetyl-valine_HN	23.41335578	24.2750771	25.79335408	25.989413	24.31846395	22.86015842	24.79807086	26.34963687	23.74831654	23.84742762	24.16269078	23.72540793	24.06872049	23.79208297	26.25009167	22.3586824	24.73191498	23.95368252	24.80134592	23.71225563	27.78697609	23.47189402	24.12548221	26.18894855	23.59126486	24.43995923	24.58356156	25.85874125	26.98947218	26.75673593	25.37020686	27.8540088	25.93518355	27.61612379	26.4530935	26.96896828	25.57505379	26.23494923	26.46791669	24.04585522	24.59802147	25.41221415	24.95032589	26.02349089	28.06454178	25.20910595	26.13066581	26.35526266	26.44238849	25.55095319	23.19920438	26.85829394	25.93953089	26.79518463
N-Acetylalanine_HN	21.91646053	22.8953907	21.15388801	24.68598731	22.81562083	23.42328836	22.56624852	21.05836853	23.6759776	21.34924713	22.06562977	21.99675658	24.34973229	24.16602542	20.73678724	24.30357199	23.59245855	23.29629659	22.85658738	20.96007009	21.39668372	24.25654038	22.58916852	21.98006236	20.88836603	22.87970134	24.78978496	21.12014424	21.20469851	21.95434047	20.5161196	20.65762802	20.88227643	21.47798957	24.08551787	21.76804789	24.6942305	21.66545191	21.49228395	24.61472834	22.54918953	24.17721899	23.76925275	22.69772354	20.15098304	24.31560376	24.7670166	23.43473223	21.49765282	19.66129232	23.98100961	20.84978121	21.40493852	22.55496601
N-Acetylglutamic acid_HN	17.03586707	24.51623776	18.90854987	25.52681487	23.87267737	23.88732237	24.07403314	20.81191341	25.60673265	21.78293746	17.25895896	23.54505447	25.81505906	25.06728532	18.99809619	24.56100141	23.4167568	23.23079592	23.86446127	21.45406742	21.83139002	24.89404919	23.6800873	22.180524	21.48475789	23.62471941	25.63515558	18.62374703	16.54095246	21.88800445	18.97455973	22.0883916	17.36633233	21.52270096	26.41717017	18.25607387	25.65882454	16.77859545	19.67114939	24.92978261	23.49484115	26.77844889	25.75167331	17.25965531	22.55393623	26.07357866	25.8881824	25.60394119	21.85541828	19.7067217	24.70595319	18.31010184	20.24263378	20.72904352
N-Acetylleucine_HN	19.71430098	21.12419243	21.26251001	24.71218065	21.52434778	20.98677698	22.17744733	20.7439519	23.41305851	21.4401634	20.62884145	20.891764	23.13005045	22.95078911	20.82862768	22.24989603	23.61978015	21.63244599	21.97162441	20.43384501	21.90782093	23.14020167	21.04793306	20.71644596	20.93052226	21.17885245	23.56300086	20.97613772	21.60337475	21.12632595	19.29432919	22.03631402	21.13540989	21.79747864	22.65742775	21.31345529	25.29219399	20.64229939	20.94263719	23.60312396	20.51185954	22.42988001	23.01282368	21.71715511	22.12619723	23.55950268	24.47673478	21.50644771	21.53472322	20.02241899	21.26472339	21.57768575	21.28533191	21.39123653
N-Acetylphenylalanine_HN	14.44819968	20.7074225	19.7119212	23.34820886	21.94496661	24.91345776	21.60412123	19.30200763	23.7311815	20.51949795	20.4407331	20.32856282	24.59064009	24.79754935	19.1399292	24.77184704	23.23287626	24.55958419	22.50959852	14.7644651	22.77192035	25.15352335	20.48675027	17.97792532	15.84078905	19.96658124	25.48480851	20.60973286	23.74410317	23.03455203	17.86397977	23.78550244	20.56572356	22.83965536	21.88445222	21.67769075	24.38767199	19.2338221	19.90511831	25.37490669	21.16051949	20.98094244	23.59588778	20.96578533	22.6442851	23.59245855	23.16376079	21.34142312	22.67035931	19.4891371	24.02868592	22.81616603	20.6587507	20.76061954
N-Formylmethionine_HN	17.19218355	23.27919011	18.35016584	24.77012452	24.55031947	20.10437301	24.13471889	18.83360959	23.99302007	18.13072452	17.14286519	22.30621996	23.38461732	24.8349211	19.01074975	22.86901299	24.16311981	20.41941904	25.08282358	18.10694435	18.99018131	23.53456289	24.49291629	19.50007544	17.83060796	23.15660285	24.96268278	18.69246392	19.12481395	19.39334174	17.05897082	20.26840531	18.99659143	19.55826658	25.05307966	18.94212136	25.0895133	18.92466948	18.55045038	24.2366474	23.52726797	26.28319831	23.59245855	19.22285766	19.61202827	25.31948846	25.10092819	24.27979292	19.12732805	19.29739941	22.49827889	19.21215144	19.81355028	20.05421802
N-Methylglutamic acid_HN	25.10782569	23.667639	24.77550043	23.40829225	24.14619872	22.55808952	22.73536484	24.99120219	22.50289877	25.34633409	25.06922092	23.99010766	22.33637168	22.19882488	24.67121163	22.47994184	23.81784925	22.54040499	23.26144697	25.24018562	24.88226625	22.57908912	23.74109916	24.74227462	25.28044141	24.17373256	22.32471048	24.55555511	24.68832969	24.81131257	24.71848758	24.96729455	24.60675925	24.79733723	24.37217544	24.98803108	23.59245855	24.87526883	24.70376334	22.35590006	24.37394946	24.64084036	22.95820939	25.26227153	24.94279768	22.73918162	23.50675122	24.4453436	25.24209234	25.04667455	21.87936643	24.86524369	25.34628991	25.08370774
N.alpha.-Acetyl-L-lysine_HN	23.66756532	22.6204159	24.0280258	23.29032452	24.05379633	21.07158334	23.41071405	23.93017101	21.23833814	24.79538087	25.42710168	23.59296862	21.65994646	20.1162076	24.2906796	20.83685146	23.30849868	21.59983276	23.94035725	24.0491992	27.23175241	21.31083685	23.51194103	24.75792935	23.87035734	23.35585827	21.83068101	24.67540722	25.65433116	25.0953089	23.20110777	27.20323965	24.87909049	26.27598231	25.02233404	25.81716153	21.75275379	24.42675625	24.61018808	21.04470278	24.59352124	24.47564475	22.07183591	25.07586819	27.42957048	22.89813403	23.16297012	24.77403719	25.23267259	23.7211619	20.16127214	26.12727813	24.54858622	25.2812553
"NG,NG-Dimethyl-L-arginine_HN"	23.0172688	22.6248106	23.07773559	18.95308849	22.74296945	19.65183385	22.13336943	23.63119386	19.78488292	23.52758712	23.29805943	22.57908269	19.55339426	19.44996167	23.58100095	17.71678158	21.91639381	19.71786998	23.04725189	23.49087969	22.85495405	19.21933912	22.97987968	23.36526582	23.33951697	22.68055031	19.64814907	23.32913175	22.76912873	22.6816714	23.3353608	22.33254374	23.43853377	22.6146663	21.43936533	23.25885706	19.18623306	23.6364497	23.75333497	19.02845741	22.8334619	21.90417777	19.76447895	23.319112	23.06945826	20.41891238	19.32553942	21.47560718	22.73668075	23.22803135	19.34265605	22.77411928	23.46547333	23.56451951
Phospho(enol)pyruvic acid_HN	17.06983794	21.40145474	21.93629625	19.97180487	22.20926907	21.6986139	21.61165368	21.52335591	21.18795903	20.65108544	20.6440127	21.28234341	21.18189776	22.37501473	23.23650324	16.56055796	22.32118845	22.14072599	22.02270006	17.71811163	21.28991266	21.28851732	22.28823874	22.00454629	18.4378735	22.07709873	21.37341973	20.27753288	21.36869432	20.39754257	21.26072739	23.47708813	21.22558514	20.12219697	20.72182647	20.75839961	22.28695289	23.34875199	21.24302355	20.91802227	22.17978638	20.5458722	21.62878349	21.63492602	24.66803623	21.43538635	21.52435797	21.49925393	23.93044863	22.73921839	21.97941059	19.35862283	20.94881371	20.9234702
Phosphoric acid_HN	30.19569325	30.34526728	30.43983155	30.39802304	30.24157232	29.27901099	30.29261087	30.1316882	28.79969043	30.62886525	30.11606714	30.41640697	28.99384772	30.08508441	30.02841823	30.21999999	29.87556451	29.81667518	30.27141885	30.20743883	30.50468835	29.56532831	30.56473517	30.19295243	30.19225766	30.73366391	30.34178804	30.12983869	30.47550513	29.8484942	30.37421369	29.85010948	30.3454827	29.88325803	29.43761569	30.23633418	29.95245426	30.2578679	30.3942916	29.40555302	30.3040412	30.38739577	29.26131303	31.00995269	30.27356678	29.59075254	30.2662131	29.84949919	30.41945871	30.27518857	29.82027773	29.79559093	30.66789779	30.47281555
Picolinic acid_HN	25.54786208	24.30476887	24.66725705	24.66680473	24.60933966	25.27071836	23.39264117	24.78376548	25.44056136	25.41548245	23.97508064	24.66603948	25.34504052	25.09761276	24.74165157	24.57108669	23.86533145	24.97695285	25.05478451	25.41869607	25.45695828	24.10037174	25.47709987	25.43370543	25.58096869	25.61562483	24.54716258	24.7045621	25.04428782	25.75639023	25.13349822	25.96603707	24.48187788	25.28981304	25.15504614	24.36112615	24.90880187	24.8998787	24.92094119	24.61344651	25.26174811	25.65913321	25.44128599	25.19630767	25.71026062	25.15705949	24.72642014	25.25620763	24.58508555	25.97025207	24.51064784	25.451111	25.37368073	25.56744995
Pro-Asp_HN	22.57544942	21.11619183	21.81143196	19.92067018	21.24103879	20.85687255	20.65218677	22.22258826	20.47751558	23.25103716	22.95852707	21.9465673	20.21155579	19.61560183	22.53570749	20.5478337	21.4373564	20.38057653	20.87342877	22.80371736	21.90914554	20.00775288	21.40979836	21.68006739	23.04553288	21.9927679	19.51279995	22.48726516	22.01663762	22.11461694	21.79591198	22.1288835	22.09626701	21.94931438	21.23799531	22.11153395	20.39480875	22.12449628	21.87411244	20.50904029	22.34913403	21.9604928	20.42250714	21.91996925	21.89202175	20.2825979	19.86155778	21.72927241	22.15257459	21.95766587	21.09781362	21.9844896	22.14519161	22.30480872
Pseudouridine_HN	20.79147174	21.53319182	20.4170767	20.94206745	22.19032457	20.91700018	21.33002812	20.36580956	20.64436479	21.27683715	19.81047393	21.37484367	19.84629834	20.87001178	20.37507877	20.85841428	21.50408272	20.20759282	21.56362528	20.76052673	19.93227011	20.43778091	21.59079915	20.61716502	20.71766575	21.88018493	19.83262414	20.62398014	19.82612693	20.0886501	20.91216615	20.37633375	19.81991631	20.43562903	22.41716638	19.87520498	21.29403835	20.80955227	20.52961936	20.13216875	21.84459524	21.40071669	21.61528813	21.3381344	19.98509289	20.51073301	21.31894238	22.65671489	21.09276153	20.68798839	21.01754979	20.225966	21.3766333	20.59381983
Pyrrole-2-carboxylic acid_HN	22.53012331	18.77099254	22.42082094	20.60746679	18.74566393	20.25141497	17.60994613	22.52269778	19.78827451	22.08667145	21.96021408	19.69358142	18.90575428	20.34716094	22.36245129	20.83411158	18.91458413	19.66838092	19.0976943	22.41506708	21.71854193	19.50751708	19.36137428	22.30793174	22.09741116	20.67077254	19.70006899	22.10352717	21.37261362	22.26370882	22.53215227	21.98192198	22.0511789	21.97045313	20.71740545	21.95212903	20.68889632	22.50043686	22.58057371	19.79472238	19.80889622	20.63854578	19.84076147	22.8071408	22.19322243	19.43774407	20.65369221	21.70066285	21.88510656	22.87004647	20.03818129	21.96405618	23.01635376	22.74208387
Salicylic alcohol_HN	25.01400603	NA	17.07499737	18.33421459	NA	17.24276339	14.05488835	19.35284583	15.05936901	25.29340157	24.72256226	NA	16.01864442	19.34568355	20.39888117	24.59853154	17.89415032	16.82077064	12.98835017	25.5307857	21.32691807	21.7936232	13.414929	16.06831625	25.72924826	13.65931904	17.57463164	21.42182284	20.39412366	15.97337712	19.76486018	16.86162821	20.19721269	16.90576986	14.55485898	18.11564834	19.70177979	19.17640062	18.746639	18.92486073	14.69196508	NA	14.85707517	19.14636754	18.49003035	18.69914938	18.95696736	13.08333062	19.79259886	13.99130271	20.23990243	19.6125638	19.38353032	18.22402564
Sebacic acid_HN	21.18718298	23.21339978	22.66654781	22.02065835	22.84757131	22.13670653	23.06072474	23.82816513	22.0352823	20.86440631	19.78893263	23.39564854	21.84502666	22.19502795	23.36575096	20.03024055	22.6870966	22.2562871	22.50412422	21.31322678	22.69178205	22.60501673	22.41470606	24.46020214	19.63413863	23.2375721	22.4182328	22.83863365	22.40011279	22.53946627	23.46154797	22.70493951	23.19685235	22.87875553	21.99092087	22.93262979	21.88539496	23.34009907	23.59245855	21.98013833	23.59245855	22.36030861	22.01149216	22.73013391	22.87805516	21.95131278	21.98929855	21.77994483	21.90926103	23.2567805	22.28688467	23.03964108	23.34032952	25.0827484
Ser-Val_HN	23.71744306	21.01958864	24.04843218	19.20398654	21.91221773	19.06796099	20.65846397	24.31375337	17.82634369	23.98536535	23.87179929	23.35771546	16.91536149	16.61555198	25.46005797	16.8274469	19.47791671	18.61210681	19.23824802	23.97028706	24.28301064	NA	20.99906365	24.15497426	23.72358845	22.91040439	NA	24.79034368	24.00373457	24.15336344	24.15815511	24.57894685	24.90174876	24.30329797	22.02711853	24.42341486	18.89956797	24.29984878	24.55130853	NA	23.00878089	22.72356202	19.05346834	24.51011077	24.1818966	18.72422161	19.12697818	22.12149808	23.61627304	24.49002761	NA	24.39876529	25.16276555	24.75502118
Serine_HN	26.8872043	26.86295044	27.02392806	26.80625485	27.08428377	25.70239066	27.32616889	26.93475648	25.75541324	27.17651851	27.2581381	27.00937563	25.63265004	26.10867507	26.8669513	26.04202707	27.71764237	26.31596604	27.42532151	26.82694045	27.34060451	26.14385506	27.18951474	27.0822884	26.99325689	27.21136557	26.22541849	26.84515831	27.59407216	27.30160976	26.99094654	27.25873668	26.94110515	27.08198063	26.47479664	27.02375592	26.81202962	26.79555889	26.99798881	25.83302641	27.09092282	26.94774302	25.95579227	27.39966995	27.37815475	25.93571895	26.95598534	26.46956125	27.21481925	27.13314948	26.12309983	26.9771098	27.4121451	27.50802799
Shikimic acid_HN	17.80245867	21.12202191	23.41519702	18.75156038	17.15063558	20.91446555	22.1382874	19.16262147	17.12828942	21.91338271	21.37580067	19.96090254	18.99468781	18.78200163	19.42823043	19.52260881	17.31169119	17.53985595	18.87239829	18.63696997	22.60194632	19.93243352	19.91082449	19.87150005	20.31946259	21.26205849	18.45690418	19.74809014	22.72794035	19.98547439	21.07823281	21.59099745	21.31018694	19.12695684	16.6271428	20.02714878	18.03843497	18.96835314	19.64732551	18.57865304	21.39761719	16.09077743	17.27279266	24.15939937	21.93605019	18.83873148	18.06578099	20.57652939	22.22078111	18.69650503	17.70679702	17.3805462	19.60167015	20.2074304
Suberic acid_HN	25.66937789	23.80030073	24.18178645	23.85342753	23.74957324	23.59245855	24.0380764	25.57282343	23.59245855	25.84877395	23.75366949	24.14577216	23.45773286	23.3869892	26.15886077	23.81379957	23.84431602	24.00844318	23.53119798	25.21075962	25.24288462	23.88162519	23.51243374	24.12255507	24.3799631	24.17092129	23.76884233	24.44161959	23.95776413	24.41011837	24.63589219	24.72491144	24.94788468	25.9745185	23.59245855	25.06650761	23.29181931	25.14430786	24.47758827	23.60937918	24.23854936	23.65131924	23.52451357	24.35096664	24.9739535	23.48462497	23.26574877	23.39455372	24.45969	24.99925553	23.63064244	26.02299978	25.36697709	25.13631462
Succinic acid_HN	28.21110496	31.45693611	31.126789	31.28987111	31.85952955	30.59192224	30.81865989	31.20872777	30.4666896	29.03921639	28.42713117	31.11081352	30.47249702	30.7966581	31.12931062	28.77432167	31.55005581	30.58231216	32.40820919	28.67705755	29.54120787	31.41102346	31.62350638	28.74138486	28.98168152	31.6171496	30.3155088	31.19257616	30.07244973	30.20548432	31.01238412	30.29264114	31.57188965	30.50510183	31.21610161	31.57340791	31.59246277	30.81204951	30.69610801	30.74439681	32.04991957	31.29892371	29.84657206	30.40302302	28.66590649	30.43362253	31.4478878	31.20932414	26.66661101	29.71421435	30.75074088	30.26557523	31.66082517	31.42141476
Succinic semialdehyde_HN	27.56402776	28.10634896	28.8737402	26.84761933	27.78090192	28.012311	28.03751282	26.89581824	27.43954353	27.63572372	27.06704565	27.70944683	27.49187229	27.2525387	26.29487645	27.70014726	27.585097	27.85364045	26.51929076	27.56201324	28.71288059	27.5704971	27.75879126	27.98219235	27.62590655	27.6832604	27.39481879	27.19172421	28.85677394	27.11117787	27.88630344	27.77481259	26.75345113	26.6808508	26.86503642	27.68274815	27.33044802	27.14142385	27.99816229	27.16016276	27.07674158	27.21312241	27.24668554	29.85350956	27.22615657	26.65896848	27.26652861	26.87561984	28.22892957	27.09007133	27.37894036	26.12508206	26.70341329	28.08977554
Sulfoacetic acid_HN	20.98199401	20.62057527	21.51160356	21.49884926	19.88934837	21.26798497	20.18094802	21.29414415	22.15973271	19.47612723	20.5565625	20.60611544	21.47070186	21.37669458	21.51397011	21.65151063	21.3232187	21.07166915	19.65418399	21.72088699	19.64726852	21.4139868	20.10396265	21.471536	21.0065738	20.56358654	21.25000245	20.90454632	19.75255995	21.28643579	21.5377957	19.50947092	19.53217566	20.58439836	21.10491289	20.24279155	21.42989902	21.27120865	20.95007295	20.79420425	20.25738001	21.77368489	21.95663891	21.33039647	19.8396831	20.98482804	21.47888825	21.09251899	19.13348749	20.90215108	21.71287404	21.49614524	20.12086651	21.22283926
Tartaric acid_HN	24.53612459	23.94909636	25.76204442	22.5230857	23.42280097	25.69933251	24.71374432	25.06766521	23.70490544	24.97950415	23.9320741	23.33519026	22.03157382	22.01917949	24.24524866	21.30010433	23.18327869	24.15703847	22.39977808	23.61928702	26.69712838	21.68167984	22.36107436	24.41280882	24.71009368	25.73919075	23.70026493	23.84082707	24.23146954	25.18969684	24.65385414	24.01371441	24.95139073	25.10362441	23.33716627	23.62360786	22.56732546	24.59653029	23.85524745	23.07038972	23.80737214	23.99888874	23.31244689	24.17598165	26.90351343	22.50335232	22.44246739	25.13078414	24.05821422	24.25786699	21.18470354	23.79689931	23.90173339	24.30604197
Taurine_HN	22.0794793	20.97002845	21.63624815	25.42829357	20.31448681	25.91775036	21.97497715	22.86796162	25.46808815	21.10724389	21.48776346	20.03358569	26.32208051	25.17230265	22.73431234	25.32874456	20.96630264	25.20377127	21.93684184	22.22849623	21.6878394	24.67867452	21.58162022	22.68000538	21.66831774	20.79132608	25.23361524	20.6240337	20.81816927	22.36065015	21.96409406	21.30927814	21.77157679	22.14213018	25.090424	21.56755107	25.37285794	22.72181269	22.28599942	24.23319293	21.65099164	24.51478313	25.3845602	21.72113868	22.10447071	25.77369014	25.33147448	24.61640729	21.48880982	22.4284307	25.17021385	22.45868441	20.2686436	22.96770756
Tetradecanedioic acid_HN	20.03878512	19.28937824	19.99865881	19.0790038	19.65690101	19.26425202	19.87535587	19.80225953	19.29096455	20.04053173	19.13960683	19.60594315	19.15482588	19.45564428	20.00403016	19.42336223	19.75271453	19.56929473	19.89429535	19.94671108	19.89469671	19.56645244	19.43497097	20.19521272	19.53911076	19.91469696	19.07827047	19.83103251	19.75067079	19.59197419	20.36453361	20.12537346	20.39673189	19.79315401	19.44944843	20.11599124	19.35802637	20.05167194	20.37336153	19.13418563	20.11248043	19.48162571	19.5138816	20.2671543	20.09753766	19.16108949	18.94388492	19.60326399	19.63475815	20.36329782	19.217335	19.91345039	20.64269888	20.74054701
Threonic acid_HN	25.20724529	27.35982069	26.29915617	23.98426252	27.6411443	26.87681283	28.82982657	24.45555456	25.51353027	24.79581617	25.1596489	26.68159394	25.56896984	26.29823432	23.98955335	24.1253462	27.00240447	25.75280828	26.06794761	24.33567377	24.29579176	24.67287809	26.54509609	25.91749411	24.46326116	27.34598684	24.55891094	24.22965194	23.94765366	24.95026564	25.78846837	25.13303202	25.28287481	24.31979883	25.68001101	24.02461191	24.70009285	24.5550706	25.21390351	24.95700625	27.76663895	25.97962094	26.3543327	26.55430934	24.61142635	25.6761406	23.85305236	25.7221843	24.9065945	25.17818447	24.71284996	23.82330376	25.68665074	25.51094296
trans-Aconitic acid_HN	21.38454946	23.25248484	22.3642303	26.20642715	23.54726522	24.79734831	23.41535738	21.81100121	25.15566379	21.29380188	21.76810916	24.11116318	25.34495742	26.21226083	21.7717844	26.42249416	25.3799224	26.01211874	25.59099374	23.14669765	21.58037206	26.49926621	25.45616943	22.77016429	21.36286533	23.7590113	26.45901739	22.64344072	21.37031505	22.08905497	23.08234926	21.59726022	19.02074728	22.89823285	24.76363249	22.92834305	26.34369776	23.33997143	22.08490027	26.0666804	23.3607309	25.21103698	25.05141229	22.39955841	22.2074778	25.24049258	26.24602295	22.5924035	22.84946126	23.19307914	26.27883337	22.47795351	22.76374787	23.0302861
Tyrosine_HN	22.24103039	19.04413485	22.38139553	23.02756212	20.25509833	23.87331181	20.61663316	21.80402583	23.00530964	21.44168688	21.5612499	20.45969853	23.33932148	23.82642535	21.66109067	23.50104368	22.06082362	23.46177035	20.28079119	21.7839599	20.4026277	23.09298468	19.98356698	22.15952177	21.77561111	20.98740185	23.27897013	21.26288728	20.41841224	20.99447722	21.8358306	20.7353059	20.92284669	20.81850217	20.55910113	20.78598946	23.38123342	21.53896338	22.06608283	23.33157604	20.51686851	19.81459977	23.24005028	22.72490584	20.77315623	22.07919665	22.43848288	20.13743887	20.57579615	22.30679081	23.61415393	20.50834378	22.00726264	21.92282032
Undecanedioic acid_HN	21.12971241	21.57797081	21.61275709	21.14873317	21.82607421	21.49224031	21.74183446	21.49784839	21.30920075	21.23493427	20.83960364	22.02340805	21.22577642	21.32825177	21.48467351	21.11497701	21.54002767	21.65317466	21.29524445	21.42041459	21.45661782	21.65220037	21.12202087	21.46729138	20.67976348	21.80856029	21.78625484	21.64259073	21.34032024	21.53305077	21.89768527	22.04339755	21.99695876	21.55002575	21.47948232	21.59139554	21.54390179	21.94431483	21.71813052	21.11417327	22.04315112	21.850648	21.42101497	21.86548254	22.07867915	21.21965295	21.15060872	21.36905579	21.22132602	21.83338188	21.12153196	21.79568336	22.15135008	22.23758598
Uridine_HN	29.11042869	24.83653738	29.1450476	27.15763168	24.0723271	25.76212386	24.32921294	29.1494334	26.29085392	28.72616564	28.47970464	26.28919253	25.30857992	26.6290132	29.04923902	27.31315433	24.74841401	25.33065636	25.65259197	29.07965413	28.41846072	26.09525536	25.27331259	29.00902029	28.72556459	27.23807276	26.10137284	28.68600805	27.97203126	28.86775958	29.2257732	28.58209595	28.79117074	28.69957664	26.91804317	28.54591992	27.34143172	29.11532369	29.17015021	26.37541203	25.31355847	27.16809398	26.01034223	29.36453136	28.7523806	25.529931	27.03317402	28.310988	28.51638759	29.43749376	26.14647764	28.54122086	29.68871766	29.33590875
Uridine 5'-diphosphoglucose_HN	24.65562594	25.25602947	24.39879328	24.20985276	26.15682096	25.70328691	25.18536678	25.08706352	24.9846988	25.22713215	24.9720596	25.99285471	25.24522942	24.20138186	24.92109909	24.56889853	25.7990835	25.653411	25.46033745	24.83454703	25.20288492	24.42716686	25.41760733	25.40787402	25.17378264	25.57813634	24.75947077	24.67218974	24.65392708	25.51516891	24.48010342	25.2515713	24.81307864	25.78788796	25.3575115	25.44671604	24.35316842	25.25646049	24.89791028	24.28078099	26.78726927	24.79956097	25.21965245	25.11398129	25.30089973	25.10295868	24.08925674	25.34548533	24.24861569	24.17068171	24.30973829	25.27342036	24.68270894	25.57896963
Uridine 5'-monophosphate_HN	25.45438541	26.23285521	25.90734966	25.96835542	25.98887436	26.52131031	26.23400524	25.78803135	26.29141181	25.94995395	25.94390326	26.39222156	25.96718066	25.80335595	25.63584172	25.52314297	26.13395658	26.30546145	25.97944038	25.77610281	26.13446574	25.62646545	26.21403212	26.02458345	25.64245935	26.65948199	25.87343664	25.93962173	26.07041104	25.14745814	25.12844271	25.9432017	26.01537119	24.75880694	27.06128201	26.18663526	26.23137295	25.44929751	26.06407293	25.68974532	25.78156729	26.93477828	26.37403751	26.35073103	26.58120472	26.26723163	26.11584543	26.99747968	26.42540075	26.07143276	25.52754657	25.38013495	26.12116675	26.41371374
Urocanic acid_HN	22.29961036	23.01036563	23.36704911	22.75405589	23.18105644	23.10640888	23.93342506	22.60173716	23.47352741	22.5786785	21.01526431	24.95793766	22.25483238	23.36381196	24.11106338	24.36575647	24.06098513	23.5748468	22.75111087	22.64649766	22.43193407	22.86097023	22.97641563	22.43185553	23.46224678	22.09917094	23.59245855	23.73778673	23.48326545	21.95318488	23.15247562	22.90267265	23.97984411	22.3213789	22.75307497	22.34551073	22.46709307	24.23386071	22.49745046	22.41731578	22.53088163	22.59910682	22.59977938	22.32484194	22.77262449	24.40790777	22.70824088	22.48626628	22.72331654	22.11418544	22.79515928	23.84501738	22.24146455	23.21452373
Val-Asp_HN	21.89487544	21.35294104	23.88972301	21.82987081	21.61298541	20.29742432	20.86651447	23.53366916	19.27735625	22.85287718	22.61233272	21.45264942	17.80535214	20.47468699	23.60391615	19.31074321	20.26922015	19.19828872	20.66751161	22.5640628	22.43102886	20.12322502	20.1525816	21.34645519	22.7091909	20.34425648	20.90036915	23.65964456	23.15422948	23.93273346	23.16970128	23.09171553	23.16188163	23.46680884	21.26208158	23.26108315	21.80445818	23.39864625	22.53088107	20.29004009	20.47744149	21.11519394	19.91007144	22.97625415	21.06787893	20.66658897	22.22010562	21.04605098	21.57661735	22.83098569	20.05052599	22.6919465	23.92591821	22.91703641
Val-Glu_HN	23.23616879	21.73286075	24.66675603	22.91533563	22.27359275	19.55106624	20.64961117	24.61802586	19.33167216	23.90383264	22.60608798	23.34059827	20.29216112	21.64867583	24.46131968	21.2579809	20.72271915	18.84244853	21.24954146	23.43795411	23.64217306	18.12199873	21.50295604	23.67207919	24.29554009	22.64471333	21.10644191	24.18948583	23.82727808	24.06356266	24.26193787	23.0363001	24.3845603	24.49960118	22.89530863	24.01004102	22.34265276	24.49998441	24.04898871	17.96804717	23.32601141	22.69597169	20.00636761	23.81881442	23.14435372	20.48546052	23.03910127	22.33098874	22.9445949	24.25765078	17.94028848	23.91797167	23.89536126	24.3309386
Val-Ser_HN	23.69952173	17.16422679	22.440311	17.95089672	21.90076379	19.06796099	16.78495216	22.12645902	17.82634369	20.7500312	23.84546513	23.34271773	16.91536149	16.61555198	21.88235792	16.8274469	19.47791671	18.61210681	19.23824802	23.95168019	22.2781606	NA	20.98237897	24.1446978	20.17964025	22.89322096	NA	22.51429479	23.28164025	22.72875949	21.64484665	22.72955527	23.4967585	22.58865087	17.95635466	22.81453674	15.94533287	22.22240916	21.32086436	NA	22.99009953	17.14073183	19.04682265	21.54174904	20.53017967	18.72422161	17.20234013	18.1936919	20.5908556	20.79148071	NA	24.37736929	22.93666205	21.3548758
Val-Thr_HN	20.87005621	19.88829972	24.23369412	20.28288727	20.32782215	17.654231	19.27436989	23.81544139	14.96862932	22.25496045	21.73509845	21.83953758	NA	16.66856594	23.84718979	NA	18.21385135	16.36147565	18.63139529	21.10328971	23.21430352	17.43388949	19.62349575	22.16171606	21.88455597	21.59132028	16.43171268	24.11302721	23.08193923	24.30278453	23.60960846	24.37669142	23.95551952	23.95282105	20.49786468	23.74086859	19.57996651	24.0591329	23.1554409	16.90559275	21.32989779	21.69952914	17.33283522	23.82350087	22.24730229	18.02031153	19.59607893	20.66058182	21.80063992	23.5189584	NA	23.3573659	24.1283117	23.73546903
Xanthene-9-carboxylic acid_HN	28.7067565	28.93377263	30.40648436	26.99693877	28.30998689	27.65158676	28.91735997	27.92465381	27.20940123	29.13134137	28.79322494	28.75733083	27.04359722	25.85692388	27.30813578	26.7792393	26.59295691	26.96998942	26.54370003	28.7974696	30.38639	26.53328253	27.97165729	29.28037823	28.98454608	28.68488765	27.07743168	28.73962728	30.45070154	28.52385855	29.28617436	29.11879866	28.37437298	28.10018905	26.36497605	29.12181227	27.6337552	28.36864242	29.31476806	27.07641963	28.01318858	27.28699083	27.4516387	31.18178149	28.8418691	26.72516448	27.71685553	26.52343263	29.72274734	28.17194649	26.26325385	27.43565273	28.15073566	29.43191275
Xylulose 5-phosphate_HN	25.60058459	23.60165456	24.09110416	24.20735153	23.53477041	23.98023129	24.09552982	24.05091849	23.95315229	25.28687589	25.68499985	25.29935909	24.53188913	25.22353737	24.33528195	25.90119339	23.91254448	24.67223076	23.21168591	24.74898448	25.12291386	25.141927	24.47096711	24.25535325	25.85753364	23.63034867	25.30132793	24.04239179	24.87168852	23.61969919	23.93272377	24.14249764	24.46932644	24.56268084	23.20985166	24.6513971	24.76520136	23.92204824	24.40828144	25.22150063	23.66996561	23.16237452	24.05053389	24.9714322	25.13939562	24.15327622	24.80386948	23.68951406	24.88577247	23.695752	25.14375947	24.67175937	24.47600879	23.88762364