Metabolite name,PPI_Ylip_Ctrl_24hr_13,PPI_Ylip_Ctrl_24hr_25,PPI_Ylip_Ctrl_24hr_37,PPI_Ylip_Ctrl_3hr_07,PPI_Ylip_Ctrl_3hr_19,PPI_Ylip_Ctrl_3hr_31,PPI_Ylip_Ctrl_48hr_15,PPI_Ylip_Ctrl_48hr_27,PPI_Ylip_Ctrl_48hr_39,PPI_Ylip_Ctrl_4hr_09,PPI_Ylip_Ctrl_4hr_21,PPI_Ylip_Ctrl_4hr_33,PPI_Ylip_Ctrl_5hr_11,PPI_Ylip_Ctrl_5hr_23,PPI_Ylip_Ctrl_5hr_35,PPI_Ylip_Ctrl_72hr_17,PPI_Ylip_Ctrl_72hr_29,PPI_Ylip_Ctrl_72hr_41,PPI_Ylip_Low_24hr_38,PPI_Ylip_Low_24hr_46,PPI_Ylip_Low_24hr_52,PPI_Ylip_Low_3hr_32,PPI_Ylip_Low_3hr_43,PPI_Ylip_Low_3hr_49,PPI_Ylip_Low_48hr_40,PPI_Ylip_Low_48hr_47,PPI_Ylip_Low_48hr_53,PPI_Ylip_Low_4hr_34,PPI_Ylip_Low_4hr_44,PPI_Ylip_Low_4hr_50,PPI_Ylip_Low_5hr_36,PPI_Ylip_Low_5hr_45,PPI_Ylip_Low_5hr_51,PPI_Ylip_Low_72hr_42,PPI_Ylip_Low_72hr_48,PPI_Ylip_Low_72hr_54,PPI_Ylip_Osc_24hr_04,PPI_Ylip_Osc_24hr_14,PPI_Ylip_Osc_24hr_26,PPI_Ylip_Osc_3hr_01,PPI_Ylip_Osc_3hr_08,PPI_Ylip_Osc_3hr_20,PPI_Ylip_Osc_47hr_05,PPI_Ylip_Osc_48hr_16,PPI_Ylip_Osc_48hr_28,PPI_Ylip_Osc_4hr_02,PPI_Ylip_Osc_4hr_10,PPI_Ylip_Osc_4hr_22,PPI_Ylip_Osc_5hr_03,PPI_Ylip_Osc_5hr_12,PPI_Ylip_Osc_5hr_24,PPI_Ylip_Osc_72hr_06,PPI_Ylip_Osc_72hr_18,PPI_Ylip_Osc_72hr_30
13-Docosenamide_Pos,24.15892342,24.07085517,24.8466496,24.03038498,25.84500603,24.15093623,22.26958335,21.84183505,24.77384863,24.16844684,24.644027,25.91303634,24.86279752,23.58759817,23.21621142,23.38868288,24.45401061,22.95131672,23.53333736,24.91887378,24.21166786,24.43612521,24.18058598,24.07094674,24.60435898,25.44100798,25.98171142,25.22428243,25.69247692,25.20457732,23.69920977,24.09119669,24.28202283,23.47538617,23.91592217,23.68381354,24.58844796,24.98562747,24.13044855,24.3747326,24.47860716,24.15534577,24.1122615,23.35967461,23.1986113,25.70851357,25.31425802,25.08731202,24.46704646,24.80497146,23.79071337,22.31032694,22.05516919,23.23489497
Benzyl butyl phthalate (also known as chemical regent)_Pos,16.33964044,NA,18.14819064,22.21706391,18.72041592,17.29425763,14.6665106,20.23030275,22.71637265,19.86022068,17.78404156,16.13602606,17.32612442,17.14748034,21.65854534,16.08418872,17.51714652,16.91030113,20.63537714,19.88078496,17.08507998,17.1069322,18.89807824,23.39475732,18.16451855,19.8623511,16.73641793,16.40745911,17.78176262,17.74566174,17.07156381,15.07116407,19.25191705,21.14771573,17.17006133,18.04861861,17.66241827,20.96381477,17.0487665,18.0428518,16.78524035,17.32023949,18.19367925,17.1102764,18.31678746,17.97813395,17.52340032,18.45611121,20.00915843,18.22283715,17.43168268,14.69229581,14.80512952,19.60758925
Cer 34:0;2O|Cer 18:0;2O/16:0_Pos,17.14389399,16.33825618,17.96811235,17.23327947,17.33106515,20.66976309,15.89828452,20.87616475,17.3435248,17.66126811,18.99614721,18.85327264,18.74636115,17.95888175,17.03810619,15.68560318,17.16342486,16.13400633,20.10124096,19.33273059,19.80012077,19.19672358,18.10279865,18.14905384,19.93399507,19.93687424,20.61382088,19.98866992,19.96046885,18.46006993,19.18659418,21.21224939,18.56502209,21.8537274,20.74169136,21.69133401,18.32896082,18.38451035,17.50016404,17.30074316,18.31407654,20.03818077,17.14232091,16.84410481,17.09812031,18.98662596,17.93733189,18.23283791,18.82477994,16.8408611,17.9506513,16.43269212,15.73283581,16.46200899
Cer 34:0;3O|Cer 18:0;2O/16:0;O_Pos,18.07786704,18.3073838,17.51552935,18.08824738,18.15436436,19.39463693,17.11651595,17.62477843,18.298178,17.76832317,19.06697833,19.17154439,19.09536571,18.59536207,17.76829998,17.35889664,17.16432656,16.70674804,22.3956819,21.43537142,22.47586914,19.17046192,17.95899033,17.9327714,22.09407618,21.87100051,22.55302635,19.78774246,21.09502167,18.38298185,19.89068696,22.2495903,18.59666763,22.75115049,22.96458755,23.40514898,18.35901994,18.27634083,17.89190447,17.82265677,17.83632627,19.33391814,17.10008308,17.30561096,18.20533456,18.39695161,18.59410795,18.25007091,18.04912295,17.39529238,17.57760438,16.67631052,16.5344209,17.11305756
Cer 34:2;3O|Cer 18:2;2O/16:0;O_A_Pos,20.37423239,20.0187876,19.43676482,21.52335001,20.44809812,23.40076198,18.87539392,18.80265847,17.98753673,21.49030621,23.23252204,23.49352261,23.70341896,22.54937935,21.5682634,19.03002826,17.32487852,18.39946174,19.10494419,17.66299493,19.51620834,23.12226546,22.23575578,20.46766007,17.57076238,16.75122919,17.58765648,23.436028,22.10802371,21.86115294,22.76190937,21.2405228,22.33134452,17.68138495,17.78626298,18.18929893,20.43177558,19.40015662,20.67696964,21.18650818,22.36881385,22.70865521,18.18804016,18.42162399,17.63554625,23.45041461,23.25815256,21.76026316,23.20428683,21.56520342,21.97434254,18.21900147,18.26317674,18.21313984
Cer 34:2;3O|Cer 18:2;2O/16:0;O_B_Pos,19.04493571,18.7805866,17.16555611,19.5346196,18.81379518,21.38574148,17.3871686,17.41041637,15.17804724,19.69616113,20.90323904,21.54641361,21.44161714,20.83241923,19.5877257,17.58371798,15.64684533,16.17679348,17.81849361,17.60974734,18.33989261,21.02845535,19.96549956,18.51362667,16.9196497,16.24673197,17.00326349,21.64875666,19.8837848,20.50970443,20.80148925,20.03193573,20.28768205,15.95275813,17.87794835,18.25999504,17.84355597,16.33613566,17.69480197,19.56449692,20.27699736,20.88540196,14.26934991,14.43115107,16.52974078,21.16009915,21.1408473,20.0029958,20.91420868,18.83513754,19.95843935,15.25758709,14.90808501,15.45404969
Cer 34:3;2O|Cer 18:2;2O/16:1_Pos,18.36734367,18.19375116,17.32621573,19.71388794,18.44535468,21.54833195,17.05532785,16.94984946,15.74559581,19.52122319,21.45188319,21.61303141,21.84549174,20.647765,19.61294503,17.05662,14.76663573,16.41520507,17.06642307,13.84110678,17.48488642,21.27933363,20.36913807,18.44551647,15.1721349,NA,14.26697941,21.58159067,20.13825461,20.03149735,20.96882748,19.4344951,20.40160131,15.62959868,15.31037805,16.07412115,18.54458635,17.34879792,18.66427023,19.39506591,20.51726945,20.84024315,15.46860001,16.13296361,15.49757394,21.65313718,21.37977037,19.87743153,21.3265526,19.63596414,20.08940098,16.44820499,16.30234143,16.16608322
Cer 35:2;3O|Cer 19:2;2O/16:0;O_Pos,20.60596413,20.27492878,19.63758507,20.19761231,19.35279572,22.22724698,19.45362608,19.48447677,18.73682668,20.22633701,22.12371559,22.15175515,22.62922333,21.7723958,20.32118827,19.7975059,18.62770588,19.30327742,18.95564276,17.41556004,19.38068102,21.86067125,21.13406692,19.2952669,17.38525678,16.3142919,18.81778732,22.11409849,20.98683592,20.5440911,21.60016243,20.41007899,21.33407745,17.98366664,18.38927119,19.0584855,20.56877398,19.52638364,20.75423584,19.98274471,20.970403,21.47811006,18.76900775,19.15433966,18.46395115,21.99917956,22.14340156,20.55926452,22.06571568,20.47934797,20.9424164,19.49744105,19.43945213,19.10981119
Cer 35:2;3O|Cer 19:2;2O/16:0;O#_Pos,18.55100618,18.14254856,15.03025365,17.57033633,17.51093693,19.67545177,17.17332929,17.45864394,13.5924049,19.28183673,20.06235104,20.14924706,20.60849585,19.87543714,19.23903792,17.36705998,14.85667807,15.96685864,17.15101937,15.2053099,17.50714529,19.3009201,18.30293778,16.73887168,15.38124539,NA,16.52749999,20.26058035,17.8957439,20.00554231,20.7316858,17.99221821,19.56442147,15.41878013,17.69914327,17.77310554,16.57382655,NA,17.28531004,18.04348153,18.81408058,19.29382882,NA,15.89620861,16.5208148,20.08418647,20.73096765,18.66246508,20.20702688,18.44760678,19.16098914,16.69767544,16.58091013,16.44284177
Cer 35:3;2O|Cer 19:2;2O/16:1_Pos,24.18257489,23.78374653,23.42156848,23.7721427,22.89178782,25.79099396,23.06980515,23.04647001,22.17039115,23.7532266,25.66962453,25.66503267,26.2020614,25.31513868,23.92081184,23.3863271,22.31776044,22.82117888,22.49288426,21.1947089,22.87135505,25.43339803,24.67964039,22.91568007,21.30509937,21.05172206,22.01482697,25.67936384,24.56280172,24.1617693,25.16947746,23.91378925,24.83797446,21.61772272,22.12435682,22.54401995,24.11396828,23.30956955,24.37392837,23.52755955,24.50718524,24.9940506,22.44568743,22.74012528,22.0695904,25.55006844,25.80090538,24.13704435,25.61447814,23.99507479,24.47877367,22.99185066,22.94928832,22.67213266
Cer 35:3;2O|Cer 22:3;2O/13:0_Pos,22.4209957,21.99392015,21.60204364,21.97723341,21.11122623,24.00010508,21.27864839,21.28382884,20.44147737,21.88504332,23.84511027,23.87525107,24.41436821,23.52878142,22.10093012,21.62448441,20.51008485,21.04576856,20.70373144,19.30437245,21.01167345,23.62870712,22.87030636,21.12779087,19.44270207,19.26079122,20.15628061,23.90044425,22.7841911,22.30243164,23.35209809,22.04047158,23.03853575,19.72943619,20.23859595,20.74676006,22.30481515,21.39668313,22.5875579,21.71274428,22.70195615,23.22271739,20.64716925,20.90996391,20.21821838,23.77317006,23.97320179,22.33472458,23.82692795,22.16819709,22.68567851,21.21385076,21.20889205,20.87374445
Cer 42:0;3O|Cer 20:0;2O/22:0;O_Pos,20.22931367,20.06812433,19.45688167,20.30794579,19.10384099,22.43538847,18.36914055,19.33967601,18.32335524,20.22804508,22.00881738,22.3830264,22.13619239,20.81143945,19.76824431,18.69539532,18.01433322,17.69960248,23.28905468,21.87536882,23.65405046,21.69710482,21.11035723,19.44374807,22.78253787,22.01042896,22.9772428,22.27944207,21.44321497,20.46043088,21.85364869,22.32521867,20.71392482,23.13913712,23.30700004,23.91583453,20.42341318,19.1341244,19.39148476,20.25656983,21.22285854,21.6424758,17.52921104,17.20109154,17.67222434,22.78782963,22.02692585,20.21922222,21.86195959,20.42198179,20.6543189,15.94752812,16.84007703,16.76644339
Cer 42:0;3O|Cer 22:0;2O/20:0;O_Pos,14.10261614,13.55686954,NA,13.79898485,NA,17.18606609,NA,13.80484831,13.0263915,NA,14.37002269,14.84453584,17.00611997,14.71584227,14.90723608,11.43750578,NA,NA,18.42230862,15.98135145,17.6542392,15.65704701,14.04735665,14.12076281,17.80591172,16.87676472,17.45362266,16.775136,16.06776943,14.71764261,16.01524168,16.67822622,14.10786121,18.06193973,17.48081563,18.69197003,15.149641,NA,13.70481986,13.59710266,15.55922396,16.2896304,NA,11.86905574,13.30177776,16.7455265,15.23799485,NA,16.34521748,14.96813907,13.25540636,NA,7.217277374,NA
Cer 42:0;4O|Cer 18:0;3O/24:0;(2OH)_A_Pos,22.60601484,22.64476493,22.14019799,23.09868372,17.67827234,25.50038112,21.17006926,20.90638009,20.44859097,22.75223827,25.15772813,25.10406598,25.61471193,24.59330969,22.92896527,20.85574503,20.33039638,20.47893205,23.96188074,22.89862664,24.56669438,25.00405337,24.29189431,22.72586784,17.96385458,21.92472803,23.21656311,25.10031013,23.82576088,23.49057413,24.77982792,24.30435762,24.08647773,23.71062582,24.21629916,24.63971749,21.92390367,21.17014036,22.63180217,22.74964403,24.55865231,25.11430455,18.53140859,19.97473806,18.81889639,25.55073902,25.26948697,23.68512038,25.03893527,22.88602567,24.08044,18.52448367,19.12759091,18.89999907
Cer 42:0;4O|Cer 18:0;3O/24:0;(2OH)_A#_Pos,18.68093936,19.03406261,17.87316973,19.35894406,18.99496812,21.97650101,17.16201965,17.56547001,15.62278492,19.07346888,21.77146226,21.50659325,22.30745784,21.34597088,19.20242545,16.7478009,NA,16.23920238,20.81384262,19.06976326,21.30191479,21.6742675,20.71086305,18.75784134,19.28597332,17.36224265,19.29715202,21.81594007,14.04526713,12.73786044,21.39517249,20.77767515,20.41898959,20.20579736,20.74518262,21.21298283,18.15599251,15.81653041,18.87321423,19.08896902,21.16746635,21.78162235,NA,15.33853936,13.87412317,22.10774033,21.77456336,19.72564309,21.65170341,19.27751655,20.49445453,14.04932739,14.88309819,13.81442061
Cer 42:0;4O|Cer 18:0;3O/24:0;(2OH)_B_Pos,23.71526191,23.6519251,22.76069173,22.39238437,22.13568851,24.93482304,22.11478249,21.9099953,21.190549,22.67065587,24.70447802,25.30078672,25.05727905,24.14590761,22.91508223,22.19095605,21.11937402,21.20598262,24.35726289,22.9035284,25.04939419,24.39581299,23.29050643,21.92106335,23.75643389,22.97097589,24.51138831,24.9028342,23.47579352,23.28820593,24.34119822,23.87410388,23.74281174,24.58789297,24.48076423,25.23203839,22.7105551,21.1818877,22.59330872,22.04369298,23.31274668,24.36946558,20.24506901,20.63639059,20.80140757,24.85485063,24.58730393,23.10235172,24.3915476,22.79167248,23.49473445,20.8996346,20.6853408,20.34733796
Cer 42:1;4O|Cer 18:0;3O/24:1;(2OH)_A_Pos,NA,22.13833867,21.4158744,21.05293801,21.60487696,NA,21.83264556,13.22842071,20.21085684,20.93978701,NA,23.36447799,23.6342252,22.60464484,21.1603003,NA,20.66095684,20.8313742,21.16619616,19.54568633,21.79910135,23.59085796,22.67322056,21.22455076,20.34043744,18.29666513,20.44480951,23.15702075,21.73815269,22.01440139,22.3667763,21.97930236,21.7198565,20.95174886,21.07531961,NA,22.13485194,21.09386521,22.72707353,21.1456283,NA,23.86607092,19.03753924,19.94695912,19.3860118,NA,23.11363143,21.92481704,22.76100687,21.21413501,NA,19.48467359,19.31680467,19.59701836
Cer 42:1;4O|Cer 18:0;3O/24:1;(2OH)_B_Pos,22.0319678,22.13228069,15.79069956,14.69829085,15.47596295,24.00588166,21.82257277,16.87974157,9.320202176,16.07017991,23.7803264,23.35681945,19.03004327,17.41698195,16.04559331,21.42777037,13.74056106,16.02074657,15.8099481,13.41271352,21.78988423,23.58044791,17.75556673,15.35908828,14.53364033,NA,14.47253223,18.24203834,14.56887404,17.48825646,22.3579462,17.76382941,16.717517,16.40200108,21.06597411,21.89001351,22.12514732,15.19833023,17.37887138,15.70816603,23.02885195,23.81641009,13.53019869,15.0386878,14.17916692,23.95546289,23.10605676,16.1378071,17.6926781,15.78590743,22.63007444,19.4762872,13.76931271,16.50150853
Cer 42:1;4O|Cer 27:1;3O/15:0;(2OH)_Pos,22.04208112,22.13833867,21.4158744,21.05274046,21.60487696,23.97276597,21.81632662,21.1481861,20.21085684,16.07017991,23.7803264,23.36447799,23.6342252,22.60464484,21.1603003,21.43251515,20.66095684,20.8313742,21.16660817,19.54653648,21.79910111,23.59085786,22.67322056,21.2241156,14.53364033,18.29666513,20.44480951,23.15702075,21.73815269,17.918608,22.36677653,21.97930236,21.72593517,20.95174886,21.07531961,21.89961216,22.12985211,21.09790147,22.72707353,21.14607962,23.04075575,23.86607092,13.53019869,19.94695912,14.17916692,23.96669404,23.11363143,21.92481704,22.76193133,21.21413501,22.64133781,19.48467359,19.31680467,16.50155775
Cer 44:0;2O|Cer 18:0;2O/26:0_Pos,16.18390745,15.49400721,18.1492275,17.38686222,17.38136778,17.37096784,15.44458713,19.61225103,18.15516533,17.1755535,17.58992089,18.12193234,17.65750568,16.48589484,17.35495423,15.49155194,17.70763714,16.25766235,16.07658566,17.75370409,16.6507817,17.07838122,18.08286061,17.7078143,17.72390645,17.92025877,17.77023398,17.09116134,16.74558391,16.97651171,16.1001916,16.3973655,17.64908228,17.5524819,16.47596067,17.29160453,16.88450839,18.52491299,16.95142477,16.81578165,17.19306272,17.21727537,17.10095259,15.7468978,16.20543449,17.58726268,17.67189796,17.99310802,16.56957225,16.52066474,16.75064144,15.4631991,14.09569979,15.04351785
Cer 44:0;4O|Cer 20:0;3O/24:0;(2OH)_#_Pos,21.45101021,21.80331319,20.70284916,20.30970502,20.93301525,23.28953246,20.71185246,20.42337854,18.96698218,20.48040616,22.52679276,22.58902658,22.65506639,21.40647164,19.99970015,20.6811767,19.99612561,19.66708769,22.62788229,21.4378857,23.27938427,22.8629642,21.48082942,20.67708616,21.97698907,20.40396844,21.39979652,22.08020433,21.02818304,21.37727517,21.89298798,21.89782686,20.61000841,22.44208941,23.01363706,23.43444664,21.7210857,19.59167239,21.27440957,20.57906598,22.43131436,23.13173171,17.08670595,19.25343434,18.5223317,23.00837037,22.44553326,20.27356283,21.79300391,20.30220451,20.85577368,18.52145976,18.66295395,18.78927135
Cer 44:0;4O|Cer 20:0;3O/24:0;(2OH)_Pos,21.46579886,21.39995652,20.65247617,19.6715923,19.27982757,21.75772039,20.32785713,20.28808298,19.34754927,19.86050805,21.19869428,21.79881069,21.21684843,20.4619365,19.53775036,20.2693982,19.94514336,19.34430771,22.09005762,20.63010355,22.54978631,21.2317483,19.92616633,19.30583816,21.61062681,20.81879924,22.346423,21.30849947,20.26188011,20.29723636,20.96302977,20.97648039,20.29952176,22.62273283,22.65423026,23.13327566,20.89450925,19.4858253,20.38774563,19.23471721,20.16492568,21.18361259,18.5794315,18.69189385,18.74416421,21.37199932,21.23250791,19.57605092,20.40815696,19.54704669,19.65223007,18.65068947,18.35281948,18.35083119
Cer 44:8;2O|Cer 24:3;2O/20:5_Pos,13.05954576,15.7158556,14.59210454,NA,12.95604106,15.69728973,14.10581941,12.75125397,13.02608946,NA,14.17695017,NA,15.92027609,14.92437011,13.05751599,12.65161364,NA,NA,17.3664696,NA,17.41803257,15.10603307,13.63214659,NA,16.2276178,14.56138895,17.009098,13.34575891,13.04592501,NA,12.35313333,NA,13.58625275,17.52734875,17.45978206,17.65648642,15.32177967,14.86103624,15.88922582,12.83764243,12.96965417,14.26798325,13.43102101,12.83326706,NA,15.12102061,14.23799485,15.57489977,14.11073102,NA,13.35113783,11.16031804,12.83293999,10.92299138
Cer 46:1;3O|Cer 21:0;2O/25:1;O_Pos,16.44332822,16.26792525,18.73065164,18.1267368,17.40513324,17.78683656,16.01935719,19.6910869,18.11344568,17.77668573,18.17538952,18.4041601,17.92178745,16.92544983,17.39038728,16.44748454,17.39885491,16.66738393,16.14376449,17.87459208,16.72072811,17.38099248,17.75113732,18.30751375,17.83667613,18.3292897,18.36807999,17.76778667,17.79684674,17.3056432,17.04762451,17.07764886,18.01519404,17.2348951,17.61171501,17.7326964,17.19463114,18.78256472,17.08475126,17.37348629,17.51278511,17.15469552,17.41455533,16.79049934,16.33354108,18.27781098,17.94688639,18.40559232,16.86424319,17.28755561,17.57273059,15.63886105,14.74615956,15.47700048
DG 33:1(d7)|DG 15:0_18:1(d7)_Pos,NA,16.86613789,NA,NA,NA,NA,NA,13.84008201,NA,NA,NA,NA,12.83703151,12.75576711,NA,NA,NA,NA,NA,NA,NA,NA,NA,NA,13.81204047,NA,NA,16.45776598,NA,NA,NA,NA,NA,12.41875363,NA,NA,10.21809064,NA,NA,NA,NA,11.64621774,NA,NA,NA,NA,NA,NA,8.830166172,NA,NA,NA,NA,NA
DG 34:2|DG 16:0_18:2_Pos,20.4064909,20.47134285,19.43312304,14.26494465,19.84392979,18.3843963,18.79499372,18.89882648,18.66337575,18.50429402,18.52457097,17.55316088,19.89991547,19.7664944,19.10867423,20.21422509,18.88566018,19.37756688,20.81105581,20.15943095,21.15371911,17.05090257,17.46891474,17.51136934,20.62337559,20.67398321,21.15529034,18.82172367,19.25343434,20.09492917,22.13513301,20.80283846,19.37949548,20.8218073,21.44201063,21.87009453,18.77079074,17.01723713,18.73247348,17.64295368,18.74921484,18.91156375,19.59314228,19.90509149,19.55640756,19.03364347,20.20328298,16.21296608,19.20136702,19.22935213,16.54772895,20.2599547,20.09732265,19.74329175
DG 34:3|DG 16:1_18:2_Pos,18.3292144,18.81049786,17.36810659,13.58045066,18.69706767,16.18675701,18.14135615,18.37622923,16.58501647,17.03376386,16.11384463,NA,18.12441968,18.17610108,17.91401092,18.73770929,17.05915765,17.87358377,18.45716879,17.76560811,18.8306668,15.42283024,NA,NA,17.32754784,18.00769536,17.70291645,17.07723522,17.49646266,18.46626248,20.54238741,19.35508335,17.50887056,17.65930911,18.24492695,18.3791673,18.10100392,16.93095925,17.94102225,16.11858212,17.61856443,16.37463832,18.13550388,18.56023001,18.24136277,16.64455838,17.685271,NA,16.80413886,17.2528581,13.5109228,18.95782541,18.93671448,18.48854424
DG 35:2|DG 17:1_18:1_Pos,NA,12.08534116,NA,NA,NA,NA,NA,12.19582379,NA,NA,NA,NA,NA,NA,NA,NA,NA,NA,16.10277344,NA,16.32375332,NA,NA,NA,NA,NA,14.64700708,NA,15.96897397,NA,NA,NA,NA,15.75982542,16.29247291,16.26426599,14.4895897,NA,NA,NA,NA,NA,NA,NA,12.71584287,NA,NA,NA,NA,NA,NA,14.89314959,15.56875574,15.07155931
DG 36:0_Pos,13.81017567,13.81557831,16.37760339,17.43419141,18.01041368,16.2896207,14.42389688,12.72461917,15.91763403,16.66090198,15.81065485,15.9051111,16.66664873,16.18250503,16.79505047,13.42849506,13.66998793,14.44380792,15.620306,16.21722371,13.61898635,16.56662475,16.59565021,17.95660972,16.80842255,17.52464456,14.02700571,16.38646455,16.92100903,17.14697188,15.18969203,14.34144214,16.25737025,15.7093921,13.9407239,NA,15.68289645,16.06739905,16.71908718,17.30912867,15.16527885,17.93045769,16.1728757,15.67504058,16.53083372,15.41505429,15.52030158,16.49032352,16.58823279,16.63400168,NA,13.57297492,14.34860551,15.03266009
DG 36:1_Pos,17.67908421,17.94157277,18.32438092,13.75018704,17.67294803,13.74506369,17.22429075,15.58587077,16.77388886,13.77576594,13.8283881,14.81828957,15.80935614,16.54383348,16.43758219,17.02878787,16.78048677,17.11434641,18.18203846,17.74773044,16.95387733,14.59830734,13.78069412,16.4288851,17.9315599,17.64589351,16.71841678,16.08884613,16.58789187,17.46936216,17.46590677,17.53950246,14.00219703,17.29498276,16.04354009,15.2485994,17.1312194,14.84807898,17.37263381,15.33051893,NA,16.14858339,17.7051023,17.98004752,18.25640095,NA,13.35428146,NA,15.53212631,15.83317164,NA,17.97669756,17.76563578,18.18821423
DG 36:1|DG 18:0_18:1_Pos,18.5750857,18.27739906,18.31381315,17.63021309,17.97320165,17.12137252,17.77391374,17.49483115,18.49176866,16.93753131,16.05795042,17.66725199,17.72491961,17.06094217,17.59535146,17.79772204,18.4309876,18.13689964,17.63087944,18.69575464,18.15479882,16.65620185,16.3714917,17.80212044,18.74089738,17.40725388,18.56279744,17.38430357,17.71561734,17.98492463,18.48440111,18.19244655,18.5785861,17.5534719,17.82904083,17.62579181,18.17261758,18.15655256,17.96891208,17.6343283,17.1664328,17.3349862,18.20233213,17.52915945,17.59942536,17.25187612,17.72513709,16.3476919,16.72263963,17.83290004,15.84428771,18.27843305,17.8869824,17.83893285
DG 36:2_Pos,19.88972747,20.29729178,20.3341827,16.51943549,19.61297444,16.29519077,19.45831099,18.46857166,19.40527187,18.19985787,NA,NA,17.89874193,18.86741356,18.89484089,19.34359789,19.26235127,19.17385497,21.30445415,21.24251823,20.7174851,15.02016266,14.2390308,18.37742282,21.90508116,21.95674358,21.11772108,17.61263703,18.30393545,19.46849773,20.17114327,19.67061367,17.08971986,21.45876004,20.65395413,20.6918044,19.71729733,19.34459413,20.20703937,16.85963717,14.20478997,17.53665825,20.6957903,21.02140376,20.96793118,14.48251214,16.87831129,NA,17.17944884,18.49196117,NA,20.14777572,19.80846102,20.49469638
DG 36:2|DG 18:1_18:1_Pos,20.79461936,20.82626593,20.18677537,14.14151403,18.56128682,17.8040832,20.12389198,20.21464232,18.8527923,17.58041311,16.71908761,15.59530662,17.83133708,18.52247654,18.53895287,20.51864169,19.20893482,19.74624372,21.60604279,20.61554856,21.7750419,15.67233267,15.92610182,16.00121156,21.1997324,21.22115859,21.48468173,17.06703855,18.1441697,18.72794593,21.10083972,19.84185124,18.15245158,21.36382673,21.61590222,21.99181218,20.36923361,19.14834598,20.00274557,16.67254453,17.19683244,18.09957295,20.39789955,20.72358868,20.47351594,15.59282169,17.69747258,13.91393228,17.20620369,17.66863818,13.69512625,20.99934792,20.70788976,20.49363513
DG 36:3_Pos,19.8375706,20.12876992,20.2712268,17.67499678,20.35826103,17.37418282,19.19823033,17.66459538,19.23735004,19.77426904,16.47281852,16.89183637,19.04619346,19.73545603,20.07103066,19.06533329,18.70986218,19.24486156,20.73322157,20.87096254,19.9898631,16.92881215,17.47620734,18.22587331,20.19125719,20.48713857,19.84652438,18.58204952,19.50118852,20.7583506,20.6638731,20.19965428,18.6470455,19.79811099,19.17475469,19.1387976,19.49186334,19.34195183,20.3437576,18.83005163,17.8018048,17.50320941,20.35994212,20.61273052,20.50646753,17.00221629,18.63022169,16.2767613,18.19360903,19.57098416,15.26161666,19.54589207,19.67516717,20.04020486
DG 36:3|DG 18:1_18:2_Pos,21.29987386,21.46599677,20.57680809,16.8321158,20.24746275,18.99791475,20.48466117,20.39589183,18.88073339,19.69599284,18.21378985,17.64276416,19.95995219,20.09050193,19.90426329,20.7348867,19.56766598,19.88231694,21.18575649,20.64568453,21.56035817,18.09595939,17.73054476,17.50541619,19.96393168,20.18689267,20.48718155,19.25343434,19.67133933,20.77439802,22.23945689,20.93061839,19.26757899,19.89363641,20.43508473,20.83663224,20.70709279,19.57317401,20.69431667,18.78121448,18.96352802,18.72334394,20.45801096,20.81550935,20.6950945,18.39877532,19.80482659,16.43396164,18.93913923,19.29037357,16.64693802,20.98632441,20.96649806,20.78649392
DG 36:4|DG 18:2_18:2_Pos,20.49906907,20.55847854,19.58061213,16.79549547,20.99577321,19.53087562,19.25493748,19.32725539,17.97626554,19.9812845,18.5350792,17.69756639,19.72435781,20.19168331,19.33008039,19.5758711,18.4404277,18.61225373,18.60436183,18.48911461,19.40117554,17.97668674,18.15877655,18.2400754,15.41723931,16.68079387,17.24767284,19.80034907,20.24941471,21.21028303,22.37631313,21.27212289,19.74647292,16.65343153,17.28079184,17.73379088,19.45293579,18.29993513,19.5590202,19.2292982,19.9437723,18.88639944,18.79752564,19.15910827,18.73905653,18.8201904,19.81528093,17.45069006,18.94169175,19.41409909,16.53882302,19.08791102,19.24156755,18.87148398
DG 36:7_Pos,16.63526965,21.77309093,20.96628834,17.6347727,17.35035806,18.2911806,15.40851912,14.03589934,17.74564167,17.83302047,18.47633893,18.15836024,17.89651095,16.62694702,17.90867701,15.98315904,18.41753522,16.36304471,16.38057377,18.16353524,17.24605773,17.36067601,18.72743845,17.02934668,17.17192455,18.63170711,19.29190263,20.86815233,17.6623022,17.17432178,17.08044414,18.01107217,18.88082439,17.41667183,16.46544676,17.21487695,16.36920601,19.53432371,17.06434001,17.54810354,17.39838445,17.73364514,17.0090656,16.91946487,16.4949193,18.53357608,19.0068061,17.97600914,17.57293072,17.87774238,17.61045429,14.98525732,15.17074061,15.67226406
DG 36:8_Pos,16.12742767,22.73956893,20.83165455,18.22197372,16.11851906,16.83246809,15.55406613,14.6787905,17.56514433,17.26905551,17.50580334,18.38769994,18.72297731,17.32990878,17.09198104,15.62864675,15.92896173,16.8537977,16.04181082,17.07768394,15.86669887,17.42792248,17.60005355,17.39308571,19.24764788,16.7542089,18.90527149,21.94521517,17.29444585,17.2688873,17.36134309,16.39987333,17.49965951,17.10555258,16.54915581,16.46882816,16.9448645,18.91335344,17.70182237,16.05041229,17.29139308,17.47877791,16.86507072,16.46058368,16.9781651,17.6534844,17.68971673,17.62862772,17.99386182,17.02982511,16.67720002,15.45418301,14.85112756,15.83155347
DG 37:4_Pos,20.71629857,20.21848928,19.10236357,19.19446363,15.42638972,22.13074575,19.85248946,18.13382574,17.58255379,21.04779079,22.21563894,22.15464674,22.99690107,21.46366987,21.1198848,19.12401857,17.1227736,18.4533041,19.84851181,19.51668087,20.49096569,22.14802735,21.3439697,19.88349604,19.07900392,19.06642895,17.56875987,21.68361489,20.57700881,21.42440443,21.91826653,20.96972143,21.36235529,18.27975436,19.12550682,17.68700697,21.58815853,20.47940157,21.69831498,19.6252469,20.38130733,19.23742047,18.11562946,18.96617791,19.0372223,20.75766231,22.46017298,20.43276524,20.97905713,20.94122065,21.37001181,17.31406906,18.14386781,17.2964833
DG 37:7_Pos,28.22016127,28.02264877,26.30285265,28.53932057,23.4281193,28.43584448,27.47185795,26.93787053,26.60902315,23.82664505,30.25082151,30.09592148,28.93544803,28.83245778,25.90266314,27.81819815,25.74529261,26.03744045,28.89552085,25.54301898,29.34539988,28.56522707,27.86964343,27.33815596,24.58838191,25.91012228,27.70447208,28.93692467,28.73275334,24.69062056,29.13391455,28.46109101,28.5602807,28.78246646,29.58079753,29.11751664,28.39652781,26.67030636,28.82374838,24.78013373,29.04209115,28.5397168,27.34341827,27.90783963,24.82360424,30.78405133,30.56138218,26.91244877,28.56559046,23.77613164,29.31803388,28.67726087,27.30999103,27.13418065
HexCer 34:3;2O|HexCer 18:2;2O/16:1_Pos,21.95892814,21.62185787,21.14498793,23.20440745,22.12525442,24.98937447,20.48191754,20.34442711,19.71147512,23.07304577,24.87316233,25.11513152,25.30558736,24.15133087,23.20556975,20.63041098,19.4739394,20.17294555,20.79064822,19.42658889,21.10433607,24.70585548,23.87286243,22.10217163,18.91619553,18.49637562,19.55418509,25.03212046,23.72091407,23.55233994,24.37321547,22.897556,23.9986612,19.39746808,19.57517927,19.91803193,22.07124422,21.05514,22.24429548,22.88095774,24.01890279,24.33229029,19.71458851,19.99977252,19.34579003,25.09191581,24.90837163,23.38053853,24.78572409,23.22378293,23.58616663,19.92320738,19.8924349,19.79391173
HexCer 35:2;3O|HexCer 19:2;2O/16:0;O_Pos,24.66195628,24.32775465,23.89235859,24.32821315,23.43628137,26.2281836,23.50458543,23.31476929,22.70529509,24.19515199,26.04718048,26.14040908,26.58604812,25.86796487,24.38813127,23.86055268,22.78907735,23.36110751,22.92648932,21.79156782,23.48018411,25.83059036,25.1473162,23.43413138,21.89097485,21.65488155,22.51598865,26.22821461,25.06608049,24.58043855,25.6493057,24.45882638,25.30227028,22.14132831,22.57413229,23.07521002,24.59505013,23.80087498,24.87140535,24.016696,25.13440529,25.48452298,22.98864568,23.25321944,22.50283302,26.13742186,26.14900689,24.79374246,26.07895382,24.51950174,25.06882359,23.46565842,23.41048931,23.10299779
HexCer 35:3;2O|HexCer 19:2;2O/16:1_Pos,25.96588741,25.57245143,25.19498573,25.60534802,24.70961631,27.53393307,24.88155953,24.7863986,24.08569237,25.58538742,27.47591197,27.51199371,27.93118122,27.02961703,25.74880433,25.13821437,24.18318597,24.66085476,24.31206732,23.0393378,24.66137748,27.15125456,26.50917125,24.80901888,23.19207274,22.98902809,23.85924039,27.40773552,26.35991027,25.98009697,26.95939856,25.70860916,26.71329622,23.4191961,23.96340771,24.41780354,25.93965248,25.07018794,26.17071097,25.3318085,26.30082632,26.80340638,24.30928026,24.58002074,23.91079287,27.36726338,27.58762292,25.96667409,27.35232416,25.78724808,26.26710757,24.79639985,24.72704643,24.47137309
HexCer 37:3;2O|HexCer 19:2;2O/18:1_Pos,19.29197155,19.00144354,18.21017321,18.64010426,17.74656283,20.68696517,18.41376721,18.19289737,16.45395501,18.65338864,20.54769566,20.59475591,21.02001817,20.06840488,18.5803131,18.51129071,16.99939351,17.84857279,17.49229909,15.25296481,18.06166269,20.6979003,19.66563985,17.51967822,14.21586207,15.25583841,16.98117759,20.63817546,19.58953057,18.82161653,20.06650916,19.20214744,19.62359989,15.88057315,16.39610827,17.06616935,19.15827388,17.92838442,19.33143374,18.49503345,19.29986482,19.81202796,17.77018991,18.13814047,17.51545676,20.87491203,20.31954342,19.01183909,20.5011101,18.5018371,19.16571219,18.4904407,18.56554665,18.11146888
LPC 14:0/0:0_Pos,15.09634943,14.8355059,NA,17.79279149,20.15102389,18.41077091,16.24949337,17.03735353,15.22709277,17.67417631,17.76577428,15.01209228,16.42039963,19.91777327,17.25229468,14.91581216,14.56257253,16.34145073,17.41601578,17.95115467,14.82249287,20.00305643,19.25343434,18.39521384,16.94944582,17.75413935,15.36054965,17.90802074,19.60540758,19.94213469,13.62267377,15.15609584,17.09023965,17.98291404,16.1989518,14.30265438,17.40964082,18.41341124,20.46453163,20.1995948,19.71038164,19.62170618,14.95313205,16.47623365,17.2889768,17.69160402,16.48328368,17.64008865,19.97482941,18.56043808,19.48819076,14.96633503,15.4979345,16.51815017
LPC 15:0/0:0_Pos,13.68066272,13.57548741,NA,16.81340033,19.32232212,17.42128219,14.95147193,16.10894275,NA,16.0904789,16.82841752,15.21738007,15.40956557,18.35307023,15.60452109,14.29442647,NA,14.92805371,16.81598229,17.37833533,14.87659971,19.10861777,17.44973721,17.47285378,16.24455063,17.14465461,NA,17.08739196,17.69639599,18.70937998,10.16720696,12.32350819,14.79038874,16.45757991,14.51445915,NA,15.38736867,15.8008177,18.78090482,18.85394197,18.36342445,17.99252191,NA,14.81129745,16.11634636,15.66987395,14.30186603,15.59195121,18.25455451,16.82977631,17.96394467,13.54820751,14.49376004,15.47316576
LPC 16:0_Pos,17.35362452,17.45733641,16.76683948,18.77284375,21.30927615,19.74514991,16.867749,17.46389073,15.83646194,18.32158478,19.25343434,18.79945358,19.45309827,20.70703687,18.34378127,16.35054478,14.77582158,17.08700088,17.94415003,18.49713183,16.45735404,21.02278727,20.00129689,18.962837,17.22228332,17.72838566,15.2298738,20.31410646,20.5605205,20.40344523,17.36783449,16.88313155,17.99497657,17.84066819,15.82215863,14.63478047,18.24166895,18.17912053,21.00107805,21.21653833,19.8748613,20.02460277,15.71933644,17.00122536,17.88741308,18.74443367,18.43007413,18.75080535,20.85314551,19.09891866,19.68044295,15.25313308,15.8483446,16.95074644
LPC 16:0/0:0_Pos,20.2026388,20.13140055,18.73430238,21.09449636,23.37597615,22.32918175,19.2519312,19.84301797,18.58007404,20.52392719,21.99260428,21.50811334,21.54806612,22.91121367,20.5928228,18.80650159,17.36469632,19.34696673,20.32527958,20.72021557,19.94855712,23.36376638,22.21054848,21.14795059,19.40547159,20.23989651,18.93262092,22.39734821,22.65419801,22.51983989,20.21101015,19.5605126,20.65173428,20.12220719,18.96042593,18.93562459,20.79546778,20.78379238,23.20452889,23.29280212,22.437233,22.4135002,18.34822802,19.22711034,19.86965246,21.40746203,21.11308274,21.18378508,23.0380353,21.10279069,22.1984481,17.57746589,18.20840302,19.26966738
LPC 16:1_A_Pos,18.89225215,18.26993314,18.24619591,19.59542045,20.73319939,19.99618994,19.41360046,19.294951,18.92134884,18.98762495,19.66467073,17.99807537,19.4707439,21.50734673,19.19976753,18.50475713,18.20488266,19.67492884,20.52016592,20.50899297,19.24809967,20.65891551,20.29912284,19.77059121,20.35731534,20.36221071,19.18507,20.30226438,20.84193482,20.61952437,16.47111175,17.51625615,19.7764345,20.50276805,19.07986288,18.59795461,19.32005617,19.46472051,21.27691915,20.34437199,20.48312413,21.01640192,18.94123987,19.25181834,19.63560558,19.83970272,18.91282753,19.89844507,21.47418303,20.6323468,20.31704336,18.13892735,18.29724503,19.16809618
LPC 16:1_A#_Pos,21.49552832,20.83389577,20.36830508,21.71387854,22.78982298,22.61039243,21.67916793,22.19856635,20.965585,21.10027897,22.4375159,20.48717776,21.61350259,23.71366416,21.34398972,21.08044587,20.31951961,21.8356193,22.6958,22.4198153,21.69032199,23.04344638,22.62862301,21.89898148,22.28644143,22.27533161,21.67378598,22.46482325,22.89039828,22.67911363,19.64470407,19.89556288,21.97457935,22.58667478,21.52675181,21.20606494,21.50877888,22.02239247,23.35793037,22.41251365,23.04291826,23.35503316,20.86070889,21.30704416,21.72862603,22.26431392,21.51163331,21.73232791,23.57345038,22.76104165,22.91027161,20.53627148,20.53563522,21.29369655
LPC 16:1_B_Pos,18.96305636,18.41064341,18.08516244,20.74077697,23.10249871,20.02640467,20.16301126,20.86879294,20.42461117,20.35207048,19.93873651,16.83780385,19.79858649,22.64039731,20.32622862,18.95515544,18.36038283,20.90929953,21.67196308,22.32903946,19.25343434,22.15449416,21.32979925,21.24117171,21.85009822,22.35122394,19.42062081,20.56194957,22.20002224,22.46979252,16.70837811,16.44617083,19.41938542,21.67360384,19.45717559,18.84513203,19.61653282,21.10404762,23.2436409,22.93911278,21.54576017,21.70408194,20.29358829,21.149011,21.78281294,19.21589904,18.14691295,20.29715056,22.72916239,21.86853131,21.83731119,19.18332494,19.86420533,21.05282307
LPC 16:1/0:0_Pos,21.76041445,21.05725027,20.2930897,22.89168647,25.28813952,22.78059278,22.59890757,23.88594858,22.56299437,22.49143765,22.85653014,19.81904554,22.00644256,25.03901028,22.4952998,21.58152385,20.96650711,23.21450935,23.97970595,24.43147861,21.7182159,24.70666787,23.78231292,23.44826811,24.01361883,24.49032851,21.98651408,22.9306441,24.40798845,24.76027257,19.44263751,19.26822306,22.04765886,23.90516473,22.10234448,21.63718482,22.20548531,23.44997651,25.55844145,25.10897941,24.30914452,24.20955084,22.34595249,23.33740391,24.02906841,21.81107439,20.71644426,22.49766822,25.05031409,23.93769281,24.50582482,21.65249678,22.23012504,23.27681803
LPC 16:2_A#_Pos,14.25828997,12.98706288,12.49183373,18.88282927,21.15416493,18.19228764,14.40293319,14.56812427,NA,18.36458711,17.75950741,13.87178431,17.01991737,20.55030201,17.86241014,12.91508155,13.83473415,14.73518255,16.38768049,16.93078712,12.54307937,20.15802562,19.52570698,19.30876018,NA,13.7456151,NA,18.5825919,20.03190965,20.6602386,15.2083309,15.76763595,17.91328541,12.91969426,NA,NA,13.37513435,12.71339537,17.67929141,20.74847787,19.91229171,20.11398531,NA,14.89444367,15.5200678,17.82495041,16.57131593,18.58403337,20.42171659,19.47792837,19.36879549,13.45351001,13.82559769,14.69848438
LPC 16:2/0:0_A_Pos,16.70815658,13.56187298,15.66637335,21.39634109,23.41789313,21.17381228,17.06124547,18.64157695,17.51775459,20.75575452,21.02397861,20.33815983,19.4420524,22.85780193,20.3461111,16.13029758,15.96749285,17.52695004,18.91983051,19.49302773,16.77157736,22.87975106,21.90548788,21.70956304,16.96816606,18.00075945,15.33232903,21.08227756,22.42388055,22.9657564,16.89630821,16.20824942,20.34649085,16.51696366,14.38315843,14.05308346,17.21681664,18.83960576,20.03130846,23.07658115,22.76405609,22.76061949,16.5196032,17.06899542,17.98076244,20.67007725,19.44916082,20.89198553,22.83991886,21.82016969,22.26510057,16.13416657,16.35071965,17.36737819
LPC 16:2/0:0_B_Pos,15.20167114,14.17389993,15.02699528,19.20869614,16.9141889,20.34911359,15.51989239,15.92504078,13.78517747,16.21617628,20.30433045,19.25343434,19.67935881,21.2094618,15.35715269,14.85874496,16.36201074,14.19529001,17.30637693,17.6872461,16.68031463,21.25614084,20.36908846,15.4783508,15.17174654,17.38111875,14.66220251,20.31562041,20.66514278,17.21690061,13.71587622,17.92076039,19.86849129,16.42198309,17.32706522,14.27228917,15.55605206,17.30431375,17.79176274,20.48609116,20.14288708,20.23318602,13.50058108,14.99386749,15.75172955,20.53797469,15.2465291,19.72665368,21.09419337,20.71896368,22.02112511,14.73581163,15.10560516,15.24556611
LPC 17:1/0:0_Pos,15.53438369,15.45795415,NA,16.65111839,19.58021786,17.26940764,15.94574589,17.55268144,15.77725781,16.00801972,16.98636356,17.99525798,15.75575352,18.9859013,15.95057185,15.16251294,15.84974428,16.84737866,19.2250644,19.66701272,16.75123215,19.30168032,17.55611611,17.73126711,19.2592208,19.96193796,16.69766289,17.3427325,18.24514857,19.35381793,13.02439928,13.74487225,17.1918912,19.19658589,17.08186531,16.83929874,16.19803574,17.0633524,20.19859324,19.38296495,18.76021793,18.54449463,16.9980016,18.27724228,18.98645206,15.6789286,17.75996255,16.13194424,18.76367001,17.45672844,18.67300979,15.78744231,17.11991229,18.3486783
LPC 17:2/0:0_Pos,10.92172711,18.97172993,18.44444332,18.09972558,20.22961791,17.66093278,13.02400911,15.25947304,13.88897858,17.29945918,17.35675216,13.23496111,16.04826513,19.37010745,16.76361641,13.13458389,13.01956465,13.36635733,17.50812842,17.75636019,15.07786728,19.67928971,18.38317698,18.85375713,16.16493325,16.93525563,13.49993689,17.59628934,19.00400491,20.36024878,11.105475,13.36501247,16.5798323,15.66713855,21.64461662,21.41522682,21.35681602,13.79862854,17.78709659,20.00045545,19.46631263,19.45990038,13.33551244,14.02710928,15.42667448,15.91374227,14.89513497,17.2179088,19.25343434,18.55622284,19.35971251,10.33295166,13.6901574,14.84711735
LPC 17:4_Pos,20.88584338,20.75829754,19.6434261,16.8544964,19.0235929,17.47594869,20.95225096,21.23541742,20.08332382,15.98917902,17.65373841,16.66696452,17.72826179,19.25343434,17.37204237,20.26508892,19.47807189,20.7164865,21.3708903,21.46772171,20.1216837,18.34596132,17.57690044,17.03900937,20.64109122,20.99185662,19.59759454,18.35999813,18.98397898,18.45856469,16.81252144,18.02684635,17.45548124,21.05786583,19.55540168,19.19631499,21.34918041,21.3611148,23.65562657,18.79713142,17.479762,17.75828664,20.48488245,20.98236007,21.22236102,17.20413242,16.89282124,16.21546105,19.35032579,18.14033573,16.93000608,19.87799045,20.14309234,20.98605013
LPC 18:0/0:0_Pos,16.93988287,17.05207282,15.58318419,17.55091549,18.00174009,20.26816248,16.44553034,16.10906035,14.1306509,16.23962889,18.19795786,19.51818839,17.98335932,18.86686311,16.93427464,16.06122449,NA,14.95539709,16.49139299,14.42169973,16.08912094,20.4078734,18.07175912,16.86555269,14.27984499,NA,14.07009114,19.62611335,18.97042582,17.71239133,17.38097973,18.36058266,16.72778093,16.82831166,14.15042455,15.23380133,17.47561082,15.18895082,18.84106059,18.29164502,18.07615588,19.35834539,14.20019764,15.11157469,14.76854577,18.14261328,18.63149533,18.10129053,18.69168843,16.44032422,18.01585418,14.33820107,15.14229244,15.29097916
LPC 18:1_A_Pos,22.05261264,22.26420742,20.77249506,19.88185868,21.99060978,20.84030795,21.81705088,22.95814607,21.58413193,19.26703454,20.36392041,18.20419824,20.25562022,23.07614297,20.3236636,20.85133496,19.80050394,22.14654922,24.10426334,23.68629,22.45588277,22.425599,20.97401207,20.73238755,23.5234011,23.48896815,22.02015138,21.02386662,21.80583769,21.57259826,18.45470505,18.07167231,19.8616074,23.61950209,21.56568073,21.47534654,23.0722274,23.91309465,25.78857439,21.64083428,21.22475338,21.61747896,21.95746189,22.86413922,23.36536403,18.99355002,18.59873209,20.00768794,22.6877511,21.21408796,22.30996979,20.87514221,21.50771366,22.64367148
LPC 18:1_A#_Pos,19.62662442,20.09937568,18.59843869,17.84880159,20.09381376,18.32052583,19.68703807,20.56768638,19.59390544,17.34669396,17.68333833,15.30741757,18.22927144,21.0760483,18.21434566,18.57004133,17.6240466,19.99940848,21.98160557,21.75497018,20.24706268,20.18594983,18.5734671,18.56772435,21.57581402,21.64916038,19.68643888,18.87915297,19.8356453,19.5736338,16.21675554,14.72943307,17.12965294,21.66165856,19.16309157,19.03672881,20.87633344,21.65932103,23.63548094,19.73642459,18.7788229,19.19654928,19.97178847,20.88150117,21.43903182,16.70645686,16.52895614,17.86202584,20.61227424,19.13986187,19.87739271,18.69055845,19.45586025,20.5548561
LPC 18:1_B_Pos,19.66747729,19.76816664,18.70211303,18.15330705,21.06644816,18.38051143,19.20460455,19.99626922,19.68704091,17.68746337,18.62444227,16.65000881,18.96101866,21.02765685,18.61107195,18.63129804,17.33429964,19.72358015,21.48245158,21.70976611,19.44508244,20.44561751,18.8252392,18.41574799,21.11604201,21.90772586,19.62915754,19.10586016,20.1856896,20.08436383,16.64366202,16.63422389,17.61671261,21.08065055,18.92994777,18.86607794,20.37316538,21.49610512,23.82752586,20.82513815,19.37407559,19.46017673,19.95717505,20.91672997,21.60834542,17.4527668,16.06780036,17.60288483,20.86273752,19.5171893,20.04306868,18.54607469,19.52458328,20.68698818
LPC 18:1(d7)_A_Pos,8.728586681,14.02036519,NA,9.883966376,NA,NA,NA,10.4141776,NA,9.495262521,NA,NA,NA,NA,NA,6.851560465,NA,NA,8.398518689,NA,12.11321936,9.160168481,10.59532569,10.71981164,10.27286089,NA,NA,NA,NA,NA,NA,NA,NA,9.12724335,NA,NA,NA,11.26937547,9.938912945,NA,NA,9.209976844,NA,NA,NA,10.18396543,NA,NA,NA,NA,NA,NA,NA,7.14070041
LPC 18:1(d7)_B_Pos,NA,14.02036519,NA,NA,NA,NA,6.608572551,10.69824483,NA,NA,NA,NA,NA,7.579750864,9.959860054,6.851560465,10.34785665,NA,7.021689509,NA,12.11321936,NA,NA,10.50547899,10.27286089,NA,NA,NA,NA,NA,NA,NA,NA,NA,NA,NA,NA,NA,9.938912945,NA,NA,9.209976844,NA,NA,NA,10.18396543,9.764162286,10.46147583,NA,NA,NA,7.607377961,NA,NA
LPC 18:1/0:0_Pos,22.31202688,22.27432069,21.15623791,20.40440694,23.23610607,21.14471935,21.69636052,23.0130442,21.68769003,19.99903605,21.28162549,19.41516976,21.30647936,23.32930721,20.86576913,21.36543691,20.01757016,22.10541002,23.83034325,23.76049646,22.02075101,22.90946553,21.34448764,20.9240114,23.24688187,23.98610999,21.66948671,21.40654727,22.36420041,22.23033339,19.61696765,19.52233091,20.20505249,23.31839002,21.48054595,21.66203801,22.85953145,23.8080721,26.51753454,22.95170661,21.88870074,21.93702562,22.05112733,23.08169643,23.88271193,19.95616309,19.25867025,20.25105665,23.18073035,21.50311889,22.57128275,21.0085681,21.87868407,23.07927405
LPC 18:2_A_Pos,23.15106521,22.19511178,22.0444466,24.04134971,25.66831003,24.38899962,22.71314822,24.0937675,22.28836436,23.32362192,23.91931162,21.50308322,23.22378139,25.90886406,23.24611677,21.69599871,21.27265661,22.94637395,23.04258937,23.18139918,21.5541783,25.69081634,24.90527331,24.41592703,21.47088263,21.78776186,20.40311457,24.38510427,25.25407438,25.12128645,20.73282138,21.1515413,23.52207317,21.16039546,20.17560293,19.57434204,22.76860556,23.72614489,25.23259798,25.18618324,25.2151597,25.55636196,21.92659116,22.54810747,23.07560558,23.5790411,22.78848259,23.79939973,25.89391809,24.37436285,24.94257022,21.1855872,21.6193731,22.69429068
LPC 18:2_A#_Pos,20.64966041,19.71237056,19.83088205,21.93087129,23.522329,21.9458566,20.33096226,21.10493525,20.39392856,21.27690841,21.21698776,19.05406731,21.18819747,23.56229223,21.18682655,19.2425725,19.04160372,20.67375623,20.91211386,21.10760031,18.99302423,23.19484113,22.63159192,22.28389363,19.17764965,19.5688222,17.58288304,22.21919912,23.1296972,22.96864219,18.39487467,18.74254484,21.32107096,19.02906958,17.31102172,16.32394162,20.43666109,21.65349202,22.97608251,23.02594626,22.58318384,23.10953334,19.80550949,20.50722582,20.98366395,21.06469586,20.43333456,21.80119518,23.48132679,22.35254942,22.30420815,18.85893572,19.38838301,20.56246099
LPC 18:2_B_Pos,18.81684241,18.52574436,17.60671085,21.26966246,24.29537499,20.91147314,18.86214219,19.64313488,19.11952361,20.68611673,20.82779215,18.02875596,20.04749066,22.8579914,20.53647515,17.88883478,16.82826287,19.51532203,20.08500236,21.11790956,17.60403215,23.06341031,22.00950313,22.00799918,19.00675877,20.18304107,16.44608447,21.1078592,22.72824273,23.00684474,17.41875458,17.41568757,19.57597626,18.84270419,16.15942773,15.85346569,19.38056677,20.72972498,23.13092951,23.88912844,22.16376348,22.22126666,18.84014202,20.10993025,20.87249617,20.09358098,18.2153573,20.87405249,22.8300849,21.52292607,21.87663769,17.84464015,18.89398066,20.21124836
LPC 18:2/0:0_Pos,21.40110222,20.79390858,20.18840785,23.42069659,26.58736316,23.59008277,21.25963679,22.49550123,21.55615263,22.81025469,23.60970581,20.77074086,22.19355548,25.1936535,22.57459531,20.46447578,19.89022916,21.88319915,22.48012011,23.29541891,20.3543531,25.60675497,24.36498183,24.19583557,21.4752298,22.2367379,19.60818454,23.3495947,24.95692939,25.23858229,20.02672182,20.10121124,22.00400381,20.96639615,19.23879447,19.13388368,21.85812115,23.13445996,25.47137771,26.22408235,24.83910894,24.64470933,21.09744415,22.21488183,23.06877361,22.56145601,21.11854943,22.90928287,25.21639346,23.75288203,24.47256804,20.33331912,21.13929299,22.42037865
LPC 18:3_Pos,NA,12.91681726,NA,17.87283396,NA,18.21923492,NA,NA,NA,NA,16.6391018,15.51224193,17.97034834,18.79227342,NA,NA,NA,9.639941274,NA,NA,NA,20.41815625,18.27637088,11.02045397,NA,NA,NA,18.35596036,18.8034758,12.30270998,13.16530026,15.53449862,17.03284597,NA,NA,NA,NA,NA,12.97592517,19.31080357,17.68871838,18.24444002,NA,NA,NA,17.02737959,NA,18.45652039,18.47412595,18.73168681,19.95218452,NA,10.06429224,NA
LPC 18:3/0:0_Pos,12.87657829,16.86098045,14.97383501,20.22594873,17.39796455,21.18760813,14.12382566,14.54832162,15.12360991,13.86682138,19.88527665,20.74457077,20.24072246,21.31086615,14.11078596,12.46943125,16.06519518,14.54912005,16.00629785,17.04760642,13.79872155,22.96512698,20.9346598,17.00401433,15.69669823,16.4420193,13.8777348,20.64168693,21.05542641,16.89929049,13.56867257,18.25900832,19.84716969,14.95955056,13.5444498,13.9723471,14.4427592,15.58980388,16.68638751,21.57181882,20.59807244,20.96848773,14.78732243,14.98985075,15.68149965,19.92127044,13.97300628,20.50507902,21.03559298,20.95116316,22.64478637,13.38801705,13.48104459,14.48747508
LPC 20:1/0:0_Pos,16.79682079,15.82193158,NA,16.7382537,18.14076325,17.02592779,15.49774685,16.41857586,14.76368926,16.23652382,17.32732205,16.22261927,17.62507766,18.66163767,16.79667124,15.5736418,NA,14.82671347,15.75313197,NA,14.2511955,18.73815278,16.53827,NA,NA,15.52317603,NA,17.59045406,17.84398809,17.43993565,16.54503791,13.11032602,15.58404007,14.00406943,15.08205387,14.49092945,16.84429407,15.87295365,20.03399529,17.92382699,17.78913746,17.71019023,13.23210987,15.15610385,15.92909516,16.69450378,16.55178432,15.8725031,18.86588411,16.98964542,17.92661969,13.95832542,14.75434457,15.18839004
NAE 13:0_Pos,14.58120805,11.2266591,NA,18.33952347,16.52260009,15.60257647,13.12375864,16.63433492,19.1801909,16.60955189,15.82511838,14.38172874,14.93541398,14.9070135,17.89922282,11.82455367,15.1411371,14.22941943,16.67570163,16.8566523,14.50905604,14.25602317,16.2836584,19.519686,15.91513253,17.22591954,15.17949151,13.70856402,16.05054524,14.65935555,14.70845995,13.78497796,16.55906961,17.27084496,15.1824357,13.37781476,14.54869935,17.84788295,15.86065994,15.58478608,16.97017,14.65325016,14.21699708,13.09671086,15.04305885,15.02176302,NA,16.22501379,16.24665229,13.83719324,14.95052973,12.35390277,12.59973404,15.74575408
NAE 14:0_Pos,17.39617451,17.18654485,19.06304876,17.94923417,17.18509177,19.81934828,17.06104715,17.14034057,17.61380574,18.56480559,19.70321828,19.40525805,19.45416382,18.12092442,17.48920345,18.52167894,18.10542273,17.75487341,16.5189184,17.16001358,19.2182311,18.56723956,18.69734947,18.67255463,17.90855352,18.77946871,18.96664816,18.77381981,20.00066529,18.55321501,18.44929003,17.65429379,18.90236958,17.59991812,18.47615996,19.04950161,18.72513968,18.76452447,18.20244573,19.57085624,20.60852222,19.07997639,18.514732,16.45567487,16.86628854,19.39903339,19.14622476,17.77556906,17.7407952,17.42993773,17.92633124,16.12133468,16.15322996,16.93628798
NAE 16:0_A_Pos,17.11244015,15.68823727,17.92235753,17.57494685,17.44951558,19.61855981,16.60334264,16.60414908,17.39713456,18.31731207,19.64223101,18.74941281,18.88458759,17.46820685,17.06763758,17.81163177,17.363095,16.76665066,16.5443067,17.23759047,18.47409899,18.03265639,18.40058843,17.12630633,17.99765323,17.92259995,18.71454258,18.17439704,19.63376419,18.15435422,17.74891065,17.50534224,18.19418067,17.56249539,17.94967882,19.08257815,17.99485495,18.83349031,17.51308485,18.59998306,20.36600632,17.95087074,17.97083224,16.41080971,16.33886177,18.74430829,18.00443189,17.54415542,17.82545363,16.72209688,17.81500884,15.48269878,15.55472564,16.58654296
NAE 16:0_B_Pos,18.53345726,18.21580604,18.45760289,20.40694847,20.61631972,22.2494497,17.87754522,18.27769809,17.28735755,20.37201097,21.67471456,21.67008579,20.97325497,20.26299242,19.9803564,17.85400747,18.4476082,18.00047277,19.17851572,19.44812514,19.44481677,21.9624031,21.18969671,20.19102818,18.86670321,18.708739,19.56594464,21.49004735,20.57690619,21.19158874,20.87644687,19.90741018,20.34364302,18.77879584,18.81055687,19.03920465,19.01850922,18.86785824,19.07954318,20.8742101,21.74208506,21.72130997,17.86073625,17.96609039,17.45144695,21.41375174,21.85301521,19.97580617,20.70792233,19.45050047,19.71640498,17.23570175,17.15889883,17.33562522
NAE 18:0_Pos,18.3927032,18.471965,19.25343434,19.00346588,18.84067907,20.37374341,17.15842538,16.91999917,17.78875389,18.45733995,19.57646817,19.57455705,19.13729825,18.15337611,18.20054493,16.78265694,18.57373277,17.7965228,19.43102258,19.25029661,19.47540504,20.01060074,19.90933053,19.40691317,19.11082439,18.59030284,19.7834631,19.54229073,18.79360819,18.8710358,18.92672211,19.40567283,19.16386915,18.99574839,18.85574669,19.26710205,19.39805035,19.50079616,19.50772079,19.00685163,19.52621572,19.55110454,17.60318597,17.35561618,17.13335798,19.63964861,19.78943976,18.60491237,18.17757938,17.85825486,18.07423099,16.23094668,15.76892593,16.05602696
NAE 20:4_Pos,16.99070366,13.35090052,17.0975244,20.9665913,18.14029054,17.36682245,15.85414546,19.09506065,21.22276881,18.81456341,17.77085093,18.61887075,16.9906357,16.71137789,20.17639482,16.37960829,17.60807054,16.67109698,19.21465382,18.9172481,16.49598209,17.272748,18.67301526,21.90568056,17.89029762,19.06129457,17.10137899,16.95029638,17.42804965,17.90163654,17.88524284,15.00726917,18.7148553,19.63674497,17.92855321,17.76922642,17.23174878,20.44984331,16.52087991,17.6187817,18.067228,17.81933929,17.66131196,16.4337661,17.32545871,18.65732496,18.20188185,18.17479327,18.71855375,18.17249689,18.01804912,15.99544901,14.79745267,18.24103607
NAE 22:4_Pos,20.89984107,19.26039035,18.29914363,19.78620351,20.917303,21.21380931,20.70303159,16.58330971,19.5539037,20.35791038,22.35079664,24.04929527,19.13328393,19.91063251,19.23943955,20.52583602,21.61699486,17.84998404,20.11015906,21.79443044,20.17852929,21.65664347,19.6117548,19.38146144,21.04337553,18.69040667,19.97279514,19.88476001,20.01157399,21.76786475,21.43084954,19.62069887,18.93774676,18.66977143,22.99579089,20.22573224,20.25485519,19.7528929,18.65413439,21.2944817,22.4333035,22.03897157,18.83382177,18.55406641,19.55377866,22.92176723,21.51602829,20.51989831,20.69786025,22.1324641,22.61801458,20.01604661,18.08166394,18.8859954
NAE 22:5_Pos,18.48870472,17.74745071,18.53860374,18.69900225,19.7602433,19.60153863,18.63037633,14.97636748,17.87641505,19.34303388,19.90125073,22.47975329,18.82619345,18.410809,18.2570527,18.70595737,19.70865738,16.73705038,18.41619605,19.94166674,18.53928876,20.87309618,18.95776873,17.7995109,19.59947989,18.66765728,17.77010673,18.52583722,18.6759895,20.01216058,20.79360891,17.92207623,17.96510666,17.96088884,20.41840841,18.08412227,18.80855293,18.47451812,17.71608461,19.35430697,20.91657316,20.71892583,17.77621426,17.37697678,17.75639541,21.39302777,21.64967546,19.28100295,19.84828008,20.39396832,20.30186788,18.40014389,17.50442418,17.34024434
NAE 28:2_Pos,NA,NA,NA,NA,NA,NA,NA,NA,NA,NA,NA,NA,NA,NA,NA,NA,NA,NA,NA,13.47437307,NA,NA,13.82907083,NA,NA,NA,NA,NA,NA,NA,NA,NA,NA,NA,13.72541555,NA,13.18169455,NA,NA,NA,NA,NA,NA,NA,12.01227115,NA,NA,NA,NA,NA,NA,NA,NA,NA
NAE 28:6_Pos,13.84949795,14.65545943,NA,NA,NA,16.91827163,NA,12.94751108,NA,NA,15.62670274,13.94349342,NA,14.57792096,NA,NA,NA,NA,19.22434487,16.48891806,19.08457168,15.18114153,NA,NA,17.013696,16.4717603,17.14451316,15.81500326,NA,12.49328625,NA,NA,NA,17.89588466,17.40645202,18.14113566,16.34209945,NA,17.95084146,NA,NA,15.78090306,NA,NA,NA,NA,13.90722657,14.31945683,NA,NA,NA,13.54826615,13.64943015,13.0608334
NAGly 11:0_Pos,19.79944272,19.58019215,20.85185092,20.39908151,20.73406792,21.27815582,18.91877336,18.77804358,20.15683678,21.03314474,21.54691692,21.98545519,21.493532,20.45670353,20.82306889,19.54232084,20.49134047,18.95850991,19.64422877,20.33404079,20.35321846,21.19836193,20.46991685,20.17245459,20.67226823,20.58080886,21.23844695,20.90178131,20.46240316,20.75284551,20.85954744,20.04329231,20.88181637,20.26195313,21.16787054,21.14989045,20.47193315,21.09335472,20.57325432,20.45034989,21.07521213,21.16847253,20.06879228,19.4044125,19.49312671,22.99170488,21.25454509,20.89028535,20.49803563,20.29307768,20.66137396,18.32134578,18.35408744,19.40065481
PC 16:0_Pos,14.0399447,14.44283923,13.72445426,21.02514805,13.63586275,22.7787468,11.31575568,12.16101422,NA,NA,22.63395864,23.40376092,22.54914093,22.57271381,NA,12.73002684,13.62332543,NA,18.21977918,18.07365941,18.53567938,22.7413535,21.89965461,17.37228436,15.90410857,17.47974019,15.33278861,22.35983394,22.16690815,12.29309037,NA,20.83587539,22.12691585,16.13150222,18.74062251,15.13210944,15.15166327,NA,15.66957673,21.34980413,21.76365824,21.98222467,NA,NA,11.55525935,22.9617374,NA,21.2971899,22.64509174,22.41252678,23.48909816,NA,10.5627418,11.84476564
PC 32:1_Pos,17.07536132,16.53809482,17.08543656,19.28264486,20.39702687,19.88131493,16.78796716,16.88483601,15.39777673,19.38688663,20.2347976,20.38828744,20.41995089,21.3704365,19.47419546,17.31679547,16.01076819,17.25732652,17.16223658,17.31069365,16.24563018,20.31813336,19.62488395,18.24374064,17.37576239,17.87585729,17.25978731,21.14985901,19.87989272,20.82311995,19.03923886,17.90323848,19.20909861,18.64265107,17.19102824,16.88158811,17.06229478,16.05019003,18.62605224,19.9557605,19.50320645,20.31401035,14.77333758,16.09714571,16.63136481,20.2630792,19.77822908,19.77395757,21.31130099,19.88311097,19.29813396,15.91531921,16.14947275,16.30536772
PC 32:2|PC 16:1_16:1_Pos,20.08435265,19.4342631,18.0632741,19.53342656,21.22574342,20.4969885,19.68099936,20.71973086,19.49625949,20.21615744,21.27138503,19.79060936,21.54146282,22.67704805,20.25092409,20.72357385,18.82126515,20.059129,20.8908998,20.68474781,20.30629002,20.22539544,19.62801335,18.99215437,21.35060608,21.72105749,20.05273967,21.09388945,20.34761448,21.67819659,19.6419644,18.66714665,19.31100354,21.42490191,21.40943294,21.53226025,20.27584586,19.47723918,22.03565295,20.69368515,20.88786987,21.25772078,19.25343434,19.99524481,20.58938893,21.13826384,19.44674546,19.25343434,22.72698479,21.53590948,20.53435708,19.71049547,20.09987413,19.93325317
PC 34:1_Pos,19.18717357,19.4012795,19.0014557,19.37008213,20.3131129,20.48833472,18.51667276,19.13864856,17.39735352,19.83492195,20.57810196,20.83418687,20.13488919,21.1933574,20.24856909,18.81401226,17.40090678,18.47886904,19.98554782,20.20946484,19.97876613,21.22679255,19.92406816,18.11625709,20.57782989,20.39974661,20.08657231,21.13064765,20.14307756,20.47204146,20.17214289,19.68276029,20.15924865,20.837641,19.50682208,19.59274292,19.37573364,18.53501792,20.72910137,20.27932658,19.92198529,20.28998716,18.00763438,18.51649504,19.15243423,20.33877191,20.27581651,19.8227356,20.79896125,20.18389122,20.26440563,17.79417693,18.13846234,18.36092502
PC 34:2_A_Pos,19.99838678,19.31742672,18.58609305,18.30379804,20.16939378,19.25173839,19.82051512,20.25045916,20.01218161,19.38900367,19.80162526,18.84319061,20.52490106,21.88068814,20.06711946,20.67607363,19.33690928,20.49386046,21.9352571,21.95695207,20.49084664,19.43052946,18.30532969,17.88219994,22.50964997,22.70787027,20.64563592,20.32916269,19.78917705,20.59365512,19.21359383,18.88040585,19.09554179,22.44280508,21.30059656,21.39071939,20.88820641,20.20310061,22.43659586,19.73419617,19.24534469,19.67825472,20.32272627,21.02951979,21.78517867,19.01263502,18.74149253,18.60265481,21.40997565,20.67216392,19.80913503,19.97398601,20.65925746,21.02105351
PC 34:2_A#_Pos,22.61144609,21.66869161,20.8988852,20.7901487,22.26050466,22.36624794,22.31607192,22.94537697,22.29819559,21.68304287,22.80276876,21.51228299,22.99083392,24.22326832,22.2765993,23.43908389,21.65488906,22.88645102,24.44522377,24.14326598,23.52421238,22.12371366,20.82867715,20.60778189,24.61137001,24.90027118,23.14852189,22.73326799,22.04088742,22.87121891,22.03971343,21.33683291,21.48981358,24.7314404,24.01358883,24.25738581,23.29110055,22.54759787,24.69692562,21.9310637,22.1758992,22.39972043,22.58054783,23.28406153,24.00075451,22.03626658,21.2517531,20.94457227,23.89502544,22.81180175,22.62491461,22.55584204,23.03044758,23.29457779
PC 34:2_B_Pos,19.01459128,18.6239428,18.1693171,21.09363245,22.24468014,21.15519588,17.91087976,18.05723376,17.00660703,21.4432925,21.93222361,21.56210878,21.86853584,22.64402981,20.83106315,18.25720398,16.72846709,17.80950365,21.93210455,21.9416802,18.02854463,21.76461641,21.46683789,19.97468997,22.50117333,22.70787027,14.14318182,22.58975834,21.86530924,22.35747555,20.09465176,20.42633599,20.80390006,22.44280508,21.30059656,21.39071939,18.9323,18.32087752,20.79222113,22.21666882,21.3145114,21.87232169,20.32272627,9.273509899,21.77258744,22.09100837,20.86404684,21.33177364,22.64340892,21.58585545,20.77200655,19.96971585,20.65925746,21.02105351
PC 34:3_Pos,19.47577713,18.57567189,17.88699957,20.90893579,22.46930088,20.51993894,18.89990388,19.637229,18.97685659,21.4263393,21.29543233,20.24856897,21.57176071,22.56748883,21.28216171,19.06619521,18.6419855,19.36977886,19.24364914,19.75542345,18.18329082,20.75428947,20.57236393,20.11858099,18.50862844,19.02614109,17.15669978,21.65954362,21.42365062,22.36823874,19.8594178,19.69705037,19.93486682,17.80693102,18.04723097,16.70717905,19.77477012,19.24028439,21.72278139,22.04372137,21.27900896,21.53162364,18.67999715,19.29898305,20.04944049,21.39989328,19.73092682,20.49037014,22.45279195,21.9458609,20.27947243,18.27005523,19.03943694,19.22310628
PC 34:3|PC 16:1_18:2_Pos,22.58113548,21.27745603,20.66428636,23.13512705,24.69559628,23.91373293,21.70250592,22.45522152,21.39178634,23.7071329,24.72634088,22.87011764,24.20728066,25.07341685,23.58170625,22.45390256,21.11725917,21.77154901,21.8455074,22.0496453,21.23095642,23.70459661,23.08447553,22.56577789,20.85699832,21.59547881,19.71768749,24.29376811,23.77048052,24.73427761,22.92671332,22.13569527,22.45399515,20.31920879,20.81606871,20.4992445,22.36992591,21.69492518,24.06934182,24.34176302,24.20565966,24.41995783,20.95124102,21.60837884,22.33259058,24.51042551,22.55649426,22.730031,25.11627299,24.15837574,23.52231158,21.09972222,21.46317808,21.58537391
PC 36:1_Pos,18.21660019,17.7016103,17.19258855,14.13780185,18.43121163,17.59257456,18.19307067,18.23154433,18.74743487,16.68870018,18.03527536,16.30706807,17.66777861,19.24632172,17.7385679,19.30701913,17.5849959,19.03715138,20.81217871,20.47594514,18.9498831,17.16670205,15.41997627,15.43759913,20.89680358,20.76142032,18.96868877,18.20327785,16.93322679,18.43755676,17.01697968,16.52054374,17.23633612,20.92422133,19.06079826,19.54193626,19.32226174,18.52210233,20.62548258,17.29972592,16.78919227,17.79831196,19.3577278,19.77063631,20.51603445,16.53925293,15.14218614,17.41464299,18.4869154,17.63836751,17.49523659,18.69900319,19.38608958,19.70145911
PC 36:2_Pos,21.26676076,20.75401812,20.59127749,19.00406364,21.556679,20.73448169,21.24960918,21.05606969,21.61023991,19.9722558,20.96065326,20.34660405,20.74315567,22.30280182,20.94273429,22.27215867,20.76418885,22.05796904,23.71299601,23.41139996,21.94451914,20.49737845,18.87943817,19.60328372,23.89250744,23.85640579,22.09458193,21.33646873,20.35927475,21.60146137,20.07558259,20.10452055,20.40585565,23.89472763,22.05227652,22.56922003,22.30520518,21.83315984,23.66211356,20.43804992,20.04104429,20.70248291,22.31333241,22.72864521,23.51702497,19.29096964,19.19047619,20.10891112,21.45702368,21.01116306,20.79191249,21.65698701,22.32577325,22.70214205
PC 36:2|PC 18:1_18:1_Pos,24.0151696,23.47184241,22.76081892,21.43943697,23.62713627,23.68423507,23.88236898,24.30072828,23.72322548,22.28246854,23.75522819,22.93781041,23.42961121,24.87872249,23.17049624,25.17344659,23.13886358,24.38598716,26.68647834,25.59145069,25.06996605,23.66679224,21.5510992,21.96194924,26.07749153,26.04555881,24.51925214,23.90900924,22.61869841,23.86231515,23.10312185,22.76136951,22.87349083,26.37211012,24.86063144,25.34789296,24.81803707,24.06637897,26.02787505,22.61972272,22.81940215,23.74729531,24.40452588,24.93444201,25.83801853,22.24471986,22.09745743,22.30109736,24.08430805,23.03232229,23.40672887,24.20361978,25.00717109,25.16840492
PC 36:3_Pos,21.86199685,21.15421414,20.72660461,20.79455957,22.53587401,21.58742918,20.89595017,20.80588039,20.97793183,21.78226071,22.1358982,21.11409145,22.44325508,23.42413724,22.08658541,21.26754589,20.38846281,21.17636243,21.75832286,22.00197383,20.51501973,21.77899231,20.69925024,20.49448798,20.85484287,21.47507656,19.1091296,22.44427318,21.93591738,22.69028234,21.20528632,21.50327152,21.02659389,20.25550385,19.68862827,19.29728623,22.0695471,21.45570038,23.59077681,22.31547948,21.51768992,22.05776872,20.69172611,21.16656619,22.13471254,21.64860899,20.36969606,21.09898163,23.08599684,22.35403898,21.52377741,20.22797879,20.52976298,21.02252874
PC 36:4_Pos,20.50763532,19.28297594,18.80094995,22.00149502,23.93093708,22.23508648,19.4918508,19.61526396,18.70904288,22.71800831,22.84221733,21.58782923,22.43837209,23.40549483,22.21157822,19.54710334,18.75545955,18.92468497,18.38907117,19.25476135,17.57642304,22.38795844,21.78636875,21.59116688,16.51503381,17.49613444,NA,22.85234037,22.56464337,23.68748584,20.90684175,20.71366116,20.69261143,15.81857265,15.40009671,13.39744865,20.2334333,19.48249548,21.8580324,23.59544992,22.58276864,22.90673789,18.24708331,18.96122812,19.81414528,22.77411654,20.91872702,21.50422717,23.35103789,22.62292118,21.2832141,18.01394792,18.68726007,18.746353
PC 36:4|PC 18:2_18:2_Pos,23.28196167,21.68829455,20.91640822,24.33267341,26.27061864,25.20269449,22.0037637,22.46341177,21.12321725,25.01011498,25.97048151,23.98859147,24.92490162,25.93166796,24.44986631,22.33941136,21.20842236,21.40027827,20.73850183,21.41647669,20.20470937,25.08274966,24.25707173,23.92094897,18.91863264,19.83119676,17.88152238,25.332725,24.83664602,26.16500964,23.70222194,23.20335996,23.08680633,18.29290952,18.73508065,18.51549156,22.75340012,22.0439358,24.20468065,25.97132756,25.43516134,25.66753584,20.40923553,21.23258841,22.10266107,25.63979589,23.45144185,23.7516702,26.08934351,24.91928583,24.2133719,20.59199954,21.10368123,21.11582785
PC 38:3_Pos,17.18228695,15.76981301,11.77841521,17.98943103,19.59884636,18.09822908,16.17989012,15.22192026,15.06122702,19.4336784,19.03136969,18.08803441,19.61867415,20.12379091,19.18554091,15.73494604,15.21484819,15.62342354,15.31285323,16.11107951,13.9266183,18.99740283,18.32721333,16.66563132,13.63234292,14.44212292,11.22286581,19.68664099,18.81576867,19.72676845,18.03748327,17.31327034,17.41865732,NA,9.834000652,10.54155553,17.18669883,15.14150065,18.3054614,19.76949232,18.49777372,19.11777482,14.89315689,15.67522904,16.53999135,18.87254158,17.81290457,18.0944126,20.09059059,19.54902614,17.60270957,14.13240747,14.26247449,14.891074
SL 36:3;2O_Pos,20.46321057,20.69089367,21.03865572,20.25944213,20.90548877,21.04088188,18.90550094,18.2870589,20.68791529,20.81017694,21.79245726,22.21840904,21.80107872,19.90264526,18.95279207,19.62233385,21.2517947,20.11656791,19.34450962,21.46086418,20.13284862,21.14682153,21.82818685,21.83389218,22.46763793,21.48637679,22.06031959,20.36734002,20.893918,20.34957515,21.11139634,20.75039004,21.7567965,20.32175576,21.29914525,20.60634223,20.89484575,22.80955762,20.05732472,20.15631751,21.4377367,21.5179105,20.34372873,19.84354275,20.57832904,21.46405192,21.83356944,21.61547376,21.03384361,19.20976417,21.47480535,19.25343434,18.15177636,18.52917243
SM 36:2;2O(d9)|SM 18:1;2O/18:1(d9)_Pos,9.752173502,9.053723554,11.81716129,11.90339691,NA,9.936715059,12.3622486,12.3654278,NA,10.47680562,14.59595682,10.83691642,9.570575502,NA,NA,9.430329924,13.89472938,NA,11.42871259,14.11541499,11.02880308,10.64474341,11.35663324,13.99294957,NA,NA,11.05327136,NA,13.41964384,NA,11.26099672,10.22773008,10.79961103,12.98300366,13.83539331,13.27380753,12.71414477,14.582282,12.77650215,NA,10.067228,11.5745746,9.738855415,9.19920434,NA,12.88440515,10.99418272,10.60696982,NA,NA,11.46756473,7.941859106,NA,NA
SPB 18:0;2O_Pos,18.30309555,17.91271742,18.09083011,19.90076758,19.31735383,22.21253516,16.74053878,17.08035279,17.12621908,19.21956247,21.55847982,21.86498237,21.73577611,20.8130392,19.19932806,16.44466793,15.63159065,16.79359222,17.87807023,18.45811829,18.88404511,21.67577629,20.65698139,19.31656964,17.71036648,17.83150991,18.22680684,21.70586518,21.07666796,19.49469178,20.06379184,20.2011482,20.43047234,17.53459977,17.97008074,18.73727114,19.09210668,18.67688053,18.87261395,19.89993729,21.18602626,21.21368536,16.03066042,16.51310364,16.53724698,21.6308981,20.56141059,20.33543171,20.97497165,20.1019209,20.36733586,16.06911542,15.79299362,16.03678096
SPB 18:0;3O_Pos,19.09377432,18.87612535,18.63070995,20.25166431,19.5974206,22.31490506,18.71402946,18.81427524,18.39237506,20.73733956,21.81532392,21.92084472,21.89337657,21.5005147,20.78236776,18.74799279,18.26135292,18.32460308,19.36451591,18.66375694,19.62810372,21.98456251,20.50562112,19.80877004,18.48757663,17.95969599,18.73550581,22.04681413,21.77001675,21.19034132,21.72586015,20.47680699,20.87572377,18.92850857,18.80270559,19.27057593,19.48213645,18.21129578,19.38427454,20.11348784,21.37050002,21.65689187,17.63103754,18.28239971,17.6763865,21.67130238,22.48417686,20.49924567,21.29536657,20.15386455,20.75643494,18.18718118,17.86202708,17.81745171
ST 28:3;O_A_Pos,23.78262481,24.06445246,23.30103538,23.08365899,21.61110253,25.31987744,22.40139222,22.94029138,21.83263706,21.16233647,24.70273834,25.04315012,25.27236392,24.45184377,21.860998,22.57619596,22.17088407,21.9374477,25.30537049,23.22258024,25.50445416,24.60508892,23.90212608,22.83205087,24.38463826,24.19597009,25.41293801,25.28484474,24.03001665,22.80912805,24.4912806,24.07522293,24.17907104,25.51461121,25.4995981,26.20137555,23.0893823,22.19243086,23.70925463,22.01809523,24.14697687,24.57823019,20.23774241,21.02979911,19.53086163,24.68341426,24.91436356,23.40523262,24.38487132,22.16507096,23.11392475,20.81941261,20.84032536,20.83681321
ST 28:3;O_B_Pos,20.56656482,20.68081405,19.33397122,19.68403542,17.12532925,21.32161793,18.61136367,18.82119747,14.72680799,20.11950192,21.06542584,21.10762014,21.19872052,20.46591616,19.9522405,18.11477344,15.9300649,17.7447871,20.4881762,18.82226535,21.01997954,20.70026769,19.32403868,16.61726127,20.17468698,19.45134508,20.77487094,20.84749767,18.43271045,19.39738424,20.01008265,18.66183601,19.53042926,20.55183713,21.03844089,20.9799928,19.69215517,18.674738,19.33445648,19.22791618,18.90981084,19.16655387,16.20463003,15.18025564,16.64087614,20.6119216,21.65636044,19.37468273,21.03966288,19.21933674,18.53096562,15.89446486,16.45722769,16.24597745
ST 28:3;O_C_Pos,18.66355739,17.95994129,15.08507105,18.19598786,16.28271515,19.44832367,17.32083161,16.49318575,14.39063843,21.66268492,20.37412781,20.58843252,20.97334245,18.37432811,21.14650354,17.27002885,15.78020446,16.53750441,15.32281152,NA,15.4912771,20.1330581,19.08191856,13.94449086,14.56315738,13.83207671,NA,19.70270885,17.5369719,19.65827733,20.38821399,18.33229602,18.27155069,12.4504164,12.64771107,13.23525682,14.70586581,NA,15.23237249,19.2569547,17.95005628,18.46529573,NA,14.44713185,13.77951443,19.74278785,22.04218629,18.59104875,20.66464341,20.35633727,19.34053178,15.7074595,15.86914832,14.93622123
ST 28:3;O_D_Pos,19.99336252,19.06699436,17.27567802,17.17041841,15.42078776,19.10424884,18.76189761,17.9933116,17.3499646,20.16959246,19.7026927,19.30565953,20.94443227,18.65695345,19.97505418,18.9959976,17.78846266,18.06073965,16.71894144,13.88059769,16.3889489,19.25343434,18.50244444,NA,15.4319622,14.40702388,15.11005152,18.95920473,16.7122687,18.36248186,19.23375924,17.60222518,17.99541423,15.47026766,17.04326034,13.46900491,16.92879317,14.6341298,16.70384272,18.27385355,16.90143707,17.70695158,17.16947864,17.53991075,17.39409276,19.49058035,21.02036867,18.02489591,20.66033899,20.28873586,18.61956742,18.60566465,18.25342334,17.34150508
ST 28:4;O_Pos,19.88187124,19.6380418,18.93623264,18.46166403,17.28076779,18.83525407,18.96738482,18.8540448,18.22921813,19.30068397,18.94033016,18.72880885,20.05756739,17.62337573,18.49843009,18.64542772,19.53316486,18.20350257,16.09583097,17.55667597,16.59083457,18.62267582,18.51730679,16.49640857,16.44602794,17.44231286,17.88763489,18.44504836,17.72640123,18.31535424,18.3689,18.2896644,18.60274055,16.63768167,17.65823939,17.33230862,17.32843336,18.39534908,17.80874756,18.11729268,17.10153412,18.79734238,16.7079671,16.67836933,17.9912937,18.70458153,19.58904336,18.49346396,19.06655981,19.51770043,17.82014451,16.73942433,17.16723426,17.69265657
TG 24:0|TG 8:0_8:0_8:0_Pos,14.34569802,13.36995747,17.13838497,20.21883617,17.04602342,15.46668326,13.46203674,17.34460014,20.43798009,18.18040328,15.98844543,NA,14.89533922,15.29572421,19.42985157,13.85371826,14.75700851,15.19838385,18.09705521,17.86274238,15.18226053,14.48590693,17.20976575,21.68647807,17.79421694,18.1800932,17.44498665,13.85892114,16.67734732,15.65506715,14.66043858,13.72186695,17.78333422,18.64411391,15.50527028,15.76147283,15.05007452,19.0879701,15.15181671,16.4063831,15.40281738,15.66087486,15.90664658,14.71442075,16.34691037,16.4431341,15.59883084,17.08597453,16.9373047,16.60126943,14.56885135,12.75176251,12.15278662,17.00604055
TG 24:0|TG 8:0_8:0_8:0_#_Pos,18.46098443,17.41540035,19.74728002,22.97642847,19.68010832,18.96632631,16.53685395,20.81165492,23.23890659,20.70400733,19.32387206,19.53907258,18.95105859,18.35495777,22.08866066,17.08323027,19.17631499,19.03173517,21.11352505,20.83106644,18.12339825,18.36491745,20.5546032,23.84094632,20.27297405,20.8410334,19.25343434,18.5397156,19.12691761,18.60205419,18.62042634,18.52912936,20.28646568,21.63003653,19.04151873,19.55748362,18.59735955,21.94474373,18.65047427,19.24991398,19.37167388,18.91196474,19.14319328,18.2019153,19.3260413,20.05967246,19.2824274,20.3052303,20.45915653,19.68078064,18.56380027,16.41600276,15.99555575,20.19893875
TG 30:0|TG 10:0_10:0_10:0_Pos,17.59246174,16.2474706,19.17892158,20.7789742,18.39207443,17.76171642,16.51038811,18.35117762,20.83982903,18.86242551,18.899433,18.35724678,18.43216749,16.83918237,19.82705604,15.64416074,17.93607508,17.37062651,18.71694417,19.25210733,17.32512451,17.32118165,19.5046769,21.52214762,18.96362558,19.32786514,19.25679849,17.44342243,18.26163739,17.56515378,17.32240325,16.55484352,18.96330163,19.49018841,18.00013879,18.45481861,17.83098629,20.20038922,17.87342117,17.66442945,19.06596422,18.39216014,18.18903867,17.68612225,17.69314773,19.18012194,18.17995356,19.54184354,18.62430629,17.94912161,18.82604791,15.72517182,14.24387221,17.94460971
TG 40:0|TG 10:0_14:0_16:0_Pos,18.04130226,17.23241181,19.618616,19.30310529,18.50137989,18.93849884,17.21344336,20.33915493,19.81042289,18.72126643,19.19023957,19.28400458,19.28903286,18.23293405,19.07556562,16.60692776,18.69074513,17.88618647,17.90721257,19.31891666,18.24951337,18.20985505,19.49226034,20.13734508,21.76832265,19.42153053,19.54777853,18.62133185,18.93163847,18.2641753,17.95638008,18.93025312,19.62069325,18.71993968,18.45413954,18.75444791,18.61749562,20.06690647,18.22406366,18.19268378,19.52960086,18.63623401,18.58657481,17.53370205,17.92249062,19.58991369,18.97337765,19.60615866,18.31499169,18.53777115,19.4414583,16.39629889,15.92882166,17.17491314
TG 42:0|TG 12:0_14:0_16:0_Pos,17.57273198,16.91271742,19.40020996,19.42762412,18.16646918,18.33417303,16.85339791,20.0995309,19.29660588,18.69786784,18.54206633,18.82947288,18.94334313,17.57996545,18.98028199,16.39816198,19.0142382,17.04218593,17.55057274,18.75921007,17.61864739,18.30511319,19.11099973,20.24796201,21.34136491,19.13981297,18.89247515,18.28824361,18.68929628,17.74965103,18.11393341,18.22818064,19.27174458,18.47956469,17.92221265,18.42572462,18.25139771,19.93097776,17.60719458,17.99938336,18.93422862,18.49427908,18.11518018,17.51326657,17.4370644,19.05786967,18.69311432,19.45200394,18.04808275,18.11149395,18.99313753,15.8202409,15.91598964,17.01291931
TG 43:0|TG 13:0_14:0_16:0_Pos,16.55067845,16.7353442,18.8773673,19.25343434,17.71362207,17.80286426,16.11415922,19.674055,19.5960023,18.10040299,17.15224509,17.95982779,17.99457367,17.28079334,18.80227354,16.06279492,18.85515996,17.13109193,17.46124654,18.56716949,16.3533157,17.61501326,17.91368512,20.14392751,19.35705739,18.90023523,18.63950372,17.79451005,17.0735653,16.63034339,15.95413861,17.56730552,18.36727433,18.4363876,17.47623967,16.83313286,16.63357891,19.10892286,17.54497718,17.95300307,16.89401437,16.5275939,16.82937681,17.13303221,16.77004641,18.11955974,18.32966605,18.67943743,17.62327069,17.17374761,17.68784495,15.64640652,14.00591651,16.78648003
TG 45:0|TG 14:0_15:0_16:0_Pos,18.31708953,17.22306543,20.31491015,20.38890148,19.1086787,19.02942972,17.12189755,20.37668466,20.51184462,19.31753087,19.09419607,19.91061385,19.07281494,18.22442789,19.78494838,16.77758622,19.69635416,18.52561731,18.41333507,19.71848906,18.2056263,18.94380804,20.17839122,21.07120959,20.15864709,20.0928371,19.90807229,18.77233192,18.960419,18.60227939,18.67818082,19.00341489,19.89751462,19.2567117,18.58080042,19.15710547,18.61397723,20.7919621,18.67890076,18.85140181,18.81633857,19.04160479,19.23279837,18.1054085,18.19177806,19.55225419,19.771143,20.10698368,18.65810788,19.11816891,18.13491956,15.77342661,15.19297367,17.50041919
TG 46:0|TG 14:0_15:0_17:0_Pos,18.61855261,18.08402515,20.70087182,20.69128036,19.71872241,19.6718493,17.39313094,20.57965008,20.79511878,19.89738394,19.70780192,20.45549466,19.8140757,19.03075893,20.02284125,15.86388477,20.0885947,18.75496758,18.67186277,20.26743241,18.55433884,19.47185676,20.44826978,21.39295207,20.75575927,20.68046636,20.56327689,19.64954859,19.78753425,19.25343434,19.11953833,19.45135519,20.4500106,19.49191497,19.2680742,19.71820854,19.12676241,21.25266154,19.17543494,19.48613245,19.38906769,19.6600023,19.56943298,18.47988194,18.56341025,20.11129624,20.24215765,20.7926538,19.15934775,19.74264053,19.25343434,14.98155998,15.37589038,17.60571174
TG 47:0|TG 14:0_16:0_17:0_Pos,17.99431027,17.6023161,20.31600076,20.22393335,19.37498779,19.11011504,16.99552195,20.35530131,20.44114112,19.39591957,18.95409888,20.03500685,19.33223047,18.42338599,19.68306197,16.47841662,19.57729496,18.37201338,18.38877162,19.84703986,18.04185039,18.84041029,19.82702438,20.94401748,19.39986246,19.98971387,19.79474878,19.05934885,19.0329085,18.85931693,18.53408338,19.09908935,19.95060005,19.08783498,18.68723446,19.21083358,18.71808474,20.75227246,18.77439827,18.87885829,18.87050155,18.86744229,19.2668823,18.18988402,18.01145125,19.49142025,19.70005822,20.26620346,18.6472354,19.1513299,18.77859987,16.37786967,15.46770221,17.16008589
TG 48:0|TG 14:0_16:0_18:0_Pos,18.50046221,17.89639465,20.44840178,20.31545159,19.50453936,19.25343434,16.55897768,19.97095849,20.4406366,19.62714563,19.34500219,20.42325689,19.54352997,18.63551811,19.6310911,16.16942738,19.868254,18.52865264,18.1920926,19.97949895,18.30860811,19.21845993,20.33040096,20.91729237,20.40207666,20.23790345,20.20000405,19.50092039,19.54147964,19.04999618,18.62044498,19.250293,20.3862982,19.01854844,18.96031766,19.32810074,18.81994351,20.85857425,18.95032168,19.28582758,19.12110307,19.38696376,19.31832529,17.73532626,17.9257906,19.68245346,19.82567588,20.40438864,18.84979137,19.47970027,18.94043849,16.15815837,15.12746171,16.12865236
TG 48:1(d7)|TG 15:0_18:1(d7)_15:0_Pos,9.17830871,NA,NA,17.08837173,NA,NA,NA,14.55304228,17.5816292,NA,NA,NA,NA,NA,16.85889322,NA,NA,NA,15.14096079,14.83199288,NA,NA,NA,18.58318734,NA,NA,NA,NA,NA,NA,NA,NA,NA,15.62383996,NA,NA,NA,15.01283728,NA,NA,NA,NA,NA,NA,12.41768056,NA,NA,NA,14.83193079,NA,NA,NA,NA,13.29870364
TG 48:1|TG 14:0_16:0_18:1_Pos,18.35203753,18.54493251,19.28242314,19.51875282,17.56658706,18.52895175,19.37460575,19.40124003,20.17237776,18.14459787,18.25870896,18.76651734,18.13437068,17.25376771,18.97778072,19.59659465,19.83096277,19.60805397,18.42496143,18.67325909,18.27733588,17.34361726,18.49252968,20.74625869,20.54925161,18.97115841,19.51153632,17.91316304,17.82693959,17.33621165,18.44908014,18.5712988,18.84835498,19.93010138,19.71277565,20.32683049,18.90645998,19.65271509,18.30012569,17.41073584,18.29259226,18.19921093,19.88493234,19.66622926,19.40722344,18.5566877,18.56186814,18.41050963,17.99093942,17.54706486,17.74078632,20.15680693,19.5071339,19.74073835
TG 48:3|TG 16:1_16:1_16:1_Pos,17.39644183,17.55781257,17.95445616,21.40853797,17.69855887,16.72322458,19.11476633,20.0068185,21.83751256,18.91035972,15.51790438,14.86272332,17.74613775,16.77395327,20.67629869,20.35948561,19.77764645,19.74434783,20.01794257,19.38358819,18.17395573,13.13156952,17.54190285,22.61891827,19.84714158,20.41026707,19.93852431,16.78937334,17.21404272,16.85125313,17.50700992,18.33423377,18.23060774,21.83441841,21.99914995,21.86365168,18.53218289,20.2199219,17.76494287,17.14179144,15.76092614,16.68535848,19.54389418,19.5808879,19.23188245,15.74730935,16.57606374,17.55842397,19.25385536,18.06514788,15.13862883,20.51788268,20.38112814,20.15225099
TG 49:1|TG 15:0_16:0_18:1_Pos,17.64359363,17.57883948,18.18602995,17.58214718,16.12152613,17.33827141,18.91122199,19.11225988,19.07006703,16.86413147,17.07347577,17.67090844,16.70223356,16.10980186,17.13946929,19.14325162,19.34804317,18.91754972,17.40656808,17.2862027,17.59373104,15.49482776,16.27877965,18.36366783,18.78078287,18.06530263,18.0622255,16.64000774,16.45186064,15.93732293,17.23197921,16.44471419,16.78864066,18.93336986,19.52993372,19.38018674,17.06349265,17.65440304,16.96749761,14.8877807,17.17988353,17.2273491,18.48594741,18.68599685,18.526467,17.69380796,17.20545304,17.38206325,15.98247087,14.8354484,16.30274231,19.42516158,19.26530113,19.18169805
TG 49:2|TG 15:0_16:1_18:1_Pos,17.26412453,17.80795017,18.09986525,17.21737192,15.30083447,17.13201539,19.28774111,18.99098857,18.99619776,16.72143793,15.81431406,16.71230474,17.23766537,15.89086008,17.04415832,19.89129068,19.44996174,19.38661554,17.72008375,17.08683629,18.14578415,14.52039344,15.20725815,18.16110189,18.94187399,18.86233174,18.93561818,16.56774331,15.55909747,16.23104448,17.33515712,17.09693016,16.37925011,20.05254803,20.6283412,20.38898509,17.416116,16.94616601,16.77173635,13.91033915,16.82975068,16.30423353,18.92220506,18.98336015,18.65315591,17.04984074,16.78472994,15.83466971,15.8458396,16.07296046,16.01422102,19.98423804,19.79606111,19.39267328
TG 49:3|TG 15:0_16:1_18:2_Pos,15.11222316,15.66383967,14.19474394,13.56813848,13.0570474,12.9519045,17.58818194,17.53926159,16.67936365,NA,NA,14.14396232,13.51825308,NA,14.60783235,18.51911039,17.8904417,17.96117791,16.12628826,14.58902529,16.57581999,NA,NA,14.12600005,17.29289438,16.22650118,16.83368429,13.10389158,13.15658043,12.7447578,16.03936666,15.73732586,NA,18.7591741,19.3971443,19.23976662,15.27886619,NA,12.76922521,NA,12.76786552,NA,16.55175773,17.42544849,16.75466882,14.40635785,13.87660179,NA,12.44940447,13.50468444,14.77690641,18.40850803,18.31271132,17.69955202
TG 50:1|TG 16:0_16:0_18:1_Pos,22.3141326,22.41858319,22.59446075,19.60836172,18.64739601,19.86775655,23.06605135,22.42647048,22.93483,18.26293639,18.61897116,19.95791204,19.13683871,18.99212618,19.34706723,23.4688792,23.49817783,23.39684582,20.84772754,20.20368648,21.15345856,18.77859039,19.18818871,20.86279359,21.9298947,21.04601524,21.58989912,19.46780327,19.23612537,19.09247571,20.74862572,20.87851985,19.87593104,22.45276276,22.92584174,22.91421955,21.34516951,20.82195226,20.93735739,17.19358693,19.21404735,20.43424679,23.50670552,23.25481398,23.0499281,19.47061414,19.81435637,18.9986755,18.50239993,18.51508514,17.80916536,23.51452662,23.01988561,23.08943453
TG 50:2|TG 16:0_16:1_18:1_#_Pos,20.13573936,20.16628148,20.79936133,17.72117201,17.09342641,17.44337077,20.79235332,19.02285523,21.17231911,16.49507147,15.96754374,17.55337372,17.48169304,17.41090078,17.92535448,20.7932166,21.59967907,21.54732592,19.45754205,19.0719054,19.3628602,16.05962778,15.17318946,19.54108605,20.72013226,20.51497381,20.31503916,17.10973739,18.03963347,17.62921488,19.29183162,19.25657567,17.66128334,21.32258944,21.33712325,21.46324675,19.61325869,19.26658429,19.49801997,15.56411344,17.09135533,18.15265042,21.79677217,21.4450921,21.20253882,16.39997924,17.96923004,15.70622587,16.84415021,17.049902,15.45191264,20.98689864,20.06167408,21.01704791
TG 50:2|TG 16:0_16:1_18:1_Pos,23.33900342,23.33203639,23.24601383,20.28137815,19.58086528,20.6515072,24.43387526,23.64124996,23.73938799,18.84431692,19.04334983,20.11978922,20.23344312,19.88493308,20.10177901,24.79784931,24.4946327,24.62764077,22.21895845,21.2405787,22.41406537,19.24319059,19.38588742,21.79599847,23.14453887,22.74881934,23.0455301,20.06560637,20.26856532,19.82695176,22.34229511,22.15827552,20.52304433,24.20235668,24.51943513,24.7032329,22.71008311,21.72632586,22.02712205,18.20064954,20.00807284,21.16081153,24.58439218,24.51139429,24.09230383,19.63332533,20.80721895,18.91307126,19.5416613,19.1862423,18.61214612,25.18826402,24.50999113,24.46878572
TG 50:3|TG 16:1_16:1_18:1_#_Pos,19.6927235,19.95144445,20.01937052,17.00336476,17.20688091,16.80873086,20.87620021,19.34727103,20.77516999,15.79963125,13.22351623,17.01394937,16.93379794,17.06479376,17.39597667,21.44974942,21.40066289,21.49049203,19.72900419,19.02143529,19.51122869,14.48941071,14.26760292,19.23793225,20.89260088,21.10902119,20.88068774,16.69441612,17.49697826,17.28665158,19.41595266,19.28769185,17.1303724,22.01578075,22.1970832,21.96979422,19.6222268,18.60854294,19.04294377,13.34739859,16.69484316,17.47340524,21.43829571,21.55657529,21.08941977,13.62451311,17.67288327,14.12395246,16.59903286,16.41303815,12.92048517,21.50699265,21.18693158,21.21193924
TG 50:3|TG 16:1_16:1_18:1_Pos,22.62051178,22.69354448,22.38350796,19.99803954,19.22704111,19.85948985,23.87910251,23.26234289,23.16164193,18.44660157,18.68211366,19.60370226,19.85336375,19.64827781,19.94682739,24.69531817,23.95160558,24.11217348,22.11497714,21.18080849,22.48775829,18.51960224,18.55691175,21.21905338,23.03408445,23.13435364,23.40180161,19.56024991,20.02685589,19.55204341,22.2492769,22.10487604,19.99050426,24.4001651,25.08500275,24.9520096,22.23292796,21.23664478,21.4316815,17.5822106,19.74374924,20.36199,23.71686447,23.95116222,23.37214798,18.78250155,20.29076468,18.37521185,19.18270955,19.00209243,17.74860521,24.71948694,24.50539171,23.90071796
TG 50:4|TG 16:1_16:1_18:2_Pos,17.25665279,17.65610427,16.80750859,14.77841422,15.54813079,12.9519045,19.00432437,17.55562757,18.23359028,NA,NA,NA,15.10084551,15.37334879,14.41672779,19.7831834,19.25343434,19.49926159,17.50747614,16.79568552,17.51989264,NA,NA,14.45265803,17.69157152,17.97027254,18.00705981,13.41002414,16.25417414,15.88265023,18.0469867,18.41538728,15.19200296,19.0065401,19.04267914,18.76387442,17.37929944,14.38888257,16.73425201,NA,NA,14.1284735,18.79886198,18.94042545,18.542155,NA,NA,NA,15.27191851,14.09588807,NA,19.55001418,19.33355424,18.86380709
TG 51:1|TG 16:0_17:0_18:1_Pos,16.49557576,16.78358008,16.71453,13.47035457,12.98336963,14.34455887,18.07133259,18.03540846,16.33801459,NA,15.70060857,NA,14.78588952,13.52893017,15.14601852,18.21828227,17.94282776,18.13370144,16.55768941,14.4423509,16.84310814,14.40432588,NA,16.80520997,17.72400579,15.51374191,16.68058336,13.1508153,14.30497619,13.95174376,15.67309789,15.94609963,14.16363646,17.61823126,18.7858643,18.21771965,16.02856982,14.92754985,14.10918944,13.45048719,13.05187746,12.74337347,18.67461324,18.80349309,18.79092648,13.85794912,14.18003607,NA,13.54430406,13.27118172,12.99423037,19.64624816,19.53592792,19.6656073
TG 51:2|TG 16:0_17:1_18:1_Pos,19.01007823,19.04002269,18.80435592,16.66002574,15.4430284,17.1107041,20.41038651,20.00351584,19.62065789,15.24229483,15.00710027,16.42417256,16.27105286,16.00258144,15.24480806,20.77752558,20.31763431,20.50097425,19.55042626,18.4143833,19.75998839,15.5105196,14.99517679,17.6642961,19.90289039,19.58981969,19.97814201,16.52087685,15.83729872,15.91215171,18.15117284,18.07838365,16.00508361,20.86929828,21.7076612,21.46499102,18.48686777,17.92264399,17.99116637,12.96556236,16.3426056,17.04458219,20.78088864,20.91164227,20.53083222,16.20508021,16.71922185,NA,14.47556594,14.69182125,NA,21.86038761,21.8388643,21.44223613
TG 51:3|TG 16:1_17:1_18:1_Pos,18.80788097,19.02198554,18.3475962,14.67268747,15.36117627,17.02646143,20.16228478,19.53403911,19.07870302,13.33371866,14.89249796,13.87367362,16.35077803,15.88154986,15.72848747,20.7457578,20.08157141,20.26470801,19.28217964,18.16601143,19.57592996,14.6042901,14.75461588,17.49948567,19.69437093,19.82249703,19.98427993,15.94870716,16.09408977,16.19816208,19.25343434,18.74539568,14.23725705,20.93812759,21.60151555,21.31374018,18.36834388,16.97089573,17.68942308,13.66015837,16.18090517,16.85030678,19.95354978,20.42494041,19.74728194,13.92362646,16.85143865,NA,14.85993273,13.94606228,13.86770245,21.43652561,21.25808528,20.72187943
TG 51:4|TG 16:1_17:1_18:2_Pos,17.01859106,17.32958962,15.60898263,15.66719216,15.72040811,15.74431847,18.27875734,17.86272124,17.05113161,NA,13.33092997,NA,15.75413851,14.65914734,14.86454843,19.0913193,18.1010216,18.45611429,17.57688285,15.74825399,17.9384722,12.86354013,NA,15.19941239,17.40388105,17.33913431,17.36317662,14.03690444,14.63782401,15.78078186,18.4803912,18.42917887,13.82385532,18.34359492,18.99161807,18.81467109,16.27462853,NA,15.50388471,NA,15.74842569,15.35036057,17.44308172,17.93087499,17.28685819,13.36666607,15.40293756,NA,14.57036526,NA,NA,19.01594558,18.79491187,18.13897712
TG 52:1|TG 16:0_18:0_18:1_#_Pos,19.63439518,19.84405236,19.93034039,15.95780839,16.02037438,17.16717189,20.2912262,18.71419545,20.21850206,NA,15.31661165,16.32048212,15.91532308,16.41511114,16.17183523,20.1852553,20.76283363,20.67584595,18.94899835,18.18352283,18.72587483,15.17945134,14.80630933,17.46883396,19.39625864,18.84794844,18.67127837,16.09950731,16.96784615,16.62283928,17.78118333,19.08704343,16.47264987,19.56772119,20.52048475,19.68911848,19.29992396,18.38118183,18.8356835,14.50672003,16.24088064,17.327735,21.75349101,21.00045255,20.95670136,13.69695209,16.24024394,13.91372038,15.12380289,15.60795918,13.1337422,20.49774069,19.56810154,20.76510088
TG 52:1|TG 16:0_18:0_18:1_Pos,22.31698656,22.45893014,22.04587183,17.86624456,17.93303799,19.90054195,23.23666386,22.62142223,22.30940083,16.66073166,18.05916702,19.25168994,18.21018251,18.24144049,18.05263489,23.34796323,23.17065832,23.28292976,21.0670443,20.15750388,21.38668473,18.09263949,17.97349002,19.31184236,21.17651693,20.83528379,21.19930984,19.07040278,19.0302483,18.40179666,20.3245253,21.41796631,18.76542661,21.74355154,23.04387307,22.26331011,21.70505053,20.68602497,21.01561077,16.68038187,19.70882258,19.99542488,23.92300155,23.5424244,23.54168389,19.04128525,19.24819843,17.50794191,17.56883613,17.3744792,18.0698406,24.05210417,23.52686289,24.03731513
TG 52:2;1O|TG 18:1_18:1_16:0;1O_Pos,16.78366476,16.61407178,NA,NA,NA,NA,18.49411015,18.00898811,17.08326031,NA,NA,NA,NA,NA,NA,19.0089502,16.40393332,17.66696259,11.35146547,NA,NA,NA,NA,14.0299143,NA,NA,NA,NA,NA,NA,NA,NA,NA,16.09339293,17.00915773,16.72776555,15.18065589,11.76414016,12.83717222,NA,12.68440242,13.69118141,18.49395223,18.73178267,18.03642911,NA,NA,NA,NA,NA,NA,19.59969443,19.31378099,18.54306103
TG 52:2|TG 16:0_18:1_18:1_Pos,21.58480452,21.48745935,22.18289728,18.53417841,18.47862461,19.1970989,21.37443809,19.52675287,22.28328134,17.27523222,17.35776163,18.9733876,18.22703675,18.49745637,18.76538083,21.52489973,22.52395911,22.30153362,20.77725173,20.36616932,20.96810631,17.79151693,17.62409963,20.16683035,21.76616778,21.49970947,21.57275158,18.5994939,18.89508228,18.54606668,20.6683569,20.86338181,18.98467456,21.92311483,22.17713366,22.2899731,21.1557938,20.59589543,20.93352319,16.31007559,18.3230939,19.68535848,22.86633986,22.3554047,22.18392392,17.25424487,19.02578896,17.12946011,17.53344632,17.88956842,15.59174914,21.65408047,20.83998567,21.49772473
TG 52:3|TG 16:1_18:1_18:1_#_Pos,22.09503972,21.95002817,22.3861403,18.51143225,19.47936079,19.32972953,22.23901372,20.51941425,22.31933099,18.18072998,17.56173005,18.95986485,19.32971616,19.34175332,19.35173653,22.19100093,22.90128652,22.88023232,21.96879551,21.27607854,21.85524601,17.79884673,18.07414295,20.1370006,22.44308973,22.48786807,22.46843377,18.95332787,19.91263423,19.51719292,21.83432051,21.84519711,19.33946792,22.8062207,22.91882792,23.0463958,21.66650187,20.6761851,21.35689728,17.47327978,19.00254802,19.68256854,23.15995302,22.81808598,22.61502255,17.9749659,19.93669479,17.14597079,18.7242953,18.70252785,16.94544936,22.52746104,21.66185154,22.41524294
TG 52:3|TG 16:1_18:1_18:1_Pos,25.17250962,25.07887861,24.84490984,20.57337068,21.4566688,22.29652816,25.70073987,24.89299055,24.76182282,20.08912837,20.64263894,21.55253651,22.06042687,21.81477641,21.58854461,26.06808076,25.62070202,25.81402847,24.68735213,23.51222963,24.85908247,20.70811778,20.60722432,22.25004641,24.70394789,24.702158,25.05669663,21.51566775,22.23195973,21.63878733,24.74830715,24.54225385,21.87990688,25.53743587,26.02846094,26.22550525,24.49499925,23.21107908,23.79242121,19.59951394,21.8162224,22.5082751,25.8226412,25.7411726,25.46163328,21.03559972,22.5352612,19.69915076,21.13165453,20.93804672,19.80332698,26.41642057,25.8038299,25.69868093
TG 52:4|TG 16:1_18:1_18:2_#_Pos,21.22825308,21.34526529,21.46852078,18.20062759,19.98607585,18.99741678,21.35437154,20.01728728,21.37492602,18.21149198,17.6683513,18.42588145,19.18128987,19.44505013,19.25343434,21.83067603,21.99332545,21.85836468,20.84570863,20.20661404,20.91813132,17.70500841,17.64629968,19.26893643,20.71096382,20.84243575,20.69774652,18.70000161,19.94676902,19.62583004,21.78959382,21.93072011,19.25495163,21.07624128,21.30616415,21.13517377,20.61211325,19.51772203,20.42911289,17.8128297,19.26152399,19.17007569,21.63263177,21.68441456,21.41367179,18.11059218,19.80006215,15.23734278,18.60874303,18.86517091,16.09858375,21.74446894,21.1605323,21.35800319
TG 52:4|TG 16:1_18:1_18:2_Pos,24.13607999,24.15554952,23.84183057,20.29819653,21.96915653,21.74686304,24.49107584,23.8981428,23.62549967,20.21309866,20.73545914,21.05380695,21.9058776,21.63271077,21.34771451,25.17729082,24.45191559,24.49953808,23.17077335,22.25804815,23.74774776,20.18692854,20.47649372,21.27447649,22.80375846,22.95853069,23.3069611,21.20029099,22.21628942,21.74697495,24.69747102,24.57250248,21.59516653,23.48492014,24.21309058,24.18084481,23.32509039,21.97742696,22.7106728,20.14084247,21.95390675,21.9324177,23.95234283,24.08471491,23.75073866,21.00583669,22.4765054,19.02892454,21.05459218,20.92419753,19.31814985,24.88655024,24.47825297,24.05979963
TG 52:5|TG 16:1_18:2_18:2_#_Pos,18.83243029,19.25343434,18.91290037,16.61699894,18.70468987,16.95680921,19.57681203,18.07230517,19.14446974,17.10672502,16.07627844,15.69483805,17.94547932,17.58390156,17.43391904,19.94182054,19.74717821,19.86916981,18.20124617,17.67132252,18.05795962,13.81854522,15.77064336,17.85494658,16.92276871,16.04974721,16.63031079,17.11666544,18.76103115,18.14680916,20.34057392,20.75560253,17.19544484,17.78433942,17.39136502,17.55474094,18.31803175,16.53138487,17.89337968,16.92820413,17.78868059,17.29295355,18.10601224,18.79469643,18.61446413,16.17800699,18.34422207,13.91032581,17.26711142,17.3808916,NA,18.94387547,18.94068265,18.51358784
TG 52:5|TG 16:1_18:2_18:2_Pos,21.62717324,21.77431899,21.22341671,18.91138511,20.51992981,20.03699429,22.14136503,21.40488454,21.1946482,18.82101007,19.07466075,18.93575253,20.2348503,20.05767913,19.55229832,22.72642548,22.0932777,22.09983342,20.17128076,19.48272227,20.84469649,18.46810124,19.04574888,19.95023436,18.96285419,19.25343434,19.55980287,19.50485686,20.89126799,20.08932566,23.04154461,23.21583531,19.9143273,20.04109921,20.39331021,20.45200058,20.75356521,19.4273654,20.08935059,18.7890496,20.52619562,20.20057325,20.26312298,20.87628887,20.49047207,19.55778682,20.78204044,16.98770772,19.50121061,19.29144425,17.62920938,21.6078285,21.50207858,20.79073967
TG 53:1|TG 17:0_18:0_18:1_Pos,NA,13.74559357,NA,NA,NA,13.40665127,15.6949757,15.8798914,13.6391709,NA,NA,NA,NA,NA,12.76882423,15.29802542,NA,15.47268665,11.87483836,NA,13.96513288,NA,NA,NA,NA,NA,14.31816372,NA,NA,NA,12.58516772,NA,NA,15.23350971,16.56074888,16.25147923,12.71880325,NA,NA,NA,15.64275713,NA,16.56460693,16.97123812,16.76801138,13.32542225,NA,NA,NA,NA,13.22126263,17.83974649,17.68286431,17.99991876
TG 53:2|TG 18:0_17:1_18:1_Pos,17.46186013,17.72464127,15.97276286,NA,NA,15.38676819,18.9783174,18.53836963,17.77255033,12.32583412,13.18616399,15.19043174,13.81850302,12.41532029,13.26510754,19.3805063,18.44302334,19.07790136,17.18089193,13.58975865,17.35988325,13.25406944,NA,15.00436985,17.44755266,17.44103458,17.56431482,14.13163975,14.32400856,NA,15.99324212,16.79852173,15.50809275,18.59180526,20.02457076,19.19541398,17.45033398,NA,16.50720912,NA,15.35355308,15.94548237,20.08546121,20.42302366,20.10236713,NA,NA,NA,12.02375265,12.91865693,NA,21.31711754,21.22002765,21.00771116
TG 53:3|TG 17:1_18:1_18:1_#_Pos,16.3349178,15.99200008,15.63175605,NA,NA,NA,17.40553132,16.12160326,16.87558755,NA,NA,NA,13.08739807,NA,NA,17.66929503,16.89472938,17.66937838,17.5006705,16.79941511,17.34548966,NA,NA,13.99330783,18.08486418,17.82510154,17.70987683,NA,NA,NA,15.54296773,14.24611521,NA,18.5852678,18.89779452,18.84207761,16.17406575,NA,15.56821843,NA,12.05301414,14.16299448,18.63526726,18.74028458,18.52439983,NA,NA,NA,NA,NA,NA,19.2182444,19.05236764,19.02552639
TG 53:3|TG 17:1_18:1_18:1_Pos,19.25343434,19.0774593,18.65719956,15.54377486,14.7374548,16.88890228,20.27780079,19.72451488,19.26951864,12.86315477,NA,NA,15.63838745,14.73403249,15.73155584,20.71162989,19.96824171,20.35262712,20.02962304,18.76916328,20.13277232,14.64766971,NA,16.88080889,20.12029565,20.10576125,20.26361132,16.277758,15.01227296,15.52254915,18.87316661,18.38351834,15.47491754,20.9523806,21.85037389,21.73907397,18.99272513,17.57253945,17.94522672,NA,16.81986355,16.8472437,21.01383626,21.12409529,20.68751744,14.16466726,16.2826003,NA,13.96288904,12.74184865,NA,22.18406119,22.0998524,21.61263102
TG 53:4|TG 17:1_18:1_18:2_Pos,18.70111794,18.8086843,17.51872272,13.80561571,16.2332905,16.64935448,19.3432342,18.64083803,18.21366949,15.30021386,NA,14.38747038,16.54292212,15.67054682,15.64970207,19.83750753,19.20940231,19.22437233,19.25343434,18.17653765,19.5678285,15.08239779,NA,15.67121181,18.27665065,18.77628737,19.22498726,15.18692341,16.26349719,16.74928283,19.6159895,19.29583009,15.24481893,19.50893257,20.04599904,20.03011447,18.00187811,16.24087424,17.52091293,NA,16.35546284,16.49815248,19.1140912,19.542761,18.92341428,13.97061667,16.99641456,NA,15.00570432,15.44584481,11.47685582,20.52436117,20.3549227,19.86792428
TG 54:1|TG 18:0_18:0_18:1_#_Pos,17.97137941,18.42021993,17.77991616,NA,NA,15.31653449,18.78923542,17.80369024,17.99305255,NA,13.43151756,NA,14.09796232,14.38667919,NA,18.61415401,18.56965478,18.72492172,18.04672208,16.74936207,17.85866188,12.70870701,NA,14.41771786,18.28972883,17.27909105,17.56965374,14.67769327,15.7182656,14.48997448,16.11795706,18.12151967,NA,18.49401525,18.91985265,18.60637487,18.02269948,16.60473102,17.36607506,NA,15.11415258,15.61939847,19.76730722,19.55999576,19.8996093,NA,NA,NA,12.92514307,NA,NA,20.07698548,19.57250514,20.27099792
TG 54:1|TG 18:0_18:0_18:1_Pos,19.99848217,20.20892795,19.48475042,14.26470991,16.35463069,17.70735859,20.75312203,20.52103483,19.36160326,NA,16.3712552,16.95454403,16.23258075,16.31066519,14.79551575,20.88140824,20.2584656,20.59233725,19.40080118,18.26111618,19.74970328,15.91516638,14.36883604,16.52183724,19.43815134,18.6359709,19.37131793,16.77389187,16.97945387,15.59915092,18.47983652,19.78167191,16.66321952,19.73492491,20.95797856,20.74837873,19.77399288,18.39026973,18.97238183,NA,17.00118684,17.59523468,21.2495194,21.13284237,21.395953,16.12564849,16.20817419,15.46017055,15.26030206,15.4238457,13.27491965,22.24046219,21.86465612,22.15305784
TG 54:2|TG 18:0_18:1_18:1_Pos,21.13035494,20.92428731,20.98436071,16.50644016,17.4194512,18.58514104,21.40933356,19.92785248,21.05807287,NA,14.74530271,17.90536766,16.86971516,17.22463974,16.99158587,21.49491371,21.61914212,21.68268722,20.04387025,19.24614513,19.89558774,16.75260081,15.29627372,18.20344357,20.16253283,20.1650457,19.84233437,17.88261398,17.82043145,17.33658484,19.46840978,20.26082813,17.54716329,20.56113195,21.45698072,20.76864544,21.08119661,19.75495912,20.36167856,15.33678708,17.23019817,18.59187177,22.86593418,22.44621384,22.20862272,15.20790528,17.62486132,NA,16.07646957,16.3485871,14.80658339,21.90470502,21.1406653,21.96017596
TG 54:3|TG 18:1_18:1_18:1_#_Pos,22.13179063,21.91708958,22.35540841,17.91651181,19.02011431,19.57610133,21.67572526,19.90244618,22.19263895,16.96221862,17.64265358,19.06235684,18.34806838,18.40021252,18.68196238,21.8039963,22.45805871,22.37232678,21.57211602,21.03912413,21.63557764,18.06069601,17.55101363,19.71274148,22.08342769,22.05393576,22.00135782,18.84366341,19.16683727,18.69532128,21.0194903,20.96349804,19.09836694,22.1856274,22.24055765,22.62123508,21.92962056,20.86901062,21.51323758,17.07904682,18.54926479,19.73849807,23.20885258,22.76999712,22.5655684,17.00623723,19.09207451,16.70307204,17.38563635,17.8935758,16.27905641,22.23273765,21.49135689,21.89702602
TG 54:3|TG 18:1_18:1_18:1_Pos,25.28610946,25.05400385,24.75973497,20.22445585,20.89893338,22.41935714,25.1954698,24.52410292,24.70179591,19.23983414,20.4158274,21.62060037,21.20797333,20.89354614,20.86792675,25.77198735,25.26250602,25.45504633,24.32080124,23.3077731,24.63892494,20.73811066,20.17916163,21.91781737,24.37722972,24.25168238,24.67486446,21.45212549,21.54893722,20.79956259,23.90307922,23.6162248,21.56966036,25.06683736,25.40194611,25.73777521,24.83437781,23.39778665,23.99696566,19.296261,21.29525783,22.48792366,25.97971659,25.80360574,25.55258269,20.26491057,21.65451861,19.31643439,20.07605705,20.17163802,19.33079267,26.10813236,25.77300419,25.37881659
TG 54:4|TG 18:1_18:1_18:2_#_Pos,21.82761496,21.73950209,22.15484695,17.64832072,19.29714552,19.16603363,21.45660208,19.95483281,21.38693838,18.33702141,17.64485231,18.32225102,19.25343434,19.17013963,19.43970346,21.45458973,21.98033033,21.77180099,21.24106249,20.60539239,21.20501874,17.86204628,17.82149827,19.21366949,20.8652016,20.91899369,20.86089849,18.51201257,19.74275351,19.21068476,21.69059656,21.73634448,18.60929024,21.0130626,20.98301307,21.12481358,21.38238319,20.13897532,21.08393783,17.86593546,18.6920316,19.25343434,22.15262095,21.73783216,21.70312126,17.8926556,19.73561884,16.75854691,18.58027401,18.61368906,16.74019033,21.50863341,20.84634939,21.33285651
TG 54:4|TG 18:1_18:1_18:2_Pos,24.96609965,24.83219211,24.57867036,20.17983452,21.44220539,22.14196877,24.81580188,24.09626591,23.8707218,20.43825283,20.60211068,21.20025537,21.96071164,21.51142093,21.666543,25.14039724,24.72563035,24.68196897,23.94714912,22.94862774,24.22571541,20.74030244,20.40258999,21.45459037,23.21225744,23.20942675,23.60372859,21.25097738,22.09879562,21.45845417,24.69775998,24.39737349,21.27805275,23.7580187,24.1973871,24.45618752,24.24210889,22.67893034,23.57114797,20.08733023,21.6145384,22.01703475,24.73331684,24.62434884,24.45590975,20.86081097,22.4351072,19.27167031,21.05601071,20.82818615,19.55474768,25.20898981,24.62670207,24.51645735
TG 54:5|TG 18:1_18:2_18:2_Pos,23.9128468,23.84821841,23.38610586,20.38081169,21.59468306,21.91454099,23.38443358,22.96254676,22.60949356,20.82868606,20.86687562,21.00009172,21.91620943,21.37749022,21.72624523,23.9125351,23.42765056,23.17278291,22.06700383,21.50790065,22.83976721,20.70460609,20.63609414,20.88457071,20.93261804,21.06400432,21.23390213,21.20264168,22.0791217,21.97976102,24.53005612,24.49505508,21.20281141,21.42219584,21.72654849,21.91998675,22.73947515,21.41711727,22.17112767,20.58813691,21.96419643,21.7258571,22.41693194,22.55724446,22.48439629,21.12708974,22.77871099,19.6250608,21.16919558,20.81855133,19.55091137,23.21761009,22.80726543,22.54187538
TG 54:6|TG 18:2_18:2_18:2_Pos,21.51868578,21.61529825,20.95732971,19.64922578,21.2724168,20.90723252,21.13704292,20.63468856,20.4831678,19.92834397,20.29375372,20.10182924,20.77907045,20.31587415,20.18945812,21.4774777,20.95954909,20.60877055,19.29866599,19.40466115,20.30907946,19.79357807,19.79480855,20.31347065,18.15445607,18.51959636,18.38084947,20.44177405,21.5089084,21.30112959,23.381645,23.53145269,20.33336726,18.68363637,18.27302652,18.60498328,20.12547681,19.53297088,19.81057505,19.96814738,21.25739324,20.83993285,18.89328238,19.38096202,19.10170024,20.9186406,21.65840055,18.69660506,20.32067671,19.58068458,18.65931393,19.66087383,19.60488674,19.2372013
TG 56:1|TG 16:0_22:0_18:1_Pos,18.65895733,18.77300206,17.14408589,NA,NA,15.72614911,19.33206914,18.82506019,17.55075421,NA,NA,NA,12.9362688,12.6545126,NA,19.30063858,18.79749358,18.97646909,17.3002164,15.37007488,17.88455597,NA,NA,NA,16.63217827,16.53879606,16.50273063,14.70922188,13.30952308,NA,16.32376233,16.77704551,NA,17.57994235,18.72520428,18.5173621,18.12836464,14.27894601,17.14985339,NA,14.39448242,14.57805304,19.34276286,19.15268715,19.29296727,NA,NA,NA,NA,NA,NA,20.15303181,19.60092215,19.92623614
TG 56:2|TG 20:0_18:1_18:1_Pos,17.95518413,17.91542418,16.92209445,NA,NA,13.02372304,18.38093035,17.36014591,17.6656862,NA,NA,14.37921881,NA,12.11798477,NA,18.44313196,18.11604098,18.40012419,16.97039742,NA,16.08294357,12.65345164,NA,NA,16.79717838,16.79634539,16.32491729,NA,12.9893941,NA,14.77708679,16.15372036,NA,17.04350518,17.91094599,17.54693417,17.84875565,15.91645071,17.2054365,NA,NA,15.26186181,19.3507486,19.32048457,19.25343434,NA,NA,NA,NA,NA,NA,19.58537601,19.19112725,19.31729128
TG 56:3|TG 20:0_18:1_18:2_Pos,20.87743187,20.57067693,19.84092531,NA,15.02619794,17.93220806,20.93950391,20.16720376,19.65681543,NA,16.13112263,17.02360097,16.53742429,15.68177,15.43280469,21.40202155,20.65250522,20.76528955,18.95425101,17.99242543,19.57278164,15.61226504,14.79792393,17.04063521,18.58207089,18.70482198,18.88244483,16.43357013,16.61108279,15.18206268,19.29150778,19.59657714,15.61604637,19.25015698,20.76459767,20.42895644,20.75952831,18.73443827,19.68713081,13.17995494,16.67885119,17.68118165,21.46093976,21.4301102,21.14075035,15.41379353,16.75800733,NA,14.87515943,NA,15.96520598,21.95886041,21.38394734,21.35977009
TG 56:4|TG 18:1_20:1_18:2_Pos,21.51093242,20.96264225,20.23878896,15.81490413,16.85319318,18.67885027,20.9772075,19.96464999,20.07320195,14.9453274,16.38234076,16.71397539,17.02927286,17.03601007,17.02890217,21.72287538,20.92589441,21.07268697,19.73474465,18.54654828,20.5349949,16.57648621,16.37000927,17.39662803,19.53775249,19.52486063,20.30896433,16.8279713,17.86896656,16.35714334,20.30042868,19.89312933,17.11832783,20.29887647,21.18251692,21.69565047,20.9043792,19.03261802,19.7318402,15.10446046,17.57511448,18.32136253,21.35836158,21.28724772,20.97548103,16.44402369,18.13935448,NA,16.0655618,15.56454129,15.44991547,21.79433164,21.04093306,20.7739416
TG 58:1|TG 16:0_24:0_18:1_#_Pos,19.04976082,19.49344099,18.89427495,NA,14.13316368,14.400638,19.88154714,19.00223034,19.3906091,NA,NA,NA,13.59604191,13.56941322,NA,19.26863599,20.07474158,19.79090101,18.47599503,17.37068839,17.74745222,NA,NA,NA,18.21282946,17.86034298,17.15312616,14.74205985,14.73968521,14.49983479,15.20392592,16.48548125,13.67251456,18.68795556,18.75889507,18.49582774,17.77464913,14.80607431,17.77273515,NA,12.89410498,15.58079823,20.50529257,20.18985554,20.3315047,NA,NA,NA,NA,NA,NA,19.93185878,19.27856233,20.2125233
TG 58:1|TG 16:0_24:0_18:1_Pos,21.15783493,21.29941164,20.19496475,NA,13.98086857,17.55241072,21.91844901,21.43538387,20.50580034,NA,13.9533402,16.92133796,16.55773344,15.21498248,NA,21.53910861,21.48322272,21.4026986,19.37237091,18.04121168,19.66474348,16.32714281,NA,15.19902418,19.11266335,18.35152564,19.31000775,17.05369688,15.92693953,15.54252835,17.52961068,18.38408356,16.29854026,19.7291998,20.74750847,20.63959988,19.71988313,18.15425562,19.0620814,NA,16.53734489,17.96160564,21.58707343,21.411987,21.41557878,NA,15.71972139,NA,14.32498782,NA,12.84575765,22.15709925,21.46369771,21.89603153
TG 58:2|TG 24:0_16:1_18:1_#_Pos,19.48695634,19.75270252,19.3186182,NA,14.26183519,14.38457344,20.26249693,19.21191768,19.37692872,NA,NA,NA,NA,15.01980872,NA,20.02578288,19.92833552,20.05756377,18.60272885,17.21447737,18.1429616,14.1175152,NA,NA,18.31433313,18.27748538,17.66235488,15.01081553,13.66756372,13.7721087,16.25133543,17.83112774,13.72185842,18.74237677,19.38045437,18.88514382,19.01168995,16.95987239,18.40732263,NA,NA,15.91119399,20.81101928,20.5960365,20.6371834,NA,NA,NA,12.11720941,NA,NA,20.65046158,20.13013741,20.71951747
TG 58:2|TG 24:0_16:1_18:1_Pos,21.52919615,21.49417545,20.41081156,NA,13.86663374,17.82646924,22.09555237,21.42216506,20.54720321,NA,13.41781606,16.65285373,15.73608934,15.86717276,12.86653595,22.10039051,21.48745304,21.60288925,19.35944908,18.07394608,20.11364348,15.85233004,13.87062142,15.25380267,19.08483839,19.14757512,19.56484064,16.98022046,16.5657973,15.10323471,18.52790914,19.38722231,13.71855186,19.76996907,21.27693728,21.04161032,20.69576157,18.82511993,19.60192635,NA,16.70250801,18.06216627,22.01186513,21.87499777,21.62446835,NA,16.32982967,NA,12.06954347,NA,NA,22.71791442,22.08848972,22.10173842
TG 58:3|TG 22:0_18:1_18:2_Pos,19.59337414,19.60765015,18.69546664,NA,NA,15.39058335,19.97494508,19.60806918,18.18533539,NA,NA,NA,NA,13.99698865,NA,20.06542696,19.49592857,19.5541769,17.65559017,14.8459492,18.23720447,NA,NA,NA,15.36904506,16.07575861,16.64842309,12.70031531,15.15953624,13.7522368,17.64269569,18.40143851,NA,17.01862931,18.42061679,18.07135174,19.6164308,16.9914866,18.30808935,NA,12.75814101,15.17882588,20.03639338,20.12367712,19.97630552,10.91751905,14.47303063,NA,12.31050555,NA,NA,20.93610891,20.47116479,20.27367993
TG 59:2|TG 24:0_17:1_18:1_Pos,13.25716193,13.71314938,NA,NA,NA,NA,16.51603776,16.13221034,NA,NA,NA,NA,NA,NA,NA,16.26371478,NA,15.69065026,12.8556529,NA,14.66820812,NA,NA,NA,NA,NA,NA,NA,NA,NA,NA,NA,NA,15.23868304,17.05204659,16.23343723,12.44956616,NA,NA,NA,NA,NA,17.05632077,17.02934263,16.73310783,NA,NA,NA,NA,NA,NA,18.28994411,17.9329827,17.72080221
TG 60:1|TG 18:0_24:0_18:1_Pos,19.64950038,19.96620553,18.6146736,NA,NA,16.29064192,20.48222143,20.16834428,18.9138178,NA,NA,NA,15.68467803,NA,NA,20.02925724,19.71910565,19.8179587,19.08973999,17.08793976,19.33474149,15.80773989,NA,NA,18.61142874,17.83061313,18.63350079,16.10234817,14.65739048,12.11263073,16.8194012,17.128562,NA,19.08641972,20.06168034,20.13451581,18.41679501,16.06611884,18.06659962,12.47861844,14.69463508,16.59575735,20.06074079,20.01509872,20.25936147,NA,NA,NA,13.22499263,NA,NA,21.09948572,20.70609153,20.91483972
TG 60:2|TG 24:0_18:1_18:1_Pos,20.4143779,20.51632239,19.96523894,NA,16.04055473,16.49544336,20.7732376,19.93732317,20.37335655,NA,NA,15.06889937,15.72001931,14.18487466,NA,20.45942871,20.72294657,20.5955047,19.61080862,18.62068756,18.95625707,14.327176,NA,15.48836137,19.39857,19.30369133,18.41969273,16.25063613,16.11792869,15.74480191,16.93462191,18.26491994,15.80741362,19.65947593,19.81884976,19.7835198,19.5330129,17.8438191,19.36326159,14.0301107,14.95257093,16.85573624,21.71223692,21.5092349,21.43059684,NA,15.29145601,NA,12.32578119,NA,NA,21.15471992,20.6036887,21.19568819
TG 60:3|TG 24:0_18:1_18:2_#_Pos,19.16377119,19.50580069,18.78633805,NA,13.11958527,14.14411917,19.61956861,18.79431091,18.83062589,NA,NA,NA,13.09490324,13.45874573,12.83528031,19.25343434,19.28998701,19.25343434,18.15829813,16.44933783,17.80119475,NA,NA,14.03375079,16.75770131,16.716527,16.37170003,13.13686513,14.98812322,NA,15.65734111,17.60269416,NA,16.98967333,17.38434823,16.51411115,19.20694471,16.20005138,18.56569468,14.22537259,NA,15.74677735,20.22105775,20.22372834,20.18732205,NA,14.34877252,NA,12.41920364,NA,NA,20.01048509,19.47532968,20.22618373
TG 60:3|TG 24:0_18:1_18:2_Pos,21.27486598,21.28047558,20.05826522,10.58478224,14.34124666,17.40606678,21.53112182,20.96704267,19.95797025,NA,NA,15.82307752,15.41955084,15.19896271,NA,21.42472761,21.00838493,20.94571967,19.14992213,17.49281946,19.75943844,16.16526405,14.15648866,13.59553979,17.40557481,17.34015401,18.11265207,16.18114564,16.18100056,14.96638127,18.40911908,19.34281885,NA,18.07804572,19.70325572,19.47580699,20.85542606,18.67767488,19.71890726,12.87965888,16.45761539,17.56533192,21.38516877,21.37029946,21.16528083,13.88629721,16.67008982,NA,14.49091151,13.10872775,NA,22.08697817,21.36421138,21.57050956
TG 62:2|TG 18:0_26:0_18:2_Pos,17.36958069,17.64717403,16.21731427,NA,NA,NA,17.90102943,17.48226255,16.64390299,NA,NA,NA,NA,NA,NA,17.17081843,16.44571074,17.25428654,17.68747492,15.81186301,16.68294444,NA,NA,NA,16.94664887,16.93841758,14.48746967,NA,NA,11.02236235,NA,NA,NA,17.1433622,17.69893837,17.48264827,15.54557631,NA,15.93404038,11.3885293,NA,NA,18.14109684,17.99258596,18.27213815,NA,NA,NA,NA,NA,NA,18.15434706,18.03522761,18.30606062
TG 62:3|TG 26:0_18:1_18:2_Pos,19.30362271,19.24508436,17.80801491,NA,NA,14.51217527,19.41354506,18.81824447,17.39919142,NA,NA,NA,12.85462188,NA,NA,19.4144097,18.89165094,18.73221014,17.52959824,16.3869971,18.18591085,NA,NA,NA,15.47393834,15.17319131,16.83018935,NA,13.13147418,NA,15.74277047,16.65640088,13.906638,16.74864172,18.45602822,18.50796354,18.19623809,NA,17.06567175,NA,NA,13.03603106,18.78594752,18.80725594,18.7713987,NA,NA,NA,NA,NA,NA,19.74241027,18.89323981,19.09023262
Cer 30:1;2O|Cer 15:1;2O/15:0_A_Neg,NA,NA,16.44554398,12.4260127,16.17509335,16.08376542,13.20241498,17.03180667,NA,17.00859964,16.44054377,NA,15.92214975,14.70778131,14.79363443,NA,16.75600573,NA,13.26511362,13.66415161,13.03680155,14.36193437,13.30682809,16.21804577,NA,16.54020425,NA,13.8102648,16.55700607,16.46821324,NA,14.07956177,15.71052572,14.26439683,14.85542487,NA,16.06331578,15.9666364,13.60627224,14.2091462,16.29120975,13.74462503,17.29953429,NA,NA,16.32357577,14.66295289,16.50527098,14.51413388,12.81197472,15.39207326,NA,NA,15.66020664
Cer 30:1;2O|Cer 15:1;2O/15:0_B_Neg,15.30798106,NA,NA,NA,12.22407676,NA,NA,NA,NA,12.30190904,12.3828554,12.27840457,NA,11.55153703,NA,NA,NA,NA,NA,NA,13.26365999,NA,NA,NA,13.32643146,13.24254455,NA,NA,NA,NA,13.08768208,NA,NA,NA,NA,NA,NA,NA,NA,11.93520414,NA,NA,NA,NA,NA,13.5198823,NA,NA,NA,NA,NA,NA,NA,NA
Cer 32:1;2O|Cer 17:1;2O/15:0_Neg,13.95637841,13.17430461,12.50993675,13.11243401,12.01170052,12.74263139,12.7428163,14.72671719,12.81954185,NA,12.92714999,11.76098001,NA,NA,13.62638097,NA,14.26231702,13.5066705,13.22405172,NA,16.03970174,NA,11.59278792,11.98587052,NA,NA,NA,NA,12.28515039,NA,NA,13.48540884,11.74722393,NA,14.8382633,13.25689128,12.9330726,13.19732475,14.11117474,NA,11.82201946,12.88804253,NA,14.05956587,NA,14.6888148,13.85971081,12.01270661,NA,NA,NA,13.84183488,NA,13.68028272
Cer 34:0;2O|Cer 18:0;2O/16:0_#_Neg,17.67151549,18.61861223,17.72796796,18.30192468,17.74930484,19.77680085,18.57522259,18.69010359,17.85888177,17.7160665,18.65254455,18.26506709,17.8796868,17.96416885,17.26503913,17.84647892,19.11335172,17.82752413,21.83254876,21.15895813,21.6967817,19.56241373,18.95919847,19.57881005,21.91210832,21.47146823,22.45289187,18.94578584,20.35461516,18.43030684,19.02380201,22.19940676,18.58455019,23.62245508,22.74725964,22.63641314,19.73064843,19.30548024,18.44665926,17.7168522,17.70606725,20.0280386,18.37429703,19.63874904,20.48095848,18.43560822,17.06117619,18.03034573,17.60188877,17.71290261,18.17201928,19.29365157,18.8150735,19.45426425
Cer 34:0;2O|Cer 18:0;2O/16:0_Neg,17.63686904,18.59485736,17.54707341,18.04512682,17.5806433,19.81213963,18.35617527,18.60511406,17.92993517,17.66291627,18.75307074,18.20375947,17.95463026,17.98528884,17.22185012,17.95072449,18.94158591,17.37463002,21.9065662,21.16463245,21.76785177,19.4765693,19.07615068,19.68162225,21.9328748,21.44437549,22.5084745,19.06097061,20.41589543,18.58332575,18.96441433,22.298217,18.77549895,23.58140124,22.73714418,22.72640878,19.71198282,19.38065835,18.63556739,17.64465076,17.3948872,20.03009791,18.60881109,19.33502721,20.35880754,18.54363922,16.79469174,17.8957762,17.54740898,17.65708388,18.35204205,19.15085997,18.68505447,19.35213633
Cer 34:0;4O|Cer 18:0;3O/16:0;(2OH)_Neg,24.22943159,24.19905494,23.64820241,21.363226,20.64575511,21.54503956,24.09977857,24.1009641,23.783019,20.8236603,21.85481017,22.0403012,22.03712826,22.33113402,21.26315823,24.41295824,23.93583991,23.29175237,21.73414368,21.8873391,22.2024306,21.65176146,21.48728604,21.08866437,22.45516674,22.11125578,23.44676999,22.09643196,21.16240886,20.85463957,21.73762984,21.50892862,21.95277094,23.18678379,23.28702715,23.48962812,22.38414771,22.17853368,21.86676658,20.73467314,21.05868261,21.23961801,22.44296442,22.42426227,23.48870927,21.81965455,21.70674291,21.67452896,21.67146803,21.3654206,21.88810771,22.66551878,22.38223716,22.93117128
Cer 36:0;4O|Cer 18:0;3O/18:0;(2OH)_Neg,22.3667002,21.68893226,21.04653423,19.83383162,19.2979858,19.21910899,22.15219913,22.47537478,21.7197798,19.84547197,19.63508588,20.06953745,20.46782148,20.25068117,20.00724925,22.03540756,21.5671337,20.74829535,20.06931877,19.5265245,20.2123569,19.04458976,19.60589712,18.95227952,19.85675595,19.54329143,20.73343618,19.7276607,19.9016238,19.31611856,19.96035595,19.818487,20.10665225,20.33715226,20.32899607,20.29938954,19.96298713,19.49242629,18.98173653,18.96769914,19.42968427,19.11893463,18.88003151,18.41739415,21.15259134,19.66257347,20.25558621,19.7868067,20.54177538,20.15085095,19.72289938,18.70438124,18.67964381,20.64444897
Cer 40:0;4O|Cer 18:0;3O/22:0;(2OH)_Neg,20.80279386,20.94751896,20.90090229,19.59223421,19.56782449,19.53173848,20.80790966,20.78184767,20.03123406,19.88772974,19.98515502,20.58222563,20.33277697,19.92358752,20.20012863,20.4296582,20.41487438,19.91532339,21.10679149,20.19882743,20.88371356,19.79266239,19.49656009,19.95701515,20.65712516,20.04127456,21.58142638,20.04059951,19.7272199,19.66286053,20.57668889,20.35590343,19.7665142,21.44566651,20.68367612,20.91899305,19.75766471,19.21366506,18.97993194,18.8569147,19.21635463,19.89001355,19.4759758,19.43335721,19.6664095,19.78836095,21.18596117,19.92753549,19.56937459,19.86846625,19.6446347,19.69703146,18.97323907,19.43473291
Cer 42:0;4O|Cer 18:0;3O/24:0;(2OH)_#_Neg,26.6658035,26.80761392,26.61017813,25.13226859,24.61999278,25.41233442,26.32532977,26.23550749,25.72352999,24.95408757,25.48756012,26.34487434,25.75378997,25.22295584,25.14379112,25.87266443,25.82580425,25.62783415,27.51057293,26.17850883,27.10824792,25.45387123,25.28489261,25.82601606,26.94422274,25.89605391,27.54646975,25.38704753,24.99821006,25.1758638,25.40919789,26.30896172,25.52744514,27.76799744,27.31715453,27.38121828,25.43557866,24.44527999,25.09312944,24.24270028,24.04685299,25.68110242,24.7175369,25.02271606,25.11802703,25.27915549,26.58740602,24.976176,25.34420728,25.24352601,25.5094254,25.81960968,24.9249585,25.10006228
Cer 42:0;4O|Cer 18:0;3O/24:0;(2OH)_Neg,23.4005981,23.90916697,23.42640156,22.07373507,21.55318352,22.25339317,23.47909398,23.30585069,22.50072246,21.66657605,22.53513769,23.45776731,22.78569296,22.07166385,21.93018232,22.51451593,22.78857845,22.60588158,24.7339351,22.99581316,24.20296358,22.63187609,22.12677871,23.13900691,23.819368,23.11864417,24.6996818,22.37852525,21.91378391,21.98606547,22.26371297,23.27761333,22.40237336,24.70796783,24.1576368,24.29886528,22.40124343,21.08563371,21.84444171,20.99936541,20.73617023,22.86326562,21.36203086,21.50117006,21.99252012,22.17376884,23.75721216,21.89344622,22.11673279,22.06224204,22.12096472,22.90572162,21.53969318,21.78592273
Cer 44:0;4O|Cer 20:0;3O/24:0;(2OH)_#_Neg,20.8112659,21.68704944,20.96497421,18.74648541,18.70178935,18.99149661,21.70266938,21.67564611,20.63665283,18.5803883,18.46951751,20.04148988,18.49400608,18.42926348,18.6387647,20.5176283,21.21722236,20.64898597,22.52092739,20.41581048,21.79811135,19.43038272,18.07011725,20.07294549,21.88934416,20.80706489,22.45024889,18.2334684,18.23753646,18.58088072,19.00160686,20.636938,18.30794837,22.80551259,22.34942064,22.38270415,20.64365586,18.87163871,19.1026058,18.07880091,17.38163939,19.42982087,19.05827384,19.45183597,19.66078922,18.69805167,20.14464823,17.84158165,17.6496963,18.23462808,17.99866127,20.11989423,18.934581,19.53583159
Cer 44:0;4O|Cer 20:0;3O/24:0;(2OH)_Neg,23.98024694,24.66392182,24.09011887,21.74968469,21.74600283,22.03329004,24.4536114,24.46367971,23.67658973,21.78159216,21.70201119,22.75465018,21.86191912,21.57646375,21.73759651,23.753275,24.29568948,23.66662734,25.50481808,23.52088441,24.85677858,22.11615927,21.2796536,22.78004274,24.72911507,23.81504361,25.26962216,21.61180961,21.46018087,21.87643835,22.02233489,23.47118545,21.40610648,25.74799569,25.3641418,25.154009,23.44609631,22.17752809,22.38293827,21.2139773,20.92639173,22.34219173,22.39457565,22.72335505,22.96317165,21.86078654,22.92574077,21.36861801,20.79015003,21.42656988,20.87866758,23.24340811,22.32197853,22.77815784
Cer 46:0;4O|Cer 20:0;3O/26:0;(2OH)_Neg,18.59815682,19.04701081,18.95695532,17.41805105,17.91833232,17.35969796,19.49704283,20.12234418,18.08482481,18.04569206,17.75355322,18.21129532,17.18452905,16.86672134,18.01995981,19.55865398,19.20278668,18.32270546,19.76996216,18.73680348,19.32851997,17.77252237,17.35873344,19.09767826,19.9747909,19.08030452,20.44247573,17.07364324,17.73748103,17.65922293,17.20879678,17.55989622,17.11683888,20.40440241,20.1957861,20.03111479,18.78917721,18.12136616,18.1407591,17.074015,17.17641413,17.90985863,18.96933807,18.89008642,18.16392503,17.19742276,18.66080688,17.44066081,16.52768405,17.44843445,17.45441352,19.23963542,17.56651606,18.55907391
CL 68:4|CL 16:1_18:1_16:1_18:1_Neg,18.18654719,18.32125732,18.14906749,19.42816823,20.41744237,20.52071973,16.70198396,16.71753794,16.77730537,19.98817973,19.60439055,20.28517811,19.73680005,18.87473315,20.222161,17.2702543,16.41262948,16.48531975,21.34529913,21.69867405,22.0700965,20.2603347,19.29804313,19.72102993,21.8766723,22.13742021,22.34775078,19.43833115,19.24963189,20.41635136,21.35082576,21.86589728,19.16147714,21.79591903,21.99832584,22.71914094,18.47978426,17.27926102,18.28031193,20.17455959,19.67302026,19.950697,16.85961083,18.02246147,13.45375257,19.93556436,20.47685728,19.48651006,19.12648465,19.49242822,19.56838796,17.59669085,17.9514359,17.48648416
CL 68:5|CL 16:1_18:1_16:1_18:2_Neg,18.00708646,18.37778905,18.18897794,19.92657726,20.67416215,20.3185646,16.31724953,16.22696921,17.17604441,20.6416929,20.07033418,20.61372976,20.44242336,19.69084282,20.83833591,17.79262341,17.02460344,16.76762161,20.98060444,20.86531045,21.11006373,20.19352494,19.74251579,20.05055589,21.83081088,21.84913584,21.82391238,20.38859885,19.88619595,20.94244756,21.75892616,21.78940009,19.87654055,21.80438027,21.91874732,22.1488756,18.16592719,17.15851539,17.51773919,20.43175544,19.8553993,20.52532084,17.36554724,18.11999306,17.15256179,20.26220859,20.85190978,20.04849243,19.80865479,20.18085179,19.69786413,18.79877503,18.65894656,17.71578616
CL 68:6|CL 16:1_18:2_16:1_18:2_Neg,16.66703321,17.1158223,17.07531028,19.64824823,19.88261716,19.56851198,14.98243358,15.45198701,15.46189879,20.41534592,19.64863302,20.0940317,19.89880078,18.8392437,20.3609065,16.77944367,14.91633483,15.85512799,19.3874358,19.48840776,19.92007866,19.47364685,19.49787186,19.04816094,20.06650068,20.2764183,19.9592043,19.89729532,19.51874344,20.4269313,21.60278588,21.44096094,19.33959042,19.04040425,19.60180303,19.25109565,16.75112254,15.65796238,16.31786337,20.04919621,19.36072772,19.97685283,16.67554653,16.73985333,14.23825165,20.02998921,20.63840794,19.41981097,19.14795063,19.68052346,19.26455235,17.63198361,17.37738996,16.5243726
CL 70:4|CL 16:1_18:1_18:1_18:1_Neg,20.33354862,20.65449697,20.43777958,20.53565849,21.45775797,21.71189861,18.71956131,18.87522658,18.38690954,20.99411964,21.01157635,21.40716394,21.25693244,20.75903965,21.6308056,19.310902,18.57891613,17.14204742,23.52448797,23.2587655,23.90200856,21.37146349,20.24992867,21.29237355,23.63695381,23.2480408,23.47235261,21.35129948,20.03399475,21.32057591,22.51571166,23.13784005,20.81331646,23.34233207,23.18913448,23.93571087,20.55670237,19.24872008,19.65501386,20.92425332,20.47751136,21.49400612,19.77439884,19.9057004,18.94565342,21.01943667,21.08324336,20.89798575,20.23984952,20.87790533,20.19445501,19.9215203,19.92320308,19.61395958
CL 70:6|CL 16:1_18:1_18:2_18:2_Neg,21.81110615,22.14504235,21.86125877,23.0013557,23.41107282,22.97766622,20.97231891,21.14565996,21.06637357,23.45415399,23.07705636,23.56874044,23.22590971,22.6944147,23.8806385,21.91607881,21.28690197,21.3449703,23.43774461,23.59714519,23.7478343,23.11631612,22.77948877,22.76556483,23.41270598,23.33930128,23.19022045,23.37194904,22.94000581,23.68198184,24.76432226,24.85212101,22.84094494,22.58841698,23.02735906,22.75836447,21.39434327,20.6819826,20.85252432,23.44044981,22.69200468,23.54161451,21.57294342,21.80842136,21.28675165,23.35050522,24.06872979,23.00850936,22.72366136,23.14359495,22.56566953,22.12709724,21.90953851,21.70673502
CL 70:7|CL 16:1_18:2_18:2_18:2_Neg,20.87434956,20.9091356,20.32866519,22.61111958,22.91942304,22.49656179,19.65867919,20.26344762,19.72856757,23.28883269,22.81190196,23.09798357,23.09671717,22.37734252,23.61015199,20.6548101,20.19135362,20.30091357,22.15944765,22.4313992,22.29621754,22.4154851,22.56767422,21.97296501,20.94666596,21.7289136,21.33959527,22.92867712,22.80027723,23.3797678,24.44711467,24.42092368,22.51915406,19.16677379,20.23292394,19.72490136,20.49185969,19.4386759,19.77342354,23.19127603,22.32685641,22.80189143,20.10823661,20.45254326,19.59719414,23.23725079,23.69535768,22.67770847,22.46647473,22.84905674,22.33042374,20.49597118,20.72437523,20.02095344
CL 70:8|CL 16:2_18:2_18:2_18:2_Neg,15.74586802,16.42292071,15.93353315,19.17222755,18.97705344,18.37903225,NA,13.58591586,13.16573969,19.58707145,19.12180705,19.24558103,19.66952732,18.81576411,19.97846531,15.06829797,NA,NA,17.38761365,17.86005612,17.6733034,17.96563156,18.85202433,17.79587354,15.34887165,15.35362371,15.21459422,19.37399169,19.1116257,19.93171819,20.95780753,21.1022992,19.09584213,12.85209955,12.97950871,NA,15.66325656,NA,14.63482641,19.39954009,18.55381595,18.74442726,NA,NA,NA,19.79476854,20.15419462,18.60015033,19.24435421,19.39127082,18.75826638,NA,NA,13.76018607
CL 72:6|CL 18:1_18:1_18:2_18:2_Neg,19.98304557,20.56814114,19.13480976,20.5790915,21.4878773,20.68253981,19.85299784,19.92188567,19.24495451,21.24773813,20.80288948,21.75106137,20.6356082,20.29159731,21.52244974,17.92985254,19.99553227,19.54470389,22.26148937,21.80503242,21.69570867,21.01599952,20.6215552,22.00280393,21.44068,21.03908368,21.50608979,20.285555,20.05248201,21.84513473,22.05656765,22.42970742,20.38514143,19.22797377,19.93361453,19.82852882,20.08426131,17.67593259,17.97838642,21.32993974,19.92718269,22.08751035,19.10287667,18.70003145,19.77679319,20.74794576,22.76259548,20.30614698,20.21848822,21.04294936,20.30658902,20.37633553,19.64638054,19.81255706
CL 72:6|CL 18:1_18:2_18:1_18:2_Neg,24.25451294,24.44296201,24.23518562,24.53592794,24.74316099,25.05901269,23.38192078,23.87787872,23.5419564,24.95155603,24.61207715,25.02844114,24.69078986,24.05019662,25.05548222,24.05856555,23.56918859,23.57655449,25.25909639,25.28687264,25.25756168,24.35879434,24.3621976,24.49775342,25.25696171,24.84934115,24.94337066,24.76155138,23.94252268,25.10550791,25.71859073,26.05904849,24.61022638,23.6869275,24.07409263,24.37332643,23.23411253,22.43254458,22.80964001,24.66466317,24.21390009,24.70274369,23.26982047,23.54143451,23.34345154,24.60308439,25.21742467,24.42334525,24.08630988,24.46752489,24.17088122,24.04288032,23.98137811,23.85369679
CL 72:7|CL 18:1_18:2_18:2_18:2_Neg,19.4333475,20.18033273,19.79653618,20.95265895,21.32399676,20.22613469,20.02331915,20.45149211,19.18605073,21.26653559,20.51038573,21.40101828,20.98982734,20.21365175,21.70231349,19.14455731,19.91272125,19.36062145,21.28870494,21.29696217,20.53224191,20.76697511,20.5022106,21.66463818,20.02507075,19.81101375,19.47789481,20.24360165,20.40624496,21.58974586,21.98329771,22.67340059,20.5168924,17.61415661,18.3071712,17.62505852,20.12025362,17.96507986,18.53606792,21.6226179,20.12837243,21.85259367,18.4373034,18.79526141,19.21290931,20.97548255,22.55374656,20.32259783,20.47260972,21.35007548,19.80941927,19.6523373,19.02172349,19.59493448
CL 72:8|CL 18:2_18:2_18:2_18:2_#_Neg,23.20049581,23.22012406,22.95371951,24.03326355,24.37394545,23.9436914,22.32836058,22.47535111,22.34102902,24.71761044,24.29560695,24.64587677,24.67461813,23.89719219,25.0035915,22.60587273,22.39222644,22.03416466,22.84992548,23.8325464,23.5959774,23.82433922,24.27789569,23.31121739,20.48282451,21.35870362,20.72185631,24.54227907,24.39755423,24.74453416,26.03812215,26.06833539,24.03171362,18.02515537,19.77131364,18.96752811,22.46262815,21.53223071,21.80923002,24.81655628,23.86584349,24.06991701,21.48742454,22.03654291,21.4389458,25.00410905,25.08113786,24.12195222,24.30376598,24.47808522,23.87728991,21.96269645,21.44783899,21.79667096
CL 72:8|CL 18:2_18:2_18:2_18:2_Neg,17.93564234,18.05038142,17.93083877,20.51285181,20.7204808,19.94559018,19.50824688,19.18423434,17.39529456,21.08014282,20.10455041,20.91543829,20.59931077,19.67518322,21.5197586,17.85977728,17.75929648,17.22593054,19.78392763,20.06553322,19.46396221,20.26477408,20.64201068,20.84005641,14.78496848,16.95577967,16.8075648,20.03463164,20.08198481,21.17602189,22.26642486,22.65083573,20.06976515,NA,NA,NA,18.9163799,17.08850876,16.66774573,21.28863671,19.76526215,21.32156784,16.70561648,15.59176893,16.08973986,20.65983046,22.19085165,19.95193024,20.16996985,21.10972279,19.63131084,17.45439725,16.83984478,17.04269217
CL 72:9|CL 16:1_20:4_18:2_18:2_Neg,19.82811632,19.9852359,19.89686239,20.68216415,21.10845191,20.76990223,18.94395483,18.9627108,18.90189874,21.16285977,20.82126705,21.15928083,20.90401832,20.42632857,21.33173548,19.72317551,19.10732686,19.11299131,21.2352761,21.5159881,21.33133134,20.70658596,20.56278269,20.7183505,21.36942185,21.36317259,21.24971234,20.85657991,20.68015565,21.24914742,21.86078654,21.83041946,20.56750003,20.54065361,20.92792137,20.75172205,19.41555421,18.4457274,19.01238051,20.94305414,20.54257304,21.01926968,19.335401,19.58065434,19.18817532,20.85665978,21.61129257,20.65589315,20.41996504,20.91655916,20.50190299,19.98332624,20.10332248,19.56385653
CL 74:10|CL 18:1_18:2_18:2_20:5_Neg,21.86078654,22.08709958,21.80865708,21.97356874,22.2753543,21.86078654,21.4834271,21.77219048,21.34124082,22.47681703,22.52425078,22.46917031,22.32394432,21.83695565,22.74664572,21.97239402,21.6924902,21.4301161,22.22736219,22.90812754,22.37314977,21.97123048,22.00181263,21.85449297,21.37401293,21.52449691,21.15003109,22.14319174,22.18607524,22.73717298,23.13851093,23.16700364,21.89966428,19.74826788,20.5137906,19.94386236,21.23894729,20.31228463,20.66665198,22.4481708,21.94666858,22.38831518,21.16328752,21.26854646,21.25649205,22.42200189,23.00767609,22.02718074,21.95815165,22.37592313,22.18712762,21.59570705,21.32373892,21.60384442
CL 74:8|CL 31:2_43:6_Neg,20.69175571,20.91683315,20.61110813,20.7216788,21.50587956,21.41231674,19.72014484,20.01287,19.68387209,21.37325117,21.22249175,21.40148656,21.06255927,20.67929296,21.63181586,20.30643033,19.76212004,19.65917577,22.45760196,22.45169342,22.84645255,21.39360167,20.47401104,21.55941344,22.57982978,22.25410654,22.57943555,21.48644786,20.73074181,21.59213228,22.22900278,21.99489114,21.22055531,21.96642708,22.09825318,22.16382204,19.97431734,18.95101513,19.37850768,20.51815919,20.73014717,21.81184312,20.2230341,20.49519667,20.02987395,20.96149646,21.65060732,21.1816203,20.14402571,21.02847009,20.30309449,20.75745776,20.53962876,20.3822321
CL 74:9|CL 16:0_18:2_18:1_22:6_Neg,22.09593725,22.20647928,21.92627177,22.0752154,22.33846201,22.50877388,21.53271193,22.03064699,21.43702256,22.67822235,22.26362778,22.53505627,22.22508799,21.68723236,22.53570929,22.05366208,21.8479664,21.64338019,22.70749564,23.03379109,23.02643787,21.91118388,21.94298682,22.18050576,22.74394313,22.73334464,22.66572627,22.47283289,21.7654396,22.66107008,22.70056462,22.76707636,22.20733015,21.50239177,22.20961473,21.88686261,21.26844634,20.38950189,20.63967872,22.26663762,21.8986141,22.23681415,21.49826819,21.76661116,21.39613727,22.3083733,23.06712777,21.93861206,21.37022801,22.06430411,22.06443786,22.27155801,21.95195377,21.98217138
CL 83:14|CL 17:2_22:4_22:4_22:4_Neg,23.99179256,24.28612941,24.3899144,22.12771912,23.13596385,22.69986262,21.54401149,22.46135808,22.6179306,22.41040738,23.14231784,22.69893281,22.60516591,22.55233002,23.02832836,20.53552678,23.62956806,22.13621358,22.57251704,21.06198737,22.30938989,22.88724401,22.65625508,23.04357807,22.39338779,20.88177711,22.67753484,22.8343672,22.54150814,22.82471294,23.49897048,22.46656209,22.92919215,22.56673974,22.82063945,22.75861905,23.22560958,23.81320812,24.22792895,22.38603659,22.54492289,22.92509421,22.22756483,22.53433316,22.40405386,22.3701225,22.55526776,22.38751647,22.48751935,22.37321301,22.64064356,20.35757194,21.39480435,22.12317568
FA 14:0_Neg,28.45833018,28.29163237,28.2320318,28.30063608,26.53364552,27.80386066,29.28415701,28.7470482,29.10258566,26.95303015,28.10477721,28.31912205,27.57418007,27.68965839,27.40127179,29.17248444,29.45189528,28.76107881,28.87535292,27.5094784,28.94928474,27.61711914,27.74505555,29.02073485,27.48026163,27.71198714,29.12403771,26.515075,27.67546363,26.58430175,27.64839692,27.79005111,27.51055345,29.2736233,29.19369743,29.31821311,28.9599806,28.26235341,28.34918665,26.37072505,27.87651432,27.60756581,29.42971319,30.04592349,28.57861387,28.35413702,29.00645117,27.10830157,27.35044036,26.70223016,27.96727464,30.65717317,28.788726,29.38418846
FA 14:0;(2OH)_Neg,19.33869877,17.85220818,18.82101901,20.18060594,18.26089584,19.80322348,18.45004939,19.01169091,18.12676434,17.97259899,19.01586019,20.12887423,19.63059242,19.34981924,17.95439462,19.22887054,19.3193022,18.66475689,19.02660244,19.72479123,19.21439757,19.25603293,19.20861901,18.76141603,18.63828375,19.61622849,19.40745632,19.26411303,19.82449619,17.65333644,18.42097536,20.74062799,20.04367278,18.63151736,20.04334617,19.53414184,19.40394468,19.0833748,19.17729473,19.90565767,19.0291731,19.1033068,19.04607088,19.74216145,19.95090399,19.84852343,18.70445505,19.03893215,18.94002802,20.35970142,21.33910775,19.22410842,19.34520706,20.01642775
FA 14:1_A_Neg,18.32881051,18.87428082,18.56894928,18.80715622,17.66844655,18.93300824,19.69922914,18.90084865,18.54201733,17.77378236,19.29162578,19.78726196,19.03889844,18.97701301,18.33991636,19.76559612,19.80493846,19.48975049,18.42391866,18.78694083,18.73457887,18.91823844,19.36111153,18.89789423,16.3869752,17.30141364,19.17356617,18.79215436,18.96117096,17.50601405,17.67991878,18.84422072,19.08439979,19.02495557,19.25049141,18.84968792,19.83061303,19.13142868,18.19059799,18.23826301,18.52915385,18.80136279,19.65455665,19.96812165,18.50371813,18.96003136,19.62124015,18.5834013,18.65841628,18.82631024,19.47088007,20.5404253,19.01563973,18.92042877
FA 14:1_B_Neg,18.96749201,18.95570204,18.93601257,18.87698577,17.08274435,18.4179436,19.68942896,19.56002871,19.48871248,17.37222879,18.44264788,18.51921605,16.40209821,18.28380587,17.99388523,20.00239425,19.80575128,19.28404231,19.2810706,17.5509402,19.18252079,18.186256,17.86536394,19.38301122,18.25100632,19.13905072,19.53323046,17.23522764,18.09181075,16.19026568,18.41035887,18.16386418,18.21722211,19.69822347,19.80803615,19.76660356,19.56157007,19.06590877,19.21470364,17.37785443,18.33321598,18.26449302,20.20724707,20.58206025,19.43382223,18.98556784,19.53092736,17.59901084,18.0902339,17.02195538,18.41304488,20.70757499,19.24102842,19.82465148
FA 15:0_Neg,23.34300997,23.35567087,23.35691634,23.1274561,22.67691095,22.95298114,23.9220898,23.65043942,23.48772696,22.78774732,23.07545643,23.20238144,22.65581608,22.01206892,22.66515735,23.38550647,23.96058885,23.57336555,23.14342662,23.72923402,23.508177,23.24270128,23.08893806,23.72428772,23.27378012,23.82935986,23.76579859,22.73616007,22.10559606,23.03480804,22.79393953,22.66279887,22.45074643,23.18899907,24.06476995,23.83413822,24.38416305,23.4590567,22.86380987,22.59544746,22.69140843,22.88928255,23.71161607,23.56962547,23.70056467,22.7141874,24.23996866,22.3849292,21.86078654,22.82321878,22.69202679,23.79518555,23.12209307,23.23448385
FA 15:4_Neg,22.58833989,22.39321872,22.36519823,22.78909482,20.87764411,20.67458361,23.14989368,22.48760534,23.10583164,21.11780018,21.83346916,22.2523353,22.08130905,22.43559663,20.72959777,23.43329868,23.39930035,22.83743191,23.20195162,21.26176755,22.09811107,21.58622782,21.3161969,23.07547201,22.60837935,20.9622623,23.04809357,21.24062713,22.47125775,21.07709196,21.14297886,21.89018176,21.07116051,23.28573952,23.23872107,22.72041253,22.85871724,22.83696293,23.46219017,20.37260368,21.77034385,22.24172732,23.04813899,24.32191818,21.69424192,22.40902565,23.38065126,22.16380585,22.25848417,20.2479308,21.17271159,24.40442807,22.76215336,24.21445108
FA 16:0_Neg,30.50150293,30.332754,30.08223895,29.59050175,29.43383397,29.60171343,30.44792301,29.9323389,29.69004234,29.71978918,29.937548,30.06854351,29.53591663,29.17042938,29.85807397,30.09415459,30.19520647,29.9569611,29.08680944,29.6325608,29.65368511,29.94536622,29.91291463,30.06662447,29.23230475,29.77091803,29.78000588,29.28957233,29.34920578,29.83443501,29.55894639,29.58161712,29.24996047,29.31974416,29.84063852,29.85779369,31.05363038,29.98839714,29.66469555,29.44121321,29.25782348,29.57530411,30.21618964,29.97319062,30.16106552,29.52778026,30.90145843,29.28709135,29.21666452,29.71466758,29.53453343,30.45644481,29.33433964,29.61060454
FA 16:0;2O_Neg,21.63282782,20.93473018,21.19656799,22.03653734,21.01343142,22.09276663,21.38883262,21.04557474,21.52885009,23.0330024,21.96172559,22.88132106,23.41166922,22.73552582,23.23251119,21.76071153,21.4113013,21.7982578,19.48523712,19.97135983,19.2991844,22.33031168,21.82600577,20.84305822,19.91363551,20.67599744,19.08324714,22.76056841,22.01765724,21.9965541,22.49415089,20.06237823,21.69543152,19.02337541,19.84786744,19.24013087,20.09069409,21.24916452,20.31007597,21.71691405,21.02701954,21.22478568,21.71435264,21.426926,20.87890483,21.81945123,22.67680086,22.86415621,23.16382643,22.50106927,23.50378804,21.64754688,21.91512356,21.3818884
FA 16:1_Neg,30.55553756,30.24948111,30.3798324,29.64504504,29.52116163,29.44502636,31.45549434,30.95632139,30.73594912,29.93153955,29.78941951,30.24589991,29.83828114,29.77425696,30.30974853,31.25745854,31.39134047,31.30663089,29.73714166,30.08044966,29.84701642,29.93803011,30.18407674,30.30557981,30.38024256,30.40226908,30.73909022,29.64432295,29.37435118,29.94222735,30.10148878,29.69934644,29.86298451,30.23991077,31.04076185,30.41406021,31.31152122,30.38761613,29.69953217,29.43432083,29.44445232,29.62579065,30.97057257,30.75683256,30.8872128,29.4869227,31.38701149,29.39204583,29.60618663,30.4086841,29.88658596,31.53716934,30.80819374,30.59639566
FA 16:1;2O_Neg,23.02280761,22.51022551,23.01383418,21.86634587,21.43874178,22.35900807,22.86378329,22.90666524,22.74667123,21.30368574,22.24509882,22.76137238,22.56224907,22.65803986,21.25117299,23.52010613,22.517387,23.35219849,22.04384235,21.8150607,22.19252482,22.39257278,22.25346567,21.68593919,21.55498208,21.96630372,22.07449125,22.50741098,21.95510132,20.46045724,21.47584136,21.73638606,22.30888707,22.02189941,22.89644542,22.52803026,22.89786443,22.78418406,22.36333262,21.29773933,21.59419909,21.64628168,23.56273664,23.32456065,22.77558471,21.83138891,21.91429574,22.14500246,21.95266281,21.95425164,22.88206658,23.54457114,23.361465,23.45685393
FA 16:1;O_Neg,23.45890661,23.02076783,23.21767588,26.17159523,21.97813937,25.73628963,22.69332236,23.18118638,22.87890217,20.62697713,26.18411357,27.19457491,27.22657156,26.56738229,22.96866851,22.48096197,22.61481958,22.96852152,24.37052107,25.31618363,25.25811488,26.073996,26.30944174,24.60792234,23.51392053,25.40081416,24.15254607,26.30530057,26.85008813,21.43343346,21.25825127,26.70327452,26.76583785,23.5153363,25.36216486,24.04512266,23.87628198,23.93470706,23.47075699,26.15133784,25.79022828,25.318092,23.66344101,22.48973611,22.79511367,26.35585987,22.62836809,26.34974893,26.12525836,27.12293254,27.74488296,23.84102087,22.0197397,24.18148637
FA 16:2_Neg,24.15090241,23.94885308,23.97249905,25.77322964,25.72118131,25.50008927,24.35867638,23.94670584,23.82054972,25.54950823,25.98672334,26.20212817,25.37601817,25.23453002,25.69961657,24.17422458,24.33305462,24.3478074,22.84796966,23.72181097,23.48519601,26.12815156,26.15567448,26.38214114,22.58052063,22.91467917,22.95755687,25.64836984,25.3560076,25.8231959,25.58560328,25.31908717,25.70212577,22.1213107,23.05086276,22.40572454,24.63626842,24.17071125,23.48169556,25.4821996,25.40802522,25.76153498,23.75198233,23.71732666,23.92006787,25.44703656,27.17810199,25.65580577,25.05860188,25.59251539,25.52854909,24.10137083,23.50519432,23.52695416
FA 16:2;O_Neg,20.10699773,17.74142275,18.49258422,23.47399397,20.21049166,23.60901681,19.83080832,19.93694451,19.68404594,19.90638006,24.07514612,24.48693637,24.49565286,23.77346789,19.45782515,20.56178382,18.59036098,20.86806501,20.0735795,20.61985387,20.28614088,23.74515509,23.79094258,21.51443784,18.1000638,20.10327634,19.24705971,25.01488507,24.37905071,19.66405754,19.32552129,23.76416892,24.19820412,19.48742243,19.49355019,19.28423365,20.39924902,20.19503677,19.72993119,23.41040705,23.3437762,22.74601981,18.68528631,20.27801526,20.34312656,23.91819996,20.91507783,24.23372801,23.52653764,23.79758328,25.40608636,20.28006352,19.15801902,18.97061867
FA 17:0_Neg,22.17343123,22.0645265,21.90385973,22.20138886,21.88843746,22.36615279,22.81405376,22.26759122,21.74154298,22.05278574,22.08173714,22.13209312,21.24893824,20.93452979,21.75650229,22.28292702,22.54208076,22.05307923,22.33727419,22.75741033,22.54988698,22.35189352,21.86800546,23.11459432,22.42640492,23.01052851,22.56772296,21.77078126,21.45495664,22.18709446,21.6294955,21.43323109,21.57080034,22.35970835,22.76134874,22.67426655,22.82091445,22.33567126,21.76770711,21.92535257,21.85398488,22.32851435,22.72474472,22.51701149,22.91154653,21.7680345,22.87499712,21.67581651,20.9196497,21.81259426,21.83346538,23.03320469,22.33202984,22.62215166
FA 17:1_Neg,26.09543543,25.7388624,26.01795486,26.14516412,25.43944131,25.59191075,26.62986548,26.56914615,26.28666523,26.01522024,25.67715237,26.2343722,25.397333,25.14227036,26.12145564,26.44921841,26.71198377,26.62758132,26.30132757,27.08291888,26.66899527,26.19363022,25.83729845,26.73021907,27.28924946,27.69702071,27.26315451,25.6335646,25.03622784,26.45341989,25.92343768,25.33245957,26.00917346,27.03395044,28.00218727,27.27119035,26.83946816,26.22491551,25.5620887,25.3819156,25.85285886,25.98426149,27.37081739,27.25128135,27.30004399,25.17878643,27.32115365,25.72175711,24.73054355,25.92618214,25.9190922,27.65194376,27.21898357,27.34282996
FA 17:2_Neg,22.77716474,22.38170556,22.54436853,24.88220777,24.32322146,24.35453868,22.80314565,22.5260306,22.2999578,24.79022914,24.40382678,25.13234063,24.12408825,23.794594,24.77633571,22.54336405,22.71400519,22.72585962,22.87163212,23.32561838,23.29999767,24.84442334,24.79744347,25.57487636,22.74865427,22.82471559,23.09134781,24.47430794,23.90680476,25.29771984,24.57077735,23.89847452,24.95728376,21.97898454,22.6986399,22.05638123,23.10910096,22.9214353,21.99822281,24.04860899,24.47266198,24.78140055,22.72419358,22.59841157,22.96794209,24.05279502,26.02134935,24.71301431,23.51996488,24.64888971,24.68691041,23.01323282,22.45896865,22.59531186
FA 18:0_Neg,29.23184173,29.07006619,28.81258842,28.76026048,28.84986606,29.11696068,29.55574214,29.13862666,28.58365332,28.62923606,29.25866259,28.83217464,28.39043772,27.99482494,28.75985477,29.01317281,29.2979995,29.00397801,28.89181847,29.32977863,29.36247101,28.81833985,29.02847989,29.36800539,29.07315601,29.28065681,29.29535137,28.26740998,28.53664338,28.7756391,28.38853333,28.59662125,28.29655914,28.88393423,29.19280288,29.33665668,29.59958411,29.03235724,28.70715442,28.77788832,28.09747945,28.86074657,29.68275524,29.2600377,29.44081768,28.57372291,29.50894784,28.20521892,28.25401329,28.66390552,28.74911001,29.7206854,29.03242188,29.03554223
FA 18:0;(2OH)_Neg,24.87468798,24.71424507,24.03556319,22.37221674,21.92046425,22.35061594,25.41801664,25.05621873,24.89649644,22.55883171,23.6690197,23.83963839,23.42471482,22.55067885,24.28163813,25.21678058,24.62016368,25.25505759,23.55984001,23.58227253,22.91250493,22.6783406,23.19814269,22.04336713,23.40230636,24.26757643,25.25260197,20.96528977,20.47656677,21.99832708,22.64359308,22.53509078,22.77597115,23.08473386,24.47331308,22.61720584,24.30383159,24.32644215,23.8334675,22.27525523,23.1250752,21.98791286,25.27189951,25.02410935,25.3030034,23.43025039,23.37426201,22.31185374,22.50955252,22.86832834,23.47154167,25.20651318,24.50753686,25.02168019
FA 18:0;2O_Neg,24.65850828,23.14028166,23.91414578,25.28605262,23.98202205,24.88113085,24.37047584,23.53942933,23.98221609,25.88736918,25.15409312,26.24896985,25.78701739,25.5865991,26.27492046,24.08054964,23.72049063,24.00592816,23.56821148,24.05108542,22.98680828,25.34984517,25.41340199,24.44156083,22.64738516,22.9528711,22.31330973,25.41247691,24.8118172,24.72844991,25.79070977,23.66259555,24.75761585,22.47941122,21.88707552,21.82645403,24.63682154,24.03374092,23.71801343,24.68323573,24.01018602,23.69420733,24.05654161,23.84035001,23.83500458,24.83718142,26.50864941,25.43419406,25.80294846,25.54847561,26.28291926,23.81923558,23.33426762,23.41025531
FA 18:0;O_Neg,23.76917528,23.31783626,23.47808878,23.27965399,22.28218372,23.91721038,23.42806542,23.43433061,23.0408561,23.00697935,23.21460086,24.21233128,23.80661559,23.67022762,23.53271499,23.74190938,22.91419176,23.64886208,22.28444728,22.8752384,22.55120677,23.82336584,23.88661605,23.04402904,22.53339041,22.70005809,22.68657829,23.86775805,23.478749,22.12325049,23.17415495,22.55631781,23.05543707,22.41918021,23.10704366,22.93850739,23.45989605,23.53213739,23.14022488,22.94395703,22.70588115,22.79592632,24.05568473,23.98672501,23.85596167,22.78798675,23.24586876,23.38021312,23.56471152,23.54394762,23.81844702,23.87629008,23.68440749,23.86107592
FA 18:1_Neg,34.12425355,33.80739279,33.87329418,32.25108869,32.14192141,31.7429178,34.37515442,34.34046936,33.67882899,32.54712276,32.13359777,32.42413936,32.3138686,32.29842683,33.17393344,34.20459665,34.18406862,34.22889358,33.67833775,33.98172958,33.74135399,32.54589308,32.62237306,32.63898521,34.14227328,34.28763941,34.24416754,32.03920234,31.84226835,32.39126017,32.76013768,32.39175989,32.08054242,33.79498993,34.54467589,34.1318653,34.79719736,33.97908841,33.64314539,32.03164092,31.77907833,32.00473123,34.40904205,34.40049906,34.55964008,31.88851743,33.64013711,31.87642225,32.07189023,32.95293024,32.58979734,34.74209658,33.98313077,34.18941907
FA 18:1;(2OH)_Neg,25.48150785,24.45243716,25.12720349,24.96841647,24.75815911,25.03716212,25.35861987,25.09508522,25.07630428,24.91971837,24.77277907,25.47024647,25.36232159,24.93811595,25.15149598,25.379281,25.05233053,25.19892902,24.52535481,24.75521803,24.73770457,25.27610827,24.96108741,24.81465248,24.60016115,24.56066492,24.5533169,25.19936801,24.7035029,24.05620554,24.67995251,24.4671859,24.5506544,24.33115745,25.01857099,24.41783961,25.30201065,24.95509065,24.36034105,24.70749028,24.56159643,24.69604912,25.50610441,25.1817556,25.19979314,24.59436941,25.38557129,25.13824788,24.64726265,25.13421626,25.41247171,25.18631661,24.88497258,24.75155295
FA 18:1;2O_Neg,23.68164098,21.56025765,23.71031148,23.85355889,23.67896537,23.77609184,23.28309841,22.99167979,23.18360534,24.36917789,24.70514266,24.84070182,24.72891102,24.50275865,25.24347757,23.51674809,22.9179846,23.31438029,22.57079882,23.03718177,22.69054467,24.13584447,24.31005613,23.20437034,22.25667262,22.51100067,21.86747148,24.70567835,23.92392657,23.75445171,25.06194722,23.034687,24.15222198,22.00978874,22.42922941,22.22445814,23.27467274,23.17986248,22.82987891,23.4822877,23.38565641,23.21709807,23.47361109,23.34667489,23.1735678,24.15256388,24.91029794,24.40155417,24.65666988,24.44101265,25.30110273,23.16930172,23.00107367,22.79979524
FA 18:1;O_Neg,23.5537129,23.19383322,23.32819336,26.03407183,22.95641554,25.74616561,24.0013597,23.48129855,23.38198651,22.96229851,25.78874467,26.84215585,27.02993956,26.3899882,22.90054006,23.81348545,23.35807049,23.85921409,24.89057862,26.06635143,25.58530806,26.01875591,26.19681096,24.28375559,23.79924555,25.41803644,24.56420074,26.6525472,26.94924028,22.09646266,22.50501421,26.90499381,26.95497276,23.85088793,25.29865411,23.82889798,23.83797231,23.71641876,23.42079963,26.17767888,24.90355735,24.86121442,23.86453745,23.76920354,23.67706045,25.70464666,23.36399823,26.39785598,25.65395634,27.43408633,27.68531285,23.89499045,23.72954784,23.7285762
FA 18:2_Neg,33.23740588,32.80928808,32.75179169,33.19806773,33.15778424,32.90013702,33.17181661,33.1614474,32.66313494,33.36370106,33.26260827,33.49145969,32.72661468,32.45778083,33.32709896,32.94129453,33.10619268,33.03335112,31.23710767,31.95064868,31.49100151,33.51762741,33.61248009,33.67783335,30.7192408,31.2106356,31.05731475,32.81715575,32.77226789,33.27491318,33.12155858,32.92177023,32.84752222,30.19598137,31.16393653,30.35517565,33.44735774,32.83952538,32.14493605,33.18470863,32.88379853,33.09473117,32.89811349,32.70290311,32.926286,33.02415793,34.49496532,32.81843308,32.55903368,33.13629428,32.9262787,33.14307857,32.40497326,32.50959012
FA 18:2;2O_Neg,23.39087913,22.1225019,23.52446533,23.5457726,23.75541157,23.53927472,22.10318393,23.11867534,22.77867872,24.0054645,23.67126118,24.66095226,24.27162008,24.69339454,22.89770569,23.73492214,22.84916807,23.37764941,21.8529883,21.82201189,21.78970927,23.58951259,23.41794033,22.74004675,20.86569374,21.12497071,20.95473251,24.57337874,23.25366223,23.44784606,22.96181916,22.55780021,23.75836218,21.24189166,21.70284556,21.53709337,21.88266193,22.45146141,22.25314092,22.39457288,22.34491395,22.81152926,22.9189893,23.07958198,21.86078654,23.10909676,25.60245114,24.49039456,24.06567533,22.54614406,24.15854214,22.87850384,23.19274748,22.95419197
FA 18:3_Neg,21.59489005,21.94512781,21.8164694,23.73584184,23.14297182,23.49160175,21.92910879,21.46765166,21.30351342,23.24734181,23.70698584,24.40203925,23.34527267,23.08812439,23.29303008,21.33659398,21.46313642,21.60689887,21.45558634,21.93741985,21.52884291,24.06149199,23.99984234,23.79152682,21.07957634,21.39259316,21.01084249,23.63026795,23.36798526,23.3728524,23.24907899,23.38492611,23.66537408,20.61267697,20.74559957,19.94440759,22.0649346,21.61290692,21.31263255,23.56016491,23.04166853,23.38843545,21.02106216,21.05050698,21.48588949,24.23887093,24.50960599,23.43304916,22.85304525,23.71099559,23.81260858,21.37742691,20.85670253,20.92065983
FA 18:3;2O_Neg,23.50455494,23.48779154,23.76084124,23.3660679,22.12355803,24.09210576,23.06987567,22.91440523,23.27574635,21.58640928,24.47661813,24.50194259,24.33371346,24.7000481,21.05195041,23.61509856,20.4840441,23.73841288,21.00934554,20.82606947,20.88955639,23.55262179,24.29619577,23.10526989,20.55700415,20.46379571,20.13733513,24.59003454,24.10479761,21.30058036,21.01710377,22.79608172,24.86252541,20.42509172,19.49660421,20.6778748,22.46862055,22.28861794,22.1030112,22.47164922,22.42242596,23.03586154,22.81991363,22.50306266,22.77115074,23.44039718,21.3840789,23.99246766,24.53467506,24.72355492,24.59364318,22.63951219,22.58872091,22.72026215
FA 18:4_Neg,22.37057443,22.19543445,22.39395571,22.29473176,22.64176899,22.34730185,22.56280923,22.39573511,21.51074,22.95782659,22.6861892,22.78531523,22.14448688,21.89280376,22.9316487,21.82309237,22.81864371,21.97338668,20.68623219,21.65149462,20.80189538,23.07206934,22.73859543,23.27253744,20.97838937,21.08002914,20.56641515,22.34129177,22.07585799,22.71069141,22.63219361,21.82672773,21.93781049,19.92318261,21.03824178,18.45730915,22.22689288,21.90800448,21.5774216,22.70762557,22.30336041,21.73863953,22.06843006,22.08474243,22.48878887,22.40177078,23.71750228,22.48064217,22.16165988,22.50791318,22.13641058,22.10679584,21.47519995,22.03037305
FA 19:1_Neg,22.58140262,22.27494369,22.17061939,23.14244743,21.9921471,22.48637251,22.54350809,22.44125329,21.94804668,23.11974537,22.40118925,22.95001039,22.6312709,21.91978032,23.00600086,22.25528712,22.45195594,22.28555435,21.92077563,22.28009942,22.17623668,22.74876031,22.80698971,23.36251243,22.39180827,22.82093704,22.8928184,22.53164886,22.23166282,23.15497664,22.79043636,22.11414024,22.76952184,22.33544753,23.55097786,23.19917484,23.30830347,22.72950746,21.95846636,22.32213013,22.82353613,22.84873471,23.26780792,22.97268486,22.8681078,22.10441881,24.02682992,22.70889375,21.66748426,23.05010494,22.8345773,23.53763151,22.89116921,22.73735337
FA 19:2_Neg,18.48709504,18.03230761,18.02080629,19.63315465,18.51105784,18.62321238,18.26293822,17.77660778,17.05866495,19.69118721,18.99505055,19.54768146,19.59799102,18.60273633,19.59066056,17.42428725,17.37435592,17.67870372,17.61569137,18.21039938,18.41869781,19.19648101,19.43633455,19.62931061,17.772464,17.34066464,17.72325734,18.88450771,18.80134026,19.55264389,19.29943509,18.83864882,19.50265893,16.18749334,17.92317038,16.98463503,18.98932539,18.56031102,17.55964277,18.76380294,19.14209988,18.91121006,17.25228052,17.22415906,16.71865987,18.64956283,20.85008146,19.03084291,18.67186105,19.89645432,19.53663473,17.67610589,17.05702068,17.23575301
FA 19:3_Neg,18.624132,19.12069855,18.1754846,19.10892613,15.41427099,17.15813012,19.87920773,18.97596741,19.64267936,16.85162729,18.70743474,18.67786527,17.48081178,18.25161063,17.27103663,19.17734669,19.63034415,18.58645801,19.45699314,16.36300025,19.33808234,18.01030832,18.0173745,19.4265091,16.87694668,16.83515585,19.01898122,17.2054365,18.23350417,16.62952116,18.22927614,18.55349598,17.93776947,19.48989669,19.40917842,19.01272717,18.67843907,18.30235442,18.98556534,15.69439574,18.24974661,17.29105729,19.27843066,20.43086499,18.12161353,18.77322972,19.83523577,16.80969786,17.82446877,16.41297645,18.7418533,20.93170123,18.73598966,19.54823199
FA 20:0_Neg,24.79788395,24.94397152,24.69839204,24.60347216,24.6028944,24.5979975,25.07838528,24.87985212,24.22952632,24.48726033,24.40829636,24.67226154,24.40693504,24.22841343,24.76123852,23.74904291,24.4306059,24.6119665,24.19653054,24.5734629,24.21681652,24.97611585,24.9353884,25.24108479,24.02660074,24.48607227,24.4688069,24.32864832,24.53373211,24.47618349,24.10375486,24.61272886,24.24026074,24.06105504,23.90669236,23.64205732,24.71437148,24.64140768,24.52807393,24.6442092,23.55757515,24.63934672,24.54828783,24.29735038,24.32689306,23.87127266,24.99088169,24.43600744,24.22275983,24.59153127,24.25173713,24.42697267,24.10919554,24.29891956
FA 20:1_Neg,28.11317958,27.92516126,27.65045402,27.9590795,27.18560263,27.83899303,27.5958995,27.29586554,26.94594124,27.98945567,27.89867855,28.22368596,28.08866548,27.48543412,28.24668833,27.04641457,27.17661743,27.16414463,26.49021201,26.50131905,26.74077061,27.92257322,28.49631265,27.83678025,26.45100284,26.64790031,26.96245592,27.79932672,27.54454854,27.50105779,28.05229616,27.27118362,27.85704171,26.04627274,27.2721592,26.78005192,28.81962203,27.98524995,27.43624191,27.68318911,27.69464099,27.54533405,27.11432454,26.75122743,26.62371288,27.80455238,28.90783694,27.65607444,27.58381119,28.07355733,27.5622084,27.07232976,26.20719999,26.19898498
FA 20:1;2O_Neg,22.41873642,21.82567941,22.27618825,22.8144116,22.66276106,22.07648024,22.4607819,22.66350776,22.40533659,22.80691011,23.04649852,22.84200178,22.86056958,22.76385271,22.99985553,22.87035456,22.08708841,22.82063567,22.27924276,23.34910059,21.71520749,22.76387117,22.79114561,22.74094844,22.41725081,23.30208087,22.40462651,22.87644588,22.22660744,23.05904969,22.28515812,21.39380649,22.48913051,23.18986628,23.74208786,22.90208956,22.12022164,22.40543018,22.21004947,22.93656382,22.11161493,22.24839265,23.05031749,23.09386551,23.05358825,22.49291732,22.96159959,22.86365492,22.68190964,22.995362,23.05365322,22.89018507,23.16008765,23.34685066
FA 20:1;O_Neg,20.08285485,19.80703929,20.00700893,20.68204055,18.79860548,20.65040882,20.09828804,19.53577042,19.66344569,19.2566583,20.61061888,20.98358184,20.81028985,20.40897741,19.63755056,20.32684403,19.34238517,20.12262844,19.60384444,20.3596164,20.228143,20.64784482,21.05853471,19.56783968,19.59820313,20.52026196,19.96266719,20.76755517,20.84391367,18.29040045,19.01271203,20.47291643,20.56730673,19.30361163,20.69457612,20.01034993,20.52455156,20.31963654,19.79171408,20.51006988,20.02535861,19.90592983,20.37987828,20.69972662,20.30995121,20.34661565,19.73188842,20.62085759,19.90063205,20.70418104,20.79471688,21.00379747,19.68083731,19.85411755
FA 20:2_Neg,25.45766194,25.05038516,24.82394672,26.33587766,25.51337663,25.46909862,25.02879579,24.84832428,24.3857231,26.432944,25.88565832,26.10963581,25.98509829,25.46178341,26.2282461,24.65871708,24.89866825,24.83770412,22.98000695,23.80198825,23.24431908,26.01240447,26.52095865,25.96341456,22.44232952,22.73950748,22.77279975,25.63345088,25.81107017,25.76502183,25.88486601,25.52865972,25.5404252,21.79226585,22.76292303,22.23913676,25.84507976,25.10709344,24.3340939,26.04407995,25.89006638,25.52250638,23.73422131,23.47275486,23.78126913,25.90444953,27.35638898,25.38739409,25.65993612,26.3257906,25.48825631,23.96452695,23.08222201,23.1928365
FA 20:3_Neg,18.10397905,17.7697684,17.09107056,19.20511035,17.52117672,18.46681296,18.69689404,17.93499164,17.71680835,19.43522768,18.820297,19.59128288,19.03391007,17.76733037,18.52610671,18.47873861,17.951066,18.18369913,18.23881715,20.15686232,18.83418701,18.90932755,19.22604698,18.9422514,17.88885265,18.18625689,17.96508809,18.61430577,19.83821467,17.95105145,18.74504576,20.31100414,18.19589048,16.92737828,18.38761312,17.99947499,17.99848281,16.88311325,15.54269449,19.02209951,18.87711005,18.22276174,17.05991655,17.12837856,17.36117523,19.1881726,20.40090306,18.34450492,18.3554784,18.84081026,18.8829288,17.35961054,17.91208458,18.00206625
FA 20:5_Neg,18.96348897,19.68587186,19.36515795,17.35328944,18.09616017,19.29872985,19.70550236,19.0959202,18.69224085,18.43904998,19.47540449,18.25650484,16.9702032,17.41076468,17.79093632,19.12955343,19.7814007,20.00105097,18.9051614,19.97217244,20.0077473,17.27735874,18.86951756,18.86730522,19.6234857,20.19963917,20.50139398,17.83067054,17.61303587,18.87048883,18.22198902,18.20635371,17.87194892,18.84123821,19.41351335,20.54593304,19.47644444,19.15825694,18.50259035,17.98436098,17.89773075,17.46732094,20.24638417,18.94594655,19.9602747,18.00475691,19.32113813,16.39713053,17.54774193,20.13294399,19.27901274,19.96894519,19.07197709,19.10497777
FA 21:1;2O_Neg,20.90652573,20.93761687,21.26272496,21.09628233,21.22748125,20.70168832,21.25795949,21.42256691,20.65725682,21.42077512,21.43450908,21.06687052,21.39942706,21.15194961,21.31851854,21.41278939,21.18347031,21.03866247,20.81653333,21.12407522,20.91839596,20.97220302,21.05920664,21.31947522,21.09347933,22.15695442,21.36833417,21.24882947,20.78717973,21.26385561,20.61813902,19.89796302,21.15347648,21.67427783,22.03822685,21.35438949,21.1862631,21.69131749,20.51884086,20.98632601,20.62680868,20.5510039,22.11742307,21.62534877,21.62213951,20.84347811,21.0837058,21.26519049,20.91071796,21.13425871,21.72418404,21.40503762,21.37258394,21.21034171
FA 21:5;O_Neg,21.31937401,21.51031046,21.1054943,20.05880922,21.02356121,20.83450376,23.00961975,21.95255384,22.0986985,20.90903752,20.10969703,20.03821396,19.78685474,19.09042844,20.24392035,22.37715403,22.45023782,22.75653077,18.74718827,19.84768734,19.54408944,20.26542385,20.53711091,20.81699596,19.53071404,19.53059115,19.64310708,20.04194874,20.38302842,20.64552824,20.19361156,19.93638105,20.26353938,19.52928156,19.95103496,19.22519849,19.96477806,20.56112096,19.50572929,19.79541453,20.13760135,20.16516422,20.07560668,20.46656051,20.66143117,20.51033304,21.27263258,19.46918585,19.35406038,20.2427779,19.78683615,20.61039018,20.66227634,20.66571212
FA 22:0_Neg,24.66736025,24.32740946,24.23094512,24.80157824,24.93517935,24.82919991,24.76006151,24.33517905,23.78214392,24.09918984,24.47094483,24.67942288,24.32225028,24.24669974,24.25757141,23.41250944,23.670065,23.61869759,23.81064708,23.60288373,23.45046706,25.27861063,24.97516149,25.58947116,23.48854396,23.776408,23.6101408,24.42236453,24.1683424,24.45969486,23.98026167,23.60504721,23.94420647,23.60960471,23.63158689,23.19068726,23.73884788,23.84435937,24.10573497,24.62161765,23.86219051,24.88027673,23.62306251,23.55544236,23.75310288,24.08536842,24.95467668,24.51703537,24.20432962,24.20788964,24.15499876,23.76130531,23.55235597,23.71462823
FA 22:0;2O_Neg,19.22386634,19.04517392,18.67644361,18.63653534,18.58659579,18.03695475,19.14462341,20.08282852,19.88184261,19.3311573,18.54057948,18.61593002,18.20657625,18.44727831,18.45861558,18.95157367,20.46101059,19.22725511,19.53843016,19.69701022,19.01204564,18.53113612,18.75042572,19.65042215,20.37564071,20.97144082,20.32273252,18.46135814,18.637211,20.06234972,17.86574362,18.51531409,17.99850491,19.97831793,19.97215221,19.2838451,19.53078498,20.26506748,18.36580661,18.62282169,17.8237037,18.17230063,19.86953296,20.08375488,20.59422904,18.09699474,18.02418128,21.14320874,18.93201733,18.91196684,19.22365024,19.47141508,20.61852575,20.00177708
FA 22:1_Neg,21.42880757,21.42280422,20.75312563,23.07408986,22.28450184,21.95952025,21.45138036,21.50166846,21.30346846,23.13011272,22.24577435,22.95702713,22.88914327,22.07008216,22.74209273,20.72742717,21.51850925,21.1892721,20.31838746,21.74244902,20.82745095,23.01471926,23.63103795,22.74343635,20.9642184,21.55154401,21.52407463,22.43218206,22.60479804,22.63657114,22.35106165,21.46575986,22.11096913,18.06151546,21.35540913,20.15580456,21.88217733,21.93988729,20.85603304,22.76764484,22.21721132,22.22756165,21.05306809,19.75984887,20.83388769,22.40978521,23.81106067,24.04478484,22.64956427,22.91845001,22.24396576,21.12066886,19.08205917,20.43343135
FA 22:1;2O_Neg,23.06060151,22.94080053,23.24754485,24.36037381,24.26565592,23.60925735,22.89850121,23.03144739,22.73240815,24.52395819,24.86017079,24.60967905,24.58522531,24.60449601,24.84811826,23.43312193,22.92434611,23.16974182,23.6761498,23.84789094,23.2176048,24.55776666,24.40919541,24.60072928,24.5510138,25.25444488,24.3920935,24.79468628,23.40065543,24.91081675,23.92762645,21.92440066,24.24769656,25.99807109,26.53323047,25.11222374,23.03624844,23.42659446,22.97363581,24.37087904,23.49802886,23.65985508,23.6919321,23.59894585,23.86615414,24.06467349,24.53669922,24.88988413,24.42842918,24.57370146,24.81785853,23.45993547,23.55871191,23.57150558
FA 22:5;2O_Neg,22.26960979,22.0886173,21.94974965,22.18566081,22.16447457,21.86707249,22.53452877,22.65074364,22.11811105,22.42682306,22.31427041,22.68973119,21.62066744,21.7663484,22.48354325,21.71214757,22.46314827,22.51194238,21.02074861,21.45923468,21.06895604,22.90483167,22.8915411,23.1759144,20.71552211,21.23627448,21.16259082,21.8082978,21.8320438,22.41985117,22.17505335,22.08540037,21.92186742,19.95971168,21.11834242,20.55441602,22.84608501,22.2885968,21.38187301,22.57807552,21.77955196,22.32218923,22.52402548,22.23155,22.62148891,22.13363244,23.83433586,21.83060965,21.54564734,22.11071828,20.95189482,22.63314767,22.01097976,21.86078654
FA 23:0_Neg,20.92474595,21.26157323,21.26089779,21.02541967,20.75005588,20.39398577,24.96611005,21.79487362,20.63107173,21.71036393,20.63132119,20.18801589,20.16415227,19.77927502,20.80611209,21.4370741,21.28051362,21.35245572,21.03221902,21.64527393,20.91954154,20.27217868,20.45474702,21.46446426,21.78775255,21.97219399,21.3485414,20.3661536,20.41004052,20.80108311,19.85905781,20.09631024,19.8396175,21.86078654,21.4718212,21.50652291,21.3509053,21.47305186,20.15492296,20.73828275,20.63490481,20.84066006,22.00126449,21.28707887,21.87174961,21.17507843,21.63507194,20.08940288,19.83510348,20.250727,20.06625247,21.54050317,21.61825959,21.48000774
FA 24:0_Neg,28.45365148,27.86171271,27.3299378,26.44276157,26.50969612,26.43888299,28.13826834,27.7304281,26.93050012,26.01526794,25.87047391,26.15656545,25.8817519,25.69159426,25.89058793,26.4494163,27.09764842,26.70867514,26.5347406,26.09350576,26.29457529,27.01393686,26.84360132,27.18661359,26.13382039,25.95255384,25.98268769,25.74887292,25.99375307,26.38703754,25.74273717,26.33594045,26.18626705,26.21328159,25.72679485,25.44731939,25.89303128,25.59393082,25.84676439,26.87226926,25.33925221,26.86784488,25.62016176,25.68881383,26.1573778,26.11745896,26.67748909,25.99527533,26.09277061,25.47631878,25.48360032,26.59975095,26.06465274,26.88221489
FA 24:0;(2OH)_Neg,24.80885055,24.5762499,24.7494193,24.25881246,23.83973357,24.25063653,28.98848923,24.96809956,24.65236827,25.59071593,24.61798239,23.72872457,24.57578331,23.78954993,23.80323576,25.90683013,24.84024814,25.10384344,24.81289109,24.90243292,24.94939157,24.09163659,24.50619723,24.02472929,25.06952832,25.14260138,25.1578051,24.16262705,24.32828824,23.63766697,23.34431756,23.36476506,23.8648148,25.57794208,25.25524077,25.11275173,24.57210404,25.21503778,24.38457674,23.85165019,24.28536826,23.54161955,25.28004496,25.49851278,24.95542056,26.27108525,23.13357143,24.34762031,23.87971735,23.81737976,24.15349475,24.76720874,26.27363601,25.11304305
FA 24:1_Neg,22.07773905,21.73374134,21.55285366,23.45253106,23.15348092,22.58064817,21.67630336,21.4122085,21.39409116,22.76598467,22.53009713,22.53243259,22.40122306,22.05521167,22.25107091,21.1136196,21.13167025,21.06093999,21.62042029,21.49385713,21.45218358,23.17816453,23.65744194,23.51202379,21.47810203,21.53108703,21.34192414,22.32536953,22.26875516,22.61673161,22.16127871,21.11470888,21.99061859,21.16053565,21.6073162,21.45715745,21.04238803,20.90444547,21.02277793,23.32901428,22.73162319,22.84895825,21.08450811,21.1050602,20.94984486,22.66099875,23.78743731,22.5346882,22.45500977,22.30628718,22.02921697,21.22642471,20.5576561,20.79861527
FA 24:2;O_Neg,18.29401725,17.09586648,16.69705915,20.44756384,20.3335619,20.25565367,18.62469598,18.22271592,18.79360718,20.71000896,21.20104428,21.03602132,20.48456084,20.70086558,20.95283508,19.50187537,18.78221218,18.71842877,17.38401116,17.72444158,17.14121622,20.51328178,20.24236058,20.52021593,20.4765174,21.24652133,20.11564559,20.97910703,18.90455632,21.20135275,20.04980062,17.37493691,20.09379685,22.01503895,23.16580686,21.35287026,16.29588592,17.28390425,16.59248756,20.57325032,19.09330608,19.88957898,18.78973005,18.42967133,18.62593582,20.29707232,20.51424945,21.10079559,20.69531613,20.78119044,21.32064562,18.40905771,18.83934373,18.3018893
FA 25:0_Neg,20.63560915,20.89060965,20.91489981,20.63496354,20.37303917,20.64036991,24.1675476,21.80401129,20.44001799,21.04073023,20.66177199,20.10549709,20.03590531,19.28492671,19.94091511,21.44856087,20.89498105,21.05559944,20.63999769,20.58916002,20.55074423,20.55215068,20.47468063,21.7465504,21.37538394,21.37706194,21.30490684,19.84379756,20.34880294,20.55025051,19.8231242,19.68369959,19.63622426,20.92126084,21.14537629,21.06835088,21.18919329,21.0262224,20.17208539,20.67809665,20.37335913,20.93759906,21.62114637,21.20913942,21.86980222,21.32407391,21.18677331,20.10856921,19.33502405,19.48353112,20.22693899,21.73502495,21.36134628,21.44593616
FA 25:0;O_Neg,21.88872685,22.35668248,22.30049301,20.91571632,21.47339163,21.47571511,26.89564595,22.84304969,21.92467457,23.0657442,21.92679077,20.93193011,21.79752725,20.78550925,21.51925792,23.87971041,22.24952796,22.46957112,21.45706014,22.12721317,21.77870941,20.78879783,21.6337471,21.33428824,22.74416015,22.71448522,21.92851931,21.29220338,21.73466101,21.29959294,20.90492415,20.45868298,20.90919413,22.44365208,22.37178843,22.25182192,21.94155827,22.37886093,21.9928259,21.22085605,21.22844195,20.52618762,23.12732245,22.86386984,22.64675477,23.33557758,20.68224285,21.49072325,20.50124029,20.77309368,21.42691829,22.88324481,23.4398766,22.80011921
FA 26:0_Neg,25.71203555,24.92673512,24.33425479,23.3389739,23.33935486,23.2643089,24.93969664,24.90068253,23.83154249,22.98990145,22.882442,22.8437528,22.3532149,21.88356491,22.61827514,23.89282876,24.28228483,24.11817569,24.37401334,23.9995302,24.31333143,23.92028252,23.50251212,24.11339475,24.35547523,23.92419921,24.18292264,22.43508669,22.66501895,23.08881539,22.78482965,22.90252992,22.52696991,23.73183598,23.93958768,23.91105377,23.30775505,22.92419187,22.47861183,24.02771139,22.60875002,23.69055338,23.29202645,23.10588292,23.6728299,23.013704,23.92244175,22.46112484,22.13406383,21.91358221,22.04289976,24.0465193,23.2051085,23.7482175
FA 26:0;(2OH)_Neg,22.73329404,22.90989807,23.28580463,21.41100741,22.17052301,22.14857167,24.75518092,23.72657484,22.51118101,22.74961025,22.58449287,21.37231705,22.15382606,21.50844707,22.14904415,24.57067344,23.16219727,23.4607914,22.20504137,22.70336056,22.68720731,21.67856275,21.99502623,22.24675242,23.43918312,23.50240543,22.80019299,22.17483884,22.47205627,22.02316379,21.53993077,21.23623055,21.48361535,23.55192654,23.25035549,23.3911637,22.92833472,23.20439578,22.9172044,21.87820495,22.14800992,21.30449111,24.17468351,23.8735162,23.45194708,22.38611666,21.48572151,22.45409689,21.5556634,21.82647711,22.28166604,23.70214525,23.93751949,23.57528598
FA 26:1_Neg,19.87028729,19.5114864,19.32074223,20.73777216,20.47231283,20.00333034,19.87693955,18.56071792,18.30359169,19.95064033,19.58943584,19.38167224,18.92004776,18.71183096,19.21239888,17.5902286,19.07251668,18.4106108,20.85486442,21.08266888,20.59246797,20.47837865,21.14957381,21.00833846,20.65978242,20.99218104,20.6996986,19.18506835,19.331481,19.99645772,19.12867069,18.84666563,18.82350675,19.79072538,19.86310844,20.12670975,18.30304208,17.33618002,16.52690744,21.17340801,20.28598811,20.44664135,17.10333545,13.76855683,17.63935255,19.90205209,20.96665113,19.21708322,19.62569208,18.80898136,18.34696002,17.22577622,16.0610518,NA
FA 26:7;O_Neg,18.96395711,19.14635164,19.7353817,16.44499627,18.5205659,18.01594782,19.31485952,19.53469714,17.93224679,19.13210999,18.9747172,18.02606319,17.25512056,17.52376205,18.69259738,19.73309342,19.44605151,18.98019118,18.61459639,19.8435681,19.23196818,17.47674089,17.95337335,18.36953784,19.84218739,20.6333071,20.04462661,18.55313807,18.44492743,19.93830323,18.15880783,17.53395807,18.86175036,19.36921665,18.94561726,19.18649485,20.28507086,19.96301187,19.24273498,17.82130511,17.13122894,15.89194923,19.96133013,18.03504965,20.92018679,18.1769086,18.85424756,17.36799284,17.78455604,19.40243447,17.19922844,19.04025275,18.81454441,19.58786382
FA 27:0_Neg,19.28246099,19.98004135,19.85018229,19.44948226,18.58692601,19.91549459,20.3542578,19.80725052,20.17630515,18.09136497,21.78571893,19.93644787,18.46073716,18.48037341,18.07414568,20.53704991,20.59268409,19.45425636,19.48589596,19.95624642,23.44953597,19.34538484,18.92346713,19.90060523,19.62033008,19.47370718,20.18699205,17.4667308,18.57900299,17.02861123,18.93338577,19.24756176,18.957502,20.29094094,20.7312459,21.91436287,21.44371575,20.53948289,19.83739279,18.95490678,19.41458916,19.36427703,20.40170507,19.93411855,19.90389133,22.53902921,20.7425943,18.9431584,18.22464371,19.22713248,20.03778134,20.60150946,20.74025611,20.84990151
FA 27:1;O_Neg,20.36616242,20.3688926,20.3840947,19.1367491,18.49660739,19.35317758,20.59753516,20.73053877,20.24392099,17.59823507,19.87549758,19.55993147,19.15512987,18.91429135,17.0590146,20.78002407,20.6612981,21.33806743,20.03984147,17.91908482,20.59044114,19.44207941,19.76095842,20.18226712,19.32222835,17.96669479,20.71177776,18.96258222,18.45482025,17.80693575,19.35981775,19.48670916,19.20623799,20.57010256,21.09654508,20.71899958,20.83614803,20.43256913,20.05552708,17.69269308,20.63174689,19.37897535,21.87946786,21.175302,17.51770936,19.66009951,20.05909742,19.15044608,19.30886635,18.05695509,19.53024107,21.60520351,21.21372765,20.69177516
FA 28:0_Neg,20.83446315,20.9711389,21.03853447,20.00580774,20.41999757,20.37065208,21.428922,22.39968575,20.37226674,20.74401812,20.92299038,19.98976347,20.22904468,19.61551864,20.20533849,21.64848446,21.65379547,21.4706692,20.99274591,21.06739309,20.65893196,20.248047,20.21250799,21.54962035,21.68677007,21.6775006,21.54478533,19.50452681,20.32573718,20.53419804,19.78017956,19.91014122,19.67664776,21.07702441,21.36038623,21.50186851,21.59641159,20.98514559,20.49302477,20.47557585,20.30627574,20.53490751,21.8351636,21.33287945,22.32103328,20.07498402,21.15356068,19.90063232,19.47023737,19.81949959,20.25332587,21.76689612,21.32281249,21.43926359
FA 28:1_Neg,16.17358214,17.1227442,16.41039436,15.63437083,15.46387988,16.62711417,17.82003571,18.0035334,15.57893417,15.94583537,16.69607496,15.98693108,15.12439858,14.68856999,15.82150116,16.76624403,17.10118242,17.18955028,16.94566856,16.46405953,17.22256222,15.89723075,16.23047268,17.49432275,17.55189865,17.64478764,16.89898025,15.81273137,16.05229635,15.7966445,15.6370936,15.48780516,15.54811579,15.96365827,16.4409132,15.59856951,17.15985213,16.21741802,15.58785249,15.75019367,17.10913052,16.23091188,17.74104518,17.11670157,18.15192326,15.3859387,16.83977762,15.19541665,15.0940791,14.77166721,15.74422559,17.71610565,17.00826682,16.69383151
FA 28:6;O_Neg,27.84683432,27.60242978,27.68098333,26.58114141,27.34562749,27.286368,26.02197179,26.12903246,26.3119061,25.9075106,26.38328503,26.53109225,26.0586915,25.9273419,26.25913509,25.96984499,25.48130289,25.94854397,28.45975345,28.84157087,28.68424421,27.10516189,26.76989117,26.55494108,28.6052287,28.57226785,28.60686336,27.99209906,28.20148938,26.52411168,27.73763347,28.49975853,27.12665931,28.24993386,28.45153601,28.13600152,28.26650878,28.1091159,27.60509315,27.08918261,27.35366399,26.81703238,26.46804883,26.70936237,26.569012,26.41015865,25.77882595,26.69127678,26.00512509,26.32432859,26.34024792,25.74182575,25.6698231,25.59719591
FA 28:7_Neg,19.75272181,19.45033017,19.01850816,18.71811949,18.72427122,19.32967889,19.79453383,19.33852726,19.73152703,18.85797492,20.19219112,18.92889584,18.11748225,18.7207943,18.87465511,20.06949766,19.928575,19.64325343,19.32040039,20.41111436,21.7027077,19.29542703,18.46749857,19.06318109,19.29709374,19.45671536,19.7117249,18.41010203,18.78111854,18.67439097,19.05922161,18.52378112,18.04698656,19.45166368,20.16225811,20.07458437,19.67070897,19.03702724,18.82741932,18.45307498,18.73790604,18.93772694,19.99663719,20.27429781,19.95221195,20.77489869,18.94450953,17.96821437,18.13370809,18.6555895,19.13786264,20.56307932,19.43616831,19.82771369
FA 28:7;O_Neg,21.9390206,22.39359897,22.08912761,22.29538979,21.73672002,21.51156919,20.2753232,20.66160686,21.67440424,20.5477477,21.06926168,20.97747445,21.01538518,20.48650155,19.79902844,21.10127989,19.95400846,21.14486719,22.16818377,23.81108969,23.20240589,21.58250953,21.58643026,21.12649035,21.86078654,22.05776644,21.10545568,21.16588732,22.0417119,20.20954484,20.74538138,25.2355685,21.61325826,20.64655163,21.5122473,21.6316146,19.77735848,20.73035291,20.4243212,21.89875932,22.43646968,21.63040915,19.30389948,19.94546937,20.67336816,21.05290672,20.89350207,20.79745149,20.37455741,21.86078654,20.08454135,18.55395845,19.76728796,18.98936032
FA 30:0_Neg,20.85382536,20.45380425,20.21043288,19.43073302,19.36198898,19.95945813,21.44669563,21.14717304,20.48056949,19.29764394,21.6150662,18.8837433,18.5220438,18.95299363,18.41973114,19.93979987,21.02865341,20.93930399,20.52168108,19.72257225,22.93611704,19.52309116,19.45370176,20.64181868,20.46307534,20.3768509,20.92949122,18.86543651,19.42879533,19.24415695,19.51535639,19.49595144,19.37243019,19.93710806,21.06648445,21.7268586,20.71192365,20.71802711,19.28704176,19.11538518,19.63990153,19.97740305,21.31307025,21.37101689,21.19385596,21.93413157,19.59201124,18.92847968,19.01576966,19.45068319,19.55870042,21.7525225,20.54566553,21.13627973
FA 32:0_Neg,19.2561662,19.52437739,19.83220893,18.48312034,18.43609845,18.93637985,20.0079132,20.90297479,19.22358192,19.57147867,19.42899559,18.88403529,18.87289998,18.30604112,18.88164922,20.01557069,20.28315289,19.66068755,19.47562958,20.26493926,19.02676984,19.06068593,19.08362339,20.01034689,19.42456344,19.70997354,20.15877215,18.18723364,18.77414553,18.6042147,18.569696,18.22013983,18.26157166,19.23849725,20.00247778,19.7225691,19.85570605,19.4281263,19.03146175,18.48871635,19.12593232,19.17392331,20.26777854,19.72428192,20.31822199,18.72400034,20.3132685,18.16085336,17.99800096,18.21163827,18.69474771,20.47573373,19.26462284,19.94277619
FA 34:1_Neg,15.68643297,17.45000887,15.21875345,15.71680374,15.6124446,16.34048767,17.65285839,19.18868547,15.8436888,16.32081677,16.699266,16.27621043,16.32836157,14.91795875,16.44516994,17.12069917,17.93330619,17.3418804,16.96974737,16.45075251,15.99358163,15.85602637,16.23665625,17.76122492,16.83522689,16.83446218,17.03622592,15.95722354,16.03866938,15.62047382,14.90393689,15.13727864,15.52907233,16.80681446,15.49179079,15.08386437,16.57590015,15.32588028,15.59870857,15.79555566,15.88132479,16.16126495,17.82795482,17.26633636,17.5608569,15.55757736,16.61169736,15.79434819,14.73323553,15.47824524,15.70197205,17.92631474,16.57469337,16.41598287
FAHFA 27:2;O|FAHFA 18:2/9:0;O_Neg,15.34552876,14.6295518,13.17592318,17.68823203,18.21335782,17.06512344,15.66085405,13.47092104,13.37752159,17.83725216,16.92611535,17.2549106,16.30440491,16.71929241,17.70198953,14.61780139,13.44491866,15.25633453,14.02446565,13.3522508,15.10841099,17.8175264,17.35549316,18.12362184,13.45504219,NA,13.17135942,17.20058719,17.22175403,17.76135187,16.68779501,17.12293504,16.72446118,13.41414835,15.28505685,13.81404461,13.91158511,13.64601609,14.87695752,18.85057177,15.91169772,17.15824138,NA,NA,NA,17.65248239,17.77404853,17.33988048,16.73994603,16.84901341,16.10878197,13.62323329,NA,NA
FAHFA 29:3;O|FAHFA 12:0/17:3;O_Neg,19.1437964,21.94098778,20.93228043,17.68504336,17.60661142,17.8046864,19.00072056,17.99051225,18.59453036,19.0587471,18.20877627,17.68080176,17.95642349,17.90511676,17.91308998,19.23689455,18.95109217,18.37634327,16.95594646,19.46397801,18.04898602,16.71318443,17.29035752,17.59280298,18.2994006,20.53386862,18.2980843,19.2047008,18.39051087,17.82703822,18.35458081,16.3817904,17.34421461,16.86491623,18.65343781,18.42675507,18.5995756,18.92025715,17.51379083,17.99784063,17.76807008,17.47722402,18.98117956,19.03113397,19.55199753,17.96334915,17.76580955,18.30861827,17.49742976,18.01119566,18.38541723,18.4186239,19.09531006,18.3228373
HexCer 34:1;4O_Neg,20.60302272,20.29564328,20.32197583,19.5825941,18.8694547,19.41709671,20.70792165,20.53319946,20.37627231,19.55713816,19.3982864,19.72519363,19.97598626,18.77176397,19.8181828,20.38587412,20.5094971,20.51447406,18.30794835,18.10107014,18.44361571,19.28456476,19.53609469,19.35013509,18.11490484,17.64052213,18.25678176,18.84101176,19.44221633,19.18673846,19.86249117,19.26658139,19.40153862,17.18583074,18.04373838,17.81068293,20.96611171,20.3555078,20.0972791,19.27556475,18.81516719,19.02375697,20.74477356,20.58351662,20.24018317,19.21102212,20.40324722,19.28446089,19.28288408,19.46934015,19.09411677,20.63938256,20.16511214,20.422245
HexCer 34:2;3O|HexCer 18:2;2O/16:0;O_Neg,24.22590587,24.30890783,24.56163761,25.08418326,24.18724028,24.91866336,23.86323979,24.18345699,24.06948287,24.72045325,25.11143303,25.42106476,25.30854119,24.78557257,25.00068126,23.6903431,23.79042718,24.14993368,23.337385,22.31992776,22.98342961,25.04241526,24.98433242,25.31621274,21.97413892,21.38747232,22.40646728,25.02863743,24.66522791,24.68034011,25.22436817,24.55124352,24.96972898,22.12641413,21.68660719,22.15224476,24.00365847,24.09517249,24.15686267,24.72198257,24.5422919,24.8103323,23.85146418,23.8573607,23.0781091,24.72387506,26.07440014,24.83397189,25.00348404,25.00114497,24.93525962,24.1888723,23.44546395,23.69655137
HexCer 34:2;3O|HexCer 19:2;2O/15:0;O_Neg,22.04387427,22.13059177,22.28753576,22.88280604,21.99430835,22.64948823,21.96719696,22.04512267,21.93227236,21.10162639,22.80227378,23.28111746,23.08728702,22.48796578,21.40973219,22.07662689,21.75863582,22.10033297,20.82503079,19.48772211,20.58622832,22.96471327,22.74934185,23.14604331,19.65197725,18.74773827,20.12302856,22.62865159,22.2824658,20.9951361,23.05921468,22.30456528,22.72517742,20.11067011,20.02539917,19.9520272,21.90979864,21.86078654,21.82155432,21.14215317,22.25102373,22.73126168,21.64062567,21.72502612,21.13507512,22.66022518,24.0212447,22.49882037,22.75491808,21.41133573,22.6300722,22.14033593,21.350776,21.78299569
HexCer 35:1;4O_Neg,20.56355631,20.3775324,20.49070118,19.05133846,18.57682224,18.79756276,20.85080906,20.88732725,20.90636386,19.00273274,18.97175147,19.33383276,19.18527749,18.54693055,19.7193646,21.03584094,21.13197896,20.93148378,18.00381779,18.11715502,18.5384579,19.28360418,19.21788239,19.34296419,17.27516748,17.05242824,18.47962578,18.68486449,18.96901334,18.81844786,19.40056151,18.97360519,18.77564825,17.71504299,18.28075824,17.76957481,20.99177171,20.77296066,20.45841973,18.82283367,18.74704433,18.87573633,21.57254607,21.36242807,20.89036885,18.95894775,19.93694485,18.58043903,18.78713335,19.29083438,18.92530084,21.71843153,20.78741541,21.3212388
HexCer 35:1;4O|HexCer 19:1;3O/16:0;(2OH)_Neg,22.64015914,22.37462168,22.44368216,20.87901275,20.48500403,20.74617216,22.86022007,22.68711946,22.33168522,20.81953776,21.0795059,20.81069043,20.98215529,20.29564186,21.02743647,22.66969779,22.64342442,22.96081203,20.19874005,20.08563365,20.5505635,20.90694537,21.26192767,21.06342653,19.69027336,19.49405825,20.54591377,20.37859386,21.11163904,20.42658183,20.86922996,21.16287051,21.04538685,19.72248323,19.97226589,20.00131031,22.95597869,22.78772131,21.84508039,20.83146974,20.36501242,20.64353684,23.0146399,22.95254949,22.56727747,20.43845524,21.9973838,20.72344865,20.47849031,21.26741436,20.6520007,23.24823907,22.43186161,22.66172179
HexCer 35:2;3O|HexCer 19:2;2O/16:0;O_#_Neg,27.90949052,27.91551429,28.11501192,27.4280267,26.78984384,27.19291449,28.33457069,28.5286641,28.0759942,27.18339391,27.21124766,27.81948446,27.55062997,27.51929472,27.6969943,28.23326133,28.40625962,28.42897266,26.56106145,25.99842792,26.37771298,27.51664423,27.65654408,27.74426636,25.93734987,25.47621216,26.08529442,27.48172991,27.3085563,27.1390757,27.53951253,27.12108132,27.68569036,25.80679085,26.07448451,26.19184911,28.00806064,27.87436549,27.52376255,27.27394946,26.70474221,27.31418631,28.22674872,28.30817739,27.44347353,27.39932651,28.39777953,27.42223449,27.2612362,27.41578972,27.48119652,28.65236977,28.31311269,28.39251966
HexCer 35:2;3O|HexCer 19:2;2O/16:0;O_Neg,25.85817817,25.94808057,25.99434543,25.44166201,24.70015771,25.13884972,26.42343824,26.46702331,26.00264278,25.11997385,25.31153361,25.8482071,25.54906404,25.39495206,25.62044463,26.19239713,26.41336294,26.42416654,24.46490981,23.76819038,24.24589176,25.56475491,25.63451189,25.75062409,23.75234056,23.17368018,24.0382744,25.36328671,25.22626279,25.06162664,25.44810738,25.19091233,25.66160941,23.42827487,23.83751486,24.03208074,26.07363612,25.87171127,25.51674253,25.21270508,24.69207455,25.37905874,26.13025642,26.14317845,25.45338523,25.41356124,26.48836527,25.36586344,25.19848051,25.48827337,25.4547238,26.79414929,26.20002927,26.2236964
HexCer 37:5;3O|HexCer 19:3;2O/18:2;O_Neg,18.03607435,18.49682306,18.51744843,18.81199598,18.87142425,18.56538147,20.53820732,21.00883305,18.13024334,19.23693418,16.78815261,18.88614764,18.02593431,17.495264,19.03454067,17.88226633,20.23894527,20.1511614,17.97550945,17.30434473,17.04023817,19.17117179,17.96367622,20.20830308,17.56944309,16.72791426,15.19778487,15.56818404,17.32346817,17.97134862,17.92397914,18.55518367,18.25633009,16.10675239,18.60977903,16.22155138,20.58475801,19.82576685,18.05113893,18.90662045,17.81137973,19.4066017,19.61235245,19.28094824,18.6699942,18.1655411,20.92230897,17.83636141,17.49425399,18.37156473,18.67657058,20.20548691,19.76283997,19.0857056
HexCer 40:1;3O|HexCer 18:1;2O/22:0;O_Neg,15.22264512,15.51544651,16.28196108,13.93495671,12.4058857,13.66458887,16.32619536,17.24621902,14.2374901,13.23593552,15.32030259,15.52839069,15.85504903,15.25404361,13.07473854,16.46970351,17.25750151,17.21830888,14.43051742,14.87396048,16.09440783,15.28671546,15.84392428,15.28915853,14.05343969,14.16430279,17.0080776,14.72188673,NA,13.96971313,14.2701307,14.84900946,14.74343861,13.52385069,16.2923598,16.27865726,17.40535167,16.2695674,15.85421986,12.4855319,14.14011539,16.20631892,17.77638686,16.04583698,15.38562192,14.39813468,17.09597331,14.98292833,12.49679763,14.01898439,14.28958576,17.39818885,16.97023547,13.73349856
HexCer 41:9;4O_Neg,23.22508203,22.55433964,22.8488102,23.46235616,23.54073343,23.59373917,22.34519208,21.94003295,22.02185647,23.66604887,23.87713723,23.5511651,23.92723327,23.51802382,23.83705088,22.41863159,21.87360669,22.23195043,23.42418216,22.91904637,23.43411867,23.91532946,24.01043998,23.41050781,22.90742989,22.53776272,22.97668569,23.64718665,23.42814455,23.42987476,24.08723784,23.34393272,23.44086374,23.03159848,23.48938748,23.09365143,22.63866203,23.12749175,22.84282371,23.56403849,24.16365693,23.59565382,21.9223501,21.8780589,21.07197478,24.03368186,24.18773748,23.49418976,23.86824514,23.70726657,23.51264524,21.30539302,21.08843831,21.10639058
HexCer 42:2;2O_#_Neg,NA,12.70108253,NA,NA,NA,NA,NA,NA,NA,NA,13.62184522,NA,NA,NA,NA,NA,NA,NA,NA,NA,NA,NA,NA,NA,NA,NA,NA,NA,NA,NA,NA,NA,NA,NA,NA,NA,NA,NA,NA,NA,NA,NA,NA,NA,NA,NA,NA,NA,NA,NA,NA,NA,NA,NA
HexCer 42:2;2O_Neg,15.95796248,15.67512358,15.6912831,13.84569472,12.804254,12.53573731,15.35683836,13.78412063,16.47464259,12.58909358,15.25211084,13.31477581,14.16338032,13.73307476,11.97724587,17.2607473,16.44993854,16.61008803,12.93230349,15.15417991,14.0124257,14.60918939,14.01618977,12.55019763,16.30053734,15.66896381,12.68879234,12.58287824,14.99217383,14.75936031,12.61632282,12.42601323,14.5752007,16.02048358,16.25041642,14.07561193,14.63431612,15.97785747,16.76355117,14.54566036,15.88205503,13.74489718,17.59470799,18.22885032,16.45777661,13.59745394,13.20666954,13.87301171,14.49182945,12.54050322,15.85922201,14.98256623,17.25720133,14.96955934
HexCer 43:9;4O_Neg,22.15636833,21.6335866,21.72946819,20.43250473,21.48772469,20.53091023,20.61966558,20.4952431,20.29454862,21.74092041,21.9970208,21.29617169,20.96115935,20.75239824,22.05073606,19.84667714,20.1641194,20.1147383,22.23784023,21.80449079,22.30681824,21.75061606,22.04561945,21.49158054,21.12724504,20.74007882,21.78134458,20.6048154,21.88952928,21.40059876,22.04368502,21.85586247,20.15786554,21.9356213,21.92058283,22.13710127,21.14452876,21.43475803,21.47693021,21.51873451,22.58960119,21.6314491,19.07618477,19.80062973,19.07674073,22.07653835,22.73267245,21.50748252,21.74745865,21.4777862,21.97422952,17.66419343,16.44406562,16.07493872
HexCer 47:9;4O_Neg,24.587163,24.73422076,24.81915085,24.05709345,23.59897421,24.48728883,24.10779676,24.07322922,24.07781779,23.54729002,24.86139562,24.41138286,24.918057,24.49106391,23.9453759,23.7399927,24.05822785,23.85463509,24.96601274,24.12468219,25.29206619,24.57910726,24.76225287,24.10689206,24.19457774,22.79595527,24.53222759,24.52156124,24.22651592,23.47839988,24.7222357,24.63556951,24.31789271,24.67048615,24.46642633,25.10022854,22.96312277,23.54324163,23.87117406,23.3566356,24.862703,24.43096352,21.97424599,22.86364086,21.84523183,24.86780859,24.99533288,24.56255508,24.47482719,23.87502934,24.87659454,21.45369015,21.97401499,22.29600756
HexCer 48:9;4O_Neg,19.28301402,19.65102393,19.95626544,21.85079204,20.19654919,21.7858285,19.29314318,17.97451907,18.85091926,20.72932078,21.66833147,21.96387986,21.86078654,20.96898456,20.79280826,18.21886322,18.48446443,18.28520979,21.89675423,21.44369706,22.12054342,21.77869646,21.72374038,21.86708011,21.47699914,20.33356917,21.9606497,22.17888841,20.85482909,21.4419157,21.87359374,21.38260779,21.86907956,22.13909673,22.26343283,22.07604982,18.52996806,19.38120911,19.26126934,20.05753436,22.26929125,22.09778725,16.90264847,18.70346181,15.88985835,21.77853313,22.23291669,22.26825561,21.06650733,20.81160823,22.12054289,15.31532327,17.64393841,17.64710745
HexCer 50:9;4O_Neg,20.75974305,21.40059317,21.49187271,23.26674785,22.22363464,23.20158304,22.01004731,20.95160739,21.17407802,22.71621028,22.96979971,23.37250135,23.40962247,22.30715954,22.19075462,21.14627609,21.45970019,20.91164901,23.09510673,23.14243233,23.79146522,23.23583271,23.11759627,23.48824294,22.97294134,22.40747334,22.95285128,23.43352118,22.64349542,23.28901971,23.33199431,23.20946689,23.32870085,23.5223547,24.50297612,24.36757813,20.71814746,21.03815416,21.03865843,21.99078588,23.70446378,23.70010539,19.90837192,21.21063921,19.84417178,23.21459814,23.5365033,23.81525229,22.52346769,22.2161373,23.48536339,19.81001811,20.48609852,20.25152239
HexCer 53:9;4O_Neg,22.89749763,23.44444072,23.23880635,21.48345325,22.09144558,21.83128374,23.00517353,22.89891633,22.81561907,21.53258551,21.79372118,21.8582036,21.74324347,20.69551406,21.30528149,22.73044537,23.26268927,22.53500999,24.08731719,23.63492391,24.44392146,21.91245318,21.71558405,22.13446675,24.30667087,22.90521551,23.60792235,21.2611812,21.34186314,21.66471154,21.51258291,22.58861364,20.81248116,24.61310725,24.86955758,25.00721281,22.09444107,21.3826972,22.1286771,21.46271309,21.8675882,22.16963732,20.64043451,21.81697046,20.90495491,22.05419923,21.74982361,21.45145088,20.97402051,21.27726121,21.34447381,20.6770979,20.8798132,21.71800481
LPE 14:0_Neg,23.31886204,22.93182184,21.6679048,18.65755799,21.1456878,19.27741918,22.99145398,23.24226311,23.01501925,18.04570297,19.1203692,19.29814684,17.58461001,20.50821817,18.8477186,22.85697601,22.32093208,23.04405823,21.96581894,23.12803907,21.26985871,19.23336374,19.64961751,20.323141,22.6856575,22.62011064,21.46354729,18.67998626,20.64719928,19.573991,18.18335126,21.05692968,19.32254706,22.94560035,21.45893713,21.87940231,23.43371347,24.35999428,24.93972988,20.05139941,19.80853717,19.81187864,23.2593363,23.80958902,23.63738399,20.15098916,18.23889773,18.8744442,19.64089356,19.29729571,18.69864565,23.59575758,22.69820314,23.39004628
LPE 15:0_Neg,22.22777603,22.62588455,22.5279933,19.39433803,21.3756146,18.5019083,23.51146247,24.14392524,23.94684053,18.17552554,18.51033058,18.55768685,17.89560913,20.27737167,19.03403693,22.90068943,23.0890857,23.78548358,22.57360398,23.71279789,21.86078654,19.21815647,19.7806342,21.04363007,22.8693701,23.34122691,22.05443452,19.77412829,20.38244558,19.79363792,17.95067984,19.9612178,19.5250122,23.20617145,22.04025751,21.20627178,22.26431668,23.38472048,24.34151033,20.26925609,18.76095844,18.5565972,23.53580157,24.01786189,24.01460704,18.2678467,17.59355753,19.29590259,19.23600235,19.30576341,18.7957404,22.9505795,23.04650665,24.1087443
LPE 16:0_Neg,29.09894346,29.3467223,29.32310419,26.11830738,27.88726681,26.05762852,28.85845296,28.98716703,28.65451142,25.08273199,25.91543711,26.56623245,25.21003154,27.88720629,26.49519458,28.19745957,28.01691802,28.43376204,27.56195344,27.75030973,26.86348748,26.50151849,27.41853891,27.85524112,26.95271395,26.96956983,26.73358528,27.68821733,27.7000814,26.01703375,25.1795855,27.00253256,26.44047142,27.36605876,26.11484491,25.63152633,28.71550299,29.10198854,29.78702339,27.0030675,24.95390691,25.63910724,28.26332166,28.81707746,28.61877235,24.63835153,25.3875851,27.21016271,26.67933037,25.7662229,25.57097349,27.80293708,27.43308333,28.69248353
LPE 16:1_Neg,27.32696924,26.59851898,26.8398446,23.42134672,25.6076944,21.9286594,29.41402961,30.30230587,29.89167587,22.68743926,22.2326673,20.75090648,21.83865528,24.56735367,23.22558395,29.06587271,28.97688327,30.3278571,27.19147891,28.58961361,25.78691932,23.00650984,23.80584737,24.64269262,27.85872283,28.06585612,26.28078534,22.57754369,24.91949435,23.96365093,21.78469476,23.44061054,23.34215902,28.1394719,26.26312666,25.65428423,27.08359525,28.66114293,29.57109976,25.06877505,23.32127105,22.83426342,29.39471036,29.93297746,29.83987263,21.60235394,21.86078654,22.53981524,24.07236193,24.19651304,22.82387364,29.32269836,29.35908793,30.42827945
LPE 16:2_Neg,25.42667628,25.04498353,20.24894262,19.10724222,21.41252094,21.78794305,23.74642358,23.80766946,23.23200358,18.89837113,21.48317562,22.24856182,19.52262967,20.54628607,18.82137424,24.80179009,22.69090813,24.00060216,20.61918183,22.95230944,20.10634145,20.86663829,19.8693697,20.97451822,20.51158751,20.95156163,19.37744218,19.92697777,21.21174378,20.05072858,18.54815366,23.25451827,20.31648517,20.00786868,19.25473149,22.11660513,24.72960975,22.88657816,23.29845955,21.27090368,22.23009317,22.49442901,22.90551836,22.73037793,23.61537265,21.83048945,19.44184513,18.90631745,20.07199607,20.38810736,19.53179393,25.52887802,22.89533756,23.84527485
LPE 17:0_Neg,19.07150125,19.87582576,19.65978769,19.39023994,19.72921302,19.83128947,18.4568576,18.10359985,18.44646062,17.57348745,18.47975994,19.80918112,16.58793812,19.3953874,18.31585012,20.60703046,20.2477723,19.89259425,18.8385619,18.86993053,18.57721771,20.02456661,19.49311718,20.69479879,17.30195191,17.90359155,18.10192444,20.00552709,19.3848147,18.90862051,17.67919767,18.60496388,18.53072857,18.32871735,17.17100813,16.39919429,19.03950345,19.34416394,19.8595174,18.91263545,19.31129309,19.1785569,17.77355378,18.45679624,17.67447185,17.32391144,18.28955239,19.84956788,17.92947357,17.44997947,18.50110575,16.53053662,19.41159086,17.09292398
LPE 17:1_Neg,21.88342907,21.70054891,21.65681476,18.92619781,20.40753977,17.42689418,23.20630813,23.8350012,23.68878578,18.92578041,17.36551401,15.6363618,16.39255431,19.39407762,18.00521146,22.67632295,22.61718336,23.71557364,22.56671484,23.76630169,21.43362531,18.12024275,18.47585037,20.06665607,23.06074468,23.4898096,21.91997972,18.09337159,19.40316192,19.5231557,19.8473082,18.33433326,18.73264869,23.32110114,21.86097651,21.03083672,21.06488576,22.72428398,23.96410798,19.62898306,18.36728815,18.07613601,23.69203927,24.53252606,24.13286419,16.75048973,16.80670396,18.11818714,18.77712096,19.12022757,17.92399797,23.23610527,23.79745848,24.96714195
LPE 18:0_Neg,23.76562158,24.50881126,24.41924548,23.83498395,24.45007671,23.98439798,22.77179836,22.50496468,22.69504647,22.24466706,22.91243609,24.37221095,22.60043333,24.43236747,23.40993399,21.86185081,22.37642087,22.11323539,23.41328782,23.34104647,22.48481465,24.41396232,24.38993347,24.50529119,22.04907093,21.86486365,22.28722419,24.67074455,25.13893296,22.95596836,21.9024313,24.63776728,23.10790882,22.77304508,21.211846,21.27432367,24.12862839,24.28607133,24.82600122,23.99114393,21.96331577,23.25952362,22.05520552,22.43586248,22.50243744,22.47259156,22.57008342,24.16570415,23.64949168,22.45361913,22.83097452,20.98095141,20.95551076,22.06196221
LPE 18:1(d7)_A_Neg,17.43387527,15.06802762,16.98701166,16.30903174,12.0434797,15.12613804,18.04515398,16.64745986,16.82563385,15.05038187,16.41985721,14.44689285,14.98028621,16.61089465,16.92977128,18.09406873,17.88048132,17.5774525,17.29438458,15.78573573,16.85468588,16.94958581,17.05543201,16.42385382,17.20115815,17.47500373,17.73593929,15.93710883,15.72481765,15.83303481,15.3270279,15.29003026,15.42933306,15.52036592,17.5621771,17.03962248,17.41311951,18.26543558,14.39316566,14.97528561,15.62112926,15.17505194,16.69709822,17.02071432,17.63192647,14.641209,16.42544227,15.02596002,16.26528928,15.27603745,16.43370936,17.05238084,17.57959279,15.91496179
LPE 18:1(d7)_B_Neg,16.67307347,14.27982843,16.47026369,14.94612899,15.7326464,13.82190297,14.97691011,15.51051103,15.19849099,16.68424656,16.31080884,14.28370293,14.80179401,14.3321654,15.60844744,16.3391749,17.77848197,14.34508846,16.30764676,16.27339211,17.42288765,16.24028024,14.23951995,16.86738035,19.43547342,16.79524216,16.80797842,14.26622216,18.89020918,17.3560572,16.10081884,14.41344488,15.15667811,15.90001772,17.27445678,15.78745367,16.13315806,15.40723082,14.74786744,14.92962061,15.2043342,16.70603363,16.86549993,17.38342051,17.10115357,16.04707615,16.33635684,13.50272847,15.38726,14.42659901,17.193255,17.08673451,16.67407052,16.90045343
LPE 18:2_Neg,26.10184406,25.81339515,25.52743839,23.16369057,25.37971149,21.77972254,27.292075,28.39762823,27.83928241,22.37320191,22.38355196,20.57242427,21.43086582,23.63094506,22.67124406,27.00454548,26.80016946,28.11541781,25.61379747,27.005728,24.23079593,22.90397084,23.42456641,24.06922355,24.97591546,25.61180605,23.66549928,21.99546337,24.20430176,23.50156304,21.28726971,23.2857486,22.67928676,24.81134253,23.25275457,22.64023805,25.53986916,27.26121791,28.63476156,24.95408199,22.94434343,22.49819402,27.29056435,27.97458767,28.09607331,21.73495887,21.61834331,22.22147685,23.32171103,23.28082775,22.13107998,26.79075233,27.1900841,28.48521541
LPG 16:0_Neg,25.63258617,24.95116548,24.92230703,25.66070255,26.48613735,25.90580239,26.46286654,26.17550109,25.94399271,25.56334056,26.08984692,25.61476119,24.79959242,24.99290102,24.8009217,27.04870632,26.80496002,26.64173981,26.04214514,26.55472528,26.57196806,26.26825694,26.28230697,26.77524341,25.89218301,26.26938115,25.48985092,25.47222667,25.99841551,25.95737086,25.56289637,26.43135568,25.67119046,25.74827646,26.04433917,25.56744962,26.72872608,26.75416102,26.64312717,25.61616866,26.60453432,26.35202783,26.8519003,26.99940462,26.67357349,26.05797505,25.67460695,25.1140013,25.22225057,25.29509819,24.58038952,27.2920451,26.9704861,26.88096331
LPG 16:1_Neg,21.1811666,21.03137111,21.18577534,23.52799071,23.26073849,23.4294376,22.78846062,21.7581746,22.36613207,22.32328027,23.95212799,23.76909224,22.34585277,22.22275958,21.79139076,23.91964772,23.46300685,23.28188116,23.29431592,23.91897639,24.30316198,23.71479027,23.84752684,24.11353271,22.95882697,23.85606767,23.60349169,22.26750101,23.26618895,22.6854573,22.75397091,23.54811583,23.3857637,22.74914623,23.47708919,22.85096573,24.54662372,23.91435336,23.58369034,22.79301005,24.5029061,23.97150165,23.31628843,23.62664002,22.94281803,24.11924107,23.01886215,22.95524874,22.5282802,22.66017933,21.90943442,24.18788311,23.35447542,23.64411366
LPG 18:1_Neg,24.69526555,24.33546646,24.4686151,22.64530346,22.98109468,23.76700298,24.37515621,24.05701742,23.99343267,22.09643021,23.57134411,23.3409382,22.83161846,23.13396087,22.41798949,24.95010789,24.28404759,24.43765866,24.53755286,24.88839551,25.48470048,23.87762762,23.24068776,23.9205018,24.2939413,24.75095389,24.73930769,22.81989092,23.1002605,22.33398403,23.19944645,24.28344797,23.41485024,24.03290565,24.91025263,24.47867331,26.09326912,25.91115229,25.43649439,22.42353918,23.67191131,24.00573421,24.97816321,25.13835598,24.81857122,23.13020582,22.84606644,23.22230095,23.04373284,22.74752285,22.30376857,24.83528447,24.86888516,24.70809675
LPG 18:2_Neg,23.75662058,23.12331829,23.09586228,24.28434641,23.57324306,24.38510375,23.98154784,22.59793411,23.57272467,22.58719136,24.79344753,23.97761971,21.66764987,22.13124981,22.12734167,24.5389784,21.73127395,23.9043184,22.74210952,23.53149742,23.83746922,24.13011805,23.48295012,24.95588261,22.45434856,23.34042396,22.97699934,22.6391664,22.88068965,22.98538896,23.20995836,23.56311787,23.92068391,22.38186432,23.68649893,22.48833517,25.30529115,24.51443638,24.20725741,23.79253274,24.41864854,24.96406696,24.23120178,24.66867144,24.16446374,23.49445354,23.57622811,23.27726053,23.43928917,23.2798434,23.03576674,24.6751706,24.49937264,24.2897235
LPG O-15:0_Neg,25.96440638,25.54744285,25.73588977,23.7712233,22.53697816,23.9656659,26.02345472,25.23351308,26.51692656,25.00297514,24.17359922,24.63962199,24.20822229,23.64085963,25.75444939,25.85061181,26.42531339,26.09530605,24.20682821,24.03499668,24.23669565,24.38207438,24.19268198,23.04993044,25.32843009,25.15882724,24.55771498,24.53983146,23.97278284,24.35090126,25.08008016,23.1422223,23.67760958,25.19269377,25.60169361,24.94654459,25.40007214,24.94756887,24.93148421,23.27282504,22.66667052,22.54789967,25.50718786,25.6566012,25.21531052,23.57595647,25.30312341,24.4789521,24.25140516,23.76708274,25.98627639,25.36623469,24.76576228,25.13629259
LPG O-15:1_Neg,21.82189833,21.97178537,21.86078654,22.30267323,22.53300577,22.22420638,20.58200002,20.81918519,21.76990016,24.75669275,23.58355543,22.41784216,23.84261415,21.8713365,23.65238946,21.10427236,20.99390883,20.69923148,22.70156361,22.55895062,22.39239794,23.04234251,23.14681891,22.62222063,22.91795879,22.71221657,22.42114217,22.11280747,22.85617784,23.68391809,23.14205709,22.01082143,22.51918161,21.74343437,21.19797504,22.5943182,20.06929631,21.07414256,21.82639067,22.98306304,23.61402147,22.95365684,20.96699282,21.32065368,21.35174284,22.80801918,23.64103643,22.36404613,22.3896244,23.69290412,24.87689713,19.2380796,20.60821503,20.51305438
LPG O-15:2_Neg,22.09734025,22.50200131,22.247008,22.77161168,23.52090345,22.82359674,22.12751436,21.51983863,22.24907556,25.44598905,24.0993089,23.04165582,24.93277212,22.94240487,24.91013896,21.81364869,22.20246848,21.39997163,23.60875919,22.94052859,22.96151652,23.28013314,23.97480347,23.48895665,24.47988378,24.37445996,23.53260645,22.81615862,23.32521054,24.82765052,24.0817231,22.00539517,23.53365503,22.88878872,22.2354155,24.36297886,21.02006801,21.19846144,22.30087208,23.55975754,24.14871221,23.67919944,21.35762785,21.954402,22.08252138,23.16588896,24.45080537,23.27180938,23.37085636,25.13535046,24.85759689,21.08355963,21.20428152,20.90584678
LPG O-16:1_Neg,20.0064288,19.84506581,20.2105269,18.98359066,17.55683873,19.30368524,20.25084317,20.01920785,20.59352407,20.30321668,18.63538578,19.62290611,19.24656717,18.08234601,21.21470549,20.96355545,21.59357821,20.49841766,19.35946676,19.24358628,19.36795562,19.31410647,19.25398482,19.25543259,21.13841892,21.50975127,20.20668466,19.95512442,18.52000365,20.60991233,19.99687455,17.12815263,19.18071736,20.79870807,21.82448172,21.45209928,19.64882934,19.64591645,18.88199162,18.40440603,17.9908689,18.08026015,21.01050043,21.16834377,20.72435786,17.93598442,20.52522898,20.1481995,18.6177968,19.47470007,19.89269542,20.8562991,20.87652807,21.05220846
LPG O-17:0_Neg,22.42981384,21.5757458,21.6655633,20.073787,19.55169966,20.28657252,22.18909931,21.69104564,22.38320408,20.92570929,20.57660929,20.70895131,20.77065307,20.01990597,21.53035502,22.1267144,22.52589355,22.33984355,20.52158498,21.07833882,21.22522262,20.63392537,20.91970403,19.65691763,21.07008734,21.29709137,21.14324775,20.521253,20.58942761,20.40097949,21.02867159,20.42180125,20.21387296,21.22106058,21.948385,21.50217171,21.83939575,21.81984918,21.8548065,19.90419732,19.87322512,19.8601765,22.25245033,22.02704644,21.94806486,19.86201154,20.89699966,20.69400168,20.41965485,20.37592007,23.13188275,22.18733796,21.93327325,22.33336891
LPG O-17:2_Neg,24.46231985,23.93970724,24.0245815,22.09389132,21.63033375,22.10855132,24.27035898,24.06987681,24.71387625,23.21259023,22.76898534,22.75586994,22.71257412,22.47880749,23.54505528,24.28296725,24.72362419,24.43726447,22.06065887,21.95362647,22.02448076,22.23754676,22.47803836,21.4823533,22.33420215,22.31744958,21.8887835,22.64104969,22.754969,22.58076006,22.9831401,21.962825,22.4098507,21.5436426,22.61995955,21.84217077,23.23141517,23.40563396,22.91701876,21.90859888,21.52853526,21.73083439,23.69344002,23.70067526,23.99974148,22.15692528,23.09560892,22.99947916,22.63525932,22.50166467,24.85620702,23.4913569,23.18891478,23.22279254
LPG O-26:7_Neg,19.2968365,16.93938163,18.30983653,19.06411902,19.10980344,19.59659355,16.86339154,15.38978271,14.76474982,19.38543416,20.68605206,19.93716253,19.25766722,18.69755759,19.98876794,14.87443969,16.38449142,16.60961931,18.43303228,13.02745235,17.94811243,18.17680173,19.55117308,19.35287254,17.70373139,16.40764952,16.13196927,16.56449982,19.42632368,20.50808995,18.19604556,18.01340287,20.36279873,16.27792584,15.4987524,17.59980514,18.71405732,19.19605958,17.86998157,18.26903224,20.1389312,20.54158085,12.24438711,11.37611782,15.68593638,20.94818372,19.87114153,18.81551855,19.48722232,20.78157108,18.38713398,13.03851844,10.57371759,13.63525602
LPI 15:0_Neg,17.45257182,18.5977385,19.01987559,15.07268883,17.29628968,18.03692416,19.97454807,18.7032998,19.69988079,18.19457883,18.00837451,17.68011187,17.8431601,16.76015411,14.76238324,19.76411181,20.66559463,19.15081052,19.75129693,19.527652,20.6949236,18.91369824,18.07869049,18.35307577,20.15593138,20.85756572,20.23704801,17.14314625,15.7355115,17.92230291,18.47820062,18.9018516,18.02267467,20.2597429,20.7258705,20.93489002,20.11751006,19.41768283,19.42615033,16.8598464,18.86172535,18.90958933,20.41897166,20.38668182,20.10925607,17.66795575,18.60266062,17.17000312,16.35057284,16.54692251,16.14264241,19.78232676,19.67276105,19.68865333
LPI 16:0_Neg,26.70886402,26.00891776,26.50142697,25.09836822,25.08721804,25.49156367,27.31273921,26.73362027,27.03691485,25.89083316,25.77741973,25.90854519,26.0610789,25.2018476,25.58814494,27.51024728,27.42157582,26.86001849,26.12273797,25.59229195,26.78275288,26.05712487,25.78814459,25.82429612,26.54208127,26.51142923,26.42593817,25.43803323,25.62451299,25.36124551,26.28133573,26.54445356,25.57317042,26.57509916,26.90470014,27.02572581,26.95527702,26.77591129,26.90852955,25.20372459,26.03152682,25.8121526,27.44919971,27.86896436,27.04871778,26.34669694,25.7202998,25.39029361,25.40289383,25.3998115,25.04622714,27.32636736,27.30885663,27.00202164
LPI 16:1_A_Neg,21.07545535,19.90337787,22.16956478,21.0303472,20.32313763,21.3206856,20.87479883,22.32696754,22.02040061,21.93998092,22.04501964,21.35714245,23.44061675,21.74688194,21.76209067,22.29993694,21.42160709,21.0792138,21.77900873,21.21634266,22.30642501,21.34777361,21.41567847,21.18070065,21.65667206,22.42232891,21.58691814,22.88820645,21.6916723,20.68574715,21.83147416,21.26446103,21.42165034,21.88232083,21.86059657,21.73430725,22.0350619,22.14113435,22.9518827,20.44042563,21.9688375,21.86451695,22.38661388,22.98223802,21.64928986,22.54192796,21.11512761,21.86078654,21.84817133,21.08387505,20.51677346,22.09521057,22.99760146,21.68138813
LPI 16:1_B_Neg,23.20404869,22.60366783,23.46251465,23.04075294,22.70181584,23.41666911,23.88178629,22.39953719,23.14831344,23.61725739,24.31237777,24.47959115,23.68735578,22.77890191,23.17291177,24.35715371,24.24366416,23.45718046,23.56223068,23.08321437,24.74306219,23.94420815,24.00558031,23.79241339,23.64988733,24.06354301,24.35396248,22.75498737,22.93371432,23.10761595,24.27524775,23.96258687,23.67986969,23.38463255,24.33024377,24.04773098,24.99874142,24.30535802,24.17383673,22.82930171,24.26920372,23.80226039,23.90858899,24.15361282,23.4636729,25.0353598,24.66809114,22.73967258,23.36680816,23.38622945,22.65888276,24.53299301,23.63617251,23.43884754
LPI 18:0_Neg,21.02117876,20.72794919,20.8752338,20.36599562,21.00229507,20.99720556,20.93061909,20.77862519,20.65205939,20.92443648,20.70126421,20.62663255,20.8288842,20.63838256,20.7145456,20.95946056,20.44596333,20.62475858,21.55457036,21.48681341,21.62821708,21.42902269,21.20713789,21.26324248,21.3479123,21.34548962,21.14050868,20.7125847,21.56606189,20.68431873,21.38468194,22.76483187,20.48916138,21.18154775,21.55460673,21.79196991,22.09998905,21.96706066,23.04595031,21.14682674,21.01192196,21.04324493,21.42027727,21.71406824,21.24284938,21.22457866,20.8953734,20.41731044,20.76909929,20.41483057,20.12546325,21.30398261,20.92144832,21.00965891
LPI 18:2_A_Neg,25.02311786,22.73999057,22.95935009,25.30426287,24.35524611,25.631473,24.43152506,23.76682933,24.40864447,25.27425099,26.07524733,26.13754113,25.24909538,23.39115536,23.95118927,24.0884801,24.2214362,23.93275669,23.65786822,23.31733486,24.58192787,25.95443064,26.02521973,25.94147745,22.80331602,23.18381718,23.35500576,25.21534442,25.26054595,25.19010148,25.55422521,25.6775634,25.27882288,20.0941056,23.16733471,23.01199936,25.83266467,25.00477862,25.35139483,24.96414418,26.17915154,25.22691715,24.46039041,25.25202107,23.63152203,26.61524109,26.05633168,25.16815929,25.01254261,24.6136472,24.43967429,24.51921247,24.12917001,23.74397162
LPI 18:2_B_Neg,24.64489861,24.38797273,24.26347778,25.30625451,24.11997932,25.631473,24.43152506,23.76682933,24.40965769,25.27672262,26.07473088,26.13766537,25.24951699,23.64232931,23.83033759,24.08847995,24.22107328,23.93208642,23.66003413,23.31875713,24.58178705,25.95397007,26.02446868,25.94371643,22.80404934,23.18461162,23.35400549,25.21542874,25.26140493,25.19249258,25.55422521,25.67737137,25.2784033,22.36538981,23.16733471,23.01199936,25.83266453,25.00457028,25.35213928,24.96669262,26.17886492,25.05127782,24.45913227,25.25460352,24.08063461,26.6149498,26.05613771,25.16911771,25.01438277,24.61728118,24.4396744,24.51921247,24.12998688,23.74400426
LPS 16:0_Neg,23.52432178,23.43892677,23.54477013,19.65529318,19.97289799,20.37705789,24.37231253,25.08753076,24.68808198,22.07629527,20.2644055,19.6751485,19.20648913,20.55479449,21.6880262,24.94788481,25.74428002,24.38032602,21.66953116,20.95030355,21.47861846,21.15006776,20.87579195,20.35594881,22.94453723,21.8249711,21.86078654,20.32262754,19.93953086,21.64141036,22.10043923,20.66877874,19.66567979,24.08530828,22.6847635,22.9172994,22.8413056,23.44988639,23.57804481,20.34982232,20.34382027,19.61410547,24.25913913,24.75238346,24.6168427,19.53294848,21.1828329,19.86054183,19.80188577,19.43690794,18.71129319,25.04617945,24.3566302,24.85989934
LPS 16:1_Neg,20.11718323,19.92683031,19.88719298,16.65793321,17.21678182,18.06430743,21.70563864,21.71581156,21.6706715,20.09127515,17.41787177,17.62684046,17.70481327,16.25864225,19.69445114,22.5798133,23.78652805,22.06028678,18.94048792,18.08782815,18.70345722,18.76601204,18.59634917,18.57785602,20.32454893,19.24177923,19.81865778,17.00663786,16.00341198,19.59817583,20.72555044,17.89906819,17.37830832,21.53972403,20.19208166,20.8329755,20.75399136,20.73857818,19.90838071,16.95281906,18.64790619,17.71149654,21.81747612,21.81715966,21.58830453,17.21700402,19.93346773,17.34391236,17.55633231,16.43660621,15.15819967,23.18252421,22.09305459,22.375493
LPS 18:1_Neg,23.57622343,23.4870183,23.33750878,19.35435928,19.62956684,19.8434474,23.51473993,24.46336918,23.61914546,21.48051993,19.4229061,19.04754053,18.90386909,19.62681747,21.74351999,24.09475101,24.50589772,23.56329597,21.32997879,20.44455853,20.83550651,18.17963056,19.93574803,19.74923144,22.57541416,20.88714122,21.6050857,19.61809296,19.62752641,21.26080143,22.0576572,19.24110528,19.57011238,23.4596774,22.19714728,22.20820048,21.62077803,22.86496633,22.7292191,19.51994782,20.12791442,19.41612412,23.69185145,24.17413632,23.65970725,18.93451106,21.13475663,19.25383039,19.61181936,19.17287203,18.45616813,24.42536201,23.49966192,23.8478848
NAE 18:2_Neg,21.03529985,20.99206368,21.35219663,21.60166974,21.83313562,22.2214857,20.18231416,19.47278128,19.98306838,23.07502164,21.63070591,22.12784049,21.91059529,21.22620425,23.92281984,20.41325991,20.5644926,19.90476222,21.45523714,19.87916028,20.86196854,22.49875266,21.98223125,21.75989811,20.90131636,20.63023934,20.56112937,21.54141057,21.29283475,22.93168359,22.72472539,20.63932472,21.48587901,20.95116227,21.10173215,21.23221236,21.92506779,20.5779655,20.95231005,21.09509646,22.04125949,21.37666076,20.95486722,20.58108059,20.33654131,21.40472418,23.52644732,21.3049637,21.71536246,21.5092609,22.54251845,19.38643511,19.86563751,19.63067353
NAPhe 16:0_Neg,20.9261839,21.86775147,22.37231328,19.9447645,20.83440876,20.85520717,20.36559871,20.42889408,19.88603273,20.11726963,19.83356874,19.81876794,19.52192063,18.46007252,19.57149627,19.45482682,21.14401056,20.48936232,19.47147986,20.36184502,20.27397074,21.00974838,20.12202492,19.71134664,20.0849737,20.28659003,20.76957438,19.24618658,19.45778954,19.79987446,20.07289786,19.32940083,19.14540596,20.20147896,20.88832385,20.81383839,21.92242945,21.71851693,20.7935743,20.46069848,21.20977752,20.45740521,21.66536795,19.85702417,20.58710446,20.41067058,20.43123381,19.25391424,18.74480812,19.0293931,19.37218086,19.52899654,19.79970603,19.85401076
NAPhe 16:1_Neg,21.60209966,21.36691547,22.2722961,20.96017302,21.60539115,22.18275956,20.88528437,21.2615713,20.19427366,22.03187075,20.72600969,20.88799695,20.47828694,20.0389707,22.9159436,19.63823773,21.64721474,20.88504057,20.23081377,19.357805,20.10905288,22.13594715,20.61336652,20.97343675,20.31882276,20.20237749,20.32770139,19.62966626,19.76280587,22.0667402,22.78820797,19.6386342,20.09553696,20.16961471,20.70389079,20.05941566,22.25209427,21.79240431,20.63596794,20.88690577,22.48595092,21.35365547,21.86078654,20.39895206,21.04159532,21.08122993,22.98569062,19.7288867,20.16829657,19.96664117,21.25352202,19.99626906,20.24732909,20.21464604
NAPhe 18:1_Neg,23.54277002,24.05003204,24.65999014,21.75496831,22.45670021,22.72533652,22.70193103,22.93383167,21.50188339,22.37436873,21.62668825,21.49144751,21.3927383,20.99613771,23.31698578,21.51032892,22.8299105,22.49069395,22.29868398,22.06877186,22.59434538,22.94382954,21.7193612,21.74596394,22.77799387,22.45779545,22.85285414,20.94729888,20.6354667,22.16369111,23.24026719,20.80433594,20.94898714,22.46148771,22.89176827,22.45116112,24.23345115,24.08576376,22.78498268,21.84319546,23.00348696,21.97787504,23.9096322,22.64775902,23.48376148,21.82026271,23.34306738,20.70417084,20.87753375,20.57705729,22.45146501,21.95467696,22.22598162,22.41305794
NAPhe 18:2_Neg,22.97815301,23.30782777,24.10101425,24.68997111,25.26663009,25.46065784,21.79246429,21.7160057,21.46102142,25.61750737,24.35049452,24.51158285,23.40273257,23.16299446,26.20276606,20.26855384,22.46514386,21.54725635,21.03639604,20.22294614,20.68710327,25.7993753,24.25725878,24.39557995,20.03060887,19.37991106,19.74190932,23.62018177,23.15289184,25.58327649,25.73281937,22.28741394,23.20989512,19.15439514,19.27323009,18.64739104,23.49630715,22.90234703,22.22425887,24.66941343,25.64451248,24.62046368,22.45951641,21.38409518,21.73122328,24.45492132,26.43668114,23.38236651,23.45791284,22.86755395,24.8244838,20.6289995,20.73089356,21.05590259
PA 33:1(d7)|PA 15:0_18:1(d7)_Neg,NA,NA,NA,NA,NA,NA,NA,NA,NA,NA,NA,NA,NA,NA,NA,NA,NA,NA,NA,NA,NA,NA,NA,NA,NA,NA,NA,NA,NA,NA,NA,NA,NA,NA,NA,NA,NA,NA,NA,NA,NA,14.98583986,NA,NA,NA,NA,NA,NA,NA,NA,NA,NA,NA,NA
PA 34:1|PA 16:0_18:1_Neg,26.39984993,27.53419529,27.62228901,27.82472638,27.30455877,28.15898189,25.69309852,26.84055702,27.10938104,27.55523993,27.83033604,28.1242212,28.13612682,28.14612681,28.24862739,26.76769622,26.89166938,27.11033925,29.76016418,28.1441842,29.33670259,27.77404337,27.67303909,27.62932353,29.0743138,28.20287083,29.27298087,28.66307752,27.75081145,27.80223344,28.30376255,27.87416913,28.11684193,28.21543164,27.92918546,28.49616411,24.8986669,25.57467628,26.30879674,27.57257766,26.91366451,27.23113444,26.08602047,25.59795594,25.58635582,27.60874078,27.03333589,28.316506,28.14447179,27.64128711,27.17147925,25.75315669,26.35360989,26.47412898
PE 32:0|PE 16:0_16:0_Neg,21.31761504,21.64473178,21.80170403,20.36838871,19.86968802,20.32220757,20.63642893,20.27778391,20.53312255,19.73539375,20.76372436,20.78905662,20.43737571,21.15242435,19.71649197,20.51196409,20.51032444,20.1159568,20.97792735,21.24291551,21.41744819,20.07188172,20.7782642,20.28278544,20.74112014,20.56907599,21.17974332,21.37751822,21.23815524,19.52085805,19.89722412,21.09911479,20.76401448,21.01573279,20.75978219,21.2686266,20.18374068,20.28985793,20.29965894,20.24808372,19.46339026,19.72588927,19.75726104,20.04243453,19.59403754,20.56784602,19.53609869,20.94938318,20.99728649,19.89141862,20.78485074,20.02189663,19.59913066,19.4209614
PE 32:1|PE 16:0_16:1_Neg,24.41958302,24.2599235,24.82478281,22.89113241,23.44336224,21.71274697,24.68046453,25.32240037,25.09225474,21.95034346,22.79077919,21.81118654,21.67599068,23.25955294,22.59563833,25.02328317,24.81405158,25.08174941,24.94982425,25.88019083,24.50259046,22.45783715,22.93182441,23.17847185,25.98293728,26.09395854,25.14545864,22.95422092,23.67694488,22.86213181,21.32501055,24.35844276,23.4580468,26.18295789,24.72417644,24.8297067,24.0373334,24.56130059,24.89694139,23.6519994,22.85593758,22.24484342,24.83716591,25.02298911,25.18429327,22.89861428,21.17729896,22.41186802,23.37716811,23.21713718,22.03558318,24.82504602,24.77274869,25.26495579
PE 32:2|PE 16:1_16:1_Neg,22.81364247,21.64027862,22.09033897,20.83125212,21.54276605,20.34092374,23.87905288,25.52636043,25.15958861,20.69969271,20.11546704,19.69946672,19.49828394,21.1439916,20.08861797,25.70180543,25.1051819,24.99123372,23.55783328,24.49911779,22.73935522,20.34643333,20.10735148,20.96438225,25.0003444,25.39474636,23.67715175,21.58394052,21.47898993,20.32351401,19.99364117,21.63006709,21.20583369,25.674193,24.37401147,24.31160152,22.32804353,23.25616119,23.08037226,21.18162769,20.61976764,20.19849018,25.02892018,25.14663208,25.31597946,20.27766619,19.48654512,20.93086577,21.20730772,21.59941185,19.99619611,25.39559771,25.42071598,25.77830656
PE 33:1;2O|PE 16:0_17:1;2O_Neg,21.00164678,20.64492569,21.36266102,23.45897316,22.45437397,22.97476557,20.00176485,20.18737614,20.67370943,23.60644978,22.98076379,23.48171671,23.56485737,22.5118771,23.03078964,18.99284353,19.4191126,21.04875897,20.9617777,20.97446347,20.9045569,23.09430814,23.17720972,22.78212855,20.55752809,20.36841374,19.82435135,23.21379099,23.31287968,23.06414545,22.98654974,22.35327614,22.81111899,18.46252014,20.22687892,19.84891442,21.67314559,22.33214434,21.67950799,22.84412915,23.57943912,22.72214579,21.14183578,21.71226986,20.23243871,23.0199775,24.00496056,23.17116365,22.83892189,23.53671084,23.0894877,20.67952097,20.93990373,20.00118047
PE 33:1(d7)|PE 15:0_18:1(d7)_Neg,13.78729516,15.88433688,14.12084073,15.78061863,14.5320523,14.04076955,15.91668384,16.78280105,16.64313756,11.97461323,14.77756423,14.23815289,14.40001163,14.53360955,14.75627049,16.87549983,16.66823087,17.97859314,11.68575885,15.22542919,15.23451814,14.5822364,15.51432141,13.85371183,16.03120764,15.35214204,17.16553306,15.68094388,13.44350002,13.55623656,14.45386898,14.12575679,15.72951605,15.52862855,17.18374855,15.7303762,16.48141506,15.27941518,16.28580762,12.76017965,15.6536882,16.26472139,17.19809591,17.46331779,18.18173674,12.89125566,14.48282945,14.55882668,15.33530763,14.31296931,16.29711506,15.8558677,15.5791978,18.75893893
PE 33:1|PE 15:0_18:1_Neg,24.71554965,24.80566358,25.28092654,21.57360786,22.32047623,21.10130444,25.21191723,25.76401157,25.65351375,21.60026297,20.97253163,20.25701585,20.63356306,21.63570001,21.9355951,25.18641035,25.30465384,25.53412137,25.40083879,26.33160484,25.26470127,20.89614802,21.11682427,22.24264576,26.35287165,26.58252641,25.8195647,21.92388166,21.54724268,22.18199967,20.7115694,22.90873073,22.04581006,26.42929577,25.65971747,25.29692111,23.27290299,23.63889091,24.255416,21.98096907,21.18399408,20.84380795,24.71668281,25.02619765,25.15128002,20.54977466,20.70911822,21.3259881,21.26593024,22.00057905,20.79587185,24.87434161,24.98289247,25.48716498
PE 34:1;O|PE 16:0_18:1;O_Neg,18.3673798,18.11919932,18.75136102,17.72317761,16.93103063,17.58115528,18.49810648,18.47414156,18.69802589,17.59091356,17.88673462,17.94379688,18.30925702,17.99396077,17.80266757,19.57394367,18.9561891,19.06737976,16.4083162,16.35814387,17.29009745,17.60653444,17.54615627,16.73929594,16.70834437,16.22393926,16.4734038,18.68871755,17.35009292,17.07980171,17.86287431,17.35911705,18.168008,16.63525257,16.61348637,16.85778624,16.84560204,17.54584333,17.91933056,18.21047233,16.72033165,16.92598158,18.45259532,18.94986554,17.75146954,17.81326833,17.51979477,18.06953092,17.9576409,17.21022688,17.92112277,19.39939603,19.32173336,19.32344486
PE 34:1|PE 16:0_18:1_A_Neg,20.16152566,19.56599873,19.77697335,20.88810782,22.21034119,19.86111478,20.4360798,21.02676761,20.87823365,21.17637511,20.97196634,20.5362895,20.29933296,21.85023658,21.26111346,21.29966602,20.92776539,21.32800233,19.36591923,20.36797105,18.98701611,20.4807373,20.94832352,20.81341012,20.60509648,20.85207014,19.84216576,21.23198523,20.95424037,21.44098007,20.35598753,19.34502601,20.55491484,21.21589426,20.01153024,20.01837143,19.30819372,20.00360308,20.62626892,21.52912497,20.68275841,20.32475745,19.97121425,20.00356455,20.78156729,20.49695433,20.50625564,21.15524589,21.57082989,21.33709243,21.17863893,20.14669564,20.2860817,20.57262832
PE 34:1|PE 16:0_18:1_B_Neg,31.07106103,30.83199723,31.21036815,27.20248392,28.12444896,26.43168782,30.76159869,31.19401445,30.92790857,27.33631347,26.92125127,26.22486099,26.89122462,27.79855541,28.07784678,30.9039803,30.61620356,30.4419432,30.40705403,30.77588513,30.05628388,26.72935575,27.26027796,27.53581785,31.01295223,30.91449427,30.49976008,27.27015208,27.99735757,27.708834,27.3907436,29.38118867,27.67872517,30.92716023,30.07907311,30.02455008,29.57525979,29.41946106,30.06457098,28.09266537,26.80484528,26.52396842,30.76067233,30.79356232,31.04128129,26.62210116,26.6124869,26.83786969,28.02196008,28.07696472,26.33362823,30.75239988,30.6534413,31.15576928
PE 34:2|PE 16:1_18:1_A_Neg,20.07388871,18.67092334,18.61756702,18.92453177,20.85899715,17.14967519,20.70892523,21.84084651,21.7829755,19.48036762,18.70639521,16.70252947,18.67129011,20.30106013,19.73159768,21.86078654,21.06652377,21.86078654,20.13163882,21.5810183,19.27721463,17.09044135,18.22774678,18.83330813,21.61236137,22.65326943,20.31805426,18.68868614,19.26861734,19.88693591,17.60386433,17.08592001,17.96854985,21.63446261,21.76956248,21.23673085,19.55420208,20.76249044,21.39909455,20.04015501,18.98672231,18.18246158,21.66501206,22.05719839,22.5569946,18.25663487,16.98917238,18.76681273,19.7519322,20.60863903,19.33032226,21.29881907,21.87765818,21.94877355
PE 34:2|PE 16:1_18:1_B_Neg,28.5192967,27.44080251,27.83769987,24.48871292,25.7145957,23.4375258,29.3565482,30.20277198,29.31207108,25.13515683,23.92393886,23.17969668,24.55171944,25.48803851,25.60566807,31.2499846,29.47527808,30.86216258,28.01834339,28.94021412,27.50829332,24.21625102,24.75342776,25.05090447,30.02361141,30.09770335,28.70616258,24.01948189,25.32675243,25.13836556,24.38883401,25.97079734,25.14439463,30.01226105,28.61499068,28.69325223,27.41931486,28.09770035,27.82890391,25.82904986,24.81159706,24.33910103,30.38837348,30.41566791,29.84317734,24.04171243,24.037131,23.62143307,25.46405604,26.30757537,24.00912106,29.94614681,30.70991669,30.05822003
PE 34:3|PE 16:1_18:2_Neg,26.46657051,25.15980356,25.39333705,24.37729872,26.12657256,23.06884812,26.91178272,27.60876506,26.94037099,24.94303934,24.25687373,21.86336948,23.86217659,24.84790252,24.77693741,27.73279883,26.98333933,27.28529484,24.52277133,26.19294011,24.24115617,24.06015526,24.38496614,24.93669914,24.79571564,25.51605411,23.59473218,23.65770124,25.22066689,25.4462719,23.24523757,25.36856392,24.4993013,24.53098958,23.78081188,23.29323539,25.7323436,26.43165297,26.23205441,25.93758383,24.73297589,24.21675722,26.69176501,26.81828288,27.32164965,23.85724529,23.35580456,23.36149344,24.7729731,25.41418828,23.08833257,26.81677991,26.85856897,27.23262263
PE 35:2|PE 17:1_18:1_Neg,24.49563574,23.42151641,23.82737306,21.82513253,22.56607916,20.99680821,25.17659818,25.77686941,25.50485883,22.14681746,21.13025303,20.5806777,21.78905509,22.08439673,22.54117172,26.15503919,25.52549362,25.82481644,24.51258327,25.75497794,24.18191169,21.57583766,21.61469783,22.40203213,25.89583662,26.26760028,24.6148224,21.51825127,22.08145176,22.93175157,21.55391721,22.44304406,22.34990594,26.05568703,24.8121198,24.60028806,23.24618473,24.08763109,23.81675017,22.47737979,22.12874971,21.58887553,26.06625243,26.15977815,26.42353426,20.50245699,21.20033527,21.26967919,21.93614784,22.91591414,21.41549375,26.47620142,26.629398,27.02706937
PE 35:3|PE 17:1_18:2_Neg,22.1827304,20.83684853,21.35274128,21.17411367,22.19897824,19.59159975,22.46789377,23.01768036,22.34158508,21.70113698,20.62254412,18.98631131,20.5640945,20.95511377,21.52386834,23.27681104,22.6224881,22.70167084,21.17709762,22.76425243,20.82202143,20.28191598,20.38196639,21.57326656,21.61724539,22.38212383,20.41523663,20.23307739,21.35658732,22.45590103,20.27907726,21.31875025,21.24885901,21.33975733,20.21926949,19.86480058,21.11551607,22.31564311,21.95862883,22.04369831,21.4384575,20.93900143,22.39873555,22.70318901,23.31400598,20.16866209,20.0246099,20.40163961,21.00786154,22.01094703,20.08915631,22.69396534,22.79591526,23.2410262
PE 36:1;2O|PE 18:1_18:0;2O_Neg,22.96143444,22.96619627,23.29112909,23.2874531,22.47760455,23.12039713,22.67707059,22.56661224,22.77116905,22.90160934,23.38714627,23.42727346,23.6099591,23.37895477,23.06508841,22.78116295,22.51107292,22.76219904,21.21488702,20.9409518,21.47784942,23.12947047,23.38163602,22.50289749,20.30347883,20.1402502,20.45622108,23.67709781,23.5084562,22.58002723,23.16981322,22.92577264,23.04266971,20.29151763,20.18445524,20.311055,21.98745683,22.5416722,22.66219689,23.18900229,22.77708968,22.50166899,22.67681186,22.87358642,21.91251155,23.34343991,23.10680835,23.43686235,23.33906883,22.84264558,23.04826932,22.85220223,22.79174126,22.82345503
PE 36:1|PE 18:0_18:1_Neg,25.40012459,25.52150495,25.61397491,22.84270195,23.72652651,22.06758106,24.73627862,25.02231686,24.87840575,22.46909015,22.42951807,21.99848969,22.01458948,22.83432343,23.11472061,24.88305876,24.76062452,24.56644999,25.63155458,26.12622327,25.29926059,22.29445097,22.82674577,22.92339954,26.29628285,25.4911047,25.4279028,22.73451897,23.98179227,23.10045494,22.92392772,26.17046977,22.94474447,26.86315702,24.68127182,25.26331055,24.58929057,24.27827928,24.68642067,23.69784738,22.56395294,22.31290775,24.90911434,24.86193378,25.05582679,22.6380421,22.07351387,22.29421058,22.93038487,23.04523011,21.70222358,24.77222793,24.68912866,24.96591958
PE 36:2|PE 18:1_18:1_Neg,30.93935736,29.94109459,30.34563138,26.91599692,28.18750849,26.21230994,31.26289577,31.38562412,31.23012266,27.50513475,26.71924057,25.92661525,27.28325286,27.73976524,28.19381709,31.96473657,31.14867193,31.36867598,29.97998741,30.75061874,29.69037071,26.87561471,27.43811507,27.25278505,31.16598191,30.97858729,29.88905802,26.72752645,27.77531262,27.78952192,27.31376674,28.28639431,27.43234664,31.13605226,29.78465789,30.1622566,30.03863731,30.04820255,29.90013524,28.01912915,27.24727469,26.70933665,31.5233201,31.40898078,31.67635926,26.47081325,26.55047399,26.30568514,27.703298,28.07240093,26.55489131,31.46348363,31.58116692,31.66992868
PE 36:3|PE 18:1_18:2_Neg,29.65943747,28.48527397,28.83068225,26.34047674,27.80459596,25.46502456,29.89950528,30.35124193,29.89135503,26.94273968,26.34834761,24.79807189,26.27413348,27.00441725,27.1032368,30.49615842,29.99876259,30.10898165,27.65270756,28.98281448,27.3104087,26.27934093,26.75664355,26.63841154,27.92451928,28.33525719,26.6872279,25.97062458,27.09016495,27.14973188,25.84957322,27.76821202,26.55525925,27.75368303,26.52780706,26.42808922,28.42085874,29.23096873,28.82181402,27.79340846,26.92835846,26.18349678,29.69237284,29.71683608,30.28621918,26.03486091,25.73263259,25.69992575,26.87200355,27.60562273,25.6793199,29.788288,29.78318177,30.09937881
PE 36:4|PE 18:2_18:2_Neg,26.3268576,24.82977685,25.27877512,24.95928409,26.99078955,23.59510813,26.46883057,27.11131121,26.38026441,25.78049788,24.81439294,22.72194269,24.4107273,25.37898044,25.4973807,26.96745173,26.36562998,26.33988151,23.65491925,25.78731399,23.22777511,24.75689347,25.06738302,25.42429529,23.24265505,24.00493679,21.97038676,24.21789592,25.71384603,26.07763382,23.63274984,25.60269636,24.57441793,22.46884333,21.78498403,21.33297425,25.73339236,26.54057344,26.13069268,26.81316644,25.41757565,24.86064589,26.22583367,26.35107739,27.06658185,24.61750329,23.857421,24.00903226,25.23335296,25.9685467,23.5785034,25.88048191,25.99756015,26.43697468
PE 38:2|PE 18:1_20:1_Neg,25.58993375,24.86036203,25.09213555,21.87632912,22.65011723,21.05777511,25.25609621,25.79686301,25.30828944,21.98909555,21.55614398,21.06239454,22.00894554,22.13819487,22.7373262,25.73113458,25.26359421,25.15003201,24.40627704,25.32898617,24.24875801,21.38949033,22.10874473,21.87288932,25.48297563,26.00026844,24.74405906,21.54140894,22.44601994,22.1097261,22.23985847,22.84952915,22.01974215,25.6753193,24.89312203,24.69389233,24.52793359,24.49875603,24.22639774,22.60943366,21.92033827,21.47064988,24.93052313,24.80746935,25.16289048,21.33708171,21.77477995,21.2372826,22.38222705,23.14154114,21.49665605,24.8214357,24.77067786,24.79414622
PE 38:3|PE 20:1_18:2_Neg,23.88075044,23.07948291,23.405422,22.00187046,23.08835757,20.98033017,23.90928126,24.3886443,23.64362715,22.35558454,21.69591779,21.01214912,22.15928017,22.15764535,22.57590663,24.17205758,23.7852929,23.61866397,21.63390819,22.90383666,21.15953727,21.52048255,22.15772703,21.67963364,21.69542509,22.46390661,20.7914346,21.63445747,22.61960227,22.60892738,21.88962329,22.48544686,22.00854325,21.60653456,20.95778506,20.22626709,22.79563714,23.20531754,22.92072466,23.23481899,22.16642643,21.35850177,22.74296976,22.72709317,23.29875664,21.77442997,21.67634296,21.43764089,22.41308279,22.93264915,21.2560602,22.47072326,22.3183654,22.65569518
PE O-34:2|PE O-16:1_18:1_Neg,13.65178019,NA,NA,NA,NA,NA,NA,13.30391439,NA,NA,NA,NA,NA,NA,NA,13.58683815,NA,NA,NA,13.317822,NA,NA,NA,NA,NA,NA,NA,NA,NA,NA,NA,NA,NA,NA,NA,9.264034709,13.98304587,NA,13.09683739,NA,NA,NA,NA,NA,14.64376637,NA,NA,NA,NA,NA,NA,NA,NA,NA
PE O-36:2|PE O-18:1_18:1_Neg,NA,NA,NA,10.64560097,10.66365959,12.26584369,13.14075294,NA,NA,12.2393984,NA,NA,NA,11.21514061,8.909576039,NA,12.50051099,NA,12.71157338,NA,NA,10.49059518,NA,NA,10.98165428,NA,NA,10.29105617,NA,10.38535683,NA,NA,NA,NA,NA,NA,NA,NA,NA,10.08433226,12.55927496,NA,NA,NA,NA,13.31712438,NA,11.86282735,NA,NA,NA,NA,NA,NA
PE O-36:3|PE O-18:2_18:1_Neg,14.47111006,16.81204512,15.4781861,13.48669737,13.015577,14.49096546,14.97821165,15.49387044,15.69060132,13.56283127,13.76599351,15.76609134,16.2141678,13.63087271,13.38210053,15.23388503,14.74391528,15.58487489,13.66155509,11.93156445,12.04126757,14.74312568,16.00142486,14.40127703,13.65952248,13.96023793,12.22297996,13.38322386,15.40887873,13.3574008,14.71440599,14.84208101,13.7053461,14.40972881,13.20427764,11.86209287,14.24769389,13.39580516,15.89011636,13.81140638,14.19101008,14.86784903,15.71470164,16.165487,12.72728973,14.33385529,16.17607842,13.82026287,15.27920085,13.3420891,13.13529179,15.84931839,15.04102531,17.15823426
PE O-38:5|PE O-18:1_20:4_Neg,NA,NA,NA,NA,NA,11.93902206,NA,13.72017796,NA,NA,NA,NA,9.147064,11.80629881,NA,13.00624154,NA,NA,NA,13.26013901,NA,11.93875946,NA,NA,11.9268513,NA,NA,11.94706994,12.42774329,NA,12.19541446,NA,NA,NA,14.66837572,NA,13.60580256,NA,12.71406025,11.01990318,12.5820521,NA,13.91501953,13.59787174,13.92028401,NA,NA,NA,NA,NA,12.50879615,NA,NA,NA
PE O-38:6|PE O-18:2_20:4_Neg,14.13923303,13.33240709,12.24081183,12.01892133,12.08588439,13.59736005,11.9935462,13.38862652,11.98777005,13.1082895,12.48189503,14.43480898,13.21155919,12.77004904,12.53472763,12.64037364,NA,13.56898179,11.12258781,NA,9.311373461,13.71958631,14.23291032,9.838185312,NA,NA,NA,15.394226,15.57295062,12.08955529,14.68174091,12.80903051,12.89163517,NA,NA,NA,11.59566587,12.12939185,12.97018566,11.98326329,12.71305098,12.06489186,11.50742152,13.43153464,12.57133017,13.30153963,13.87611655,14.14769102,13.90933673,12.78748461,13.29135052,NA,12.27910446,NA
PE O-40:5|PE O-18:1_22:4_Neg,10.3582805,9.329113756,13.13710048,7.84119333,8.691927312,NA,9.064866911,11.07732052,13.15522341,12.82795079,NA,10.44722137,NA,NA,NA,10.80095502,10.66231984,NA,8.651339913,NA,NA,9.726529423,NA,9.815408598,13.54067425,15.51200341,NA,NA,15.53189468,8.330095061,10.10430279,9.873374915,NA,NA,NA,NA,10.4649991,NA,NA,NA,10.66795316,8.227580668,10.86558764,11.3913577,NA,7.910001127,9.748809488,NA,11.9138701,8.619763207,9.299089943,12.76444714,NA,NA
PE O-40:7|PE O-18:1_22:6_Neg,NA,NA,NA,NA,NA,NA,NA,NA,NA,NA,NA,NA,NA,NA,11.84524886,NA,10.71585826,13.37796276,NA,NA,NA,NA,NA,NA,NA,11.02089015,NA,9.363997016,NA,NA,NA,NA,NA,NA,NA,NA,NA,NA,NA,NA,NA,NA,NA,NA,NA,NA,NA,NA,NA,NA,NA,NA,NA,NA
PG 32:1|PG 14:0_18:1_Neg,19.43657039,19.75566352,19.66124037,22.08959022,22.081867,22.05078698,20.19750983,20.29531092,20.77615079,21.16978924,22.29356496,21.67940937,21.81425866,22.50277356,21.46055646,20.71816788,20.12364454,21.38824689,21.63997686,21.87531503,21.13099665,22.10562556,22.04030786,22.10765459,21.85135496,22.0058648,21.18034334,22.23329192,22.10302303,21.30600375,20.54492299,21.13591871,22.04565548,21.39280614,20.80328018,20.57302893,21.17362532,21.62881432,22.28011117,21.84336813,22.3119015,22.24544559,21.35697156,21.16416625,21.06267379,21.78531236,20.89476641,22.50812359,21.97940331,21.68101817,22.21488143,21.36871186,21.8439149,21.65219674
PG 33:1|PG 15:0_18:1_Neg,18.64486132,19.02438908,19.68447614,20.20970239,20.30841306,20.39514222,19.67366159,20.38284111,20.24333446,19.76006597,20.14002348,19.913387,19.70815482,20.37281794,19.98854189,20.0510736,20.03218102,20.77402236,21.80311478,22.21058286,21.53407267,20.40619276,19.68488308,20.52861519,21.42486154,22.27604316,21.0914106,20.48497048,19.77870795,20.3894421,19.44355294,19.37045087,20.26553925,21.0998091,20.93103762,20.4241226,19.31893543,20.14291377,21.01489154,19.81395119,19.79331349,20.28728355,20.64691546,20.87735615,20.50990963,19.5791227,19.51447028,20.58973215,19.67860099,19.53501059,19.81123601,20.74616368,21.16523993,21.61164398
PG 34:1|PG 16:0_18:1_Neg,25.33515039,25.28464095,25.67346064,25.53847509,26.21115683,25.76653261,25.61983628,25.90121029,25.95113353,25.96738303,25.84850983,25.55927582,25.76326259,26.17381274,26.17742539,26.32560461,25.84763032,26.3207221,26.96394163,27.20553251,26.51926683,25.94584253,25.69587958,25.68155267,26.54852466,26.87942712,26.1518612,26.12941466,25.919343,26.06350711,25.73664063,25.92645835,25.72611621,25.9400942,25.51019682,25.51033594,25.35846179,25.77508616,26.52263684,26.02685335,25.41909194,25.70099029,26.78545331,26.88441964,26.65800924,25.8417297,25.85862414,26.06727448,26.05202953,25.70531881,25.74774644,27.07934715,27.27226896,27.33508061
PG 34:2|PG 16:0_18:2_Neg,24.08720462,23.74893361,24.30973392,26.2808126,26.95056717,26.3216715,24.4911728,24.77563887,24.69813541,26.2046993,26.36522659,25.93478402,25.80226261,25.80931295,26.10978078,24.90921196,24.59434293,25.25890715,24.69285735,24.4666428,23.40401599,26.32046052,26.37079838,26.51378753,22.96025034,23.60721083,23.86417071,26.49955103,26.29458576,26.58749511,25.46260239,25.12072212,26.09401516,23.41815213,23.17061963,22.93898457,24.10153278,24.68559077,25.42508945,26.63152128,26.06203005,26.36449775,25.00792134,25.19756218,23.95608133,26.19391426,25.84342046,26.54525124,26.24158354,25.85197189,25.71048569,25.33121518,25.52094833,24.91883863
PG 34:2|PG 16:1_18:1_A_Neg,17.97730889,16.46591338,24.30690187,26.28438588,26.95056717,21.55799803,19.95380658,24.74886986,24.66449129,26.19974612,21.58767255,20.96494543,25.77730438,24.85845817,26.10501005,20.40563974,20.16992528,21.19126856,24.69285735,24.46703595,23.70299961,21.8103892,21.85356762,26.50584434,23.71446358,25.05592118,23.86417071,22.67699279,26.26440252,26.58749511,20.82951182,20.39157568,21.87405583,23.45064758,23.17061963,22.90861837,20.42873903,21.29686076,25.39550157,26.63626509,21.82291785,21.97093611,24.97102116,25.16378558,24.12221769,21.43026787,20.74625838,22.80533107,26.20478807,25.85197189,21.37074228,21.1737958,22.03508142,24.45064221
PG 34:2|PG 16:1_18:1_B_Neg,21.46282696,22.57332159,22.06456561,21.8133077,25.39457168,22.06135228,21.25598817,21.79214892,22.02013652,26.60067569,21.74487197,21.72822027,21.78175269,21.38159574,26.5559884,21.2579814,21.43703373,21.66694549,23.8667497,26.59710386,23.65740638,21.66390477,20.99756297,22.1974193,27.08140744,25.7319941,23.64244156,21.15153995,21.75697972,26.85463887,21.32862751,21.70988023,21.55698007,23.23718144,23.3192484,23.86874072,20.36558303,19.84796398,20.92281968,25.27706065,21.04654272,22.03686591,20.96745434,21.4009253,23.3902796,21.54409806,21.44938159,21.58083087,22.22377859,25.60948844,21.24212825,20.21578657,21.5775987,21.52525206
PG 34:3|PG 16:1_18:2_Neg,20.05294338,19.77390646,20.00948339,24.01471349,24.3824578,23.46309382,20.50734282,20.78855104,21.10773677,22.74778693,23.84678014,23.20206411,22.91540207,23.33938804,22.49876661,20.86155584,20.19481939,21.39494025,20.83755861,21.84625805,20.81586588,23.53692997,23.87210568,24.0694154,19.82899941,20.8724131,19.95788812,23.89454922,23.68360137,23.32338073,21.6734087,21.74659515,23.3340324,18.88337509,19.6788831,18.91722827,20.67658819,21.44346767,22.21763143,23.93263054,23.56143922,23.87211394,20.7813876,21.10517905,20.7441647,23.51752274,21.94687308,23.95591167,23.37660931,23.00064506,22.90107083,21.03443256,20.93365433,21.41282913
PG 34:4|PG 18:1_16:3_Neg,18.66559997,18.63863891,18.81970731,21.02130821,24.5501786,21.08596612,19.34629303,19.79366354,20.16751904,25.91886957,21.02620254,20.44361511,20.90964822,20.01130931,25.55927227,17.78572282,19.44219432,19.28014854,19.24075069,22.87628232,19.60907811,20.37123962,20.16712914,21.22936691,21.55001322,20.85783806,18.6937249,19.94277309,20.92749333,26.20476049,19.59506241,19.4640719,20.42740815,15.69412371,17.06469166,18.01307373,18.30488528,18.08023697,18.67117703,24.77441061,20.59546348,21.16100446,20.22592094,19.97896611,21.90914014,21.02695881,20.33327556,20.74174974,20.94834654,24.8636623,20.33122771,19.40339918,19.81928316,20.68787275
PG 34:5|PG 18:2_16:3_Neg,NA,NA,NA,14.93721818,19.54554295,12.18601211,NA,NA,NA,20.98714595,14.89319007,NA,NA,12.01172557,20.12349631,NA,NA,NA,NA,NA,NA,11.96184307,NA,13.28075965,NA,NA,NA,NA,NA,21.41510207,NA,13.84974399,NA,NA,NA,NA,NA,NA,NA,19.99204088,NA,13.99430632,NA,NA,12.74295213,NA,NA,NA,NA,19.48299361,NA,NA,NA,NA
PG 36:2|PG 18:1_18:1_Neg,20.59416074,20.34679628,20.41202165,21.15452955,21.60226352,21.22545453,19.74500663,20.36178003,20.03007479,20.67376435,21.5101291,21.16173434,21.278337,22.12856169,20.97142869,20.8530612,19.41052537,20.91936783,22.37767051,22.62300272,22.42627963,21.11891073,21.20874866,20.95436425,22.05780081,22.55547974,21.95504108,21.76654362,21.33069983,20.71331488,20.30025227,20.66277746,21.19437262,21.82023282,21.45318086,21.30983586,20.86656741,21.16889691,22.04552084,21.6018276,21.06945477,20.95367466,21.6318136,21.84351418,21.37675592,21.40168955,20.39545308,21.65165504,21.53471768,21.32495171,21.46569226,21.28676361,21.93240596,22.06423153
PG 36:3|PG 18:1_18:2_Neg,21.38693011,21.38140533,21.61279397,22.07746918,22.02570055,22.16548566,21.77016767,21.90357485,21.58407722,20.79323492,22.40012547,21.97269226,22.01992893,22.55800608,20.49457038,21.84592466,20.29398688,22.02797499,21.86858478,21.92235145,22.49668591,22.07545395,22.22620757,21.77287739,21.29015952,21.73303133,21.67224899,22.29764294,21.99927121,20.63031141,20.34319956,21.51857311,22.04648742,20.88463134,21.42464091,21.23244984,21.22028997,21.53299933,22.60357455,22.38828091,22.03698956,22.07764301,22.16897974,22.23496667,22.0804917,22.49007543,20.49677128,22.20606019,22.25504087,21.95130411,21.91325223,22.15957774,22.4191949,22.54922277
PG 36:4|PG 18:2_18:2_A_Neg,21.34832234,21.01938105,21.15259044,22.36511388,22.39103793,22.16238849,21.31399728,21.26181155,21.04848633,20.62535599,22.64595658,22.25130205,21.90243587,22.4382867,20.41642639,21.14971603,19.17480454,21.26728631,20.86020924,21.03468097,21.77499493,22.13548459,22.51728236,22.35159479,19.12870592,19.92558404,19.46765862,22.14653325,22.15408914,20.72532519,20.6029386,21.86078654,22.04599593,17.92981843,18.8930617,17.82612631,21.17973671,21.37276151,22.11198834,22.79234556,22.55162552,22.34007401,21.25516946,21.39397939,20.93776558,22.81408839,20.60634823,22.19590269,22.39925017,21.91542651,22.11206421,21.34227451,21.19414825,21.31525984
PG 36:4|PG 18:2_18:2_B_Neg,19.16264051,21.86078654,20.28758272,21.72992752,25.4353816,21.93301625,20.23995367,17.86199838,NA,26.80896058,21.88845479,21.6661606,21.93784405,21.5681827,26.73746297,16.36093675,20.28529716,20.06799932,22.14091404,25.54386652,21.98253813,21.59695441,21.16434662,21.81395887,24.4609901,23.39492821,20.45894763,20.86953321,21.65772982,27.00891315,20.85619163,21.15609353,21.49555431,15.32122671,17.00251117,19.08355382,20.06314235,19.16076261,20.00312522,25.63782318,21.16908133,21.91768685,21.6882339,18.67439333,23.38759641,21.86563228,21.29015032,21.33619247,21.96339074,26.06662047,21.52464868,18.60476456,19.46748913,20.71114886
PG O-36:3|PG O-18:2_18:1_Neg,16.89862551,16.71401244,16.26646142,18.74065456,17.67433351,18.63927444,14.45755765,14.45208326,16.4386001,19.74027917,17.67888659,19.33479575,19.34887504,18.01483018,19.8200081,17.74804299,15.92967296,15.91715764,16.34783988,16.40902779,15.90992503,18.83057401,19.35784449,18.38576651,19.56048163,16.64893614,16.45469006,18.79564958,18.59752568,18.78591738,18.53786642,17.28089611,17.51598771,19.81516444,17.99723623,17.72270621,16.91682637,15.3169966,15.19559955,19.32757259,17.78705205,17.77830253,19.25438671,18.04387936,15.82428321,18.42917192,19.41354151,18.0600448,18.59506464,19.26013231,18.39372734,16.6555612,16.85229593,15.86140759
PG O-45:4|PG O-17:1_28:3_Neg,21.39594844,21.37562836,21.19658478,21.39534303,20.17650075,21.91628743,22.38499603,22.42566121,22.50321414,21.54032088,22.17350375,21.67075716,22.04934782,21.00338571,21.30021259,23.46356979,23.30649963,23.18740866,21.9498766,21.48388839,22.85527131,21.31503399,21.52403355,21.50360948,22.47890421,21.85670943,22.69407276,20.92177228,20.98362529,20.85410499,21.61298534,21.23960924,21.7166033,23.03509882,22.79355289,22.81244564,19.71496639,18.94202317,19.00250105,20.28531363,21.91701121,21.87408787,22.39695267,22.32604264,22.05489613,22.77812453,22.13041558,21.37316028,21.1887494,20.19440352,21.23843047,23.08867673,23.05224572,22.98270798
PI 20:1_Neg,22.26851106,21.95697599,22.31768551,15.23185365,14.57573777,15.55003774,20.24784819,20.04275533,19.85242035,15.8565352,16.49748095,15.72142871,16.93632139,18.17185935,14.75719083,19.5146525,12.55917584,19.63981442,20.38704282,18.98588784,19.25803533,15.87042896,16.67409296,14.19611438,18.77237569,17.87768335,18.34025283,15.33314116,17.97561243,12.97020913,12.41070925,17.96244224,16.63371197,18.52239247,16.49625641,15.73700634,22.32914835,23.1489215,22.7991541,16.20329559,15.66994791,15.70792815,20.13102483,20.24629157,20.36219279,15.96696296,14.98549687,15.69762086,17.71177262,18.23013235,18.8588923,18.74572117,18.70598164,18.97866139
PI 26:1|PI 8:0_18:1_Neg,19.67863579,19.81437994,20.40239362,17.18539411,16.18999952,18.485772,18.59439826,17.82244059,17.10763823,18.06469784,18.59326473,19.39076902,19.21723939,20.25096053,17.57435474,16.62955063,NA,16.67533762,19.56395845,19.84445811,20.05960997,18.10953706,18.8559101,17.01764319,18.19988195,18.90748162,19.43377694,19.5015068,19.91679679,15.25469269,15.83923733,20.04367446,19.02173737,18.27578314,19.52718877,18.57673839,22.22650846,21.5370156,21.5877467,16.75312226,17.17355525,17.13966816,18.87435413,19.08637568,19.44061573,18.63494447,16.62541833,18.8535458,19.91722169,18.54362939,19.63374438,16.18774231,17.09853097,17.60991372
PI 26:2|PI 8:0_18:2_Neg,18.99889419,18.79899818,19.56509702,19.25423311,18.50087468,19.84161451,16.95246834,16.97253256,16.0712471,16.2702083,20.04008565,20.4563916,19.19419279,20.8478501,13.02175782,15.68566791,NA,14.15333186,16.39386143,17.81692189,16.87736746,19.8296366,20.62183597,19.78204447,11.30618731,13.62843822,13.3722833,20.61617687,21.10130925,13.11529684,12.30755597,19.84157081,19.24978151,14.8764961,15.58887559,13.52414275,20.9647705,20.75699666,20.54709122,18.81560582,19.01659423,18.36063964,16.96791572,17.4230052,18.30257862,19.64397694,14.83169153,20.47018917,20.43478146,19.02589617,19.65852333,15.60026552,15.68255323,16.77249965
PI 27:2|PI 9:0_18:2_Neg,20.45525856,20.18229189,20.63407855,20.83946768,19.95526922,21.69631053,18.51339287,18.4784835,17.95405605,17.22039707,21.48025658,22.32827019,20.80314642,22.23384887,16.15754377,17.69385095,NA,16.92899582,17.19657348,19.27912671,19.20105735,21.16750166,21.27161018,21.76576636,NA,16.03662121,17.1853388,21.86078654,21.1984856,15.26900811,15.25042131,20.08721325,20.66290524,13.29867113,16.85288337,15.75061608,22.03962952,21.40167093,20.78094281,20.29856808,20.24095076,20.81397568,19.41365738,19.76716176,19.47291435,21.88375451,14.88480287,22.1668548,21.8658472,20.37452379,21.42434594,18.963441,18.3663384,18.4140283
PI 28:1|PI 10:0_18:1_Neg,20.50202429,20.25271286,20.56604805,18.73030793,17.24831898,19.48218585,18.22692979,18.80389816,18.44444327,17.90273146,20.28079329,20.71972263,20.5603025,21.49095389,18.50524969,18.73697741,NA,18.11076517,20.24502438,21.50623511,21.17469625,19.0907474,19.52952129,18.45863936,18.71872851,20.1873299,20.26924785,20.76504219,20.57195798,15.02064519,17.82353794,20.55958447,20.15132156,19.33165305,20.5148914,19.3388594,22.56578457,21.91888581,22.04631806,17.92742693,18.55153092,18.03785386,19.52365554,19.69980034,19.6136604,19.91268951,16.85223865,20.57060168,21.0571724,20.08772139,21.02094938,18.7448464,18.67593305,18.83721272
PI 28:2|PI 10:0_18:2_Neg,20.01248982,19.96878948,20.04692148,21.32236748,19.88798987,22.02023199,18.71836919,19.37448591,19.52891108,17.36957634,22.57337622,22.60669684,21.25467357,22.50413829,17.4890145,20.01511381,18.22241786,18.58600425,19.086623,19.96270519,19.72104881,21.70387323,22.17431373,21.28328377,17.40674377,16.32909521,18.57858338,22.34931354,22.03866938,16.72057933,16.94891302,21.16394554,21.05002248,19.16540439,19.76606442,19.24883405,21.34516215,20.60652882,20.98654618,20.5630347,21.22899684,20.94444641,20.2716451,20.39636275,19.77772858,22.42059389,18.76277983,22.32777209,22.2134868,21.12344336,21.9946878,20.52342532,19.41604666,19.60012926
PI 30:1|PI 12:0_18:1_Neg,20.99095134,21.1266258,21.12265115,20.52850183,19.40118348,21.58109079,19.59219251,19.82141875,19.88781621,19.64782799,21.68963869,22.25270849,21.98329682,23.21965461,20.5887548,20.03963038,18.49779718,19.95064756,21.41437824,23.37392382,22.99183924,20.3821926,21.22236307,20.22664011,21.18124626,22.36585864,22.54934021,22.58214787,22.07631482,19.39523932,20.58897894,22.3027874,21.86078654,21.5951856,22.22897008,22.21123418,23.88773416,23.56280809,24.0882387,20.01720843,20.28000152,20.27767612,20.62535928,20.78847034,20.26791714,22.08297253,19.86856217,22.35057248,22.90575301,21.67028215,22.84924266,19.75363748,19.99181268,20.19514235
PI 30:2;O|PI 18:2_12:0;O_Neg,15.6757232,15.97967469,16.55351919,20.01337227,17.07748069,20.6629975,13.60638444,14.12639652,NA,NA,19.45199079,20.41565736,19.38107256,20.65303001,NA,NA,NA,NA,NA,16.43883283,15.52285494,19.39419839,20.50352608,18.46581091,NA,NA,NA,20.61123332,20.61207105,11.07240931,12.41124727,20.07281281,19.67971839,NA,NA,11.56742685,17.3863791,17.89545305,17.56506538,19.39945148,18.80009072,19.38812734,16.24923591,16.35873792,14.39756197,20.84789558,NA,20.09391025,20.33343117,19.79401216,20.44747667,NA,13.88152073,14.33852283
PI 30:2|PI 12:0_18:2_Neg,20.60033893,20.96560943,20.77542543,22.61755255,21.01025132,24.09187954,17.27229245,18.53824897,18.4805832,19.07439994,23.83543567,24.32245448,22.89825813,23.96481968,19.43914308,16.71691654,13.69801026,17.03804989,18.52656917,21.10539028,20.91170338,23.00244759,23.59631323,22.54200225,16.54692845,18.95636115,19.26616063,24.03413455,23.47679052,19.30092681,18.00349061,22.77681273,22.82386683,17.80474792,19.65534716,17.33702859,23.52598551,22.84524862,22.87124288,22.00258996,22.52134258,23.05878327,19.86152156,19.80806836,19.03001553,24.48930935,18.73650325,24.20356222,23.88611774,22.11457347,23.85123166,18.59995093,18.48603167,18.93194617
PI 31:1|PI 13:0_18:1_Neg,17.70043896,19.82179646,19.95922614,19.40900797,19.00539079,19.54122441,20.80260795,21.28622314,21.55682219,19.2270895,19.33680146,19.78002426,19.60917212,20.36203076,19.7489867,21.36781496,21.47617299,21.55221567,21.04259007,21.21854885,21.27552924,18.98425329,19.25101894,19.62568688,21.98656956,22.41135413,22.00407287,20.04890395,19.77325874,19.52526687,19.5702632,19.68247749,20.14598753,22.74992351,23.18270076,22.71695147,20.27382038,21.00387814,21.18307432,18.32731486,19.07693414,19.13401516,20.57987771,21.26818372,19.98433887,19.57125085,19.45758105,19.51805861,20.45799047,19.63080098,19.83570127,19.67287528,21.03738712,21.09588479
PI 31:2|PI 13:0_18:2_Neg,13.60384902,15.83360279,13.39392036,19.77442117,17.84465863,19.91158845,NA,NA,14.9664996,17.28394664,19.67451678,20.24536631,19.22039714,20.11144338,16.6779473,13.82651795,NA,15.02309332,14.12274682,13.33916637,15.6147797,19.11796852,19.52042683,19.49297037,NA,13.79675116,14.55822467,20.48293752,19.6771991,17.71081379,17.12903017,18.62875187,19.67809622,13.22201286,13.88914744,14.0510441,17.56534538,17.6409658,17.96851513,18.26444129,18.55020794,19.00850479,NA,14.32940779,NA,20.46954979,17.24460469,20.42515428,20.19220832,18.93790455,19.54723134,NA,NA,NA
PI 32:1|PI 16:0_16:1_Neg,26.28925688,26.27604661,26.75509385,25.65753025,25.25478403,25.62107137,26.47693521,26.82737707,27.02798625,25.7287992,26.13928323,25.92969495,26.60766254,26.75320438,26.44765911,26.93862589,26.63674493,27.19871467,26.91226789,26.57899205,26.70930964,25.53157606,25.87380338,25.46259449,27.68026139,27.52196597,27.50538731,26.34164891,26.16598032,25.61544732,26.52085593,26.19354573,26.43376469,28.13444136,27.66386884,27.95095975,26.47684729,27.09799673,27.35373828,25.30071879,25.36018938,25.23973476,26.54796946,26.80197229,26.07607427,25.96166007,26.24212341,26.28192205,26.72265699,26.21773505,26.407659,26.72458469,26.65697165,26.83797487
PI 32:2;O|PI 18:2_14:0;O_Neg,14.65601527,13.83683278,15.92918036,19.11728588,14.74843967,18.94860175,NA,NA,NA,NA,19.3484016,19.66003112,19.44074689,20.63945733,NA,NA,NA,NA,13.86079328,14.63296469,12.96990033,18.98045786,19.8671353,17.75388985,13.35732184,NA,NA,19.39746927,20.03326325,NA,NA,19.89201427,19.88965687,12.68567032,13.75982829,NA,13.4620654,16.70265709,16.62640724,19.63586023,18.98989739,18.90665791,13.02319344,13.70365258,11.37065816,20.235422,NA,19.2972722,19.44493027,19.65972668,20.2309829,NA,NA,13.79375697
PI 32:2|PI 16:1_16:1_Neg,23.67487844,23.54683914,23.7140194,24.44530664,24.49102691,24.55180494,23.6521097,24.19545769,23.64381388,24.74039051,25.01304697,25.72835939,25.11819564,25.97811441,24.7342851,24.88455036,23.89882396,23.9325583,24.57721883,24.61221747,24.58041773,24.54868231,24.94322037,25.53630842,24.79803302,25.15977591,24.90427291,25.03946611,24.44995024,25.53702118,24.58340595,23.95379769,25.84866574,24.99411203,24.87536905,24.550454,24.08203171,24.85295865,25.72702675,25.20254511,24.33608107,24.33875939,23.51965332,23.74161816,23.51232884,24.66519997,24.63648344,24.93003049,25.25516011,24.53289852,25.05669924,23.91403767,23.5364028,23.65510344
PI 32:3|PI 16:1_16:2_Neg,18.77980425,19.24515696,19.12299698,22.67107389,22.41577352,22.03952699,18.22643699,17.67555466,18.79451628,22.23645246,22.6728341,22.68997629,22.57402751,23.18609949,21.98807789,18.6650458,18.47422106,18.76819171,14.69359465,16.66176132,19.65189754,22.08649286,23.05880287,22.64188639,NA,15.80118521,15.30924918,23.05506345,22.86473987,22.36459798,20.63444394,21.20257971,22.75452341,NA,16.41578879,NA,18.96327244,20.52485657,20.24112669,22.11173218,21.80571592,22.14407883,16.68323081,16.46309242,14.77868634,22.53690676,21.55171216,23.12848495,23.02348952,22.76469832,22.50872504,17.89100697,17.17783065,14.88762477
PI 33:1(d7)|PI 15:0_18:1(d7)_Neg,NA,NA,NA,NA,12.33164328,NA,NA,NA,NA,NA,NA,NA,NA,NA,NA,NA,NA,NA,NA,NA,NA,NA,NA,NA,NA,NA,NA,NA,NA,NA,NA,NA,NA,NA,NA,NA,NA,NA,NA,NA,NA,12.62788842,NA,NA,NA,NA,NA,NA,NA,NA,NA,NA,NA,NA
PI 33:1|PI 15:0_18:1_Neg,26.10504303,26.30249687,26.72919752,23.73409218,23.2125328,24.11120584,26.62388349,27.17386801,27.22504344,23.88186853,24.17530464,24.3089177,24.57066555,24.75207058,24.4246413,26.59611856,26.74248611,27.00876665,27.33623479,27.18427564,27.10435294,24.0617999,23.47868859,24.01063678,27.76480107,27.81239984,27.55584774,24.68790356,24.06244656,24.0460158,24.84617435,24.76917277,24.88712269,28.05659046,28.12493428,28.0603536,25.23939746,26.01816168,26.31414453,23.00276034,23.85774499,23.79227648,26.26981107,26.60609893,26.12754165,23.67956642,24.53527752,24.57241485,24.4089815,24.30565113,24.771536,26.26102999,26.38603983,26.75663334
PI 33:2|PI 15:0_18:2_Neg,25.05832175,24.8829583,25.39686043,25.68946055,25.20951545,25.62117095,25.53982583,26.122547,26.24771543,25.21676219,25.40900903,25.52521082,25.10216172,24.89867073,25.15198999,25.61323471,25.73846294,25.97089397,24.11715997,24.24091315,24.08038902,25.69862217,25.38866151,25.85643868,22.98781294,23.07493803,23.75416852,25.70021657,24.91868667,25.53766041,24.9605638,24.29715543,25.23861771,22.8696537,24.59612372,23.85134575,23.5345416,24.4567915,24.46450031,24.96893071,25.36468455,25.53525236,24.97885433,25.31323787,24.61227442,25.11911971,25.33522935,25.77009057,24.8263613,24.75479003,25.12545192,24.81473545,24.94422334,25.17559589
PI 33:3|PI 16:1_17:2_Neg,16.09675478,15.23213823,17.06913378,21.00146171,20.25194639,21.08822545,16.21541445,16.68578192,17.52173086,20.60061599,21.00656739,21.14079798,20.61161767,20.66993106,20.44912919,16.74963707,13.99064269,17.16194317,18.48776457,18.64096411,18.9233204,20.77174822,20.76871513,21.32763869,17.48147616,17.94736896,17.60148328,21.35636077,20.15537648,21.16873249,20.18606217,18.96716508,21.3131361,16.26210352,17.17530037,15.08021109,15.44265113,18.02923346,17.90045905,19.99573308,20.90183219,21.05465582,14.34159437,17.61769819,15.04157776,20.71391924,20.53565623,21.71478647,20.46323236,20.31551333,21.33530187,16.38617972,16.98021173,17.7269092
PI 34:1|PI 16:0_18:1_Neg,32.12482066,32.07753012,32.38248983,29.78100569,29.53556995,29.93049472,31.98035067,32.11410672,32.27233629,30.18376317,30.56253594,30.40055002,31.13526536,31.11443006,30.9894419,32.13087405,31.86120291,32.25241073,32.2353077,32.08606432,32.06530757,30.06770829,30.10795086,29.59287922,32.7108783,32.28715898,32.46211696,30.76568806,30.68962636,29.96141321,31.23446934,31.24898063,30.69409105,32.71308421,32.3756712,32.68663762,31.06191403,31.54837904,31.85239275,29.61215338,29.701539,29.54639034,32.27422973,32.40643873,31.66581494,30.29212505,30.81691056,30.59466549,31.05532175,30.65736516,31.24573812,32.19219146,32.14855448,32.2222697
PI 34:2|PI 16:0_18:2_A_Neg,16.45794613,18.44580482,20.66337968,NA,18.54226578,15.12395139,19.55636876,19.61316093,17.8588227,12.12071321,13.03926385,15.36766914,13.1454491,15.1900246,14.1510543,22.1331664,19.4385134,18.25367997,19.24001332,15.67016854,20.57843795,15.10484903,11.14032366,15.39653977,17.09745006,17.92631665,20.78113851,15.9744486,13.87115468,14.82563796,15.28101418,16.11996118,16.03041871,21.62786797,21.67973612,19.4604668,22.01673704,21.20982649,20.58259996,16.1547423,14.38703274,12.37165524,20.60440935,19.39974707,21.34947047,15.34115924,18.42878992,15.70110799,11.9654798,12.85062383,20.40724401,24.0482678,18.55480397,14.52795835
PI 34:2|PI 16:0_18:2_B_Neg,31.64318794,31.39908467,31.87073006,31.45336441,31.36554853,31.57152605,31.27407027,31.58272517,31.66129068,31.58379807,31.70667683,31.64813379,31.9361521,31.76492077,31.82075443,31.33029564,31.26559472,31.59091045,30.77766948,29.24644049,29.20235361,31.51284824,31.69753905,31.64382902,30.58000542,30.72219532,29.32473424,31.80922994,31.71490751,31.48803878,31.60518447,31.05646725,31.69755126,30.48778404,29.22118294,30.32312254,29.37870986,30.90516227,31.23650876,31.32276452,31.32934956,31.50855525,31.1920011,31.44099201,30.73671463,31.59801053,32.04368417,31.91724092,31.77308816,31.48342388,31.82235695,31.10915604,31.28049806,31.34166933
PI 34:2|PI 16:1_18:1_Neg,31.6122241,31.3694224,31.85018821,31.45503773,31.36936889,31.54473483,31.25551672,31.55949728,31.66184231,31.58499489,28.14124057,31.61510132,31.89864576,31.73102175,31.82247251,31.3008368,31.22967562,31.55612826,30.86372388,29.98146321,30.12556956,31.47987184,31.66180099,31.64442278,30.63647462,30.77224979,29.95043901,31.7780657,31.70353075,31.49109914,31.57919295,31.0237356,31.65174542,30.5341954,29.72952747,30.30132296,29.41633118,30.87101215,31.23285564,31.32439787,31.29638953,31.47477545,31.19440034,31.44201674,30.73665006,31.57538417,32.00848504,31.87971736,31.77541707,31.48121862,31.78904444,31.08080317,31.25437167,31.34166933
PI 34:3|PI 16:1_18:2_Neg,27.78303919,27.76516165,28.10399636,29.82202388,29.6651844,30.00725234,27.39380646,27.83471818,27.92021139,29.77741794,30.16939882,30.16689939,30.03394019,29.93711993,29.77180541,27.7284264,27.32450706,27.88969459,26.76435814,27.00994923,27.23267811,29.90582826,30.25126001,29.872282,25.87369026,26.36476586,26.13480736,30.36959968,29.65437193,29.63363882,29.2795296,28.34096867,30.04024398,25.64533781,26.37755785,25.74005661,27.24374589,27.98747114,28.27239587,29.6338616,29.63708238,29.78244569,27.22797258,27.47656024,26.79306388,29.98240113,29.82700475,30.36540479,30.17768746,29.57280488,29.82393476,27.41184158,27.17067516,27.39905265
PI 34:4|PI 16:2_18:2_Neg,20.83464055,21.08205806,21.2991076,25.76877885,25.66261461,25.79189435,19.80407425,20.51593398,20.39806135,25.4654833,26.06860373,25.86947455,25.22774471,25.47718812,25.05047045,20.3056899,19.76767636,20.76475516,19.78412715,20.72021453,21.03058681,25.61681606,26.05128679,25.85059352,16.72636657,17.09589375,17.01529094,25.97461759,25.27894115,25.8682334,24.23078672,23.68843104,25.50640693,16.90226191,15.35088922,13.79045368,20.78683927,21.71111633,22.00347875,25.46218806,25.56036038,25.70674069,19.58431706,19.82524455,19.58006318,25.87133201,25.24750654,26.17830233,25.64322054,25.22495767,25.61911809,19.73795777,19.68425652,19.61817885
PI 35:1|PI 17:0_18:1_Neg,21.74349306,22.27063524,22.72145639,21.86078654,20.98088461,22.11090743,21.51235026,22.27866737,22.26203714,21.23581522,21.69586217,21.95974688,21.78553367,22.28181865,21.71984357,21.81940159,21.91315777,21.87847928,23.72200381,23.37698694,23.50529665,22.02920392,21.01168068,21.91573196,23.58128956,23.28408954,23.38858856,22.44806622,21.93915544,21.75845573,22.24385336,23.01784935,22.0532258,24.26615515,23.29888428,23.85246457,21.65111065,22.08440498,22.66435402,20.89833379,21.71204786,21.86078654,22.57781464,22.86876511,22.43559344,21.32416913,21.76942873,22.50150836,21.76859056,21.00165869,22.33706324,22.66865808,22.94472898,23.17106529
PI 35:3|PI 17:1_18:2_Neg,22.13287766,22.30505881,22.7348649,25.510238,24.4381983,25.39873856,21.11331029,21.88072657,21.86078654,24.858416,25.01351937,25.33024853,24.8623421,24.67750384,24.52463234,21.42041032,20.88684702,21.6462715,23.2404954,23.25871161,23.33727102,25.1080604,24.99540349,25.49846712,22.20709404,22.61078854,22.22159233,25.66183408,24.46291176,25.28557805,24.43288199,23.31696795,25.34375604,21.62571203,21.71358522,21.41390052,21.83351797,22.73847072,23.13060208,24.41315042,25.23387728,25.40258283,21.76706696,22.11691497,21.50696516,24.9213503,25.01744111,25.86209011,24.5664432,24.33416668,25.21058855,21.60808762,21.66077306,21.98739986
PI 35:4|PI 17:2_18:2_Neg,17.26833984,18.11991417,18.88892926,23.97976541,23.23718628,23.6952881,17.03873582,17.65921174,17.27557647,23.54514186,23.63544661,23.89067968,23.28135505,23.2043489,22.88787155,16.42718209,16.10334988,17.58866241,18.86032249,19.19041087,19.64265777,23.63046624,23.79054148,24.17185285,15.33565135,17.04057154,16.61743304,24.33270841,23.08203578,24.16995963,22.57072358,21.33246718,23.85961932,15.15875499,13.93634127,14.15312946,17.71016807,19.25897131,19.49179983,22.86019447,23.54511312,23.86015454,15.53892995,16.90151043,16.06528217,23.39747085,23.43868342,24.60444465,23.08041353,22.92224247,23.71840103,16.99388852,15.93231675,17.01938297
PI 36:1|PI 18:0_18:1_Neg,24.75520116,25.40475684,25.69690158,24.56702756,24.53625819,24.65451756,24.25477601,24.82990286,24.75042063,24.71267343,24.50721895,25.20113517,25.70909192,26.3538117,25.86659915,24.63761713,24.21524118,24.53882293,27.38290882,26.72511953,26.68671787,24.82135481,24.5319077,24.75687099,27.01261856,26.03827274,26.77782818,25.94347761,25.90445657,24.78803921,25.89398644,27.34323273,25.6334516,27.2059771,25.69039613,26.51218545,24.49350964,24.77468352,25.621775,24.41729731,23.48869667,24.22314676,24.82386612,25.1208581,24.67182149,24.23944474,24.99291446,25.475104,25.94491779,24.90641048,24.93839238,25.15918794,25.2240613,25.21523823
PI 36:2|PI 18:1_18:1_A_Neg,24.93433036,25.09900004,25.30534418,25.03761689,24.79910107,25.28373187,23.47091554,23.76534799,23.7057412,25.22383313,25.60720354,25.63667367,26.03436767,25.95086491,25.48922357,23.42111232,22.91705267,23.62600374,25.07399058,25.0171369,25.0818488,25.24421158,25.71059541,24.92783037,24.07078266,24.2477541,24.50221787,25.77053271,25.39344384,24.82520712,25.24066545,25.22942077,25.97841696,24.08536321,23.41240779,23.74366872,24.92201238,25.25264491,25.78293017,24.9154878,25.14536141,24.95288987,23.49321792,23.99832882,23.75866404,25.35214653,25.66112097,25.74311145,26.02749193,25.49041478,25.98137668,23.3463002,23.22207851,23.60124859
PI 36:2|PI 18:1_18:1_B_Neg,28.22940266,28.20108814,28.56784761,27.34023629,27.11627332,27.65296878,26.64274723,26.83728183,26.94303767,28.27993957,28.04626829,28.17953758,29.27805693,29.32520208,29.06398912,26.98952278,26.39375146,26.73314817,29.94335429,29.811455,29.77655449,27.91523098,27.78735147,26.97432561,29.58687857,29.67785357,29.6521648,28.80546234,28.1102483,27.60471532,29.21992017,28.07269019,28.71426308,29.33136128,28.91732801,29.11757165,28.52798793,28.73306143,29.4040648,27.35701846,27.35600687,26.95621965,27.79845726,27.95374289,27.46052903,27.85608554,28.70444757,28.4452201,29.12783236,28.73664773,29.34068829,27.31131202,27.23715939,27.39397944
PI 36:3|PI 18:1_18:2_Neg,28.1034926,28.1426482,28.55469281,28.44166865,28.2848099,28.59216391,26.50285321,27.09455483,26.92350658,28.64324774,28.84259833,28.72070106,29.39663943,29.31702662,28.86707419,26.75885479,26.00053345,26.66281039,28.42479756,28.29938633,28.36971016,28.48094697,28.71788057,28.30104789,27.39393498,27.5302589,27.46960574,29.13349594,28.75023731,28.30578219,28.58426385,28.31230124,28.97753709,27.34331633,26.67613988,26.8932587,27.92822539,28.24353872,29.08882259,28.39000473,28.44025215,28.15830224,26.78609847,27.2095349,27.08647726,28.6764831,28.7573495,29.06554671,29.33149056,29.01750358,29.27969424,26.44166708,26.48164645,26.87033633
PI 36:4|PI 18:2_18:2_Neg,26.53429605,26.66135292,27.06533178,29.67334105,29.39750377,29.87024878,24.95876258,25.49234044,25.58989152,29.18891712,29.9385312,29.66931887,29.50145049,29.2679286,28.9468548,25.05177636,24.30776407,25.02271681,25.1047203,25.55584332,25.59470788,29.5243156,29.90655712,29.35599343,23.07040611,23.58295607,23.45887749,29.90473186,29.36938377,29.11294812,28.57562946,27.93714824,29.32776736,22.84727411,22.79651481,22.46119444,25.96810678,26.61539164,27.1811976,29.37998987,29.2065742,29.34272485,24.62727791,25.11154177,24.80522024,29.71488218,28.99095436,29.98664136,29.46378158,28.73226074,29.37087888,24.14771616,24.21717077,24.60265833
PI 38:3|PI 20:1_18:2_Neg,19.69268759,20.10342159,20.09961621,21.46450656,21.18893159,21.31284194,17.50433648,18.11117788,17.23745116,22.00772108,21.63174296,21.65698931,22.15264249,21.99616622,21.97125019,16.87267106,18.07489168,17.59038279,20.09806682,20.25940706,20.6707619,21.11625007,21.94445236,20.64450448,18.8600515,19.27911791,18.75397647,22.06351156,21.67021867,21.25088671,22.22845272,21.61118994,21.43503128,17.4707418,16.18243239,17.38201326,19.67849962,20.36926538,20.58787567,21.40852759,21.24199149,20.87820453,16.08587343,17.42091811,14.76835498,21.85245816,22.30906151,21.7778043,21.91046428,21.58329648,21.61035713,14.59572874,16.066308,14.07695328
PI 40:3|PI 22:0_18:3_Neg,21.40655138,21.11575868,21.22387706,21.73290833,19.74014271,20.60650072,21.53279774,21.48156491,22.16757567,19.75410063,21.86676291,21.98253792,20.73206125,20.69353922,21.34566812,22.25879243,21.94991003,21.2960624,21.97455644,21.20145516,21.95017479,20.09290761,21.29773027,21.39105948,21.0186502,21.19865059,21.54938995,20.27842389,21.03743825,20.15918426,20.91112882,20.63025834,20.87766059,22.09415962,22.50208335,22.32457255,21.55731245,20.99980238,21.01089042,20.05096444,20.97837237,20.42248906,22.84656253,22.96652561,21.96848572,22.03957268,21.71975544,20.85163604,19.79508151,19.45266481,21.50124832,23.40574901,22.07475144,21.91988285
PI 42:1|PI 24:0_18:1_Neg,21.83192101,21.90537052,21.83183758,18.62719451,19.8741938,19.47575854,21.40707069,21.53825393,21.46468296,19.19044923,18.80831185,19.03175781,18.5058804,18.84686843,19.54272136,21.39542436,21.73820523,21.17125699,22.75149579,22.2852551,22.69043959,19.18518508,18.37145911,19.5675945,23.24867095,22.15967971,22.89998754,19.1067341,18.6410524,19.61549508,20.61299904,20.6985753,18.80323383,23.82159765,22.71207951,23.51878156,19.56373552,18.8166981,19.46546449,19.07570525,18.13706343,19.51236855,19.72579703,20.39790854,19.85431405,19.08330538,19.6783359,18.88851308,18.68667978,18.58976899,18.20282724,20.43603557,20.36229576,20.3979889
PI 42:2|PI 24:0_18:2_Neg,20.90666672,21.00153207,21.14307442,19.2739353,20.28885133,19.81118683,20.4150149,20.49691919,20.47191414,20.27217207,19.30839426,19.45717233,19.36178303,19.06612861,19.68311458,19.70938562,20.69175451,19.62820608,19.77906469,19.7796228,19.79966029,19.47775841,19.34885584,19.5795328,19.05396045,17.54041694,19.25590543,19.4651477,19.32412213,20.49394537,20.33405724,20.50820212,19.09336321,18.28495115,18.29552508,18.88414866,17.9862401,17.34607561,17.90889695,19.97877315,18.6930531,19.59119866,16.994015,18.33508365,16.9346272,19.66765773,20.30135348,19.1170184,19.42981833,19.09951201,18.10134436,17.04239021,17.39149314,17.52047515
PI 44:1|PI 26:0_18:1_Neg,18.37658864,18.68021099,18.29223707,15.11683011,16.82252477,16.43207102,18.11510005,18.1577923,18.20894263,15.95775558,15.06128449,15.66474875,14.93382877,15.32457915,16.12699299,17.79939185,18.48851386,17.50455919,21.13628772,20.64738534,21.01087955,15.85522754,14.5135597,16.2311539,21.83118068,21.15259775,21.57539216,15.30364289,14.95255152,16.8636065,17.43927005,17.53839447,15.72962944,22.11017215,21.48738886,22.08616055,13.63074993,14.77618244,14.34224438,15.94628018,13.12386114,16.52721398,NA,NA,NA,15.73390574,16.39585853,14.70115484,14.58582846,NA,14.03240208,15.82927545,16.10007785,NA
PI 44:2_Neg,18.80792331,18.22039036,18.53570737,17.21281442,18.20762127,17.33246624,17.9877179,18.28206426,18.48338837,18.19131554,17.31936076,17.3722988,16.77308662,16.6233576,17.6273541,17.43367434,18.84271316,17.74374602,18.47739884,18.4496456,18.20674566,17.4732541,16.81362052,17.71635629,18.58796472,18.19701866,18.46439103,17.18476075,16.90302714,18.66896512,17.97166513,18.1514231,16.55765585,18.22802718,18.39280332,18.45458743,17.19430499,16.01218178,16.7830141,17.8450638,16.52583404,17.58820737,16.68170386,17.22151906,16.66045671,17.15470346,18.20068071,17.03363946,16.89218984,16.9848999,16.15199688,16.75614193,17.12789101,16.60768267
PI O-33:1|PI O-15:0_18:1_Neg,21.28163764,20.64138531,20.71674691,19.9262326,21.00626832,20.39069275,19.17852062,19.31147082,19.11434817,21.69724313,20.89438284,20.22337271,20.38916727,20.37841149,21.97275162,19.29864221,19.01390205,18.74310003,18.14683825,17.78118505,19.06491186,20.54736648,20.41400648,21.06893394,16.99777452,16.72784834,18.06571668,20.48883559,19.7867377,21.69963269,22.16887779,19.50122592,20.88855681,16.89100589,19.08880405,17.71752427,20.75562331,20.96339972,20.72360302,20.40176669,20.51627376,20.57948521,19.45981299,19.36428972,18.97452862,20.60419288,22.29800151,20.48040942,20.64211263,20.38658104,20.73201565,17.46504232,18.16894352,18.34302898
PI O-33:6_Neg,18.39662163,18.78036746,18.56176971,NA,NA,NA,20.89620643,21.00370374,20.73936109,NA,NA,NA,NA,NA,NA,21.71209977,21.40068272,21.79483023,16.88290733,NA,15.56297907,NA,11.59035658,NA,19.55886127,18.76601557,19.20767658,NA,NA,NA,NA,NA,NA,20.30962397,20.56187119,20.71154978,19.90657653,19.72718007,18.97476965,NA,NA,NA,21.44514082,21.53977084,21.14053922,NA,NA,NA,NA,NA,NA,22.08902703,21.69053458,21.52659171
PS 34:2|PS 16:0_18:2_Neg,26.15149708,26.20485334,26.66865396,24.49493384,24.91753382,24.44106697,26.56333812,27.51737709,27.42747772,26.3253905,24.23490015,23.96656256,23.64645148,23.72309062,26.0576219,27.12917262,27.81723334,27.49387262,24.13574613,21.01322176,23.53237752,24.74208157,24.37587178,24.86805629,22.31187304,21.60267347,24.4762749,23.78920731,23.6150067,26.50432823,25.27696767,23.5147145,24.13459793,23.42000066,25.55776837,25.63303926,24.48109358,25.66691409,25.32226951,25.13385766,24.17211236,24.04597563,26.23844768,26.50903804,22.6621159,23.85380671,25.57555449,24.57575476,24.38841965,23.99904177,23.44410416,27.08295653,26.59253594,23.85987379
PS 34:2|PS 16:1_18:1_Neg,26.15149708,26.20485334,26.66865383,24.48535327,24.91753382,24.46743461,26.56333812,27.51737718,27.42747781,26.31664364,24.20988091,23.96656256,23.64645148,22.42549742,26.04985059,27.12917246,27.81723349,27.49387262,24.04629013,24.51094383,23.53237752,24.74208157,24.37587169,24.85851576,26.23331403,25.45270519,24.4762749,23.0144713,23.68951707,26.50432823,24.14624666,23.51471436,24.13459793,27.3300909,25.40039128,25.60159593,24.48109358,25.66691424,25.32226951,25.11607243,24.17211236,24.04597553,26.23844768,26.5090379,26.14831564,23.85380671,25.57555449,24.57575462,24.37889209,23.99904177,23.47262238,27.08295644,26.59253594,27.30653554
PS 34:3|PS 16:1_18:2_Neg,21.92278386,21.6222564,22.24994467,22.1823797,22.47107562,21.75432002,22.19989999,23.24120172,23.1806529,23.61244527,20.35817406,20.43230702,20.43093142,20.04729846,22.8780706,22.65288612,23.25650926,23.05335315,18.5704072,20.58559854,19.013303,22.20011019,21.84040175,22.56031461,19.00828605,20.20745651,18.70477154,21.15940279,21.54613473,23.9086724,22.1108001,20.00213036,21.44826719,20.83157583,20.10047679,19.51829873,20.87106703,22.07238093,21.20366005,22.58843486,21.88285655,21.65285436,21.38693857,22.54752049,21.49756043,20.89975398,22.40865454,21.97700556,21.16775191,20.78373421,20.34404478,22.22482142,22.04122731,22.45670477
PS 36:3|PS 18:1_18:2_Neg,22.61169499,22.77838237,23.0667818,21.98267177,22.45638814,21.97283358,22.32581999,23.46162105,23.09587794,23.71902222,21.48080603,21.21566447,21.22852082,21.54422479,23.53040695,22.78054017,23.16434133,23.09623452,21.02336279,21.36093496,20.54867391,22.32770468,22.09703082,21.95455633,21.44080811,20.62900306,19.77234856,21.82265011,21.30159271,23.96449526,22.89641134,20.67416251,21.39254615,22.06462585,19.6110901,20.00427171,21.73443228,22.78970456,22.35999834,22.68912482,21.73646498,21.46151767,22.09450379,22.98908904,22.21782215,21.30838104,22.60753851,21.78317997,21.68453027,21.47825093,20.72586728,22.5546049,22.60482512,22.95847222
SM 36:1;2O_Neg,13.3765578,NA,NA,NA,NA,12.57239131,17.59957156,14.13061228,NA,NA,NA,NA,NA,NA,NA,NA,NA,NA,12.58132532,13.4327784,NA,NA,NA,14.40087446,NA,NA,NA,NA,NA,NA,NA,NA,NA,NA,NA,13.92202909,13.50545654,NA,NA,NA,NA,NA,NA,NA,NA,12.14737065,13.00963749,12.4636381,NA,NA,NA,13.85497157,NA,NA
ST 27:1;O;S_Neg,23.79084859,23.98853657,23.71117019,22.77203196,24.14059647,23.51640331,24.92214316,25.45067896,24.09928235,23.17074597,24.18219659,23.82102624,24.17691815,22.62016941,23.04512434,25.3017613,25.71303791,24.64711306,22.64983013,24.34524733,24.09314572,23.04341066,23.34289786,23.58333292,24.5854652,23.96121689,24.64917713,22.68197817,23.44826553,23.09950298,22.75669262,22.35284396,22.54195674,26.60759353,23.87466366,24.67881371,24.33123791,23.74578903,23.72162171,22.78894102,24.13042617,22.56132814,24.906457,25.22961482,24.15916984,23.20974856,22.89846535,23.43076812,22.60156439,23.7010555,23.72710245,24.88868959,24.19613741,24.22309523