,JGI_protID,YALI1_protID
0,1000,YALI1_B02228p
1,1001,YALI1_B02283p
2,1002,YALI1_B02345p
3,1003,YALI1_B02375p
4,1004,YALI1_B02415p
5,1005,YALI1_B02430p
6,1006,YALI1_B02465p
7,1007,YALI1_B02472p
8,1008,YALI1_B02487p
9,1009,YALI1_B02496p
10,100,YALI1_A02775p
11,1010,YALI1_B02506p
12,1011,YALI1_B02533p
13,1012,YALI1_B02550p
14,1013,YALI1_B02604p
15,1014,YALI1_B02637p
16,1015,YALI1_B02642p
17,1016,YALI1_B02672p
18,1017,YALI1_B02696p
19,1018,YALI1_B02717p
20,1019,YALI1_B02733p
21,101,YALI1_A02813p
22,1020,YALI1_B02767p
23,1021,YALI1_B02781p
24,1022,YALI1_B02806p
25,1023,YALI1_B02833p
26,1024,YALI1_B02850p
27,1025,YALI1_B02874p
28,1026,YALI1_B02881p
29,1027,YALI1_B02910p
30,1028,YALI1_B02931p
31,1029,YALI1_B02991p
32,102,YALI1_A02819p
33,1030,YALI1_B03021p
34,1031,YALI1_B03041p
35,1032,YALI1_B03043p
36,1033,YALI1_B03085p
37,1034,YALI1_B03120p
38,1035,YALI1_B03168p
39,1036,YALI1_B03198p
40,1037,YALI1_B03225p
41,1038,YALI1_B03288p
42,1039,YALI1_B03290p
43,103,YALI1_A02833p
44,1040,YALI1_B03299p
45,1041,YALI1_B03314p
46,1042,YALI1_B03324p
47,1043,YALI1_B03335p
48,1044,YALI1_B03404p
49,1045,YALI1_B03429p
50,1046,YALI1_B03516p
51,1047,YALI1_B03556p
52,1048,YALI1_B03610p
53,1049,YALI1_B03644p
54,104,YALI1_A02875p
55,1050,YALI1_B03673p
56,1051,YALI1_B03719p
57,1052,YALI1_B03761p
58,1053,YALI1_B03797p
59,1054,YALI1_B03807p
60,1055,YALI1_B03832p
61,1056,YALI1_B03853p
62,1057,YALI1_B03910p
63,1058,YALI1_B03963p
64,1059,YALI1_B03979p
65,105,YALI1_A02895p
66,1060,YALI1_B04007p
67,1061,YALI1_B04032p
68,1062,YALI1_B04068p
69,1063,YALI1_B04123p
70,1064,YALI1_B04138p
71,1065,YALI1_B04200p
72,1066,YALI1_B04212p
73,1067,YALI1_B04228p
74,1068,YALI1_B04248p
75,1069,YALI1_B04274p
76,106,YALI1_A02947p
77,1070,YALI1_B04309p
78,1071,YALI1_B04321p
79,1072,YALI1_B04370p
80,1073,YALI1_B04391p
81,1074,YALI1_B04433p
82,1075,YALI1_B04466p
83,1076,YALI1_B04470p
84,1077,YALI1_B04497p
85,1078,YALI1_B04502p
86,1079,YALI1_B04523p
87,107,YALI1_A02974p
88,1080,YALI1_B04540p
89,1081,YALI1_B04559p
90,1082,YALI1_B04577p
91,1083,YALI1_B04579p
92,1084,YALI1_B04589p
93,1085,YALI1_B04637p
94,1086,YALI1_B04663p
95,1087,YALI1_B04690p
96,1088,YALI1_B04703p
97,1089,YALI1_B04747p
98,108,YALI1_A02977p
99,1090,YALI1_B04753p
100,1091,YALI1_B04759p
101,1092,YALI1_B04779p
102,1093,YALI1_B04781p
103,1094,YALI1_B04803p
104,1095,YALI1_B04831p
105,1096,YALI1_B04853p
106,1097,YALI1_B04873p
107,1098,YALI1_B04901p
108,1099,YALI1_B04937p
109,109,YALI1_A02998p
110,10,YALI1_A00252p
111,1100,YALI1_B04947p
112,1101,YALI1_B04950p
113,1102,YALI1_B04974p
114,1103,YALI1_B05005p
115,1104,YALI1_B05024p
116,1105,YALI1_B05043p
117,1106,YALI1_B05072p
118,1107,YALI1_B05106p
119,1108,YALI1_B05185p
120,1109,YALI1_B05226p
121,110,YALI1_A03017p
122,1110,YALI1_B05242p
123,1111,YALI1_B05282p
124,1112,YALI1_B05295p
125,1113,YALI1_B05313p
126,1114,YALI1_B05350p
127,1115,YALI1_B05364p
128,1116,YALI1_B05404p
129,1117,YALI1_B05420p
130,1118,YALI1_B05438p
131,1119,YALI1_B05454p
132,111,YALI1_A03029p
133,1120,YALI1_B05483p
134,1121,YALI1_B05497p
135,1122,YALI1_B05520p
136,1123,YALI1_B05522p
137,1124,YALI1_B05571p
138,1125,YALI1_B05609p
139,1126,YALI1_B05639p
140,1127,YALI1_B05646p
141,1128,YALI1_B05690p
142,1129,YALI1_B05698p
143,112,YALI1_A03069p
144,1130,YALI1_B05711p
145,1131,YALI1_B05730p
146,1132,YALI1_B05762p
147,1133,YALI1_B05782p
148,1134,YALI1_B05798p
149,1135,YALI1_B05830p
150,1136,YALI1_B05832p
151,1137,YALI1_B05891p
152,1138,YALI1_B05947p
153,1139,YALI1_B05954p
154,113,YALI1_A03081p
155,1140,YALI1_B05964p
156,1141,YALI1_B05971p
157,1142,YALI1_B05984p
158,1143,YALI1_B05995p
159,1144,YALI1_B06015p
160,1145,YALI1_B06028p
161,1146,YALI1_B06089p
162,1147,YALI1_B06110p
163,1148,YALI1_B06134p
164,1149,YALI1_B06141p
165,114,YALI1_A03091p
166,1150,YALI1_B06146p
167,1151,YALI1_B06207p
168,1152,YALI1_B06245p
169,1153,YALI1_B06264p
170,1154,YALI1_B06315p
171,1155,YALI1_B06324p
172,1156,YALI1_B06328p
173,1157,YALI1_B06340p
174,1158,YALI1_B06447p
175,1159,YALI1_B06487p
176,115,YALI1_A03116p
177,1160,YALI1_B06489p
178,1161,YALI1_B06508p
179,1162,YALI1_B06514p
180,1163,YALI1_B06537p
181,1164,YALI1_B06546p
182,1165,YALI1_B06607p
183,1166,YALI1_B06613p
184,1167,YALI1_B06620p
185,1168,YALI1_B06628p
186,1169,YALI1_B06635p
187,116,YALI1_A03137p
188,1170,YALI1_B06640p
189,1171,YALI1_B06644p
190,1172,YALI1_B06704p
191,1173,YALI1_B06726p
192,1174,YALI1_B06735p
193,1175,YALI1_B06745p
194,1176,YALI1_B06776p
195,1177,YALI1_B06809p
196,1178,YALI1_B06839p
197,1179,YALI1_B06847p
198,117,YALI1_A03153p
199,1180,YALI1_B06866p
200,1181,YALI1_B06885p
201,1182,YALI1_B06928p
202,1183,YALI1_B06969p
203,1184,YALI1_B07043p
204,1185,YALI1_B07076p
205,1186,YALI1_B07094p
206,1187,YALI1_B07134p
207,1188,YALI1_B07162p
208,1189,YALI1_B07203p
209,118,YALI1_A03170p
210,1190,YALI1_B07210p
211,1191,YALI1_B07220p
212,1192,YALI1_B07271p
213,1193,YALI1_B07284p
214,1194,YALI1_B07295p
215,1195,YALI1_B07331p
216,1196,YALI1_B07366p
217,1197,YALI1_B07374p
218,1198,YALI1_B07399p
219,1199,YALI1_B07413p
220,119,YALI1_A03183p
221,11,YALI1_A00309p
222,1200,YALI1_B07444p
223,1201,YALI1_B07500p
224,1202,YALI1_B07538p
225,1203,YALI1_B07549p
226,1204,YALI1_B07578p
227,1205,YALI1_B07598p
228,1206,YALI1_B07652p
229,1207,YALI1_B07675p
230,1208,YALI1_B07696p
231,1209,YALI1_B07735p
232,120,YALI1_A03210p
233,1210,YALI1_B07762p
234,1211,YALI1_B07769p
235,1212,YALI1_B07786p
236,1213,YALI1_B07809p
237,1214,YALI1_B07843p
238,1215,YALI1_B07852p
239,1216,YALI1_B07853p
240,1217,YALI1_B07864p
241,1218,YALI1_B07915p
242,1219,YALI1_B07937p
243,121,YALI1_A03258p
244,1220,YALI1_B07957p
245,1221,YALI1_B07983p
246,1222,YALI1_B08094p
247,1223,YALI1_B08102p
248,1224,YALI1_B08123p
249,1225,YALI1_B08134p
250,1226,YALI1_B08156p
251,1227,YALI1_B08186p
252,1228,YALI1_B08193p
253,1229,YALI1_B08207p
254,122,YALI1_A03278p
255,1230,YALI1_B08214p
256,1231,YALI1_B08247p
257,1232,YALI1_B08263p
258,1233,YALI1_B08321p
259,1234,YALI1_B08374p
260,1235,YALI1_B08401p
261,1236,YALI1_B08438p
262,1237,YALI1_B08461p
263,1238,YALI1_B08493p
264,1239,YALI1_B08531p
265,123,YALI1_A03289p
266,1240,YALI1_B08540p
267,1241,YALI1_B08575p
268,1242,YALI1_B08580p
269,1243,YALI1_B08588p
270,1244,YALI1_B08616p
271,1245,YALI1_B08627p
272,1246,YALI1_B08650p
273,1247,YALI1_B08699p
274,1248,YALI1_B08721p
275,1249,YALI1_B08758p
276,124,YALI1_A03300p
277,1250,YALI1_B08783p
278,1251,YALI1_B08801p
279,1252,YALI1_B08817p
280,1253,YALI1_B08831p
281,1254,YALI1_B08851p
282,1255,YALI1_B08868p
283,1256,YALI1_B08885p
284,1257,YALI1_B08898p
285,1258,YALI1_B08975p
286,1259,YALI1_B08978p
287,125,YALI1_A03322p
288,1260,YALI1_B09002p
289,1261,YALI1_B09025p
290,1262,YALI1_B09044p
291,1263,YALI1_B09072p
292,1264,YALI1_B09090p
293,1265,YALI1_B09117p
294,1266,YALI1_B09132p
295,1267,YALI1_B09144p
296,1268,YALI1_B09161p
297,1269,YALI1_B09181p
298,126,YALI1_A03351p
299,1270,YALI1_B09211p
300,1271,YALI1_B09258p
301,1272,YALI1_B09266p
302,1273,YALI1_B09279p
303,1274,YALI1_B09299p
304,1275,YALI1_B09310p
305,1276,YALI1_B09316p
306,1277,YALI1_B09320p
307,1278,YALI1_B09333p
308,1279,YALI1_B09367p
309,127,YALI1_A03356p
310,1280,YALI1_B09426p
311,1281,YALI1_B09448p
312,1282,YALI1_B09476p
313,1283,YALI1_B09497p
314,1284,YALI1_B09518p
315,1285,YALI1_B09568p
316,1286,YALI1_B09580p
317,1287,YALI1_B09591p
318,1288,YALI1_B09592p
319,1289,YALI1_B09708p
320,128,YALI1_A03396p
321,1290,YALI1_B09807p
322,1291,YALI1_B09837p
323,1292,YALI1_B09871p
324,1293,YALI1_B09894p
325,1294,YALI1_B09929p
326,1295,YALI1_B09931p
327,1296,YALI1_B09957p
328,1297,YALI1_B09993p
329,1298,YALI1_B09994p
330,1299,YALI1_B10032p
331,129,YALI1_A03402p
332,12,YALI1_A00325p
333,1300,YALI1_B10094p
334,1301,YALI1_B10119p
335,1302,YALI1_B10130p
336,1303,YALI1_B10145p
337,1304,YALI1_B10170p
338,1305,YALI1_B10182p
339,1306,YALI1_B10185p
340,1307,YALI1_B10231p
341,1308,YALI1_B10263p
342,1309,YALI1_B10288p
343,130,YALI1_A03422p
344,1310,YALI1_B10359p
345,1311,YALI1_B10424p
346,1312,YALI1_B10437p
347,1313,YALI1_B10449p
348,1314,YALI1_B10463p
349,1315,YALI1_B10525p
350,1316,YALI1_B10552p
351,1317,YALI1_B10582p
352,1318,YALI1_B10607p
353,1319,YALI1_B10635p
354,131,YALI1_A03442p
355,1320,YALI1_B10751p
356,1321,YALI1_B10757p
357,1322,YALI1_B10762p
358,1323,YALI1_B10773p
359,1324,YALI1_B10780p
360,1325,YALI1_B10782p
361,1326,YALI1_B10813p
362,1327,YALI1_B10891p
363,1328,YALI1_B10933p
364,1329,YALI1_B10943p
365,132,YALI1_A03450p
366,1330,YALI1_B10990p
367,1331,YALI1_B11034p
368,1332,YALI1_B11083p
369,1333,YALI1_B11111p
370,1334,YALI1_B11120p
371,1335,YALI1_B11131p
372,1336,YALI1_B11167p
373,1337,YALI1_B11183p
374,1338,YALI1_B11200p
375,1339,YALI1_B11388p
376,133,YALI1_A03487p
377,1340,YALI1_B11398p
378,1341,YALI1_B11402p
379,1342,YALI1_B11415p
380,1343,YALI1_B11448p
381,1344,YALI1_B11484p
382,1345,YALI1_B11495p
383,1346,YALI1_B11519p
384,1347,YALI1_B11532p
385,1348,YALI1_B11577p
386,1349,YALI1_B11588p
387,134,YALI1_A03507p
388,1350,YALI1_B11593p
389,1351,YALI1_B11607p
390,1352,YALI1_B11625p
391,1353,YALI1_B11648p
392,1354,YALI1_B11681p
393,1355,YALI1_B11715p
394,1356,YALI1_B11719p
395,1357,YALI1_B11729p
396,1358,YALI1_B11759p
397,1359,YALI1_B11781p
398,135,YALI1_A03512p
399,1360,YALI1_B11794p
400,1361,YALI1_B11853p
401,1362,YALI1_B11878p
402,1363,YALI1_B11916p
403,1364,YALI1_B11934p
404,1365,YALI1_B11960p
405,1366,YALI1_B11978p
406,1367,YALI1_B11983p
407,1368,YALI1_B12010p
408,1369,YALI1_B12042p
409,136,YALI1_A03549p
410,1370,YALI1_B12057p
411,1371,YALI1_B12101p
412,1372,YALI1_B12150p
413,1373,YALI1_B12154p
414,1374,YALI1_B12195p
415,1375,YALI1_B12204p
416,1376,YALI1_B12243p
417,1377,YALI1_B12267p
418,1378,YALI1_B12295p
419,1379,YALI1_B12313p
420,137,YALI1_A03567p
421,1380,YALI1_B12337p
422,1381,YALI1_B12375p
423,1382,YALI1_B12384p
424,1383,YALI1_B12409p
425,1384,YALI1_B12427p
426,1385,YALI1_B12443p
427,1386,YALI1_B12451p
428,1387,YALI1_B12489p
429,1388,YALI1_B12529p
430,1389,YALI1_B12633p
431,138,YALI1_A03579p
432,1390,YALI1_B12677p
433,1391,YALI1_B12691p
434,1392,YALI1_B12714p
435,1393,YALI1_B12742p
436,1394,YALI1_B12781p
437,1395,YALI1_B12847p
438,1396,YALI1_B12874p
439,1397,YALI1_B12917p
440,1398,YALI1_B12966p
441,1399,YALI1_B12970p
442,139,YALI1_A03599p
443,13,YALI1_A00375p
444,1400,YALI1_B12993p
445,1401,YALI1_B13041p
446,1402,YALI1_B13069p
447,1403,YALI1_B13112p
448,1404,YALI1_B13122p
449,1405,YALI1_B13137p
450,1406,YALI1_B13150p
451,1407,YALI1_B13179p
452,1408,YALI1_B13259p
453,1409,YALI1_B13290p
454,140,YALI1_A03624p
455,1410,YALI1_B13328p
456,1411,YALI1_B13355p
457,1412,YALI1_B13401p
458,1413,YALI1_B13411p
459,1414,YALI1_B13439p
460,1415,YALI1_B13483p
461,1416,YALI1_B13536p
462,1417,YALI1_B13556p
463,1418,YALI1_B13586p
464,1419,YALI1_B13614p
465,141,YALI1_A03669p
466,1420,YALI1_B13641p
467,1421,YALI1_B13662p
468,1422,YALI1_B13699p
469,1423,YALI1_B13723p
470,1424,YALI1_B13737p
471,1425,YALI1_B13800p
472,1426,YALI1_B13828p
473,1427,YALI1_B13886p
474,1428,YALI1_B13888p
475,1429,YALI1_B13915p
476,142,YALI1_A03688p
477,1430,YALI1_B13917p
478,1431,YALI1_B13948p
479,1432,YALI1_B13973p
480,1433,YALI1_B14013p
481,1434,YALI1_B14044p
482,1435,YALI1_B14064p
483,1436,YALI1_B14121p
484,1437,YALI1_B14147p
485,1438,YALI1_B14150p
486,1439,YALI1_B14187p
487,143,YALI1_A03721p
488,1440,YALI1_B14194p
489,1441,YALI1_B14236p
490,1442,YALI1_B14238p
491,1443,YALI1_B14268p
492,1444,YALI1_B14292p
493,1445,YALI1_B14308p
494,1446,YALI1_B14325p
495,1447,YALI1_B14355p
496,1448,YALI1_B14382p
497,1449,YALI1_B14418p
498,144,YALI1_A03757p
499,1450,YALI1_B14441p
500,1451,YALI1_B14492p
501,1452,YALI1_B14510p
502,1453,YALI1_B14517p
503,1454,YALI1_B14544p
504,1455,YALI1_B14573p
505,1456,YALI1_B14600p
506,1457,YALI1_B14615p
507,1458,YALI1_B14645p
508,1459,YALI1_B14658p
509,145,YALI1_A03763p
510,1460,YALI1_B14680p
511,1461,YALI1_B14686p
512,1462,YALI1_B14733p
513,1463,YALI1_B14752p
514,1464,YALI1_B14793p
515,1465,YALI1_B14804p
516,1466,YALI1_B14826p
517,1467,YALI1_B14844p
518,1468,YALI1_B14882p
519,1469,YALI1_B14924p
520,146,YALI1_A03803p
521,1470,YALI1_B14948p
522,1471,YALI1_B14959p
523,1472,YALI1_B14978p
524,1473,YALI1_B14993p
525,1474,YALI1_B15015p
526,1475,YALI1_B15036p
527,1476,YALI1_B15072p
528,1477,YALI1_B15092p
529,1478,YALI1_B15109p
530,1479,YALI1_B15151p
531,147,YALI1_A03809p
532,1480,YALI1_B15180p
533,1481,YALI1_B15192p
534,1482,YALI1_B15237p
535,1483,YALI1_B15275p
536,1484,YALI1_B15301p
537,1485,YALI1_B15307p
538,1486,YALI1_B15310p
539,1487,YALI1_B15346p
540,1488,YALI1_B15380p
541,1489,YALI1_B15420p
542,148,YALI1_A03815p
543,1490,YALI1_B15440p
544,1491,YALI1_B15460p
545,1492,YALI1_B15475p
546,1493,YALI1_B15482p
547,1494,YALI1_B15509p
548,1495,YALI1_B15521p
549,1496,YALI1_B15560p
550,1497,YALI1_B15587p
551,1498,YALI1_B15592p
552,1499,YALI1_B15624p
553,149,YALI1_A03837p
554,14,YALI1_A00406p
555,1500,YALI1_B15655p
556,1501,YALI1_B15670p
557,1502,YALI1_B15692p
558,1503,YALI1_B15703p
559,1504,YALI1_B15706p
560,1505,YALI1_B15733p
561,1506,YALI1_B15742p
562,1507,YALI1_B15792p
563,1508,YALI1_B15852p
564,1509,YALI1_B15887p
565,150,YALI1_A03842p
566,1510,YALI1_B15905p
567,1511,YALI1_B15928p
568,1512,YALI1_B15943p
569,1513,YALI1_B15964p
570,1514,YALI1_B15988p
571,1515,YALI1_B15996p
572,1516,YALI1_B16022p
573,1517,YALI1_B16068p
574,1518,YALI1_B16087p
575,1519,YALI1_B16110p
576,151,YALI1_A03857p
577,1520,YALI1_B16158p
578,1521,YALI1_B16194p
579,1522,YALI1_B16239p
580,1523,YALI1_B16255p
581,1524,YALI1_B16277p
582,1525,YALI1_B16309p
583,1526,YALI1_B16318p
584,1527,YALI1_B16375p
585,1528,YALI1_B16410p
586,1529,YALI1_B16419p
587,152,YALI1_A03883p
588,1530,YALI1_B16446p
589,1531,YALI1_B16477p
590,1532,YALI1_B16504p
591,1533,YALI1_B16544p
592,1534,YALI1_B16566p
593,1535,YALI1_B16572p
594,1536,YALI1_B16578p
595,1537,YALI1_B16584p
596,1538,YALI1_B16645p
597,1539,YALI1_B16687p
598,153,YALI1_A03900p
599,1540,YALI1_B16705p
600,1541,YALI1_B16735p
601,1542,YALI1_B16808p
602,1543,YALI1_B16863p
603,1544,YALI1_B16922p
604,1545,YALI1_B16944p
605,1546,YALI1_B16968p
606,1547,YALI1_B16996p
607,1548,YALI1_B17008p
608,1549,YALI1_B17039p
609,154,YALI1_A03907p
610,1550,YALI1_B17050p
611,1551,YALI1_B17105p
612,1552,YALI1_B17112p
613,1553,YALI1_B17132p
614,1554,YALI1_B17155p
615,1555,YALI1_B17214p
616,1556,YALI1_B17261p
617,1557,YALI1_B17285p
618,1558,YALI1_B17292p
619,1559,YALI1_B17299p
620,155,YALI1_A03937p
621,1560,YALI1_B17363p
622,1561,YALI1_B17406p
623,1562,YALI1_B17441p
624,1563,YALI1_B17468p
625,1564,YALI1_B17493p
626,1565,YALI1_B17518p
627,1566,YALI1_B17569p
628,1567,YALI1_B17592p
629,1568,YALI1_B17660p
630,1569,YALI1_B17695p
631,156,YALI1_A03964p
632,1570,YALI1_B17724p
633,1571,YALI1_B17773p
634,1572,YALI1_B17805p
635,1573,YALI1_B17838p
636,1574,YALI1_B17853p
637,1575,YALI1_B17871p
638,1576,YALI1_B17908p
639,1577,YALI1_B17927p
640,1578,YALI1_B17964p
641,1579,YALI1_B17968p
642,157,YALI1_A04006p
643,1580,YALI1_B17990p
644,1581,YALI1_B17998p
645,1582,YALI1_B18012p
646,1583,YALI1_B18069p
647,1584,YALI1_B18134p
648,1585,YALI1_B18190p
649,1586,YALI1_B18205p
650,1587,YALI1_B18207p
651,1588,YALI1_B18236p
652,1589,YALI1_B18260p
653,158,YALI1_A04022p
654,1590,YALI1_B18265p
655,1591,YALI1_B18292p
656,1592,YALI1_B18311p
657,1593,YALI1_B18347p
658,1594,YALI1_B18368p
659,1595,YALI1_B18375p
660,1596,YALI1_B18384p
661,1597,YALI1_B18391p
662,1598,YALI1_B18451p
663,1599,YALI1_B18460p
664,159,YALI1_A04044p
665,15,YALI1_A00447p
666,1600,YALI1_B18472p
667,1601,YALI1_B18499p
668,1602,YALI1_B18536p
669,1603,YALI1_B18572p
670,1604,YALI1_B18607p
671,1605,YALI1_B18613p
672,1606,YALI1_B18631p
673,1607,YALI1_B18645p
674,1608,YALI1_B18687p
675,1609,YALI1_B18707p
676,160,YALI1_A04071p
677,1610,YALI1_B18727p
678,1611,YALI1_B18741p
679,1612,YALI1_B18764p
680,1613,YALI1_B18798p
681,1614,YALI1_B18811p
682,1615,YALI1_B18845p
683,1616,YALI1_B18854p
684,1617,YALI1_B18887p
685,1618,YALI1_B18902p
686,1619,YALI1_B18921p
687,161,YALI1_A04109p
688,1620,YALI1_B18930p
689,1621,YALI1_B18955p
690,1622,YALI1_B18971p
691,1623,YALI1_B18975p
692,1624,YALI1_B19021p
693,1625,YALI1_B19044p
694,1626,YALI1_B19079p
695,1627,YALI1_B19107p
696,1628,YALI1_B19120p
697,1629,YALI1_B19153p
698,162,YALI1_A04119p
699,1630,YALI1_B19205p
700,1631,YALI1_B19217p
701,1632,YALI1_B19276p
702,1633,YALI1_B19290p
703,1634,YALI1_B19323p
704,1635,YALI1_B19326p
705,1636,YALI1_B19336p
706,1637,YALI1_B19348p
707,1638,YALI1_B19388p
708,1639,YALI1_B19390p
709,163,YALI1_A04164p
710,1640,YALI1_B19429p
711,1641,YALI1_B19453p
712,1642,YALI1_B19485p
713,1643,YALI1_B19490p
714,1644,YALI1_B19507p
715,1645,YALI1_B19520p
716,1646,YALI1_B19567p
717,1647,YALI1_B19576p
718,1648,YALI1_B19602p
719,1649,YALI1_B19668p
720,164,YALI1_A04178p
721,1650,YALI1_B19713p
722,1651,YALI1_B19747p
723,1652,YALI1_B19774p
724,1653,YALI1_B19844p
725,1654,YALI1_B19856p
726,1655,YALI1_B19877p
727,1656,YALI1_B19880p
728,1657,YALI1_B19897p
729,1658,YALI1_B19932p
730,1659,YALI1_B19962p
731,165,YALI1_A04261p
732,1660,YALI1_B20009p
733,1661,YALI1_B20043p
734,1662,YALI1_B20052p
735,1663,YALI1_B20094p
736,1664,YALI1_B20108p
737,1665,YALI1_B20130p
738,1666,YALI1_B20145p
739,1667,YALI1_B20153p
740,1668,YALI1_B20188p
741,1669,YALI1_B20192p
742,166,YALI1_A04309p
743,1670,YALI1_B20205p
744,1671,YALI1_B20242p
745,1672,YALI1_B20243p
746,1673,YALI1_B20276p
747,1674,YALI1_B20289p
748,1675,YALI1_B20319p
749,1676,YALI1_B20337p
750,1677,YALI1_B20359p
751,1678,YALI1_B20378p
752,1679,YALI1_B20399p
753,167,YALI1_A04332p
754,1680,YALI1_B20407p
755,1681,YALI1_B20416p
756,1682,YALI1_B20462p
757,1683,YALI1_B20493p
758,1684,YALI1_B20521p
759,1685,YALI1_B20527p
760,1686,YALI1_B20577p
761,1687,YALI1_B20589p
762,1688,YALI1_B20634p
763,1689,YALI1_B20709p
764,168,YALI1_A04341p
765,1690,YALI1_B20717p
766,1691,YALI1_B20730p
767,1692,YALI1_B20765p
768,1693,YALI1_B20777p
769,1694,YALI1_B20802p
770,1695,YALI1_B20834p
771,1696,YALI1_B20835p
772,1697,YALI1_B20870p
773,1698,YALI1_B20887p
774,1699,YALI1_B20919p
775,169,YALI1_A04385p
776,16,YALI1_A00468p
777,1700,YALI1_B20935p
778,1701,YALI1_B20968p
779,1702,YALI1_B20992p
780,1703,YALI1_B21004p
781,1704,YALI1_B21030p
782,1705,YALI1_B21042p
783,1706,YALI1_B21043p
784,1707,YALI1_B21070p
785,1708,YALI1_B21088p
786,1709,YALI1_B21104p
787,170,YALI1_A04415p
788,1710,YALI1_B21114p
789,1711,YALI1_B21134p
790,1712,YALI1_B21155p
791,1713,YALI1_B21194p
792,1714,YALI1_B21208p
793,1715,YALI1_B21250p
794,1716,YALI1_B21275p
795,1717,YALI1_B21313p
796,1718,YALI1_B21323p
797,1719,YALI1_B21356p
798,171,YALI1_A04462p
799,1720,YALI1_B21381p
800,1721,YALI1_B21423p
801,1722,YALI1_B21432p
802,1723,YALI1_B21466p
803,1724,YALI1_B21493p
804,1725,YALI1_B21538p
805,1726,YALI1_B21562p
806,1727,YALI1_B21594p
807,1728,YALI1_B21618p
808,1729,YALI1_B21628p
809,172,YALI1_A04495p
810,1730,YALI1_B21675p
811,1731,YALI1_B21714p
812,1732,YALI1_B21737p
813,1733,YALI1_B21774p
814,1734,YALI1_B21787p
815,1735,YALI1_B21798p
816,1736,YALI1_B21816p
817,1737,YALI1_B21819p
818,1738,YALI1_B21855p
819,1739,YALI1_B21885p
820,173,YALI1_A04533p
821,1740,YALI1_B21935p
822,1741,YALI1_B21946p
823,1742,YALI1_B21966p
824,1743,YALI1_B22015p
825,1744,YALI1_B22020p
826,1745,YALI1_B22055p
827,1746,YALI1_B22060p
828,1747,YALI1_B22088p
829,1748,YALI1_B22109p
830,1749,YALI1_B22158p
831,174,YALI1_A04561p
832,1750,YALI1_B22259p
833,1751,YALI1_B22266p
834,1752,YALI1_B22276p
835,1753,YALI1_B22321p
836,1754,YALI1_B22351p
837,1755,YALI1_B22372p
838,1756,YALI1_B22375p
839,1757,YALI1_B22391p
840,1758,YALI1_B22410p
841,1759,YALI1_B22414p
842,175,YALI1_A04576p
843,1760,YALI1_B22452p
844,1761,YALI1_B22499p
845,1762,YALI1_B22512p
846,1763,YALI1_B22533p
847,1764,YALI1_B22549p
848,1765,YALI1_B22561p
849,1766,YALI1_B22598p
850,1767,YALI1_B22614p
851,1768,YALI1_B22638p
852,1769,YALI1_B22645p
853,176,YALI1_A04620p
854,1770,YALI1_B22667p
855,1771,YALI1_B22677p
856,1772,YALI1_B22697p
857,1773,YALI1_B22721p
858,1774,YALI1_B22747p
859,1775,YALI1_B22793p
860,1776,YALI1_B22820p
861,1777,YALI1_B22853p
862,1778,YALI1_B22883p
863,1779,YALI1_B22905p
864,177,YALI1_A04653p
865,1780,YALI1_B22908p
866,1781,YALI1_B22938p
867,1782,YALI1_B23017p
868,1783,YALI1_B23055p
869,1784,YALI1_B23061p
870,1785,YALI1_B23077p
871,1786,YALI1_B23153p
872,1787,YALI1_B23176p
873,1788,YALI1_B23201p
874,1789,YALI1_B23237p
875,178,YALI1_A04661p
876,1790,YALI1_B23300p
877,1791,YALI1_B23338p
878,1792,YALI1_B23351p
879,1793,YALI1_B23373p
880,1794,YALI1_B23385p
881,1795,YALI1_B23420p
882,1796,YALI1_B23440p
883,1797,YALI1_B23443p
884,1798,YALI1_B23447p
885,1799,YALI1_B23467p
886,179,YALI1_A04676p
887,17,YALI1_A00504p
888,1800,YALI1_B23515p
889,1801,YALI1_B23522p
890,1802,YALI1_B23554p
891,1803,YALI1_B23579p
892,1804,YALI1_B23603p
893,1805,YALI1_B23609p
894,1806,YALI1_B23622p
895,1807,YALI1_B23677p
896,1808,YALI1_B23708p
897,1809,YALI1_B23729p
898,180,YALI1_A04715p
899,1810,YALI1_B23744p
900,1811,YALI1_B23771p
901,1812,YALI1_B23794p
902,1813,YALI1_B23798p
903,1814,YALI1_B23834p
904,1815,YALI1_B23866p
905,1816,YALI1_B23879p
906,1817,YALI1_B23933p
907,1818,YALI1_B23939p
908,1819,YALI1_B23966p
909,181,YALI1_A04742p
910,1820,YALI1_B23981p
911,1821,YALI1_B24018p
912,1822,YALI1_B24043p
913,1823,YALI1_B24051p
914,1824,YALI1_B24129p
915,1825,YALI1_B24185p
916,1826,YALI1_B24214p
917,1827,YALI1_B24218p
918,1828,YALI1_B24252p
919,1829,YALI1_B24264p
920,182,YALI1_A04781p
921,1830,YALI1_B24280p
922,1831,YALI1_B24292p
923,1832,YALI1_B24335p
924,1833,YALI1_B24351p
925,1834,YALI1_B24424p
926,1835,YALI1_B24446p
927,1836,YALI1_B24471p
928,1837,YALI1_B24502p
929,1838,YALI1_B24564p
930,1839,YALI1_B24606p
931,183,YALI1_A04795p
932,1840,YALI1_B24638p
933,1841,YALI1_B24654p
934,1842,YALI1_B24672p
935,1843,YALI1_B24714p
936,1844,YALI1_B24758p
937,1845,YALI1_B24836p
938,1846,YALI1_B24901p
939,1847,YALI1_B24936p
940,1848,YALI1_B24970p
941,1849,YALI1_B24997p
942,184,YALI1_A04815p
943,1850,YALI1_B25004p
944,1851,YALI1_B25017p
945,1852,YALI1_B25062p
946,1853,YALI1_B25077p
947,1854,YALI1_B25087p
948,1855,YALI1_B25107p
949,1856,YALI1_B25136p
950,1857,YALI1_B25187p
951,1858,YALI1_B25223p
952,1859,YALI1_B25258p
953,185,YALI1_A04817p
954,1860,YALI1_B25313p
955,1861,YALI1_B25319p
956,1862,YALI1_B25322p
957,1863,YALI1_B25334p
958,1864,YALI1_B25360p
959,1865,YALI1_B25387p
960,1866,YALI1_B25395p
961,1867,YALI1_B25427p
962,1868,YALI1_B25484p
963,1869,YALI1_B25495p
964,186,YALI1_A04848p
965,1870,YALI1_B25506p
966,1871,YALI1_B25553p
967,1872,YALI1_B25593p
968,1873,YALI1_B25603p
969,1874,YALI1_B25676p
970,1875,YALI1_B25734p
971,1876,YALI1_B25744p
972,1877,YALI1_B25762p
973,1878,YALI1_B25795p
974,1879,YALI1_B25798p
975,187,YALI1_A04859p
976,1880,YALI1_B25833p
977,1881,YALI1_B25868p
978,1882,YALI1_B25906p
979,1883,YALI1_B25952p
980,1884,YALI1_B25963p
981,1885,YALI1_B25988p
982,1886,YALI1_B25997p
983,1887,YALI1_B26033p
984,1888,YALI1_B26112p
985,1889,YALI1_B26153p
986,188,YALI1_A04864p
987,1890,YALI1_B26175p
988,1891,YALI1_B26205p
989,1892,YALI1_B26235p
990,1893,YALI1_B26271p
991,1894,YALI1_B26322p
992,1895,YALI1_B26350p
993,1896,YALI1_B26377p
994,1897,YALI1_B26430p
995,1898,YALI1_B26451p
996,1899,YALI1_B26517p
997,189,YALI1_A04884p
998,18,YALI1_A00538p
999,1900,YALI1_B26550p
1000,1901,YALI1_B26596p
1001,1902,YALI1_B26639p
1002,1903,YALI1_B26659p
1003,1904,YALI1_B26679p
1004,1905,YALI1_B26715p
1005,1906,YALI1_B26728p
1006,1907,YALI1_B26749p
1007,1908,YALI1_B26763p
1008,1909,YALI1_B26790p
1009,190,YALI1_A04893p
1010,1910,YALI1_B26808p
1011,1911,YALI1_B26845p
1012,1912,YALI1_B26874p
1013,1913,YALI1_B26888p
1014,1914,YALI1_B26926p
1015,1915,YALI1_B26962p
1016,1916,YALI1_B26963p
1017,1917,YALI1_B26984p
1018,1918,YALI1_B27009p
1019,1919,YALI1_B27015p
1020,191,YALI1_A04927p
1021,1920,YALI1_B27057p
1022,1921,YALI1_B27102p
1023,1922,YALI1_B27110p
1024,1923,YALI1_B27123p
1025,1924,YALI1_B27144p
1026,1925,YALI1_B27150p
1027,1926,YALI1_B27179p
1028,1927,YALI1_B27211p
1029,1928,YALI1_B27254p
1030,1929,YALI1_B27280p
1031,192,YALI1_A04976p
1032,1930,YALI1_B27293p
1033,1931,YALI1_B27307p
1034,1932,YALI1_B27320p
1035,1933,YALI1_B27360p
1036,1934,YALI1_B27399p
1037,1935,YALI1_B27404p
1038,1936,YALI1_B27429p
1039,1937,YALI1_B27454p
1040,1938,YALI1_B27460p
1041,1939,YALI1_B27485p
1042,193,YALI1_A04983p
1043,1940,YALI1_B27500p
1044,1941,YALI1_B27534p
1045,1942,YALI1_B27564p
1046,1943,YALI1_B27570p
1047,1944,YALI1_B27588p
1048,1945,YALI1_B27615p
1049,1946,YALI1_B27637p
1050,1947,YALI1_B27645p
1051,1948,YALI1_B27662p
1052,1949,YALI1_B27685p
1053,194,YALI1_A04990p
1054,1950,YALI1_B27689p
1055,1951,YALI1_B27723p
1056,1952,YALI1_B27777p
1057,1953,YALI1_B27805p
1058,1954,YALI1_B27837p
1059,1955,YALI1_B27857p
1060,1956,YALI1_B27874p
1061,1957,YALI1_B27929p
1062,1958,YALI1_B27968p
1063,1959,YALI1_B27984p
1064,195,YALI1_A05003p
1065,1960,YALI1_B28017p
1066,1961,YALI1_B28025p
1067,1962,YALI1_B28053p
1068,1963,YALI1_B28084p
1069,1964,YALI1_B28098p
1070,1965,YALI1_B28119p
1071,1966,YALI1_B28150p
1072,1967,YALI1_B28215p
1073,1968,YALI1_B28268p
1074,1969,YALI1_B28292p
1075,196,YALI1_A05031p
1076,1970,YALI1_B28349p
1077,1971,YALI1_B28357p
1078,1972,YALI1_B28374p
1079,1973,YALI1_B28394p
1080,1974,YALI1_B28430p
1081,1975,YALI1_B28454p
1082,1976,YALI1_B28472p
1083,1977,YALI1_B28499p
1084,1978,YALI1_B28511p
1085,1979,YALI1_B28572p
1086,197,YALI1_A05052p
1087,1980,YALI1_B28584p
1088,1981,YALI1_B28659p
1089,1982,YALI1_B28735p
1090,1983,YALI1_B28744p
1091,1984,YALI1_B28766p
1092,1985,YALI1_B28781p
1093,1986,YALI1_B28789p
1094,1987,YALI1_B28830p
1095,1988,YALI1_B28895p
1096,1989,YALI1_B28933p
1097,198,YALI1_A05091p
1098,1990,YALI1_B28990p
1099,1991,YALI1_B29008p
1100,1992,YALI1_B29037p
1101,1993,YALI1_B29051p
1102,1994,YALI1_B29080p
1103,1995,YALI1_B29108p
1104,1996,YALI1_B29133p
1105,1997,YALI1_B29153p
1106,1998,YALI1_B29191p
1107,1999,YALI1_B29202p
1108,199,YALI1_A05116p
1109,19,YALI1_A00558p
1110,1,YALI1_A00014p
1111,2000,YALI1_B29227p
1112,2001,YALI1_B29243p
1113,2002,YALI1_B29266p
1114,2003,YALI1_B29310p
1115,2004,YALI1_B29360p
1116,2005,YALI1_B29364p
1117,2006,YALI1_B29419p
1118,2007,YALI1_B29436p
1119,2008,YALI1_B29446p
1120,2009,YALI1_B29483p
1121,200,YALI1_A05143p
1122,2010,YALI1_B29505p
1123,2011,YALI1_B29507p
1124,2012,YALI1_B29528p
1125,2013,YALI1_B29539p
1126,2014,YALI1_B29548p
1127,2015,YALI1_B29562p
1128,2016,YALI1_B29637p
1129,2017,YALI1_B29662p
1130,2018,YALI1_B29711p
1131,2019,YALI1_B29718p
1132,201,YALI1_A05168p
1133,2020,YALI1_B29742p
1134,2021,YALI1_B29753p
1135,2022,YALI1_B29779p
1136,2023,YALI1_B29785p
1137,2024,YALI1_B29844p
1138,2025,YALI1_B29867p
1139,2026,YALI1_B29883p
1140,2027,YALI1_B29895p
1141,2028,YALI1_B29905p
1142,2029,YALI1_B29915p
1143,202,YALI1_A05210p
1144,2030,YALI1_B29941p
1145,2031,YALI1_B29972p
1146,2032,YALI1_B29977p
1147,2033,YALI1_B29995p
1148,2034,YALI1_B30024p
1149,2035,YALI1_B30036p
1150,2036,YALI1_B30039p
1151,2037,YALI1_B30066p
1152,2038,YALI1_B30090p
1153,2039,YALI1_B30123p
1154,203,YALI1_A05220p
1155,2040,YALI1_B30146p
1156,2041,YALI1_B30162p
1157,2042,YALI1_B30163p
1158,2043,YALI1_B30181p
1159,2044,YALI1_B30182p
1160,2045,YALI1_B30214p
1161,2046,YALI1_B30218p
1162,2047,YALI1_B30234p
1163,2048,YALI1_B30275p
1164,2049,YALI1_B30293p
1165,204,YALI1_A05229p
1166,2050,YALI1_B30303p
1167,2051,YALI1_B30333p
1168,2052,YALI1_B30337p
1169,2053,YALI1_B30382p
1170,2054,YALI1_C00098p
1171,2055,YALI1_C00107p
1172,2056,YALI1_C00116p
1173,2057,YALI1_C00141p
1174,2058,YALI1_C00164p
1175,2059,YALI1_C00167p
1176,205,YALI1_A05254p
1177,2060,YALI1_C00177p
1178,2061,YALI1_C00209p
1179,2062,YALI1_C00230p
1180,2063,YALI1_C00258p
1181,2064,YALI1_C00293p
1182,2065,YALI1_C00331p
1183,2066,YALI1_C00335p
1184,2067,YALI1_C353gp
1185,2068,YALI1_C00368p
1186,2069,YALI1_C00422p
1187,206,YALI1_A05259p
1188,2070,YALI1_C00442p
1189,2071,YALI1_C00464p
1190,2072,YALI1_C00503p
1191,2073,YALI1_C00550p
1192,2074,YALI1_C00615p
1193,2075,YALI1_C00694p
1194,2076,YALI1_C00710p
1195,2077,YALI1_C00739p
1196,2078,YALI1_C00766p
1197,2079,YALI1_C00772p
1198,207,YALI1_A05284p
1199,2080,YALI1_C00784p
1200,2081,YALI1_C00826p
1201,2082,YALI1_C00827p
1202,2083,YALI1_C00841p
1203,2084,YALI1_C00852p
1204,2085,YALI1_C00874p
1205,2086,YALI1_C00913p
1206,2087,YALI1_C00958p
1207,2088,YALI1_C00962p
1208,2089,YALI1_C00999p
1209,208,YALI1_A05335p
1210,2090,YALI1_C01043p
1211,2091,YALI1_C01072p
1212,2092,YALI1_C01106p
1213,2093,YALI1_C01129p
1214,2094,YALI1_C01161p
1215,2095,YALI1_C01244p
1216,2096,YALI1_C01262p
1217,2097,YALI1_C01297p
1218,2098,YALI1_C01301p
1219,2099,YALI1_C01338p
1220,209,YALI1_A05355p
1221,20,YALI1_A00574p
1222,2100,YALI1_C01356p
1223,2101,YALI1_C01393p
1224,2102,YALI1_C01416p
1225,2103,YALI1_C01433p
1226,2104,YALI1_C01491p
1227,2105,YALI1_C01505p
1228,2106,YALI1_C01520p
1229,2107,YALI1_C01535p
1230,2108,YALI1_C01576p
1231,2109,YALI1_C01590p
1232,210,YALI1_A05366p
1233,2110,YALI1_C01596p
1234,2111,YALI1_C01675p
1235,2112,YALI1_C01694p
1236,2113,YALI1_C01720p
1237,2114,YALI1_C01789p
1238,2115,YALI1_C01800p
1239,2116,YALI1_C01810p
1240,2117,YALI1_C01826p
1241,2118,YALI1_C01843p
1242,2119,YALI1_C01847p
1243,211,YALI1_A05407p
1244,2120,YALI1_C01876p
1245,2121,YALI1_C01944p
1246,2122,YALI1_C01965p
1247,2123,YALI1_C01993p
1248,2124,YALI1_C02044p
1249,2125,YALI1_C02053p
1250,2126,YALI1_C02086p
1251,2127,YALI1_C02117p
1252,2128,YALI1_C02152p
1253,2129,YALI1_C02160p
1254,212,YALI1_A05459p
1255,2130,YALI1_C02188p
1256,2131,YALI1_C02215p
1257,2132,YALI1_C02248p
1258,2133,YALI1_C02291p
1259,2134,YALI1_C02332p
1260,2135,YALI1_C02374p
1261,2136,YALI1_C02391p
1262,2137,YALI1_C02402p
1263,2138,YALI1_C02421p
1264,2139,YALI1_C02424p
1265,213,YALI1_A05473p
1266,2140,YALI1_C02441p
1267,2141,YALI1_C02487p
1268,2142,YALI1_C02521p
1269,2143,YALI1_C02550p
1270,2144,YALI1_C02588p
1271,2145,YALI1_C02611p
1272,2146,YALI1_C02624p
1273,2147,YALI1_C02639p
1274,2148,YALI1_C02686p
1275,2149,YALI1_C02831p
1276,214,YALI1_A05491p
1277,2150,YALI1_C02866p
1278,2151,YALI1_C02873p
1279,2152,YALI1_C02904p
1280,2153,YALI1_C03036p
1281,2154,YALI1_C03197p
1282,2155,YALI1_C03201p
1283,2156,YALI1_C03213p
1284,2157,YALI1_C03221p
1285,2158,YALI1_C03225p
1286,2159,YALI1_C03246p
1287,215,YALI1_A05527p
1288,2160,YALI1_C03261p
1289,2161,YALI1_C03272p
1290,2162,YALI1_C03286p
1291,2163,YALI1_C03335p
1292,2164,YALI1_C03349p
1293,2165,YALI1_C03360p
1294,2166,YALI1_C03374p
1295,2167,YALI1_C03378p
1296,2168,YALI1_C03415p
1297,2169,YALI1_C03461p
1298,216,YALI1_A05571p
1299,2170,YALI1_C03495p
1300,2171,YALI1_C03513p
1301,2172,YALI1_C03534p
1302,2173,YALI1_C03550p
1303,2174,YALI1_C03582p
1304,2175,YALI1_C03596p
1305,2176,YALI1_C03615p
1306,2177,YALI1_C03674p
1307,2178,YALI1_C03696p
1308,2179,YALI1_C03735p
1309,217,YALI1_A05583p
1310,2180,YALI1_C03774p
1311,2181,YALI1_C03821p
1312,2182,YALI1_C03842p
1313,2183,YALI1_C03848p
1314,2184,YALI1_C03874p
1315,2185,YALI1_C03887p
1316,2186,YALI1_C03914p
1317,2187,YALI1_C03933p
1318,2188,YALI1_C03939p
1319,2189,YALI1_C03948p
1320,218,YALI1_A05592p
1321,2190,YALI1_C03969p
1322,2191,YALI1_C03988p
1323,2192,YALI1_C04031p
1324,2193,YALI1_C04041p
1325,2194,YALI1_C04067p
1326,2195,YALI1_C04093p
1327,2196,YALI1_C04117p
1328,2197,YALI1_C04126p
1329,2198,YALI1_C04143p
1330,2199,YALI1_C04162p
1331,219,YALI1_A05605p
1332,21,YALI1_A00601p
1333,2200,YALI1_C04201p
1334,2201,YALI1_C04265p
1335,2202,YALI1_C04281p
1336,2203,YALI1_C04302p
1337,2204,YALI1_C04328p
1338,2205,YALI1_C04351p
1339,2206,YALI1_C04389p
1340,2207,YALI1_C04401p
1341,2208,YALI1_C04436p
1342,2209,YALI1_C04490p
1343,220,YALI1_A05662p
1344,2210,YALI1_C04531p
1345,2211,YALI1_C04532p
1346,2212,YALI1_C04553p
1347,2213,YALI1_C04570p
1348,2214,YALI1_C04577p
1349,2215,YALI1_C04599p
1350,2216,YALI1_C04672p
1351,2217,YALI1_C04690p
1352,2218,YALI1_C04720p
1353,2219,YALI1_C04771p
1354,221,YALI1_A05701p
1355,2220,YALI1_C04778p
1356,2221,YALI1_C04798p
1357,2222,YALI1_C04818p
1358,2223,YALI1_C04853p
1359,2224,YALI1_C04868p
1360,2225,YALI1_C04882p
1361,2226,YALI1_C04925p
1362,2227,YALI1_C04938p
1363,2228,YALI1_C04962p
1364,2229,YALI1_C04991p
1365,222,YALI1_A05737p
1366,2230,YALI1_C04996p
1367,2231,YALI1_C05022p
1368,2232,YALI1_C05088p
1369,2233,YALI1_C05125p
1370,2234,YALI1_C05133p
1371,2235,YALI1_C05178p
1372,2236,YALI1_C05204p
1373,2237,YALI1_C05252p
1374,2238,YALI1_C05264p
1375,2239,YALI1_C05296p
1376,223,YALI1_A05774p
1377,2240,YALI1_C05323p
1378,2241,YALI1_C05347p
1379,2242,YALI1_C05372p
1380,2243,YALI1_C05386p
1381,2244,YALI1_C05423p
1382,2245,YALI1_C05494p
1383,2246,YALI1_C05507p
1384,2247,YALI1_C05554p
1385,2248,YALI1_C05562p
1386,2249,YALI1_C05570p
1387,224,YALI1_A05795p
1388,2250,YALI1_C05636p
1389,2251,YALI1_C05649p
1390,2252,YALI1_C05710p
1391,2253,YALI1_C05734p
1392,2254,YALI1_C05756p
1393,2255,YALI1_C05757p
1394,2256,YALI1_C05789p
1395,2257,YALI1_C05813p
1396,2258,YALI1_C05820p
1397,2259,YALI1_C05837p
1398,225,YALI1_A05798p
1399,2260,YALI1_C05857p
1400,2261,YALI1_C05880p
1401,2262,YALI1_C05908p
1402,2263,YALI1_C05931p
1403,2264,YALI1_C05972p
1404,2265,YALI1_C06006p
1405,2266,YALI1_C06023p
1406,2267,YALI1_C06032p
1407,2268,YALI1_C06041p
1408,2269,YALI1_C06071p
1409,226,YALI1_A05813p
1410,2270,YALI1_C06106p
1411,2271,YALI1_C06118p
1412,2272,YALI1_C06137p
1413,2273,YALI1_C06191p
1414,2274,YALI1_C06201p
1415,2275,YALI1_C06211p
1416,2276,YALI1_C06222p
1417,2277,YALI1_C06259p
1418,2278,YALI1_C06298p
1419,2279,YALI1_C06301p
1420,227,YALI1_A05821p
1421,2280,YALI1_C06328p
1422,2281,YALI1_C06368p
1423,2282,YALI1_C06394p
1424,2283,YALI1_C06414p
1425,2284,YALI1_C06459p
1426,2285,YALI1_C06486p
1427,2286,YALI1_C06511p
1428,2287,YALI1_C06532p
1429,2288,YALI1_C06548p
1430,2289,YALI1_C06597p
1431,228,YALI1_A05836p
1432,2290,YALI1_C06626p
1433,2291,YALI1_C06655p
1434,2292,YALI1_C06681p
1435,2293,YALI1_C06695p
1436,2294,YALI1_C06716p
1437,2295,YALI1_C06724p
1438,2296,YALI1_C06753p
1439,2297,YALI1_C06770p
1440,2298,YALI1_C06870p
1441,2299,YALI1_C06917p
1442,229,YALI1_A05844p
1443,22,YALI1_A00661p
1444,2300,YALI1_C06929p
1445,2301,YALI1_C06951p
1446,2302,YALI1_C06973p
1447,2303,YALI1_C06994p
1448,2304,YALI1_C07028p
1449,2305,YALI1_C07063p
1450,2306,YALI1_C07077p
1451,2307,YALI1_C07081p
1452,2308,YALI1_C07109p
1453,2309,YALI1_C07117p
1454,230,YALI1_A05869p
1455,2310,YALI1_C07137p
1456,2311,YALI1_C07152p
1457,2312,YALI1_C07170p
1458,2313,YALI1_C07199p
1459,2314,YALI1_C07216p
1460,2315,YALI1_C07223p
1461,2316,YALI1_C07239p
1462,2317,YALI1_C07288p
1463,2318,YALI1_C07360p
1464,2319,YALI1_C07397p
1465,231,YALI1_A05884p
1466,2320,YALI1_C07423p
1467,2321,YALI1_C07451p
1468,2322,YALI1_C07481p
1469,2323,YALI1_C07495p
1470,2324,YALI1_C07516p
1471,2325,YALI1_C07519p
1472,2326,YALI1_C07534p
1473,2327,YALI1_C07562p
1474,2328,YALI1_C07592p
1475,2329,YALI1_C07613p
1476,232,YALI1_A05904p
1477,2330,YALI1_C07614p
1478,2331,YALI1_C07638p
1479,2332,YALI1_C07664p
1480,2333,YALI1_C07670p
1481,2334,YALI1_C07691p
1482,2335,YALI1_C07721p
1483,2336,YALI1_C07758p
1484,2337,YALI1_C07770p
1485,2338,YALI1_C07780p
1486,2339,YALI1_C07816p
1487,233,YALI1_A05927p
1488,2340,YALI1_C07840p
1489,2341,YALI1_C07872p
1490,2342,YALI1_C07894p
1491,2343,YALI1_C07948p
1492,2344,YALI1_C07979p
1493,2345,YALI1_C08017p
1494,2346,YALI1_C08040p
1495,2347,YALI1_C08065p
1496,2348,YALI1_C08106p
1497,2349,YALI1_C08151p
1498,234,YALI1_A05947p
1499,2350,YALI1_C08173p
1500,2351,YALI1_C08197p
1501,2352,YALI1_C08218p
1502,2353,YALI1_C08242p
1503,2354,YALI1_C08245p
1504,2355,YALI1_C08262p
1505,2356,YALI1_C08275p
1506,2357,YALI1_C08298p
1507,2358,YALI1_C08523p
1508,2359,YALI1_C08548p
1509,235,YALI1_A05987p
1510,2360,YALI1_C08600p
1511,2361,YALI1_C08702p
1512,2362,YALI1_C08748p
1513,2363,YALI1_C08791p
1514,2364,YALI1_C08834p
1515,2365,YALI1_C08882p
1516,2366,YALI1_C08893p
1517,2367,YALI1_C08922p
1518,2368,YALI1_C08923p
1519,2369,YALI1_C08938p
1520,236,YALI1_A06052p
1521,2370,YALI1_C08952p
1522,2371,YALI1_C08983p
1523,2372,YALI1_C09009p
1524,2373,YALI1_C09033p
1525,2374,YALI1_C09072p
1526,2375,YALI1_C09094p
1527,2376,YALI1_C09133p
1528,2377,YALI1_C09137p
1529,2378,YALI1_C09150p
1530,2379,YALI1_C09181p
1531,237,YALI1_A06073p
1532,2380,YALI1_C09195p
1533,2381,YALI1_C09200p
1534,2382,YALI1_C09230p
1535,2383,YALI1_C09260p
1536,2384,YALI1_C09285p
1537,2385,YALI1_C09308p
1538,2386,YALI1_C09343p
1539,2387,YALI1_C09380p
1540,2388,YALI1_C09390p
1541,2389,YALI1_C09415p
1542,238,YALI1_A06099p
1543,2390,YALI1_C09451p
1544,2391,YALI1_C09467p
1545,2392,YALI1_C09489p
1546,2393,YALI1_C09552p
1547,2394,YALI1_C09606p
1548,2395,YALI1_C09639p
1549,2396,YALI1_C09642p
1550,2397,YALI1_C09667p
1551,2398,YALI1_C09696p
1552,2399,YALI1_C09718p
1553,239,YALI1_A06102p
1554,23,YALI1_A00683p
1555,2400,YALI1_C09750p
1556,2401,YALI1_C09773p
1557,2402,YALI1_C09781p
1558,2403,YALI1_C09803p
1559,2404,YALI1_C09851p
1560,2405,YALI1_C09878p
1561,2406,YALI1_C09885p
1562,2407,YALI1_C09923p
1563,2408,YALI1_C09950p
1564,2409,YALI1_C09977p
1565,240,YALI1_A06104p
1566,2410,YALI1_C10016p
1567,2411,YALI1_C10041p
1568,2412,YALI1_C10086p
1569,2413,YALI1_C10121p
1570,2414,YALI1_C10133p
1571,2415,YALI1_C10173p
1572,2416,YALI1_C10203p
1573,2417,YALI1_C10232p
1574,2418,YALI1_C10271p
1575,2419,YALI1_C10293p
1576,241,YALI1_A06116p
1577,2420,YALI1_C10318p
1578,2421,YALI1_C10345p
1579,2422,YALI1_C10382p
1580,2423,YALI1_C10385p
1581,2424,YALI1_C10463p
1582,2425,YALI1_C10480p
1583,2426,YALI1_C10492p
1584,2427,YALI1_C10497p
1585,2428,YALI1_C10534p
1586,2429,YALI1_C10555p
1587,242,YALI1_A06128p
1588,2430,YALI1_C10591p
1589,2431,YALI1_C10612p
1590,2432,YALI1_C10675p
1591,2433,YALI1_C10718p
1592,2434,YALI1_C10730p
1593,2435,YALI1_C10762p
1594,2436,YALI1_C10787p
1595,2437,YALI1_C10806p
1596,2438,YALI1_C10860p
1597,2439,YALI1_C10990p
1598,243,YALI1_A06149p
1599,2440,YALI1_C11057p
1600,2441,YALI1_C11077p
1601,2442,YALI1_C11096p
1602,2443,YALI1_C11100p
1603,2444,YALI1_C11131p
1604,2445,YALI1_C11203p
1605,2446,YALI1_C11234p
1606,2447,YALI1_C11271p
1607,2448,YALI1_C11352p
1608,2449,YALI1_C11365p
1609,244,YALI1_A06169p
1610,2450,YALI1_C11382p
1611,2451,YALI1_C11441p
1612,2452,YALI1_C11501p
1613,2453,YALI1_C11521p
1614,2454,YALI1_C11552p
1615,2455,YALI1_C11581p
1616,2456,YALI1_C11589p
1617,2457,YALI1_C11694p
1618,2458,YALI1_C11707p
1619,2459,YALI1_C11715p
1620,245,YALI1_A06174p
1621,2460,YALI1_C11744p
1622,2461,YALI1_C11773p
1623,2462,YALI1_C11819p
1624,2463,YALI1_C11836p
1625,2464,YALI1_C11843p
1626,2465,YALI1_C11862p
1627,2466,YALI1_C11883p
1628,2467,YALI1_C11902p
1629,2468,YALI1_C11925p
1630,2469,YALI1_C11930p
1631,246,YALI1_A06196p
1632,2470,YALI1_C11954p
1633,2471,YALI1_C11970p
1634,2472,YALI1_C12007p
1635,2473,YALI1_C12024p
1636,2474,YALI1_C12038p
1637,2475,YALI1_C12044p
1638,2476,YALI1_C12066p
1639,2477,YALI1_C12121p
1640,2478,YALI1_C12140p
1641,2479,YALI1_C12170p
1642,247,YALI1_A06207p
1643,2480,YALI1_C12194p
1644,2481,YALI1_C12220p
1645,2482,YALI1_C12282p
1646,2483,YALI1_C12317p
1647,2484,YALI1_C12333p
1648,2485,YALI1_C12406p
1649,2486,YALI1_C12433p
1650,2487,YALI1_C12441p
1651,2488,YALI1_C12474p
1652,2489,YALI1_C12513p
1653,248,YALI1_A06220p
1654,2490,YALI1_C12570p
1655,2491,YALI1_C12619p
1656,2492,YALI1_C12642p
1657,2493,YALI1_C12682p
1658,2494,YALI1_C12686p
1659,2495,YALI1_C12695p
1660,2496,YALI1_C12725p
1661,2497,YALI1_C12755p
1662,2498,YALI1_C12788p
1663,2499,YALI1_C12834p
1664,249,YALI1_A06229p
1665,24,YALI1_A00715p
1666,2500,YALI1_C12845p
1667,2501,YALI1_C12883p
1668,2502,YALI1_C12900p
1669,2503,YALI1_C12941p
1670,2504,YALI1_C13000p
1671,2505,YALI1_C13007p
1672,2506,YALI1_C13026p
1673,2507,YALI1_C13038p
1674,2508,YALI1_C13093p
1675,2509,YALI1_C13106p
1676,250,YALI1_A06287p
1677,2510,YALI1_C13142p
1678,2511,YALI1_C13162p
1679,2512,YALI1_C13186p
1680,2513,YALI1_C13227p
1681,2514,YALI1_C13241p
1682,2515,YALI1_C13261p
1683,2516,YALI1_C13284p
1684,2517,YALI1_C13302p
1685,2518,YALI1_C13355p
1686,2519,YALI1_C13389p
1687,251,YALI1_A06311p
1688,2520,YALI1_C13397p
1689,2521,YALI1_C13410p
1690,2522,YALI1_C13453p
1691,2523,YALI1_C13500p
1692,2524,YALI1_C13506p
1693,2525,YALI1_C13510p
1694,2526,YALI1_C13522p
1695,2527,YALI1_C13560p
1696,2528,YALI1_C13565p
1697,2529,YALI1_C13578p
1698,252,YALI1_A06361p
1699,2530,YALI1_C13611p
1700,2531,YALI1_C13642p
1701,2532,YALI1_C13652p
1702,2533,YALI1_C13676p
1703,2534,YALI1_C13689p
1704,2535,YALI1_C13726p
1705,2536,YALI1_C13768p
1706,2537,YALI1_C13817p
1707,2538,YALI1_C13856p
1708,2539,YALI1_C13879p
1709,253,YALI1_A06381p
1710,2540,YALI1_C13890p
1711,2541,YALI1_C13910p
1712,2542,YALI1_C13919p
1713,2543,YALI1_C13928p
1714,2544,YALI1_C13973p
1715,2545,YALI1_C14024p
1716,2546,YALI1_C14027p
1717,2547,YALI1_C14079p
1718,2548,YALI1_C14106p
1719,2549,YALI1_C14125p
1720,254,YALI1_A06384p
1721,2550,YALI1_C14147p
1722,2551,YALI1_C14169p
1723,2552,YALI1_C14183p
1724,2553,YALI1_C14228p
1725,2554,YALI1_C14249p
1726,2555,YALI1_C14273p
1727,2556,YALI1_C14284p
1728,2557,YALI1_C14332p
1729,2558,YALI1_C14369p
1730,2559,YALI1_C14433p
1731,255,YALI1_A06396p
1732,2560,YALI1_C14450p
1733,2561,YALI1_C14498p
1734,2562,YALI1_C14500p
1735,2563,YALI1_C14516p
1736,2564,YALI1_C14543p
1737,2565,YALI1_C14595p
1738,2566,YALI1_C14641p
1739,2567,YALI1_C14709p
1740,2568,YALI1_C14725p
1741,2569,YALI1_C14738p
1742,256,YALI1_A06402p
1743,2570,YALI1_C14774p
1744,2571,YALI1_C14787p
1745,2572,YALI1_C14818p
1746,2573,YALI1_C14823p
1747,2574,YALI1_C14843p
1748,2575,YALI1_C14859p
1749,2576,YALI1_C14884p
1750,2577,YALI1_C14910p
1751,2578,YALI1_C14931p
1752,2579,YALI1_C15021p
1753,257,YALI1_A06416p
1754,2580,YALI1_C15048p
1755,2581,YALI1_C15077p
1756,2582,YALI1_C15084p
1757,2583,YALI1_C15105p
1758,2584,YALI1_C15115p
1759,2585,YALI1_C15180p
1760,2586,YALI1_C15186p
1761,2587,YALI1_C15201p
1762,2588,YALI1_C15217p
1763,2589,YALI1_C15263p
1764,258,YALI1_A06434p
1765,2590,YALI1_C15284p
1766,2591,YALI1_C15297p
1767,2592,YALI1_C15307p
1768,2593,YALI1_C15322p
1769,2594,YALI1_C15359p
1770,2595,YALI1_C15369p
1771,2596,YALI1_C15377p
1772,2597,YALI1_C15388p
1773,2598,YALI1_C15398p
1774,2599,YALI1_C15412p
1775,259,YALI1_A06453p
1776,25,YALI1_A00746p
1777,2600,YALI1_C15420p
1778,2601,YALI1_C15445p
1779,2602,YALI1_C15454p
1780,2603,YALI1_C15465p
1781,2604,YALI1_C15489p
1782,2605,YALI1_C15492p
1783,2606,YALI1_C15516p
1784,2607,YALI1_C15526p
1785,2608,YALI1_C15532p
1786,2609,YALI1_C15540p
1787,260,YALI1_A06473p
1788,2610,YALI1_C15556p
1789,2611,YALI1_C15610p
1790,2612,YALI1_C15611p
1791,2613,YALI1_C15674p
1792,2614,YALI1_C15687p
1793,2615,YALI1_C15707p
1794,2616,YALI1_C15745p
1795,2617,YALI1_C15776p
1796,2618,YALI1_C15803p
1797,2619,YALI1_C15832p
1798,261,YALI1_A06488p
1799,2620,YALI1_C15945p
1800,2621,YALI1_C15947p
1801,2622,YALI1_C15964p
1802,2623,YALI1_C15991p
1803,2624,YALI1_C16080p
1804,2625,YALI1_C16091p
1805,2626,YALI1_C16099p
1806,2627,YALI1_C16108p
1807,2628,YALI1_C16133p
1808,2629,YALI1_C16150p
1809,262,YALI1_A06530p
1810,2630,YALI1_C16183p
1811,2631,YALI1_C16200p
1812,2632,YALI1_C16204p
1813,2633,YALI1_C16255p
1814,2634,YALI1_C16275p
1815,2635,YALI1_C16283p
1816,2636,YALI1_C16294p
1817,2637,YALI1_C16305p
1818,2638,YALI1_C16333p
1819,2639,YALI1_C16347p
1820,263,YALI1_A06591p
1821,2640,YALI1_C16352p
1822,2641,YALI1_C16378p
1823,2642,YALI1_C16395p
1824,2643,YALI1_C16420p
1825,2644,YALI1_C16431p
1826,2645,YALI1_C16485p
1827,2646,YALI1_C16515p
1828,2647,YALI1_C16526p
1829,2648,YALI1_C16572p
1830,2649,YALI1_C16621p
1831,264,YALI1_A06594p
1832,2650,YALI1_C16648p
1833,2651,YALI1_C16653p
1834,2652,YALI1_C16688p
1835,2653,YALI1_C16694p
1836,2654,YALI1_C16712p
1837,2655,YALI1_C16770p
1838,2656,YALI1_C16809p
1839,2657,YALI1_C16827p
1840,2658,YALI1_C16851p
1841,2659,YALI1_C16932p
1842,265,YALI1_A06612p
1843,2660,YALI1_C16961p
1844,2661,YALI1_C16969p
1845,2662,YALI1_C16982p
1846,2663,YALI1_C17031p
1847,2664,YALI1_C17050p
1848,2665,YALI1_C17078p
1849,2666,YALI1_C17091p
1850,2667,YALI1_C17100p
1851,2668,YALI1_C17133p
1852,2669,YALI1_C17163p
1853,266,YALI1_A06615p
1854,2670,YALI1_C17187p
1855,2671,YALI1_C17216p
1856,2672,YALI1_C17220p
1857,2673,YALI1_C17238p
1858,2674,YALI1_C17295p
1859,2675,YALI1_C17307p
1860,2676,YALI1_C17314p
1861,2677,YALI1_C17343p
1862,2678,YALI1_C17354p
1863,2679,YALI1_C17411p
1864,267,YALI1_A06625p
1865,2680,YALI1_C17419p
1866,2681,YALI1_C17423p
1867,2682,YALI1_C17440p
1868,2683,YALI1_C17453p
1869,2684,YALI1_C17498p
1870,2685,YALI1_C17514p
1871,2686,YALI1_C17519p
1872,2687,YALI1_C17524p
1873,2688,YALI1_C17537p
1874,2689,YALI1_C17566p
1875,268,YALI1_A06634p
1876,2690,YALI1_C17580p
1877,2691,YALI1_C17609p
1878,2692,YALI1_C17640p
1879,2693,YALI1_C17680p
1880,2694,YALI1_C17700p
1881,2695,YALI1_C17719p
1882,2696,YALI1_C17728p
1883,2697,YALI1_C17763p
1884,2698,YALI1_C17782p
1885,2699,YALI1_C17800p
1886,269,YALI1_A06640p
1887,26,YALI1_A00789p
1888,2700,YALI1_C17820p
1889,2701,YALI1_C17848p
1890,2702,YALI1_C17904p
1891,2703,YALI1_C17932p
1892,2704,YALI1_C17947p
1893,2705,YALI1_C17949p
1894,2706,YALI1_C17988p
1895,2707,YALI1_C17995p
1896,2708,YALI1_C18011p
1897,2709,YALI1_C18073p
1898,270,YALI1_A06666p
1899,2710,YALI1_C18082p
1900,2711,YALI1_C18099p
1901,2712,YALI1_C18100p
1902,2713,YALI1_C18161p
1903,2714,YALI1_C18162p
1904,2715,YALI1_C18209p
1905,2716,YALI1_C18258p
1906,2717,YALI1_C18268p
1907,2718,YALI1_C18365p
1908,2719,YALI1_C18378p
1909,271,YALI1_A06672p
1910,2720,YALI1_C18380p
1911,2721,YALI1_C18383p
1912,2722,YALI1_C18391p
1913,2723,YALI1_C18396p
1914,2724,YALI1_C18431p
1915,2725,YALI1_C18435p
1916,2726,YALI1_C18457p
1917,2727,YALI1_C18478p
1918,2728,YALI1_C18541p
1919,2729,YALI1_C18580p
1920,272,YALI1_A06721p
1921,2730,YALI1_C18584p
1922,2731,YALI1_C18590p
1923,2732,YALI1_C18621p
1924,2733,YALI1_C18668p
1925,2734,YALI1_C18672p
1926,2735,YALI1_C18699p
1927,2736,YALI1_C18713p
1928,2737,YALI1_C18726p
1929,2738,YALI1_C18730p
1930,2739,YALI1_C18750p
1931,273,YALI1_A06735p
1932,2740,YALI1_C18757p
1933,2741,YALI1_C18771p
1934,2742,YALI1_C18787p
1935,2743,YALI1_C18791p
1936,2744,YALI1_C18806p
1937,2745,YALI1_C18837p
1938,2746,YALI1_C18872p
1939,2747,YALI1_C18878p
1940,2748,YALI1_C18892p
1941,2749,YALI1_C18901p
1942,274,YALI1_A06743p
1943,2750,YALI1_C18932p
1944,2751,YALI1_C18948p
1945,2752,YALI1_C19005p
1946,2753,YALI1_C19058p
1947,2754,YALI1_C19072p
1948,2755,YALI1_C19105p
1949,2756,YALI1_C19123p
1950,2757,YALI1_C19151p
1951,2758,YALI1_C19166p
1952,2759,YALI1_C19181p
1953,275,YALI1_A06751p
1954,2760,YALI1_C19316p
1955,2761,YALI1_C19335p
1956,2762,YALI1_C19348p
1957,2763,YALI1_C19369p
1958,2764,YALI1_C19376p
1959,2765,YALI1_C19395p
1960,2766,YALI1_C19417p
1961,2767,YALI1_C19422p
1962,2768,YALI1_C19450p
1963,2769,YALI1_C19464p
1964,276,YALI1_A06761p
1965,2770,YALI1_C19500p
1966,2771,YALI1_C19510p
1967,2772,YALI1_C19529p
1968,2773,YALI1_C19636p
1969,2774,YALI1_C19735p
1970,2775,YALI1_C19775p
1971,2776,YALI1_C19794p
1972,2777,YALI1_C19814p
1973,2778,YALI1_C19826p
1974,2779,YALI1_C19833p
1975,277,YALI1_A06778p
1976,2780,YALI1_C19840p
1977,2781,YALI1_C19866p
1978,2782,YALI1_C19872p
1979,2783,YALI1_C19885p
1980,2784,YALI1_C19898p
1981,2785,YALI1_C19909p
1982,2786,YALI1_C19912p
1983,2787,YALI1_C19921p
1984,2788,YALI1_C19943p
1985,2789,YALI1_C19976p
1986,278,YALI1_A06815p
1987,2790,YALI1_C19981p
1988,2791,YALI1_C20005p
1989,2792,YALI1_C20023p
1990,2793,YALI1_C20032p
1991,2794,YALI1_C20054p
1992,2795,YALI1_C20078p
1993,2796,YALI1_C20085p
1994,2797,YALI1_C20097p
1995,2798,YALI1_C20140p
1996,2799,YALI1_C20180p
1997,279,YALI1_A06818p
1998,27,YALI1_A00801p
1999,2800,YALI1_C20198p
2000,2801,YALI1_C20224p
2001,2802,YALI1_C20255p
2002,2803,YALI1_C20270p
2003,2804,YALI1_C20299p
2004,2805,YALI1_C20314p
2005,2806,YALI1_C20329p
2006,2807,YALI1_C20347p
2007,2808,YALI1_C20364p
2008,2809,YALI1_C20396p
2009,280,YALI1_A06823p
2010,2810,YALI1_C20417p
2011,2811,YALI1_C20429p
2012,2812,YALI1_C20452p
2013,2813,YALI1_C20463p
2014,2814,YALI1_C20488p
2015,2815,YALI1_C20550p
2016,2816,YALI1_C20554p
2017,2817,YALI1_C20559p
2018,2818,YALI1_C20592p
2019,2819,YALI1_C20597p
2020,281,YALI1_A06873p
2021,2820,YALI1_C20646p
2022,2821,YALI1_C20664p
2023,2822,YALI1_C20685p
2024,2823,YALI1_C20793p
2025,2824,YALI1_C20853p
2026,2825,YALI1_C20901p
2027,2826,YALI1_C20953p
2028,2827,YALI1_C20964p
2029,2828,YALI1_C21083p
2030,2829,YALI1_C21171p
2031,282,YALI1_A06958p
2032,2830,YALI1_C21234p
2033,2831,YALI1_C21241p
2034,2832,YALI1_C21272p
2035,2833,YALI1_C21298p
2036,2834,YALI1_C21353p
2037,2835,YALI1_C21401p
2038,2836,YALI1_C21448p
2039,2837,YALI1_C21487p
2040,2838,YALI1_C21497p
2041,2839,YALI1_C21513p
2042,283,YALI1_A06989p
2043,2840,YALI1_C21516p
2044,2841,YALI1_C21544p
2045,2842,YALI1_C21578p
2046,2843,YALI1_C21603p
2047,2844,YALI1_C21626p
2048,2845,YALI1_C21634p
2049,2846,YALI1_C21639p
2050,2847,YALI1_C21664p
2051,2848,YALI1_C21682p
2052,2849,YALI1_C21722p
2053,284,YALI1_A07014p
2054,2850,YALI1_C21732p
2055,2851,YALI1_C21755p
2056,2852,YALI1_C21789p
2057,2853,YALI1_C21858p
2058,2854,YALI1_C21880p
2059,2855,YALI1_C21891p
2060,2856,YALI1_C21924p
2061,2857,YALI1_C21946p
2062,2858,YALI1_C22019p
2063,2859,YALI1_C22186p
2064,285,YALI1_A07051p
2065,2860,YALI1_C22260p
2066,2861,YALI1_C22278p
2067,2862,YALI1_C22282p
2068,2863,YALI1_C22311p
2069,2864,YALI1_C22322p
2070,2865,YALI1_C22481p
2071,2866,YALI1_C22541p
2072,2867,YALI1_C22556p
2073,2868,YALI1_C22592p
2074,2869,YALI1_C22751p
2075,286,YALI1_A07103p
2076,2870,YALI1_C22816p
2077,2871,YALI1_C22835p
2078,2872,YALI1_C22857p
2079,2873,YALI1_C22876p
2080,2874,YALI1_C22878p
2081,2875,YALI1_C22922p
2082,2876,YALI1_C22937p
2083,2877,YALI1_C22944p
2084,2878,YALI1_C22986p
2085,2879,YALI1_C23021p
2086,287,YALI1_A07137p
2087,2880,YALI1_C23028p
2088,2881,YALI1_C23040p
2089,2882,YALI1_C23050p
2090,2883,YALI1_C23075p
2091,2884,YALI1_C23089p
2092,2885,YALI1_C23120p
2093,2886,YALI1_C23150p
2094,2887,YALI1_C23175p
2095,2888,YALI1_C23193p
2096,2889,YALI1_C23217p
2097,288,YALI1_A07161p
2098,2890,YALI1_C23254p
2099,2891,YALI1_C23323p
2100,2892,YALI1_C23359p
2101,2893,YALI1_C23415p
2102,2894,YALI1_C23427p
2103,2895,YALI1_C23472p
2104,2896,YALI1_C23504p
2105,2897,YALI1_C23511p
2106,2898,YALI1_C23526p
2107,2899,YALI1_C23548p
2108,289,YALI1_A07171p
2109,28,YALI1_A00829p
2110,2900,YALI1_C23563p
2111,2901,YALI1_C23601p
2112,2902,YALI1_C23653p
2113,2903,YALI1_C23707p
2114,2904,YALI1_C23723p
2115,2905,YALI1_C23738p
2116,2906,YALI1_C23755p
2117,2907,YALI1_C23818p
2118,2908,YALI1_C23826p
2119,2909,YALI1_C23873p
2120,290,YALI1_A07201p
2121,2910,YALI1_C23881p
2122,2911,YALI1_C23902p
2123,2912,YALI1_C23926p
2124,2913,YALI1_C23948p
2125,2914,YALI1_C23950p
2126,2915,YALI1_C23989p
2127,2916,YALI1_C24016p
2128,2917,YALI1_C24081p
2129,2918,YALI1_C24124p
2130,2919,YALI1_C24165p
2131,291,YALI1_A07226p
2132,2920,YALI1_C24183p
2133,2921,YALI1_C24198p
2134,2922,YALI1_C24200p
2135,2923,YALI1_C24222p
2136,2924,YALI1_C24231p
2137,2925,YALI1_C24262p
2138,2926,YALI1_C24303p
2139,2927,YALI1_C24367p
2140,2928,YALI1_C24400p
2141,2929,YALI1_C24419p
2142,292,YALI1_A07241p
2143,2930,YALI1_C24434p
2144,2931,YALI1_C24460p
2145,2932,YALI1_C24488p
2146,2933,YALI1_C24526p
2147,2934,YALI1_C24531p
2148,2935,YALI1_C24533p
2149,2936,YALI1_C24567p
2150,2937,YALI1_C24589p
2151,2938,YALI1_C24611p
2152,2939,YALI1_C24647p
2153,293,YALI1_A07267p
2154,2940,YALI1_C24660p
2155,2941,YALI1_C24707p
2156,2942,YALI1_C24730p
2157,2943,YALI1_C24755p
2158,2944,YALI1_C24767p
2159,2945,YALI1_C24806p
2160,2946,YALI1_C24850p
2161,2947,YALI1_C24891p
2162,2948,YALI1_C24927p
2163,2949,YALI1_C24942p
2164,294,YALI1_A07277p
2165,2950,YALI1_C24951p
2166,2951,YALI1_C25029p
2167,2952,YALI1_C25032p
2168,2953,YALI1_C25053p
2169,2954,YALI1_C25069p
2170,2955,YALI1_C25080p
2171,2956,YALI1_C25093p
2172,2957,YALI1_C25128p
2173,2958,YALI1_C25171p
2174,2959,YALI1_C25190p
2175,295,YALI1_A07290p
2176,2960,YALI1_C25244p
2177,2961,YALI1_C25257p
2178,2962,YALI1_C25288p
2179,2963,YALI1_C25301p
2180,2964,YALI1_C25307p
2181,2965,YALI1_C25336p
2182,2966,YALI1_C25352p
2183,2967,YALI1_C25367p
2184,2968,YALI1_C25377p
2185,2969,YALI1_C25391p
2186,296,YALI1_A07309p
2187,2970,YALI1_C25452p
2188,2971,YALI1_C25512p
2189,2972,YALI1_C25513p
2190,2973,YALI1_C25515p
2191,2974,YALI1_C25560p
2192,2975,YALI1_C25576p
2193,2976,YALI1_C25581p
2194,2977,YALI1_C25598p
2195,2978,YALI1_C25621p
2196,2979,YALI1_C25629p
2197,297,YALI1_A07318p
2198,2980,YALI1_C25703p
2199,2981,YALI1_C25742p
2200,2982,YALI1_C25747p
2201,2983,YALI1_C25758p
2202,2984,YALI1_C25782p
2203,2985,YALI1_C25789p
2204,2986,YALI1_C25829p
2205,2987,YALI1_C25877p
2206,2988,YALI1_C25937p
2207,2989,YALI1_C25979p
2208,298,YALI1_A07326p
2209,2990,YALI1_C25990p
2210,2991,YALI1_C25998p
2211,2992,YALI1_C26017p
2212,2993,YALI1_C26027p
2213,2994,YALI1_C26036p
2214,2995,YALI1_C26051p
2215,2996,YALI1_C26106p
2216,2997,YALI1_C26138p
2217,2998,YALI1_C26146p
2218,2999,YALI1_C26161p
2219,299,YALI1_A07349p
2220,29,YALI1_A00867p
2221,2,YALI1_A00019p
2222,3000,YALI1_C26167p
2223,3001,YALI1_C26209p
2224,3002,YALI1_C26215p
2225,3003,YALI1_C26222p
2226,3004,YALI1_C26276p
2227,3005,YALI1_C26318p
2228,3006,YALI1_C26332p
2229,3007,YALI1_C26377p
2230,3008,YALI1_C26408p
2231,3009,YALI1_C26501p
2232,300,YALI1_A07357p
2233,3010,YALI1_C26533p
2234,3011,YALI1_C26544p
2235,3012,YALI1_C26566p
2236,3013,YALI1_C26580p
2237,3014,YALI1_C26597p
2238,3015,YALI1_C26616p
2239,3016,YALI1_C26621p
2240,3017,YALI1_C26628p
2241,3018,YALI1_C26682p
2242,3019,YALI1_C26703p
2243,301,YALI1_A07372p
2244,3020,YALI1_C26726p
2245,3021,YALI1_C26745p
2246,3022,YALI1_C26764p
2247,3023,YALI1_C26777p
2248,3024,YALI1_C26794p
2249,3025,YALI1_C26837p
2250,3026,YALI1_C26873p
2251,3027,YALI1_C26890p
2252,3028,YALI1_C26915p
2253,3029,YALI1_C26939p
2254,302,YALI1_A07376p
2255,3030,YALI1_C26959p
2256,3031,YALI1_C26975p
2257,3032,YALI1_C27012p
2258,3033,YALI1_C27019p
2259,3034,YALI1_C27061p
2260,3035,YALI1_C27073p
2261,3036,YALI1_C27101p
2262,3037,YALI1_C27109p
2263,3038,YALI1_C27141p
2264,3039,YALI1_C27182p
2265,303,YALI1_A07381p
2266,3040,YALI1_C27207p
2267,3041,YALI1_C27229p
2268,3042,YALI1_C27286p
2269,3043,YALI1_C27308p
2270,3044,YALI1_C27330p
2271,3045,YALI1_C27350p
2272,3046,YALI1_C27369p
2273,3047,YALI1_C27382p
2274,3048,YALI1_C27398p
2275,3049,YALI1_C27442p
2276,304,YALI1_A07405p
2277,3050,YALI1_C27476p
2278,3051,YALI1_C27494p
2279,3052,YALI1_C27519p
2280,3053,YALI1_C27543p
2281,3054,YALI1_C27563p
2282,3055,YALI1_C27579p
2283,3056,YALI1_C27616p
2284,3057,YALI1_C27624p
2285,3058,YALI1_C27665p
2286,3059,YALI1_C27678p
2287,305,YALI1_A07418p
2288,3060,YALI1_C27706p
2289,3061,YALI1_C27713p
2290,3062,YALI1_C27746p
2291,3063,YALI1_C27786p
2292,3064,YALI1_C27812p
2293,3065,YALI1_C27834p
2294,3066,YALI1_C27891p
2295,3067,YALI1_C27912p
2296,3068,YALI1_C27922p
2297,3069,YALI1_C27933p
2298,306,YALI1_A07472p
2299,3070,YALI1_C27958p
2300,3071,YALI1_C27996p
2301,3072,YALI1_C28063p
2302,3073,YALI1_C28093p
2303,3074,YALI1_C28115p
2304,3075,YALI1_C28147p
2305,3076,YALI1_C28166p
2306,3077,YALI1_C28228p
2307,3078,YALI1_C28245p
2308,3079,YALI1_C28263p
2309,307,YALI1_A07538p
2310,3080,YALI1_C28310p
2311,3081,YALI1_C28370p
2312,3082,YALI1_C28396p
2313,3083,YALI1_C28412p
2314,3084,YALI1_C28434p
2315,3085,YALI1_C28456p
2316,3086,YALI1_C28465p
2317,3087,YALI1_C28479p
2318,3088,YALI1_C28497p
2319,3089,YALI1_C28513p
2320,308,YALI1_A07557p
2321,3090,YALI1_C28551p
2322,3091,YALI1_C28593p
2323,3092,YALI1_C28611p
2324,3093,YALI1_C28621p
2325,3094,YALI1_C28661p
2326,3095,YALI1_C28664p
2327,3096,YALI1_C28686p
2328,3097,YALI1_C28706p
2329,3098,YALI1_C28716p
2330,3099,YALI1_C28767p
2331,309,YALI1_A07575p
2332,30,YALI1_A00905p
2333,3100,YALI1_C28817p
2334,3101,YALI1_C28846p
2335,3102,YALI1_C28879p
2336,3103,YALI1_C28895p
2337,3104,YALI1_C28963p
2338,3105,YALI1_C28997p
2339,3106,YALI1_C29021p
2340,3107,YALI1_C29052p
2341,3108,YALI1_C29066p
2342,3109,YALI1_C29080p
2343,310,YALI1_A07608p
2344,3110,YALI1_C29104p
2345,3111,YALI1_C29141p
2346,3112,YALI1_C29148p
2347,3113,YALI1_C29158p
2348,3114,YALI1_C29202p
2349,3115,YALI1_C29261p
2350,3116,YALI1_C29302p
2351,3117,YALI1_C29344p
2352,3118,YALI1_C29355p
2353,3119,YALI1_C29365p
2354,311,YALI1_A07624p
2355,3120,YALI1_C29382p
2356,3121,YALI1_C29402p
2357,3122,YALI1_C29447p
2358,3123,YALI1_C29485p
2359,3124,YALI1_C29497p
2360,3125,YALI1_C29506p
2361,3126,YALI1_C29529p
2362,3127,YALI1_C29538p
2363,3128,YALI1_C29576p
2364,3129,YALI1_C29584p
2365,312,YALI1_A07632p
2366,3130,YALI1_C29595p
2367,3131,YALI1_C29618p
2368,3132,YALI1_C29624p
2369,3133,YALI1_C29628p
2370,3134,YALI1_C29648p
2371,3135,YALI1_C29676p
2372,3136,YALI1_C29762p
2373,3137,YALI1_C29810p
2374,3138,YALI1_C29837p
2375,3139,YALI1_C29854p
2376,313,YALI1_A07635p
2377,3140,YALI1_C29902p
2378,3141,YALI1_C29905p
2379,3142,YALI1_C29910p
2380,3143,YALI1_C29920p
2381,3144,YALI1_C29926p
2382,3145,YALI1_C29968p
2383,3146,YALI1_C29983p
2384,3147,YALI1_C30007p
2385,3148,YALI1_C30022p
2386,3149,YALI1_C30052p
2387,314,YALI1_A07649p
2388,3150,YALI1_C30058p
2389,3151,YALI1_C30078p
2390,3152,YALI1_C30086p
2391,3153,YALI1_C30119p
2392,3154,YALI1_C30130p
2393,3155,YALI1_C30181p
2394,3156,YALI1_C30187p
2395,3157,YALI1_C30205p
2396,3158,YALI1_C30235p
2397,3159,YALI1_C30255p
2398,315,YALI1_A07668p
2399,3160,YALI1_C30287p
2400,3161,YALI1_C30310p
2401,3162,YALI1_C30320p
2402,3163,YALI1_C30367p
2403,3164,YALI1_C30392p
2404,3165,YALI1_C30399p
2405,3166,YALI1_C30440p
2406,3167,YALI1_C30454p
2407,3168,YALI1_C30474p
2408,3169,YALI1_C30514p
2409,316,YALI1_A07681p
2410,3170,YALI1_C30524p
2411,3171,YALI1_C30541p
2412,3172,YALI1_C30614p
2413,3173,YALI1_C30632p
2414,3174,YALI1_C30653p
2415,3175,YALI1_C30665p
2416,3176,YALI1_C30672p
2417,3177,YALI1_C30683p
2418,3178,YALI1_C30706p
2419,3179,YALI1_C30726p
2420,317,YALI1_A07712p
2421,3180,YALI1_C30749p
2422,3181,YALI1_C30760p
2423,3182,YALI1_C30795p
2424,3183,YALI1_C30859p
2425,3184,YALI1_C30884p
2426,3185,YALI1_C30901p
2427,3186,YALI1_C30910p
2428,3187,YALI1_C30936p
2429,3188,YALI1_C30946p
2430,3189,YALI1_C30964p
2431,318,YALI1_A07730p
2432,3190,YALI1_C31047p
2433,3191,YALI1_C31061p
2434,3192,YALI1_C31067p
2435,3193,YALI1_C31086p
2436,3194,YALI1_C31122p
2437,3195,YALI1_C31151p
2438,3196,YALI1_C31163p
2439,3197,YALI1_C31199p
2440,3198,YALI1_C31243p
2441,3199,YALI1_C31252p
2442,319,YALI1_A07766p
2443,31,YALI1_A00911p
2444,3200,YALI1_C31281p
2445,3201,YALI1_C31299p
2446,3202,YALI1_C31308p
2447,3203,YALI1_C31315p
2448,3204,YALI1_C31389p
2449,3205,YALI1_C31408p
2450,3206,YALI1_C31453p
2451,3207,YALI1_C31510p
2452,3208,YALI1_C31549p
2453,3209,YALI1_C31576p
2454,320,YALI1_A07768p
2455,3210,YALI1_C31626p
2456,3211,YALI1_C31649p
2457,3212,YALI1_C31684p
2458,3213,YALI1_C31759p
2459,3214,YALI1_C31791p
2460,3215,YALI1_C31793p
2461,3216,YALI1_C31830p
2462,3217,YALI1_C31848p
2463,3218,YALI1_C31888p
2464,3219,YALI1_C31900p
2465,321,YALI1_A07829p
2466,3220,YALI1_C31918p
2467,3221,YALI1_C31971p
2468,3222,YALI1_C31989p
2469,3223,YALI1_C32010p
2470,3224,YALI1_C32031p
2471,3225,YALI1_C32034p
2472,3226,YALI1_C32049p
2473,3227,YALI1_C32079p
2474,3228,YALI1_C32106p
2475,3229,YALI1_C32119p
2476,322,YALI1_A07887p
2477,3230,YALI1_C32137p
2478,3231,YALI1_C32156p
2479,3232,YALI1_C32184p
2480,3233,YALI1_C32223p
2481,3234,YALI1_C32253p
2482,3235,YALI1_C32276p
2483,3236,YALI1_C32294p
2484,3237,YALI1_C32352p
2485,3238,YALI1_C32392p
2486,3239,YALI1_C32424p
2487,323,YALI1_A07937p
2488,3240,YALI1_C32461p
2489,3241,YALI1_C32483p
2490,3242,YALI1_C32496p
2491,3243,YALI1_C32517p
2492,3244,YALI1_C32558p
2493,3245,YALI1_C32609p
2494,3246,YALI1_C32633p
2495,3247,YALI1_C32667p
2496,3248,YALI1_C32706p
2497,3249,YALI1_C32721p
2498,324,YALI1_A07977p
2499,3250,YALI1_C32737p
2500,3251,YALI1_C32771p
2501,3252,YALI1_C32786p
2502,3253,YALI1_C32810p
2503,3254,YALI1_C32823p
2504,3255,YALI1_C32838p
2505,3256,YALI1_C32844p
2506,3257,YALI1_C32850p
2507,3258,YALI1_C32886p
2508,3259,YALI1_C32914p
2509,325,YALI1_A08047p
2510,3260,YALI1_C32921p
2511,3261,YALI1_C32972p
2512,3262,YALI1_C32975p
2513,3263,YALI1_C33005p
2514,3264,YALI1_C33055p
2515,3265,YALI1_C33071p
2516,3266,YALI1_C33086p
2517,3267,YALI1_C33098p
2518,3268,YALI1_C33100p
2519,3269,YALI1_C33152p
2520,326,YALI1_A08049p
2521,3270,YALI1_C33193p
2522,3271,YALI1_C33214p
2523,3272,YALI1_C33217p
2524,3273,YALI1_C33245p
2525,3274,YALI1_C33254p
2526,3275,YALI1_C33270p
2527,3276,YALI1_C33299p
2528,3277,YALI1_C33314p
2529,3278,YALI1_C33332p
2530,3279,YALI1_C33353p
2531,327,YALI1_A08065p
2532,3280,YALI1_C33354p
2533,3281,YALI1_C33406p
2534,3282,YALI1_C33427p
2535,3283,YALI1_C33444p
2536,3284,YALI1_C33458p
2537,3285,YALI1_C33471p
2538,3286,YALI1_C33513p
2539,3287,YALI1_C33525p
2540,3288,YALI1_C33545p
2541,3289,YALI1_C33550p
2542,328,YALI1_A08073p
2543,3290,YALI1_D00040p
2544,3291,YALI1_D00062p
2545,3292,YALI1_D00094p
2546,3293,YALI1_D00123p
2547,3294,YALI1_D00173p
2548,3295,YALI1_D00221p
2549,3296,YALI1_D00231p
2550,3297,YALI1_D00232p
2551,3298,YALI1_D00264p
2552,3299,YALI1_D00273p
2553,329,YALI1_A08107p
2554,32,YALI1_A00947p
2555,3300,YALI1_D00311p
2556,3301,YALI1_D00326p
2557,3302,YALI1_D00352p
2558,3303,YALI1_D00376p
2559,3304,YALI1_D00406p
2560,3305,YALI1_D00412p
2561,3306,YALI1_D00422p
2562,3307,YALI1_D00449p
2563,3308,YALI1_D00474p
2564,3309,YALI1_D00487p
2565,330,YALI1_A08115p
2566,3310,YALI1_D00515p
2567,3311,YALI1_D00537p
2568,3312,YALI1_D00577p
2569,3313,YALI1_D00581p
2570,3314,YALI1_D00614p
2571,3315,YALI1_D00663p
2572,3316,YALI1_D00673p
2573,3317,YALI1_D00703p
2574,3318,YALI1_D00724p
2575,3319,YALI1_D00747p
2576,331,YALI1_A08126p
2577,3320,YALI1_D00754p
2578,3321,YALI1_D00766p
2579,3322,YALI1_D00798p
2580,3323,YALI1_D00813p
2581,3324,YALI1_D00824p
2582,3325,YALI1_D00848p
2583,3326,YALI1_D00888p
2584,3327,YALI1_D00909p
2585,3328,YALI1_D00929p
2586,3329,YALI1_D00951p
2587,332,YALI1_A08175p
2588,3330,YALI1_D00973p
2589,3331,YALI1_D00995p
2590,3332,YALI1_D00996p
2591,3333,YALI1_D01036p
2592,3334,YALI1_D01066p
2593,3335,YALI1_D01075p
2594,3336,YALI1_D01094p
2595,3337,YALI1_D01123p
2596,3338,YALI1_D01188p
2597,3339,YALI1_D01234p
2598,333,YALI1_A08197p
2599,3340,YALI1_D01298p
2600,3341,YALI1_D01305p
2601,3342,YALI1_D01317p
2602,3343,YALI1_D01345p
2603,3344,YALI1_D01350p
2604,3345,YALI1_D01378p
2605,3346,YALI1_D01404p
2606,3347,YALI1_D01431p
2607,3348,YALI1_D01456p
2608,3349,YALI1_D01472p
2609,334,YALI1_A08206p
2610,3350,YALI1_D01489p
2611,3351,YALI1_D01497p
2612,3352,YALI1_D01515p
2613,3353,YALI1_D01548p
2614,3354,YALI1_D01581p
2615,3355,YALI1_D01632p
2616,3356,YALI1_D01676p
2617,3357,YALI1_D01713p
2618,3358,YALI1_D01739p
2619,3359,YALI1_D01780p
2620,335,YALI1_A08299p
2621,3360,YALI1_D01786p
2622,3361,YALI1_D01796p
2623,3362,YALI1_D01819p
2624,3363,YALI1_D01890p
2625,3364,YALI1_D01905p
2626,3365,YALI1_D01910p
2627,3366,YALI1_D01930p
2628,3367,YALI1_D01960p
2629,3368,YALI1_D01967p
2630,3369,YALI1_D02000p
2631,336,YALI1_A08341p
2632,3370,YALI1_D02014p
2633,3371,YALI1_D02041p
2634,3372,YALI1_D02050p
2635,3373,YALI1_D02063p
2636,3374,YALI1_D02085p
2637,3375,YALI1_D02087p
2638,3376,YALI1_D02137p
2639,3377,YALI1_D02150p
2640,3378,YALI1_D02180p
2641,3379,YALI1_D02183p
2642,337,YALI1_A08362p
2643,3380,YALI1_D02206p
2644,3381,YALI1_D02221p
2645,3382,YALI1_D02275p
2646,3383,YALI1_D02316p
2647,3384,YALI1_D02345p
2648,3385,YALI1_D02348p
2649,3386,YALI1_D02362p
2650,3387,YALI1_D02399p
2651,3388,YALI1_D02416p
2652,3389,YALI1_D02444p
2653,338,YALI1_A08424p
2654,3390,YALI1_D02488p
2655,3391,YALI1_D02499p
2656,3392,YALI1_D02546p
2657,3393,YALI1_D02563p
2658,3394,YALI1_D02599p
2659,3395,YALI1_D02611p
2660,3396,YALI1_D02625p
2661,3397,YALI1_D02636p
2662,3398,YALI1_D02641p
2663,3399,YALI1_D02655p
2664,339,YALI1_A08436p
2665,33,YALI1_A00983p
2666,3400,YALI1_D02661p
2667,3401,YALI1_D02680p
2668,3402,YALI1_D02682p
2669,3403,YALI1_D02710p
2670,3404,YALI1_D02781p
2671,3405,YALI1_D02804p
2672,3406,YALI1_D02831p
2673,3407,YALI1_D02852p
2674,3408,YALI1_D02874p
2675,3409,YALI1_D02895p
2676,340,YALI1_A08467p
2677,3410,YALI1_D02936p
2678,3411,YALI1_D02990p
2679,3412,YALI1_D03047p
2680,3413,YALI1_D03061p
2681,3414,YALI1_D03091p
2682,3415,YALI1_D03144p
2683,3416,YALI1_D03167p
2684,3417,YALI1_D03190p
2685,3418,YALI1_D03216p
2686,3419,YALI1_D03221p
2687,341,YALI1_A08468p
2688,3420,YALI1_D03245p
2689,3421,YALI1_D03278p
2690,3422,YALI1_D03320p
2691,3423,YALI1_D03329p
2692,3424,YALI1_D03380p
2693,3425,YALI1_D03412p
2694,3426,YALI1_D03437p
2695,3427,YALI1_D03488p
2696,3428,YALI1_D03561p
2697,3429,YALI1_D03575p
2698,342,YALI1_A08486p
2699,3430,YALI1_D03604p
2700,3431,YALI1_D03639p
2701,3432,YALI1_D03647p
2702,3433,YALI1_D03663p
2703,3434,YALI1_D03701p
2704,3435,YALI1_D03718p
2705,3436,YALI1_D03756p
2706,3437,YALI1_D03766p
2707,3438,YALI1_D03805p
2708,3439,YALI1_D03831p
2709,343,YALI1_A08502p
2710,3440,YALI1_D03865p
2711,3441,YALI1_D03888p
2712,3442,YALI1_D03904p
2713,3443,YALI1_D03952p
2714,3444,YALI1_D03987p
2715,3445,YALI1_D03990p
2716,3446,YALI1_D04017p
2717,3447,YALI1_D04030p
2718,3448,YALI1_D04055p
2719,3449,YALI1_D04128p
2720,344,YALI1_A08512p
2721,3450,YALI1_D04186p
2722,3451,YALI1_D04204p
2723,3452,YALI1_D04261p
2724,3453,YALI1_D04270p
2725,3454,YALI1_D04277p
2726,3455,YALI1_D04331p
2727,3456,YALI1_D04370p
2728,3457,YALI1_D04432p
2729,3458,YALI1_D04447p
2730,3459,YALI1_D04467p
2731,345,YALI1_A08532p
2732,3460,YALI1_D04469p
2733,3461,YALI1_D04512p
2734,3462,YALI1_D04533p
2735,3463,YALI1_D04556p
2736,3464,YALI1_D04566p
2737,3465,YALI1_D04594p
2738,3466,YALI1_D04636p
2739,3467,YALI1_D04653p
2740,3468,YALI1_D04680p
2741,3469,YALI1_D04725p
2742,346,YALI1_A08546p
2743,3470,YALI1_D04772p
2744,3471,YALI1_D04789p
2745,3472,YALI1_D04814p
2746,3473,YALI1_D04901p
2747,3474,YALI1_D04910p
2748,3475,YALI1_D04936p
2749,3476,YALI1_D04969p
2750,3477,YALI1_D04978p
2751,3478,YALI1_D04997p
2752,3479,YALI1_D05008p
2753,347,YALI1_A08614p
2754,3480,YALI1_D05019p
2755,3481,YALI1_D05038p
2756,3482,YALI1_D05070p
2757,3483,YALI1_D05099p
2758,3484,YALI1_D05111p
2759,3485,YALI1_D05139p
2760,3486,YALI1_D05195p
2761,3487,YALI1_D05222p
2762,3488,YALI1_D05244p
2763,3489,YALI1_D05270p
2764,348,YALI1_A08623p
2765,3490,YALI1_D05286p
2766,3491,YALI1_D05320p
2767,3492,YALI1_D05343p
2768,3493,YALI1_D05370p
2769,3494,YALI1_D05375p
2770,3495,YALI1_D05398p
2771,3496,YALI1_D05414p
2772,3497,YALI1_D05440p
2773,3498,YALI1_D05450p
2774,3499,YALI1_D05474p
2775,349,YALI1_A08653p
2776,34,YALI1_A01061p
2777,3500,YALI1_D05538p
2778,3501,YALI1_D05594p
2779,3502,YALI1_D05633p
2780,3503,YALI1_D05692p
2781,3504,YALI1_D05705p
2782,3505,YALI1_D05736p
2783,3506,YALI1_D05739p
2784,3507,YALI1_D05764p
2785,3508,YALI1_D05817p
2786,3509,YALI1_D05822p
2787,350,YALI1_A08672p
2788,3510,YALI1_D05873p
2789,3511,YALI1_D05892p
2790,3512,YALI1_D05901p
2791,3513,YALI1_D05956p
2792,3514,YALI1_D05973p
2793,3515,YALI1_D06026p
2794,3516,YALI1_D06043p
2795,3517,YALI1_D06061p
2796,3518,YALI1_D06094p
2797,3519,YALI1_D06131p
2798,351,YALI1_A08729p
2799,3520,YALI1_D06152p
2800,3521,YALI1_D06195p
2801,3522,YALI1_D06233p
2802,3523,YALI1_D06251p
2803,3524,YALI1_D06276p
2804,3525,YALI1_D06302p
2805,3526,YALI1_D06311p
2806,3527,YALI1_D06380p
2807,3528,YALI1_D06408p
2808,3529,YALI1_D06434p
2809,352,YALI1_A08759p
2810,3530,YALI1_D06442p
2811,3531,YALI1_D06489p
2812,3532,YALI1_D06545p
2813,3533,YALI1_D06552p
2814,3534,YALI1_D06572p
2815,3535,YALI1_D06638p
2816,3536,YALI1_D06665p
2817,3537,YALI1_D06682p
2818,3538,YALI1_D06700p
2819,3539,YALI1_D06736p
2820,353,YALI1_A08781p
2821,3540,YALI1_D06744p
2822,3541,YALI1_D06756p
2823,3542,YALI1_D06788p
2824,3543,YALI1_D06805p
2825,3544,YALI1_D06828p
2826,3545,YALI1_D06859p
2827,3546,YALI1_D06883p
2828,3547,YALI1_D06904p
2829,3548,YALI1_D06988p
2830,3549,YALI1_D07049p
2831,354,YALI1_A08787p
2832,3550,YALI1_D07089p
2833,3551,YALI1_D07118p
2834,3552,YALI1_D07124p
2835,3553,YALI1_D07149p
2836,3554,YALI1_D07162p
2837,3555,YALI1_D07182p
2838,3556,YALI1_D07209p
2839,3557,YALI1_D07232p
2840,3558,YALI1_D07252p
2841,3559,YALI1_D07257p
2842,355,YALI1_A08821p
2843,3560,YALI1_D07261p
2844,3561,YALI1_D07271p
2845,3562,YALI1_D07299p
2846,3563,YALI1_D07310p
2847,3564,YALI1_D07315p
2848,3565,YALI1_D07335p
2849,3566,YALI1_D07344p
2850,3567,YALI1_D07348p
2851,3568,YALI1_D07379p
2852,3569,YALI1_D07427p
2853,356,YALI1_A08828p
2854,3570,YALI1_D07451p
2855,3571,YALI1_D07486p
2856,3572,YALI1_D07496p
2857,3573,YALI1_D07525p
2858,3574,YALI1_D07549p
2859,3575,YALI1_D07576p
2860,3576,YALI1_D07590p
2861,3577,YALI1_D07612p
2862,3578,YALI1_D07665p
2863,3579,YALI1_D07696p
2864,357,YALI1_A08835p
2865,3580,YALI1_D07729p
2866,3581,YALI1_D07775p
2867,3582,YALI1_D07788p
2868,3583,YALI1_D07831p
2869,3584,YALI1_D07888p
2870,3585,YALI1_D07896p
2871,3586,YALI1_D07930p
2872,3587,YALI1_D07945p
2873,3588,YALI1_D07981p
2874,3589,YALI1_D08000p
2875,358,YALI1_A08856p
2876,3590,YALI1_D08031p
2877,3591,YALI1_D08050p
2878,3592,YALI1_D08082p
2879,3593,YALI1_D08113p
2880,3594,YALI1_D08125p
2881,3595,YALI1_D08151p
2882,3596,YALI1_D08174p
2883,3597,YALI1_D08186p
2884,3598,YALI1_D08205p
2885,3599,YALI1_D08239p
2886,359,YALI1_A08875p
2887,35,YALI1_A01074p
2888,3600,YALI1_D08251p
2889,3601,YALI1_D08285p
2890,3602,YALI1_D08317p
2891,3603,YALI1_D08323p
2892,3604,YALI1_D08339p
2893,3605,YALI1_D08360p
2894,3606,YALI1_D08382p
2895,3607,YALI1_D08402p
2896,3608,YALI1_D08408p
2897,3609,YALI1_D08429p
2898,360,YALI1_A08901p
2899,3610,YALI1_D08440p
2900,3611,YALI1_D08460p
2901,3612,YALI1_D08494p
2902,3613,YALI1_D08564p
2903,3614,YALI1_D08594p
2904,3615,YALI1_D08621p
2905,3616,YALI1_D08648p
2906,3617,YALI1_D08684p
2907,3618,YALI1_D08693p
2908,3619,YALI1_D08715p
2909,361,YALI1_A08931p
2910,3620,YALI1_D08734p
2911,3621,YALI1_D08749p
2912,3622,YALI1_D08783p
2913,3623,YALI1_D08798p
2914,3624,YALI1_D08843p
2915,3625,YALI1_D08850p
2916,3626,YALI1_D08884p
2917,3627,YALI1_D08910p
2918,3628,YALI1_D08946p
2919,3629,YALI1_D08971p
2920,362,YALI1_A08934p
2921,3630,YALI1_D08983p
2922,3631,YALI1_D09000p
2923,3632,YALI1_D09004p
2924,3633,YALI1_D09034p
2925,3634,YALI1_D09055p
2926,3635,YALI1_D09068p
2927,3636,YALI1_D09103p
2928,3637,YALI1_D09140p
2929,3638,YALI1_D09142p
2930,3639,YALI1_D09162p
2931,363,YALI1_A08941p
2932,3640,YALI1_D09168p
2933,3641,YALI1_D09203p
2934,3642,YALI1_D09215p
2935,3643,YALI1_D09238p
2936,3644,YALI1_D09277p
2937,3645,YALI1_D09285p
2938,3646,YALI1_D09297p
2939,3647,YALI1_D09308p
2940,3648,YALI1_D09322p
2941,3649,YALI1_D09326p
2942,364,YALI1_A08981p
2943,3650,YALI1_D09356p
2944,3651,YALI1_D09382p
2945,3652,YALI1_D09404p
2946,3653,YALI1_D09417p
2947,3654,YALI1_D09420p
2948,3655,YALI1_D09453p
2949,3656,YALI1_D09488p
2950,3657,YALI1_D09493p
2951,3658,YALI1_D09504p
2952,3659,YALI1_D09534p
2953,365,YALI1_A09010p
2954,3660,YALI1_D09566p
2955,3661,YALI1_D09623p
2956,3662,YALI1_D09667p
2957,3663,YALI1_D09712p
2958,3664,YALI1_D09766p
2959,3665,YALI1_D09785p
2960,3666,YALI1_D09790p
2961,3667,YALI1_D09831p
2962,3668,YALI1_D09870p
2963,3669,YALI1_D09897p
2964,366,YALI1_A09021p
2965,3670,YALI1_D09910p
2966,3671,YALI1_D09916p
2967,3672,YALI1_D09923p
2968,3673,YALI1_D09956p
2969,3674,YALI1_D09964p
2970,3675,YALI1_D09996p
2971,3676,YALI1_D10007p
2972,3677,YALI1_D10022p
2973,3678,YALI1_D10033p
2974,3679,YALI1_D10067p
2975,367,YALI1_A09064p
2976,3680,YALI1_D10083p
2977,3681,YALI1_D10102p
2978,3682,YALI1_D10129p
2979,3683,YALI1_D10135p
2980,3684,YALI1_D10160p
2981,3685,YALI1_D10192p
2982,3686,YALI1_D10197p
2983,3687,YALI1_D10226p
2984,3688,YALI1_D10243p
2985,3689,YALI1_D10264p
2986,368,YALI1_A09100p
2987,3690,YALI1_D10304p
2988,3691,YALI1_D10316p
2989,3692,YALI1_D10367p
2990,3693,YALI1_D10424p
2991,3694,YALI1_D10458p
2992,3695,YALI1_D10495p
2993,3696,YALI1_D10535p
2994,3697,YALI1_D10547p
2995,3698,YALI1_D10565p
2996,3699,YALI1_D10600p
2997,369,YALI1_A09121p
2998,36,YALI1_A01093p
2999,3700,YALI1_D10623p
3000,3701,YALI1_D10668p
3001,3702,YALI1_D10674p
3002,3703,YALI1_D10693p
3003,3704,YALI1_D10721p
3004,3705,YALI1_D10768p
3005,3706,YALI1_D10812p
3006,3707,YALI1_D10829p
3007,3708,YALI1_D10858p
3008,3709,YALI1_D10865p
3009,370,YALI1_A09139p
3010,3710,YALI1_D10886p
3011,3711,YALI1_D10930p
3012,3712,YALI1_D10951p
3013,3713,YALI1_D10961p
3014,3714,YALI1_D11015p
3015,3715,YALI1_D11034p
3016,3716,YALI1_D11063p
3017,3717,YALI1_D11068p
3018,3718,YALI1_D11087p
3019,3719,YALI1_D11091p
3020,371,YALI1_A09149p
3021,3720,YALI1_D11114p
3022,3721,YALI1_D11115p
3023,3722,YALI1_D11151p
3024,3723,YALI1_D11159p
3025,3724,YALI1_D11177p
3026,3725,YALI1_D11203p
3027,3726,YALI1_D11242p
3028,3727,YALI1_D11256p
3029,3728,YALI1_D11272p
3030,3729,YALI1_D11302p
3031,372,YALI1_A09165p
3032,3730,YALI1_D11343p
3033,3731,YALI1_D11354p
3034,3732,YALI1_D11368p
3035,3733,YALI1_D11402p
3036,3734,YALI1_D11406p
3037,3735,YALI1_D11437p
3038,3736,YALI1_D11442p
3039,3737,YALI1_D11479p
3040,3738,YALI1_D11486p
3041,3739,YALI1_D11514p
3042,373,YALI1_A09166p
3043,3740,YALI1_D11542p
3044,3741,YALI1_D11592p
3045,3742,YALI1_D11614p
3046,3743,YALI1_D11623p
3047,3744,YALI1_D11633p
3048,3745,YALI1_D11641p
3049,3746,YALI1_D11653p
3050,3747,YALI1_D11666p
3051,3748,YALI1_D11686p
3052,3749,YALI1_D11722p
3053,374,YALI1_A09190p
3054,3750,YALI1_D11756p
3055,3751,YALI1_D11769p
3056,3752,YALI1_D11810p
3057,3753,YALI1_D11844p
3058,3754,YALI1_D11913p
3059,3755,YALI1_D11934p
3060,3756,YALI1_D11937p
3061,3757,YALI1_D11964p
3062,3758,YALI1_D11971p
3063,3759,YALI1_D11984p
3064,375,YALI1_A09218p
3065,3760,YALI1_D12028p
3066,3761,YALI1_D12050p
3067,3762,YALI1_D12056p
3068,3763,YALI1_D12074p
3069,3764,YALI1_D12091p
3070,3765,YALI1_D12135p
3071,3766,YALI1_D12147p
3072,3767,YALI1_D12172p
3073,3768,YALI1_D12198p
3074,3769,YALI1_D12252p
3075,376,YALI1_A09325p
3076,3770,YALI1_D12271p
3077,3771,YALI1_D12282p
3078,3772,YALI1_D12315p
3079,3773,YALI1_D12342p
3080,3774,YALI1_D12355p
3081,3775,YALI1_D12376p
3082,3776,YALI1_D12403p
3083,3777,YALI1_D12447p
3084,3778,YALI1_D12483p
3085,3779,YALI1_D12493p
3086,377,YALI1_A09372p
3087,3780,YALI1_D12513p
3088,3781,YALI1_D12523p
3089,3782,YALI1_D12543p
3090,3783,YALI1_D12567p
3091,3784,YALI1_D12587p
3092,3785,YALI1_D12626p
3093,3786,YALI1_D12630p
3094,3787,YALI1_D12646p
3095,3788,YALI1_D12690p
3096,3789,YALI1_D12723p
3097,378,YALI1_A09397p
3098,3790,YALI1_D12750p
3099,3791,YALI1_D12760p
3100,3792,YALI1_D12790p
3101,3793,YALI1_D12815p
3102,3794,YALI1_D12832p
3103,3795,YALI1_D12858p
3104,3796,YALI1_D12871p
3105,3797,YALI1_D12877p
3106,3798,YALI1_D12880p
3107,3799,YALI1_D12909p
3108,379,YALI1_A09408p
3109,37,YALI1_A01122p
3110,3800,YALI1_D12930p
3111,3801,YALI1_D12940p
3112,3802,YALI1_D12964p
3113,3803,YALI1_D12996p
3114,3804,YALI1_D13013p
3115,3805,YALI1_D13019p
3116,3806,YALI1_D13042p
3117,3807,YALI1_D13071p
3118,3808,YALI1_D13108p
3119,3809,YALI1_D13124p
3120,380,YALI1_A09422p
3121,3810,YALI1_D13126p
3122,3811,YALI1_D13160p
3123,3812,YALI1_D13201p
3124,3813,YALI1_D13226p
3125,3814,YALI1_D13238p
3126,3815,YALI1_D13251p
3127,3816,YALI1_D13298p
3128,3817,YALI1_D13315p
3129,3818,YALI1_D13341p
3130,3819,YALI1_D13368p
3131,381,YALI1_A09444p
3132,3820,YALI1_D13388p
3133,3821,YALI1_D13403p
3134,3822,YALI1_D13450p
3135,3823,YALI1_D13496p
3136,3824,YALI1_D13510p
3137,3825,YALI1_D13545p
3138,3826,YALI1_D13574p
3139,3827,YALI1_D13611p
3140,3828,YALI1_D13679p
3141,3829,YALI1_D13686p
3142,382,YALI1_A09467p
3143,3830,YALI1_D13707p
3144,3831,YALI1_D13716p
3145,3832,YALI1_D13788p
3146,3833,YALI1_D13790p
3147,3834,YALI1_D13816p
3148,3835,YALI1_D13865p
3149,3836,YALI1_D13871p
3150,3837,YALI1_D13916p
3151,3838,YALI1_D13963p
3152,3839,YALI1_D13976p
3153,383,YALI1_A09522p
3154,3840,YALI1_D14004p
3155,3841,YALI1_D14058p
3156,3842,YALI1_D14097p
3157,3843,YALI1_D14104p
3158,3844,YALI1_D14125p
3159,3845,YALI1_D14156p
3160,3846,YALI1_D14180p
3161,3847,YALI1_D14190p
3162,3848,YALI1_D14199p
3163,3849,YALI1_D14224p
3164,384,YALI1_A09524p
3165,3850,YALI1_D14260p
3166,3851,YALI1_D14276p
3167,3852,YALI1_D14300p
3168,3853,YALI1_D14304p
3169,3854,YALI1_D14329p
3170,3855,YALI1_D14333p
3171,3856,YALI1_D14391p
3172,3857,YALI1_D14400p
3173,3858,YALI1_D14423p
3174,3859,YALI1_D14424p
3175,385,YALI1_A09553p
3176,3860,YALI1_D14431p
3177,3861,YALI1_D14453p
3178,3862,YALI1_D14462p
3179,3863,YALI1_D14477p
3180,3864,YALI1_D14489p
3181,3865,YALI1_D14500p
3182,3866,YALI1_D14532p
3183,3867,YALI1_D14560p
3184,3868,YALI1_D14585p
3185,3869,YALI1_D14609p
3186,386,YALI1_A09576p
3187,3870,YALI1_D14628p
3188,3871,YALI1_D14639p
3189,3872,YALI1_D14670p
3190,3873,YALI1_D14695p
3191,3874,YALI1_D14725p
3192,3875,YALI1_D14805p
3193,3876,YALI1_D14840p
3194,3877,YALI1_D14866p
3195,3878,YALI1_D14893p
3196,3879,YALI1_D14910p
3197,387,YALI1_A09593p
3198,3880,YALI1_D14915p
3199,3881,YALI1_D14986p
3200,3882,YALI1_D15030p
3201,3883,YALI1_D15063p
3202,3884,YALI1_D15114p
3203,3885,YALI1_D15149p
3204,3886,YALI1_D15181p
3205,3887,YALI1_D15214p
3206,3888,YALI1_D15245p
3207,3889,YALI1_D15288p
3208,388,YALI1_A09626p
3209,3890,YALI1_D15296p
3210,3891,YALI1_D15304p
3211,3892,YALI1_D15333p
3212,3893,YALI1_D15345p
3213,3894,YALI1_D15362p
3214,3895,YALI1_D15367p
3215,3896,YALI1_D15398p
3216,3897,YALI1_D15424p
3217,3898,YALI1_D15458p
3218,3899,YALI1_D15506p
3219,389,YALI1_A09638p
3220,38,YALI1_A01143p
3221,3900,YALI1_D15523p
3222,3901,YALI1_D15557p
3223,3902,YALI1_D15568p
3224,3903,YALI1_D15597p
3225,3904,YALI1_D15622p
3226,3905,YALI1_D15692p
3227,3906,YALI1_D15696p
3228,3907,YALI1_D15734p
3229,3908,YALI1_D15744p
3230,3909,YALI1_D15792p
3231,390,YALI1_A09654p
3232,3910,YALI1_D15807p
3233,3911,YALI1_D15848p
3234,3912,YALI1_D15865p
3235,3913,YALI1_D15897p
3236,3914,YALI1_D15902p
3237,3915,YALI1_D15937p
3238,3916,YALI1_D15952p
3239,3917,YALI1_D15963p
3240,3918,YALI1_D15965p
3241,3919,YALI1_D15974p
3242,391,YALI1_A09694p
3243,3920,YALI1_D15983p
3244,3921,YALI1_D16009p
3245,3922,YALI1_D16029p
3246,3923,YALI1_D16047p
3247,3924,YALI1_D16086p
3248,3925,YALI1_D16118p
3249,3926,YALI1_D16144p
3250,3927,YALI1_D16151p
3251,3928,YALI1_D16166p
3252,3929,YALI1_D16173p
3253,392,YALI1_A09741p
3254,3930,YALI1_D16206p
3255,3931,YALI1_D16236p
3256,3932,YALI1_D16249p
3257,3933,YALI1_D16290p
3258,3934,YALI1_D16314p
3259,3935,YALI1_D16329p
3260,3936,YALI1_D16354p
3261,3937,YALI1_D16370p
3262,3938,YALI1_D16431p
3263,3939,YALI1_D16441p
3264,393,YALI1_A09766p
3265,3940,YALI1_D16471p
3266,3941,YALI1_D16531p
3267,3942,YALI1_D16567p
3268,3943,YALI1_D16609p
3269,3944,YALI1_D16656p
3270,3945,YALI1_D16672p
3271,3946,YALI1_D16679p
3272,3947,YALI1_D16709p
3273,3948,YALI1_D16729p
3274,3949,YALI1_D16756p
3275,394,YALI1_A09776p
3276,3950,YALI1_D16783p
3277,3951,YALI1_D16809p
3278,3952,YALI1_D16843p
3279,3953,YALI1_D16864p
3280,3954,YALI1_D16873p
3281,3955,YALI1_D16879p
3282,3956,YALI1_D16891p
3283,3957,YALI1_D16932p
3284,3958,YALI1_D16959p
3285,3959,YALI1_D16981p
3286,395,YALI1_A09787p
3287,3960,YALI1_D16990p
3288,3961,YALI1_D16997p
3289,3962,YALI1_D17011p
3290,3963,YALI1_D17030p
3291,3964,YALI1_D17051p
3292,3965,YALI1_D17090p
3293,3966,YALI1_D17108p
3294,3967,YALI1_D17151p
3295,3968,YALI1_D17181p
3296,3969,YALI1_D17190p
3297,396,YALI1_A09789p
3298,3970,YALI1_D17206p
3299,3971,YALI1_D17249p
3300,3972,YALI1_D17268p
3301,3973,YALI1_D17299p
3302,3974,YALI1_D17336p
3303,3975,YALI1_D17355p
3304,3976,YALI1_D17370p
3305,3977,YALI1_D17410p
3306,3978,YALI1_D17462p
3307,3979,YALI1_D17482p
3308,397,YALI1_A09798p
3309,3980,YALI1_D17493p
3310,3981,YALI1_D17507p
3311,3982,YALI1_D17524p
3312,3983,YALI1_D17543p
3313,3984,YALI1_D17564p
3314,3985,YALI1_D17577p
3315,3986,YALI1_D17593p
3316,3987,YALI1_D17620p
3317,3988,YALI1_D17666p
3318,3989,YALI1_D17710p
3319,398,YALI1_A09856p
3320,3990,YALI1_D17725p
3321,3991,YALI1_D17731p
3322,3992,YALI1_D17770p
3323,3993,YALI1_D17795p
3324,3994,YALI1_D17814p
3325,3995,YALI1_D17829p
3326,3996,YALI1_D17832p
3327,3997,YALI1_D17836p
3328,3998,YALI1_D17842p
3329,3999,YALI1_D17844p
3330,399,YALI1_A09893p
3331,39,YALI1_A01173p
3332,3,YALI1_A00032p
3333,4000,YALI1_D17854p
3334,4001,YALI1_D17885p
3335,4002,YALI1_D17895p
3336,4003,YALI1_D17899p
3337,4004,YALI1_D17930p
3338,4005,YALI1_D17970p
3339,4006,YALI1_D17983p
3340,4007,YALI1_D18014p
3341,4008,YALI1_D18037p
3342,4009,YALI1_D18048p
3343,400,YALI1_A09911p
3344,4010,YALI1_D18089p
3345,4011,YALI1_D18115p
3346,4012,YALI1_D18130p
3347,4013,YALI1_D18167p
3348,4014,YALI1_D18190p
3349,4015,YALI1_D18198p
3350,4016,YALI1_D18251p
3351,4017,YALI1_D18274p
3352,4018,YALI1_D18373p
3353,4019,YALI1_D18383p
3354,401,YALI1_A09919p
3355,4020,YALI1_D18392p
3356,4021,YALI1_D18408p
3357,4022,YALI1_D18442p
3358,4023,YALI1_D18475p
3359,4024,YALI1_D18495p
3360,4025,YALI1_D18555p
3361,4026,YALI1_D18566p
3362,4027,YALI1_D18577p
3363,4028,YALI1_D18623p
3364,4029,YALI1_D18646p
3365,402,YALI1_A09939p
3366,4030,YALI1_D18673p
3367,4031,YALI1_D18727p
3368,4032,YALI1_D18770p
3369,4033,YALI1_D18833p
3370,4034,YALI1_D18845p
3371,4035,YALI1_D18890p
3372,4036,YALI1_D18943p
3373,4037,YALI1_D18982p
3374,4038,YALI1_D19008p
3375,4039,YALI1_D19018p
3376,403,YALI1_A09949p
3377,4040,YALI1_D19039p
3378,4041,YALI1_D19058p
3379,4042,YALI1_D19087p
3380,4043,YALI1_D19108p
3381,4044,YALI1_D19110p
3382,4045,YALI1_D19134p
3383,4046,YALI1_D19174p
3384,4047,YALI1_D19187p
3385,4048,YALI1_D19228p
3386,4049,YALI1_D19252p
3387,404,YALI1_A09996p
3388,4050,YALI1_D19306p
3389,4051,YALI1_D19321p
3390,4052,YALI1_D19338p
3391,4053,YALI1_D19354p
3392,4054,YALI1_D19365p
3393,4055,YALI1_D19515p
3394,4056,YALI1_D19562p
3395,4057,YALI1_D19623p
3396,4058,YALI1_D19721p
3397,4059,YALI1_D19775p
3398,405,YALI1_A10015p
3399,4060,YALI1_D19829p
3400,4061,YALI1_D19951p
3401,4062,YALI1_D19971p
3402,4063,YALI1_D19980p
3403,4064,YALI1_D20007p
3404,4065,YALI1_D20018p
3405,4066,YALI1_D20050p
3406,4067,YALI1_D20061p
3407,4068,YALI1_D20118p
3408,4069,YALI1_D20164p
3409,406,YALI1_A10022p
3410,4070,YALI1_D20202p
3411,4071,YALI1_D20222p
3412,4072,YALI1_D20257p
3413,4073,YALI1_D20304p
3414,4074,YALI1_D20329p
3415,4075,YALI1_D20359p
3416,4076,YALI1_D20381p
3417,4077,YALI1_D20398p
3418,4078,YALI1_D20413p
3419,4079,YALI1_D20457p
3420,407,YALI1_A10039p
3421,4080,YALI1_D20473p
3422,4081,YALI1_D20496p
3423,4082,YALI1_D20505p
3424,4083,YALI1_D20531p
3425,4084,YALI1_D20618p
3426,4085,YALI1_D20637p
3427,4086,YALI1_D20651p
3428,4087,YALI1_D20662p
3429,4088,YALI1_D20672p
3430,4089,YALI1_D20676p
3431,408,YALI1_A10072p
3432,4090,YALI1_D20695p
3433,4091,YALI1_D20706p
3434,4092,YALI1_D20719p
3435,4093,YALI1_D20758p
3436,4094,YALI1_D20768p
3437,4095,YALI1_D20784p
3438,4096,YALI1_D20840p
3439,4097,YALI1_D20844p
3440,4098,YALI1_D20885p
3441,4099,YALI1_D20886p
3442,409,YALI1_A10105p
3443,40,YALI1_A01198p
3444,4100,YALI1_D20904p
3445,4101,YALI1_D20931p
3446,4102,YALI1_D20954p
3447,4103,YALI1_D20968p
3448,4104,YALI1_D20985p
3449,4105,YALI1_D21022p
3450,4106,YALI1_D21023p
3451,4107,YALI1_D21031p
3452,4108,YALI1_D21044p
3453,4109,YALI1_D21076p
3454,410,YALI1_A10143p
3455,4110,YALI1_D21100p
3456,4111,YALI1_D21120p
3457,4112,YALI1_D21145p
3458,4113,YALI1_D21167p
3459,4114,YALI1_D21173p
3460,4115,YALI1_D21191p
3461,4116,YALI1_D21228p
3462,4117,YALI1_D21256p
3463,4118,YALI1_D21327p
3464,4119,YALI1_D21373p
3465,411,YALI1_A10146p
3466,4120,YALI1_D21385p
3467,4121,YALI1_D21408p
3468,4122,YALI1_D21424p
3469,4123,YALI1_D21458p
3470,4124,YALI1_D21464p
3471,4125,YALI1_D21501p
3472,4126,YALI1_D21511p
3473,4127,YALI1_D21543p
3474,4128,YALI1_D21553p
3475,4129,YALI1_D21565p
3476,412,YALI1_A10199p
3477,4130,YALI1_D21586p
3478,4131,YALI1_D21599p
3479,4132,YALI1_D21610p
3480,4133,YALI1_D21631p
3481,4134,YALI1_D21648p
3482,4135,YALI1_D21667p
3483,4136,YALI1_D21702p
3484,4137,YALI1_D21795p
3485,4138,YALI1_D21830p
3486,4139,YALI1_D21847p
3487,413,YALI1_A10254p
3488,4140,YALI1_D21851p
3489,4141,YALI1_D21857p
3490,4142,YALI1_D21938p
3491,4143,YALI1_D21968p
3492,4144,YALI1_D21974p
3493,4145,YALI1_D21978p
3494,4146,YALI1_D21986p
3495,4147,YALI1_D22018p
3496,4148,YALI1_D22043p
3497,4149,YALI1_D22044p
3498,414,YALI1_A10267p
3499,4150,YALI1_D22053p
3500,4151,YALI1_D22083p
3501,4152,YALI1_D22124p
3502,4153,YALI1_D22143p
3503,4154,YALI1_D22145p
3504,4155,YALI1_D22157p
3505,4156,YALI1_D22208p
3506,4157,YALI1_D22237p
3507,4158,YALI1_D22247p
3508,4159,YALI1_D22274p
3509,415,YALI1_A10318p
3510,4160,YALI1_D22313p
3511,4161,YALI1_D22319p
3512,4162,YALI1_D22342p
3513,4163,YALI1_D22368p
3514,4164,YALI1_D22401p
3515,4165,YALI1_D22413p
3516,4166,YALI1_D22471p
3517,4167,YALI1_D22476p
3518,4168,YALI1_D22485p
3519,4169,YALI1_D22538p
3520,416,YALI1_A10365p
3521,4170,YALI1_D22568p
3522,4171,YALI1_D22636p
3523,4172,YALI1_D22663p
3524,4173,YALI1_D22691p
3525,4174,YALI1_D22704p
3526,4175,YALI1_D22759p
3527,4176,YALI1_D22768p
3528,4177,YALI1_D22804p
3529,4178,YALI1_D22834p
3530,4179,YALI1_D22864p
3531,417,YALI1_A10448p
3532,4180,YALI1_D22888p
3533,4181,YALI1_D22906p
3534,4182,YALI1_D22922p
3535,4183,YALI1_D22932p
3536,4184,YALI1_D22961p
3537,4185,YALI1_D22997p
3538,4186,YALI1_D23067p
3539,4187,YALI1_D23094p
3540,4188,YALI1_D23128p
3541,4189,YALI1_D23142p
3542,418,YALI1_A10468p
3543,4190,YALI1_D23169p
3544,4191,YALI1_D23224p
3545,4192,YALI1_D23235p
3546,4193,YALI1_D23237p
3547,4194,YALI1_D23265p
3548,4195,YALI1_D23274p
3549,4196,YALI1_D23337p
3550,4197,YALI1_D23359p
3551,4198,YALI1_D23377p
3552,4199,YALI1_D23479p
3553,419,YALI1_A10473p
3554,41,YALI1_A01230p
3555,4200,YALI1_D23524p
3556,4201,YALI1_D23550p
3557,4202,YALI1_D23561p
3558,4203,YALI1_D23575p
3559,4204,YALI1_D23612p
3560,4205,YALI1_D23622p
3561,4206,YALI1_D23653p
3562,4207,YALI1_D23668p
3563,4208,YALI1_D23688p
3564,4209,YALI1_D23693p
3565,420,YALI1_A10510p
3566,4210,YALI1_D23721p
3567,4211,YALI1_D23730p
3568,4212,YALI1_D23753p
3569,4213,YALI1_D23785p
3570,4214,YALI1_D23845p
3571,4215,YALI1_D23866p
3572,4216,YALI1_D23885p
3573,4217,YALI1_D23934p
3574,4218,YALI1_D23995p
3575,4219,YALI1_D24026p
3576,421,YALI1_A10529p
3577,4220,YALI1_D24037p
3578,4221,YALI1_D24054p
3579,4222,YALI1_D24069p
3580,4223,YALI1_D24095p
3581,4224,YALI1_D24109p
3582,4225,YALI1_D24127p
3583,4226,YALI1_D24130p
3584,4227,YALI1_D24138p
3585,4228,YALI1_D24182p
3586,4229,YALI1_D24225p
3587,422,YALI1_A10565p
3588,4230,YALI1_D24249p
3589,4231,YALI1_D24308p
3590,4232,YALI1_D24333p
3591,4233,YALI1_D24361p
3592,4234,YALI1_D24375p
3593,4235,YALI1_D24387p
3594,4236,YALI1_D24398p
3595,4237,YALI1_D24425p
3596,4238,YALI1_D24466p
3597,4239,YALI1_D24490p
3598,423,YALI1_A10619p
3599,4240,YALI1_D24505p
3600,4241,YALI1_D24508p
3601,4242,YALI1_D24546p
3602,4243,YALI1_D24580p
3603,4244,YALI1_D24626p
3604,4245,YALI1_D24649p
3605,4246,YALI1_D24687p
3606,4247,YALI1_D24718p
3607,4248,YALI1_D24719p
3608,4249,YALI1_D24745p
3609,424,YALI1_A10672p
3610,4250,YALI1_D24751p
3611,4251,YALI1_D24770p
3612,4252,YALI1_D24809p
3613,4253,YALI1_D24836p
3614,4254,YALI1_D24892p
3615,4255,YALI1_D24918p
3616,4256,YALI1_D24941p
3617,4257,YALI1_D24961p
3618,4258,YALI1_D24997p
3619,4259,YALI1_D25006p
3620,425,YALI1_A10708p
3621,4260,YALI1_D25037p
3622,4261,YALI1_D25063p
3623,4262,YALI1_D25104p
3624,4263,YALI1_D25137p
3625,4264,YALI1_D25151p
3626,4265,YALI1_D25175p
3627,4266,YALI1_D25178p
3628,4267,YALI1_D25208p
3629,4268,YALI1_D25216p
3630,4269,YALI1_D25233p
3631,426,YALI1_A10784p
3632,4270,YALI1_D25250p
3633,4271,YALI1_D25255p
3634,4272,YALI1_D25288p
3635,4273,YALI1_D25289p
3636,4274,YALI1_D25330p
3637,4275,YALI1_D25337p
3638,4276,YALI1_D25359p
3639,4277,YALI1_D25370p
3640,4278,YALI1_D25400p
3641,4279,YALI1_D25419p
3642,427,YALI1_A10796p
3643,4280,YALI1_D25450p
3644,4281,YALI1_D25472p
3645,4282,YALI1_D25529p
3646,4283,YALI1_D25563p
3647,4284,YALI1_D25606p
3648,4285,YALI1_D25616p
3649,4286,YALI1_D25664p
3650,4287,YALI1_D25715p
3651,4288,YALI1_D25744p
3652,4289,YALI1_D25786p
3653,428,YALI1_A10798p
3654,4290,YALI1_D25813p
3655,4291,YALI1_D25831p
3656,4292,YALI1_D25851p
3657,4293,YALI1_D25856p
3658,4294,YALI1_D25877p
3659,4295,YALI1_D25885p
3660,4296,YALI1_D25899p
3661,4297,YALI1_D25968p
3662,4298,YALI1_D26006p
3663,4299,YALI1_D26030p
3664,429,YALI1_A10827p
3665,42,YALI1_A01240p
3666,4300,YALI1_D26036p
3667,4301,YALI1_D26051p
3668,4302,YALI1_D26064p
3669,4303,YALI1_D26082p
3670,4304,YALI1_D26084p
3671,4305,YALI1_D26114p
3672,4306,YALI1_D26142p
3673,4307,YALI1_D26146p
3674,4308,YALI1_D26186p
3675,4309,YALI1_D26218p
3676,430,YALI1_A10857p
3677,4310,YALI1_D26242p
3678,4311,YALI1_D26263p
3679,4312,YALI1_D26316p
3680,4313,YALI1_D26320p
3681,4314,YALI1_D26360p
3682,4315,YALI1_D26394p
3683,4316,YALI1_D26438p
3684,4317,YALI1_D26454p
3685,4318,YALI1_D26467p
3686,4319,YALI1_D26496p
3687,431,YALI1_A10883p
3688,4320,YALI1_D26511p
3689,4321,YALI1_D26529p
3690,4322,YALI1_D26559p
3691,4323,YALI1_D26586p
3692,4324,YALI1_D26610p
3693,4325,YALI1_D26639p
3694,4326,YALI1_D26666p
3695,4327,YALI1_D26671p
3696,4328,YALI1_D26721p
3697,4329,YALI1_D26730p
3698,432,YALI1_A10907p
3699,4330,YALI1_D26749p
3700,4331,YALI1_D26759p
3701,4332,YALI1_D26765p
3702,4333,YALI1_D26808p
3703,4334,YALI1_D26844p
3704,4335,YALI1_D26934p
3705,4336,YALI1_D26943p
3706,4337,YALI1_D26956p
3707,4338,YALI1_D26978p
3708,4339,YALI1_D26988p
3709,433,YALI1_A10934p
3710,4340,YALI1_D26993p
3711,4341,YALI1_D27044p
3712,4342,YALI1_D27057p
3713,4343,YALI1_D27068p
3714,4344,YALI1_D27074p
3715,4345,YALI1_D27100p
3716,4346,YALI1_D27126p
3717,4347,YALI1_D27133p
3718,4348,YALI1_D27148p
3719,4349,YALI1_D27163p
3720,434,YALI1_A10966p
3721,4350,YALI1_D27181p
3722,4351,YALI1_D27235p
3723,4352,YALI1_D27251p
3724,4353,YALI1_D27274p
3725,4354,YALI1_D27297p
3726,4355,YALI1_D27324p
3727,4356,YALI1_D27339p
3728,4357,YALI1_D27385p
3729,4358,YALI1_D27450p
3730,4359,YALI1_D27500p
3731,435,YALI1_A11010p
3732,4360,YALI1_D27547p
3733,4361,YALI1_D27599p
3734,4362,YALI1_D27637p
3735,4363,YALI1_D27718p
3736,4364,YALI1_D27748p
3737,4365,YALI1_D27762p
3738,4366,YALI1_D27765p
3739,4367,YALI1_D27780p
3740,4368,YALI1_D27808p
3741,4369,YALI1_D27826p
3742,436,YALI1_A11043p
3743,4370,YALI1_D27844p
3744,4371,YALI1_D27867p
3745,4372,YALI1_D27884p
3746,4373,YALI1_D27912p
3747,4374,YALI1_D27934p
3748,4375,YALI1_D27946p
3749,4376,YALI1_D27995p
3750,4377,YALI1_D28003p
3751,4378,YALI1_D28033p
3752,4379,YALI1_D28062p
3753,437,YALI1_A11068p
3754,4380,YALI1_D28064p
3755,4381,YALI1_D28087p
3756,4382,YALI1_D28150p
3757,4383,YALI1_D28213p
3758,4384,YALI1_D28221p
3759,4385,YALI1_D28242p
3760,4386,YALI1_D28259p
3761,4387,YALI1_D28273p
3762,4388,YALI1_D28351p
3763,4389,YALI1_D28354p
3764,438,YALI1_A11079p
3765,4390,YALI1_D28383p
3766,4391,YALI1_D28404p
3767,4392,YALI1_D28437p
3768,4393,YALI1_D28518p
3769,4394,YALI1_D28537p
3770,4395,YALI1_D28569p
3771,4396,YALI1_D28630p
3772,4397,YALI1_D28646p
3773,4398,YALI1_D28726p
3774,4399,YALI1_D28782p
3775,439,YALI1_A11114p
3776,43,YALI1_A01241p
3777,4400,YALI1_D28825p
3778,4401,YALI1_D28842p
3779,4402,YALI1_D28890p
3780,4403,YALI1_D28934p
3781,4404,YALI1_D28963p
3782,4405,YALI1_D28973p
3783,4406,YALI1_D28993p
3784,4407,YALI1_D28999p
3785,4408,YALI1_D29013p
3786,4409,YALI1_D29020p
3787,440,YALI1_A11141p
3788,4410,YALI1_D29053p
3789,4411,YALI1_D29074p
3790,4412,YALI1_D29081p
3791,4413,YALI1_D29109p
3792,4414,YALI1_D29203p
3793,4415,YALI1_D29215p
3794,4416,YALI1_D29237p
3795,4417,YALI1_D29279p
3796,4418,YALI1_D29335p
3797,4419,YALI1_D29371p
3798,441,YALI1_A11165p
3799,4420,YALI1_D29419p
3800,4421,YALI1_D29457p
3801,4422,YALI1_D29481p
3802,4423,YALI1_D29523p
3803,4424,YALI1_D29549p
3804,4425,YALI1_D29595p
3805,4426,YALI1_D29626p
3806,4427,YALI1_D29630p
3807,4428,YALI1_D29668p
3808,4429,YALI1_D29699p
3809,442,YALI1_A11182p
3810,4430,YALI1_D29703p
3811,4431,YALI1_D29728p
3812,4432,YALI1_D29768p
3813,4433,YALI1_D29831p
3814,4434,YALI1_D29841p
3815,4435,YALI1_D29852p
3816,4436,YALI1_D29910p
3817,4437,YALI1_D29939p
3818,4438,YALI1_D29951p
3819,4439,YALI1_D29966p
3820,443,YALI1_A11218p
3821,4440,YALI1_D29994p
3822,4441,YALI1_D30003p
3823,4442,YALI1_D30058p
3824,4443,YALI1_D30097p
3825,4444,YALI1_D30161p
3826,4445,YALI1_D30196p
3827,4446,YALI1_D30224p
3828,4447,YALI1_D30230p
3829,4448,YALI1_D30241p
3830,4449,YALI1_D30249p
3831,444,YALI1_A11231p
3832,4450,YALI1_D30256p
3833,4451,YALI1_D30285p
3834,4452,YALI1_D30319p
3835,4453,YALI1_D30324p
3836,4454,YALI1_D30383p
3837,4455,YALI1_D30395p
3838,4456,YALI1_D30420p
3839,4457,YALI1_D30459p
3840,4458,YALI1_D30474p
3841,4459,YALI1_D30482p
3842,445,YALI1_A11258p
3843,4460,YALI1_D30506p
3844,4461,YALI1_D30526p
3845,4462,YALI1_D30540p
3846,4463,YALI1_D30570p
3847,4464,YALI1_D30593p
3848,4465,YALI1_D30618p
3849,4466,YALI1_D30653p
3850,4467,YALI1_D30685p
3851,4468,YALI1_D30705p
3852,4469,YALI1_D30781p
3853,446,YALI1_A11270p
3854,4470,YALI1_D30826p
3855,4471,YALI1_D30843p
3856,4472,YALI1_D30850p
3857,4473,YALI1_D30866p
3858,4474,YALI1_D30899p
3859,4475,YALI1_D30922p
3860,4476,YALI1_D30941p
3861,4477,YALI1_D30999p
3862,4478,YALI1_D31083p
3863,4479,YALI1_D31155p
3864,447,YALI1_A11293p
3865,4480,YALI1_D31186p
3866,4481,YALI1_D31258p
3867,4482,YALI1_D31274p
3868,4483,YALI1_D31371p
3869,4484,YALI1_D31376p
3870,4485,YALI1_D31387p
3871,4486,YALI1_D31402p
3872,4487,YALI1_D31482p
3873,4488,YALI1_D31490p
3874,4489,YALI1_D31526p
3875,448,YALI1_A11303p
3876,4490,YALI1_D31568p
3877,4491,YALI1_D31624p
3878,4492,YALI1_D31672p
3879,4493,YALI1_D31719p
3880,4494,YALI1_D31777p
3881,4495,YALI1_D31823p
3882,4496,YALI1_D31866p
3883,4497,YALI1_D31914p
3884,4498,YALI1_D31948p
3885,4499,YALI1_D31981p
3886,449,YALI1_A11341p
3887,44,YALI1_A01249p
3888,4500,YALI1_D32002p
3889,4501,YALI1_D32013p
3890,4502,YALI1_D32024p
3891,4503,YALI1_D32070p
3892,4504,YALI1_D32111p
3893,4505,YALI1_D32153p
3894,4506,YALI1_D32181p
3895,4507,YALI1_D32195p
3896,4508,YALI1_D32209p
3897,4509,YALI1_D32268p
3898,450,YALI1_A11345p
3899,4510,YALI1_D32316p
3900,4511,YALI1_D32342p
3901,4512,YALI1_D32369p
3902,4513,YALI1_D32424p
3903,4514,YALI1_D32435p
3904,4515,YALI1_D32455p
3905,4516,YALI1_D32462p
3906,4517,YALI1_D32468p
3907,4518,YALI1_D32487p
3908,4519,YALI1_D32494p
3909,451,YALI1_A11355p
3910,4520,YALI1_D32519p
3911,4521,YALI1_D32550p
3912,4522,YALI1_D32568p
3913,4523,YALI1_D32594p
3914,4524,YALI1_D32619p
3915,4525,YALI1_D32663p
3916,4526,YALI1_D32695p
3917,4527,YALI1_D32754p
3918,4528,YALI1_D32812p
3919,4529,YALI1_D32832p
3920,452,YALI1_A11415p
3921,4530,YALI1_D32848p
3922,4531,YALI1_D32854p
3923,4532,YALI1_D32880p
3924,4533,YALI1_D32933p
3925,4534,YALI1_D32934p
3926,4535,YALI1_D32939p
3927,4536,YALI1_D32958p
3928,4537,YALI1_D33042p
3929,4538,YALI1_D33105p
3930,4539,YALI1_D33111p
3931,453,YALI1_A11439p
3932,4540,YALI1_D33119p
3933,4541,YALI1_D33168p
3934,4542,YALI1_D33179p
3935,4543,YALI1_D33191p
3936,4544,YALI1_D33207p
3937,4545,YALI1_D33229p
3938,4546,YALI1_D33274p
3939,4547,YALI1_D33289p
3940,4548,YALI1_D33307p
3941,4549,YALI1_D33321p
3942,454,YALI1_A11500p
3943,4550,YALI1_D33350p
3944,4551,YALI1_D33364p
3945,4552,YALI1_D33380p
3946,4553,YALI1_D33397p
3947,4554,YALI1_D33418p
3948,4555,YALI1_D33428p
3949,4556,YALI1_D33465p
3950,4557,YALI1_D33504p
3951,4558,YALI1_D33552p
3952,4559,YALI1_D33599p
3953,455,YALI1_A11506p
3954,4560,YALI1_D33640p
3955,4561,YALI1_D33653p
3956,4562,YALI1_D33696p
3957,4563,YALI1_D33735p
3958,4564,YALI1_D33763p
3959,4565,YALI1_D33780p
3960,4566,YALI1_D33820p
3961,4567,YALI1_D33835p
3962,4568,YALI1_D33843p
3963,4569,YALI1_D33879p
3964,456,YALI1_A11557p
3965,4570,YALI1_D33889p
3966,4571,YALI1_D33901p
3967,4572,YALI1_D33919p
3968,4573,YALI1_D33941p
3969,4574,YALI1_D33961p
3970,4575,YALI1_D33978p
3971,4576,YALI1_D33988p
3972,4577,YALI1_D34022p
3973,4578,YALI1_D34043p
3974,4579,YALI1_D34057p
3975,457,YALI1_A11568p
3976,4580,YALI1_D34061p
3977,4581,YALI1_D34078p
3978,4582,YALI1_D34090p
3979,4583,YALI1_D34106p
3980,4584,YALI1_D34119p
3981,4585,YALI1_D34149p
3982,4586,YALI1_D34213p
3983,4587,YALI1_D34232p
3984,4588,YALI1_D34258p
3985,4589,YALI1_D34270p
3986,458,YALI1_A11588p
3987,4590,YALI1_D34288p
3988,4591,YALI1_D34353p
3989,4592,YALI1_D34395p
3990,4593,YALI1_D34446p
3991,4594,YALI1_D34487p
3992,4595,YALI1_D34508p
3993,4596,YALI1_D34529p
3994,4597,YALI1_D34573p
3995,4598,YALI1_D34594p
3996,4599,YALI1_D34610p
3997,459,YALI1_A11612p
3998,45,YALI1_A01260p
3999,4600,YALI1_D34621p
4000,4601,YALI1_D34643p
4001,4602,YALI1_D34684p
4002,4603,YALI1_D34710p
4003,4604,YALI1_D34739p
4004,4605,YALI1_D34758p
4005,4606,YALI1_D34785p
4006,4607,YALI1_D34840p
4007,4608,YALI1_D34860p
4008,4609,YALI1_D34865p
4009,460,YALI1_A11622p
4010,4610,YALI1_D34893p
4011,4611,YALI1_D34907p
4012,4612,YALI1_D34916p
4013,4613,YALI1_D34933p
4014,4614,YALI1_D34980p
4015,4615,YALI1_D35025p
4016,4616,YALI1_D35061p
4017,4617,YALI1_D35096p
4018,4618,YALI1_D35119p
4019,4619,YALI1_D35126p
4020,461,YALI1_A11643p
4021,4620,YALI1_D35143p
4022,4621,YALI1_D35148p
4023,4622,YALI1_D35190p
4024,4623,YALI1_D35210p
4025,4624,YALI1_D35258p
4026,4625,YALI1_D35325p
4027,4626,YALI1_D35334p
4028,4627,YALI1_D35339p
4029,4628,YALI1_D35356p
4030,4629,YALI1_D35394p
4031,462,YALI1_A11654p
4032,4630,YALI1_D35398p
4033,4631,YALI1_D35424p
4034,4632,YALI1_D35435p
4035,4633,YALI1_D35443p
4036,4634,YALI1_D35484p
4037,4635,YALI1_D35509p
4038,4636,YALI1_D35575p
4039,4637,YALI1_D35593p
4040,4638,YALI1_D35624p
4041,4639,YALI1_D35635p
4042,463,YALI1_A11676p
4043,4640,YALI1_D35669p
4044,4641,YALI1_D35711p
4045,4642,YALI1_D35718p
4046,4643,YALI1_D35735p
4047,4644,YALI1_D35768p
4048,4645,YALI1_D35787p
4049,4646,YALI1_D35809p
4050,4647,YALI1_D35852p
4051,4648,YALI1_D35870p
4052,4649,YALI1_D35907p
4053,464,YALI1_A11723p
4054,4650,YALI1_D35911p
4055,4651,YALI1_D35945p
4056,4652,YALI1_D35965p
4057,4653,YALI1_D35966p
4058,4654,YALI1_D36035p
4059,4655,YALI1_D36100p
4060,4656,YALI1_D36122p
4061,4657,YALI1_D36137p
4062,4658,YALI1_D36161p
4063,4659,YALI1_D36182p
4064,465,YALI1_A11745p
4065,4660,YALI1_D36215p
4066,4661,YALI1_D36255p
4067,4662,YALI1_D36267p
4068,4663,YALI1_D36286p
4069,4664,YALI1_E00019p
4070,4665,YALI1_E00040p
4071,4666,YALI1_E00115p
4072,4667,YALI1_E00239p
4073,4668,YALI1_E00280p
4074,4669,YALI1_E00306p
4075,466,YALI1_A11797p
4076,4670,YALI1_E00318p
4077,4671,YALI1_E00337p
4078,4672,YALI1_E00340p
4079,4673,YALI1_E00358p
4080,4674,YALI1_E00389p
4081,4675,YALI1_E00412p
4082,4676,YALI1_E00437p
4083,4677,YALI1_E00510p
4084,4678,YALI1_E00527p
4085,4679,YALI1_E00533p
4086,467,YALI1_A11821p
4087,4680,YALI1_E00551p
4088,4681,YALI1_E00574p
4089,4682,YALI1_E00588p
4090,4683,YALI1_E00613p
4091,4684,YALI1_E00628p
4092,4685,YALI1_E00659p
4093,4686,YALI1_E00680p
4094,4687,YALI1_E00695p
4095,4688,YALI1_E00746p
4096,4689,YALI1_E00760p
4097,468,YALI1_A11833p
4098,4690,YALI1_E00824p
4099,4691,YALI1_E00869p
4100,4692,YALI1_E00872p
4101,4693,YALI1_E00907p
4102,4694,YALI1_E00928p
4103,4695,YALI1_E00948p
4104,4696,YALI1_E00963p
4105,4697,YALI1_E00986p
4106,4698,YALI1_E01019p
4107,4699,YALI1_E01033p
4108,469,YALI1_A11854p
4109,46,YALI1_A01267p
4110,4700,YALI1_E01057p
4111,4701,YALI1_E01081p
4112,4702,YALI1_E01105p
4113,4703,YALI1_E01133p
4114,4704,YALI1_E01159p
4115,4705,YALI1_E01163p
4116,4706,YALI1_E01193p
4117,4707,YALI1_E01213p
4118,4708,YALI1_E01235p
4119,4709,YALI1_E01251p
4120,470,YALI1_A11876p
4121,4710,YALI1_E01286p
4122,4711,YALI1_E01299p
4123,4712,YALI1_E01352p
4124,4713,YALI1_E01392p
4125,4714,YALI1_E01422p
4126,4715,YALI1_E01432p
4127,4716,YALI1_E01463p
4128,4717,YALI1_E01491p
4129,4718,YALI1_E01530p
4130,4719,YALI1_E01589p
4131,471,YALI1_A11905p
4132,4720,YALI1_E01614p
4133,4721,YALI1_E01623p
4134,4722,YALI1_E01649p
4135,4723,YALI1_E01657p
4136,4724,YALI1_E01689p
4137,4725,YALI1_E01694p
4138,4726,YALI1_E01741p
4139,4727,YALI1_E01778p
4140,4728,YALI1_E01793p
4141,4729,YALI1_E01798p
4142,472,YALI1_A11954p
4143,4730,YALI1_E01865p
4144,4731,YALI1_E01877p
4145,4732,YALI1_E01885p
4146,4733,YALI1_E01904p
4147,4734,YALI1_E01935p
4148,4735,YALI1_E01947p
4149,4736,YALI1_E02000p
4150,4737,YALI1_E02007p
4151,4738,YALI1_E02046p
4152,4739,YALI1_E02056p
4153,473,YALI1_A11966p
4154,4740,YALI1_E02102p
4155,4741,YALI1_E02121p
4156,4742,YALI1_E02143p
4157,4743,YALI1_E02162p
4158,4744,YALI1_E02183p
4159,4745,YALI1_E02203p
4160,4746,YALI1_E02231p
4161,4747,YALI1_E02239p
4162,4748,YALI1_E02265p
4163,4749,YALI1_E02287p
4164,474,YALI1_A11988p
4165,4750,YALI1_E02290p
4166,4751,YALI1_E02305p
4167,4752,YALI1_E02317p
4168,4753,YALI1_E02348p
4169,4754,YALI1_E02355p
4170,4755,YALI1_E02372p
4171,4756,YALI1_E02377p
4172,4757,YALI1_E02413p
4173,4758,YALI1_E02415p
4174,4759,YALI1_E02432p
4175,475,YALI1_A12037p
4176,4760,YALI1_E02438p
4177,4761,YALI1_E02454p
4178,4762,YALI1_E02468p
4179,4763,YALI1_E02481p
4180,4764,YALI1_E02525p
4181,4765,YALI1_E02529p
4182,4766,YALI1_E02574p
4183,4767,YALI1_E02616p
4184,4768,YALI1_E02626p
4185,4769,YALI1_E02648p
4186,476,YALI1_A12067p
4187,4770,YALI1_E02678p
4188,4771,YALI1_E02744p
4189,4772,YALI1_E02767p
4190,4773,YALI1_E02799p
4191,4774,YALI1_E02832p
4192,4775,YALI1_E02850p
4193,4776,YALI1_E02885p
4194,4777,YALI1_E02906p
4195,4778,YALI1_E02948p
4196,4779,YALI1_E02959p
4197,477,YALI1_A12085p
4198,4780,YALI1_E02966p
4199,4781,YALI1_E02996p
4200,4782,YALI1_E03039p
4201,4783,YALI1_E03067p
4202,4784,YALI1_E03088p
4203,4785,YALI1_E03150p
4204,4786,YALI1_E03158p
4205,4787,YALI1_E03163p
4206,4788,YALI1_E03183p
4207,4789,YALI1_E03185p
4208,478,YALI1_A12099p
4209,4790,YALI1_E03220p
4210,4791,YALI1_E03243p
4211,4792,YALI1_E03300p
4212,4793,YALI1_E03320p
4213,4794,YALI1_E03387p
4214,4795,YALI1_E03396p
4215,4796,YALI1_E03416p
4216,4797,YALI1_E03439p
4217,4798,YALI1_E03449p
4218,4799,YALI1_E03476p
4219,479,YALI1_A12138p
4220,47,YALI1_A01298p
4221,4800,YALI1_E03507p
4222,4801,YALI1_E03510p
4223,4802,YALI1_E03527p
4224,4803,YALI1_E03535p
4225,4804,YALI1_E03553p
4226,4805,YALI1_E03584p
4227,4806,YALI1_E03623p
4228,4807,YALI1_E03651p
4229,4808,YALI1_E03669p
4230,4809,YALI1_E03672p
4231,480,YALI1_A12152p
4232,4810,YALI1_E03723p
4233,4811,YALI1_E03762p
4234,4812,YALI1_E03789p
4235,4813,YALI1_E03846p
4236,4814,YALI1_E03870p
4237,4815,YALI1_E03877p
4238,4816,YALI1_E03904p
4239,4817,YALI1_E03918p
4240,4818,YALI1_E03941p
4241,4819,YALI1_E03973p
4242,481,YALI1_A12167p
4243,4820,YALI1_E03999p
4244,4821,YALI1_E04007p
4245,4822,YALI1_E04023p
4246,4823,YALI1_E04033p
4247,4824,YALI1_E04060p
4248,4825,YALI1_E04091p
4249,4826,YALI1_E04107p
4250,4827,YALI1_E04143p
4251,4828,YALI1_E04177p
4252,4829,YALI1_E04201p
4253,482,YALI1_A12225p
4254,4830,YALI1_E04229p
4255,4831,YALI1_E04278p
4256,4832,YALI1_E04312p
4257,4833,YALI1_E04341p
4258,4834,YALI1_E04349p
4259,4835,YALI1_E04359p
4260,4836,YALI1_E04420p
4261,4837,YALI1_E04437p
4262,4838,YALI1_E04499p
4263,4839,YALI1_E04531p
4264,483,YALI1_A12245p
4265,4840,YALI1_E04544p
4266,4841,YALI1_E04575p
4267,4842,YALI1_E04576p
4268,4843,YALI1_E04590p
4269,4844,YALI1_E04613p
4270,4845,YALI1_E04629p
4271,4846,YALI1_E04672p
4272,4847,YALI1_E04688p
4273,4848,YALI1_E04706p
4274,4849,YALI1_E04719p
4275,484,YALI1_A12284p
4276,4850,YALI1_E04744p
4277,4851,YALI1_E04790p
4278,4852,YALI1_E04795p
4279,4853,YALI1_E04807p
4280,4854,YALI1_E04823p
4281,4855,YALI1_E04845p
4282,4856,YALI1_E04859p
4283,4857,YALI1_E04909p
4284,4858,YALI1_E04910p
4285,4859,YALI1_E04968p
4286,485,YALI1_A12294p
4287,4860,YALI1_E05004p
4288,4861,YALI1_E05074p
4289,4862,YALI1_E05103p
4290,4863,YALI1_E05119p
4291,4864,YALI1_E05145p
4292,4865,YALI1_E05158p
4293,4866,YALI1_E05180p
4294,4867,YALI1_E05261p
4295,4868,YALI1_E05285p
4296,4869,YALI1_E05309p
4297,486,YALI1_A12302p
4298,4870,YALI1_E05319p
4299,4871,YALI1_E05329p
4300,4872,YALI1_E05353p
4301,4873,YALI1_E05390p
4302,4874,YALI1_E05403p
4303,4875,YALI1_E05416p
4304,4876,YALI1_E05446p
4305,4877,YALI1_E05489p
4306,4878,YALI1_E05496p
4307,4879,YALI1_E05538p
4308,487,YALI1_A12356p
4309,4880,YALI1_E05576p
4310,4881,YALI1_E05584p
4311,4882,YALI1_E05599p
4312,4883,YALI1_E05602p
4313,4884,YALI1_E05630p
4314,4885,YALI1_E05645p
4315,4886,YALI1_E05664p
4316,4887,YALI1_E05668p
4317,4888,YALI1_E05681p
4318,4889,YALI1_E05701p
4319,488,YALI1_A12403p
4320,4890,YALI1_E05709p
4321,4891,YALI1_E05731p
4322,4892,YALI1_E05767p
4323,4893,YALI1_E05779p
4324,4894,YALI1_E05811p
4325,4895,YALI1_E05833p
4326,4896,YALI1_E05854p
4327,4897,YALI1_E05866p
4328,4898,YALI1_E05907p
4329,4899,YALI1_E05929p
4330,489,YALI1_A12411p
4331,48,YALI1_A01394p
4332,4900,YALI1_E05963p
4333,4901,YALI1_E05972p
4334,4902,YALI1_E05975p
4335,4903,YALI1_E05994p
4336,4904,YALI1_E06015p
4337,4905,YALI1_E06028p
4338,4906,YALI1_E06031p
4339,4907,YALI1_E06056p
4340,4908,YALI1_E06065p
4341,4909,YALI1_E06068p
4342,490,YALI1_A12437p
4343,4910,YALI1_E06109p
4344,4911,YALI1_E06119p
4345,4912,YALI1_E06137p
4346,4913,YALI1_E06158p
4347,4914,YALI1_E06178p
4348,4915,YALI1_E06212p
4349,4916,YALI1_E06220p
4350,4917,YALI1_E06280p
4351,4918,YALI1_E06317p
4352,4919,YALI1_E06331p
4353,491,YALI1_A12445p
4354,4920,YALI1_E06355p
4355,4921,YALI1_E06365p
4356,4922,YALI1_E06406p
4357,4923,YALI1_E06441p
4358,4924,YALI1_E06468p
4359,4925,YALI1_E06484p
4360,4926,YALI1_E06535p
4361,4927,YALI1_E06573p
4362,4928,YALI1_E06583p
4363,4929,YALI1_E06616p
4364,492,YALI1_A12465p
4365,4930,YALI1_E06628p
4366,4931,YALI1_E06641p
4367,4932,YALI1_E06655p
4368,4933,YALI1_E06664p
4369,4934,YALI1_E06676p
4370,4935,YALI1_E06697p
4371,4936,YALI1_E06712p
4372,4937,YALI1_E06737p
4373,4938,YALI1_E06759p
4374,4939,YALI1_E06843p
4375,493,YALI1_A12475p
4376,4940,YALI1_E06882p
4377,4941,YALI1_E06946p
4378,4942,YALI1_E07019p
4379,4943,YALI1_E07040p
4380,4944,YALI1_E07065p
4381,4945,YALI1_E07099p
4382,4946,YALI1_E07121p
4383,4947,YALI1_E07153p
4384,4948,YALI1_E07178p
4385,4949,YALI1_E07234p
4386,494,YALI1_A12492p
4387,4950,YALI1_E07259p
4388,4951,YALI1_E07302p
4389,4952,YALI1_E07306p
4390,4953,YALI1_E07347p
4391,4954,YALI1_E07354p
4392,4955,YALI1_E07361p
4393,4956,YALI1_E07409p
4394,4957,YALI1_E07429p
4395,4958,YALI1_E07440p
4396,4959,YALI1_E07471p
4397,495,YALI1_A12502p
4398,4960,YALI1_E07479p
4399,4961,YALI1_E07506p
4400,4962,YALI1_E07508p
4401,4963,YALI1_E07522p
4402,4964,YALI1_E07535p
4403,4965,YALI1_E07571p
4404,4966,YALI1_E07578p
4405,4967,YALI1_E07601p
4406,4968,YALI1_E07657p
4407,4969,YALI1_E07676p
4408,496,YALI1_A12540p
4409,4970,YALI1_E07744p
4410,4971,YALI1_E07790p
4411,4972,YALI1_E07818p
4412,4973,YALI1_E07874p
4413,4974,YALI1_E07899p
4414,4975,YALI1_E07920p
4415,4976,YALI1_E07950p
4416,4977,YALI1_E07984p
4417,4978,YALI1_E08021p
4418,4979,YALI1_E08035p
4419,497,YALI1_A12601p
4420,4980,YALI1_E08043p
4421,4981,YALI1_E08071p
4422,4982,YALI1_E08104p
4423,4983,YALI1_E08114p
4424,4984,YALI1_E08157p
4425,4985,YALI1_E08176p
4426,4986,YALI1_E08198p
4427,4987,YALI1_E08211p
4428,4988,YALI1_E08228p
4429,4989,YALI1_E08253p
4430,498,YALI1_A12617p
4431,4990,YALI1_E08271p
4432,4991,YALI1_E08334p
4433,4992,YALI1_E08351p
4434,4993,YALI1_E08382p
4435,4994,YALI1_E08440p
4436,4995,YALI1_E08452p
4437,4996,YALI1_E08472p
4438,4997,YALI1_E08512p
4439,4998,YALI1_E08530p
4440,4999,YALI1_E08545p
4441,499,YALI1_A12638p
4442,49,YALI1_A01430p
4443,4,YALI1_A00058p
4444,5000,YALI1_E08575p
4445,5001,YALI1_E08620p
4446,5002,YALI1_E08689p
4447,5003,YALI1_E08709p
4448,5004,YALI1_E08725p
4449,5005,YALI1_E08733p
4450,5006,YALI1_E08782p
4451,5007,YALI1_E08828p
4452,5008,YALI1_E08853p
4453,5009,YALI1_E08861p
4454,500,YALI1_A12688p
4455,5010,YALI1_E08900p
4456,5011,YALI1_E08915p
4457,5012,YALI1_E08937p
4458,5013,YALI1_E08997p
4459,5014,YALI1_E09051p
4460,5015,YALI1_E09082p
4461,5016,YALI1_E09128p
4462,5017,YALI1_E09155p
4463,5018,YALI1_E09190p
4464,5019,YALI1_E09241p
4465,501,YALI1_A12729p
4466,5020,YALI1_E09269p
4467,5021,YALI1_E09329p
4468,5022,YALI1_E09357p
4469,5023,YALI1_E09381p
4470,5024,YALI1_E09395p
4471,5025,YALI1_E09438p
4472,5026,YALI1_E09456p
4473,5027,YALI1_E09501p
4474,5028,YALI1_E09522p
4475,5029,YALI1_E09539p
4476,502,YALI1_A12756p
4477,5030,YALI1_E09568p
4478,5031,YALI1_E09602p
4479,5032,YALI1_E09615p
4480,5033,YALI1_E09643p
4481,5034,YALI1_E09652p
4482,5035,YALI1_E09672p
4483,5036,YALI1_E09705p
4484,5037,YALI1_E09750p
4485,5038,YALI1_E09769p
4486,5039,YALI1_E09779p
4487,503,YALI1_A12772p
4488,5040,YALI1_E09817p
4489,5041,YALI1_E09835p
4490,5042,YALI1_E09884p
4491,5043,YALI1_E09895p
4492,5044,YALI1_E09924p
4493,5045,YALI1_E09972p
4494,5046,YALI1_E10013p
4495,5047,YALI1_E10055p
4496,5048,YALI1_E10067p
4497,5049,YALI1_E10134p
4498,504,YALI1_A12822p
4499,5050,YALI1_E10140p
4500,5051,YALI1_E10148p
4501,5052,YALI1_E10161p
4502,5053,YALI1_E10210p
4503,5054,YALI1_E10233p
4504,5055,YALI1_E10247p
4505,5056,YALI1_E10290p
4506,5057,YALI1_E10295p
4507,5058,YALI1_E10320p
4508,5059,YALI1_E10339p
4509,505,YALI1_A12852p
4510,5060,YALI1_E10358p
4511,5061,YALI1_E10364p
4512,5062,YALI1_E10417p
4513,5063,YALI1_E10443p
4514,5064,YALI1_E10455p
4515,5065,YALI1_E10492p
4516,5066,YALI1_E10500p
4517,5067,YALI1_E10587p
4518,5068,YALI1_E10662p
4519,5069,YALI1_E10712p
4520,506,YALI1_A12868p
4521,5070,YALI1_E10755p
4522,5071,YALI1_E10811p
4523,5072,YALI1_E10836p
4524,5073,YALI1_E10852p
4525,5074,YALI1_E10899p
4526,5075,YALI1_E10934p
4527,5076,YALI1_E10951p
4528,5077,YALI1_E11048p
4529,5078,YALI1_E11083p
4530,5079,YALI1_E11136p
4531,507,YALI1_A12929p
4532,5080,YALI1_E11154p
4533,5081,YALI1_E11181p
4534,5082,YALI1_E11215p
4535,5083,YALI1_E11217p
4536,5084,YALI1_E11255p
4537,5085,YALI1_E11272p
4538,5086,YALI1_E11289p
4539,5087,YALI1_E11309p
4540,5088,YALI1_E11323p
4541,5089,YALI1_E11341p
4542,508,YALI1_A12989p
4543,5090,YALI1_E11351p
4544,5091,YALI1_E11370p
4545,5092,YALI1_E11402p
4546,5093,YALI1_E11415p
4547,5094,YALI1_E11441p
4548,5095,YALI1_E11483p
4549,5096,YALI1_E11485p
4550,5097,YALI1_E11491p
4551,5098,YALI1_E11497p
4552,5099,YALI1_E11510p
4553,509,YALI1_A13007p
4554,50,YALI1_A01434p
4555,5100,YALI1_E11529p
4556,5101,YALI1_E11565p
4557,5102,YALI1_E11587p
4558,5103,YALI1_E11619p
4559,5104,YALI1_E11630p
4560,5105,YALI1_E11674p
4561,5106,YALI1_E11768p
4562,5107,YALI1_E11770p
4563,5108,YALI1_E11798p
4564,5109,YALI1_E11807p
4565,510,YALI1_A13019p
4566,5110,YALI1_E11835p
4567,5111,YALI1_E11875p
4568,5112,YALI1_E11943p
4569,5113,YALI1_E11969p
4570,5114,YALI1_E11976p
4571,5115,YALI1_E12013p
4572,5116,YALI1_E12019p
4573,5117,YALI1_E12027p
4574,5118,YALI1_E12067p
4575,5119,YALI1_E12103p
4576,511,YALI1_A13041p
4577,5120,YALI1_E12113p
4578,5121,YALI1_E12159p
4579,5122,YALI1_E12183p
4580,5123,YALI1_E12186p
4581,5124,YALI1_E12206p
4582,5125,YALI1_E12211p
4583,5126,YALI1_E12223p
4584,5127,YALI1_E12244p
4585,5128,YALI1_E12295p
4586,5129,YALI1_E12402p
4587,512,YALI1_A13046p
4588,5130,YALI1_E12421p
4589,5131,YALI1_E12454p
4590,5132,YALI1_E12482p
4591,5133,YALI1_E12496p
4592,5134,YALI1_E12541p
4593,5135,YALI1_E12561p
4594,5136,YALI1_E12587p
4595,5137,YALI1_E12614p
4596,5138,YALI1_E12643p
4597,5139,YALI1_E12668p
4598,513,YALI1_A13095p
4599,5140,YALI1_E12703p
4600,5141,YALI1_E12711p
4601,5142,YALI1_E12730p
4602,5143,YALI1_E12747p
4603,5144,YALI1_E12780p
4604,5145,YALI1_E12784p
4605,5146,YALI1_E12790p
4606,5147,YALI1_E12793p
4607,5148,YALI1_E12847p
4608,5149,YALI1_E12873p
4609,514,YALI1_A13100p
4610,5150,YALI1_E12893p
4611,5151,YALI1_E12919p
4612,5152,YALI1_E12952p
4613,5153,YALI1_E12962p
4614,5154,YALI1_E12987p
4615,5155,YALI1_E13011p
4616,5156,YALI1_E13034p
4617,5157,YALI1_E13082p
4618,5158,YALI1_E13097p
4619,5159,YALI1_E13132p
4620,515,YALI1_A13131p
4621,5160,YALI1_E13150p
4622,5161,YALI1_E13173p
4623,5162,YALI1_E13223p
4624,5163,YALI1_E13280p
4625,5164,YALI1_E13287p
4626,5165,YALI1_E13329p
4627,5166,YALI1_E13360p
4628,5167,YALI1_E13402p
4629,5168,YALI1_E13428p
4630,5169,YALI1_E13453p
4631,516,YALI1_A13148p
4632,5170,YALI1_E13472p
4633,5171,YALI1_E13495p
4634,5172,YALI1_E13509p
4635,5173,YALI1_E13514p
4636,5174,YALI1_E13541p
4637,5175,YALI1_E13579p
4638,5176,YALI1_E13611p
4639,5177,YALI1_E13627p
4640,5178,YALI1_E13637p
4641,5179,YALI1_E13677p
4642,517,YALI1_A13200p
4643,5180,YALI1_E13683p
4644,5181,YALI1_E13708p
4645,5182,YALI1_E13718p
4646,5183,YALI1_E13727p
4647,5184,YALI1_E13755p
4648,5185,YALI1_E13765p
4649,5186,YALI1_E13787p
4650,5187,YALI1_E13808p
4651,5188,YALI1_E13818p
4652,5189,YALI1_E13823p
4653,518,YALI1_A13224p
4654,5190,YALI1_E13848p
4655,5191,YALI1_E13863p
4656,5192,YALI1_E13899p
4657,5193,YALI1_E13926p
4658,5194,YALI1_E13963p
4659,5195,YALI1_E14003p
4660,5196,YALI1_E14013p
4661,5197,YALI1_E14028p
4662,5198,YALI1_E14068p
4663,5199,YALI1_E14080p
4664,519,YALI1_A13227p
4665,51,YALI1_A01468p
4666,5200,YALI1_E14089p
4667,5201,YALI1_E14118p
4668,5202,YALI1_E14125p
4669,5203,YALI1_E14132p
4670,5204,YALI1_E14153p
4671,5205,YALI1_E14164p
4672,5206,YALI1_E14189p
4673,5207,YALI1_E14201p
4674,5208,YALI1_E14234p
4675,5209,YALI1_E14274p
4676,520,YALI1_A13236p
4677,5210,YALI1_E14316p
4678,5211,YALI1_E14350p
4679,5212,YALI1_E14353p
4680,5213,YALI1_E14385p
4681,5214,YALI1_E14427p
4682,5215,YALI1_E14451p
4683,5216,YALI1_E14469p
4684,5217,YALI1_E14489p
4685,5218,YALI1_E14497p
4686,5219,YALI1_E14505p
4687,521,YALI1_A13287p
4688,5220,YALI1_E14535p
4689,5221,YALI1_E14555p
4690,5222,YALI1_E14561p
4691,5223,YALI1_E14584p
4692,5224,YALI1_E14604p
4693,5225,YALI1_E14619p
4694,5226,YALI1_E14644p
4695,5227,YALI1_E14698p
4696,5228,YALI1_E14709p
4697,5229,YALI1_E14733p
4698,522,YALI1_A13330p
4699,5230,YALI1_E14749p
4700,5231,YALI1_E14762p
4701,5232,YALI1_E14805p
4702,5233,YALI1_E14824p
4703,5234,YALI1_E14856p
4704,5235,YALI1_E14889p
4705,5236,YALI1_E14910p
4706,5237,YALI1_E14925p
4707,5238,YALI1_E14967p
4708,5239,YALI1_E14988p
4709,523,YALI1_A13334p
4710,5240,YALI1_E15015p
4711,5241,YALI1_E15074p
4712,5242,YALI1_E15086p
4713,5243,YALI1_E15093p
4714,5244,YALI1_E15115p
4715,5245,YALI1_E15144p
4716,5246,YALI1_E15197p
4717,5247,YALI1_E15211p
4718,5248,YALI1_E15229p
4719,5249,YALI1_E15256p
4720,524,YALI1_A13349p
4721,5250,YALI1_E15274p
4722,5251,YALI1_E15318p
4723,5252,YALI1_E15321p
4724,5253,YALI1_E15398p
4725,5254,YALI1_E15421p
4726,5255,YALI1_E15432p
4727,5256,YALI1_E15452p
4728,5257,YALI1_E15469p
4729,5258,YALI1_E15492p
4730,5259,YALI1_E15502p
4731,525,YALI1_A13383p
4732,5260,YALI1_E15521p
4733,5261,YALI1_E15555p
4734,5262,YALI1_E15559p
4735,5263,YALI1_E15583p
4736,5264,YALI1_E15606p
4737,5265,YALI1_E15625p
4738,5266,YALI1_E15629p
4739,5267,YALI1_E15659p
4740,5268,YALI1_E15718p
4741,5269,YALI1_E15758p
4742,526,YALI1_A13392p
4743,5270,YALI1_E15774p
4744,5271,YALI1_E15804p
4745,5272,YALI1_E15835p
4746,5273,YALI1_E15843p
4747,5274,YALI1_E15865p
4748,5275,YALI1_E15889p
4749,5276,YALI1_E15939p
4750,5277,YALI1_E15991p
4751,5278,YALI1_E16002p
4752,5279,YALI1_E16023p
4753,527,YALI1_A13397p
4754,5280,YALI1_E16026p
4755,5281,YALI1_E16068p
4756,5282,YALI1_E16076p
4757,5283,YALI1_E16097p
4758,5284,YALI1_E16121p
4759,5285,YALI1_E16164p
4760,5286,YALI1_E16174p
4761,5287,YALI1_E16194p
4762,5288,YALI1_E16202p
4763,5289,YALI1_E16230p
4764,528,YALI1_A13412p
4765,5290,YALI1_E16249p
4766,5291,YALI1_E16255p
4767,5292,YALI1_E16300p
4768,5293,YALI1_E16305p
4769,5294,YALI1_E16325p
4770,5295,YALI1_E16359p
4771,5296,YALI1_E16390p
4772,5297,YALI1_E16433p
4773,5298,YALI1_E16451p
4774,5299,YALI1_E16493p
4775,529,YALI1_A13454p
4776,52,YALI1_A01505p
4777,5300,YALI1_E16501p
4778,5301,YALI1_E16531p
4779,5302,YALI1_E16544p
4780,5303,YALI1_E16556p
4781,5304,YALI1_E16597p
4782,5305,YALI1_E16608p
4783,5306,YALI1_E16609p
4784,5307,YALI1_E16649p
4785,5308,YALI1_E16675p
4786,5309,YALI1_E16694p
4787,530,YALI1_A13508p
4788,5310,YALI1_E16701p
4789,5311,YALI1_E16731p
4790,5312,YALI1_E16750p
4791,5313,YALI1_E16773p
4792,5314,YALI1_E16820p
4793,5315,YALI1_E16841p
4794,5316,YALI1_E16854p
4795,5317,YALI1_E16900p
4796,5318,YALI1_E16919p
4797,5319,YALI1_E16950p
4798,531,YALI1_A13555p
4799,5320,YALI1_E16956p
4800,5321,YALI1_E16968p
4801,5322,YALI1_E16974p
4802,5323,YALI1_E16982p
4803,5324,YALI1_E17014p
4804,5325,YALI1_E17037p
4805,5326,YALI1_E17065p
4806,5327,YALI1_E17069p
4807,5328,YALI1_E17100p
4808,5329,YALI1_E17141p
4809,532,YALI1_A13566p
4810,5330,YALI1_E17162p
4811,5331,YALI1_E17171p
4812,5332,YALI1_E17184p
4813,5333,YALI1_E17201p
4814,5334,YALI1_E17214p
4815,5335,YALI1_E17243p
4816,5336,YALI1_E17258p
4817,5337,YALI1_E17326p
4818,5338,YALI1_E17355p
4819,5339,YALI1_E17377p
4820,533,YALI1_A13591p
4821,5340,YALI1_E17389p
4822,5341,YALI1_E17431p
4823,5342,YALI1_E17466p
4824,5343,YALI1_E17484p
4825,5344,YALI1_E17508p
4826,5345,YALI1_E17527p
4827,5346,YALI1_E17574p
4828,5347,YALI1_E17583p
4829,5348,YALI1_E17594p
4830,5349,YALI1_E17613p
4831,534,YALI1_A13593p
4832,5350,YALI1_E17616p
4833,5351,YALI1_E17643p
4834,5352,YALI1_E17699p
4835,5353,YALI1_E17754p
4836,5354,YALI1_E17760p
4837,5355,YALI1_E17773p
4838,5356,YALI1_E17786p
4839,5357,YALI1_E17811p
4840,5358,YALI1_E17815p
4841,5359,YALI1_E17829p
4842,535,YALI1_A13596p
4843,5360,YALI1_E17849p
4844,5361,YALI1_E17889p
4845,5362,YALI1_E17920p
4846,5363,YALI1_E17935p
4847,5364,YALI1_E17973p
4848,5365,YALI1_E17988p
4849,5366,YALI1_E18025p
4850,5367,YALI1_E18081p
4851,5368,YALI1_E18095p
4852,5369,YALI1_E18121p
4853,536,YALI1_A13637p
4854,5370,YALI1_E18143p
4855,5371,YALI1_E18171p
4856,5372,YALI1_E18184p
4857,5373,YALI1_E18212p
4858,5374,YALI1_E18242p
4859,5375,YALI1_E18258p
4860,5376,YALI1_E18269p
4861,5377,YALI1_E18281p
4862,5378,YALI1_E18291p
4863,5379,YALI1_E18303p
4864,537,YALI1_A13649p
4865,5380,YALI1_E18326p
4866,5381,YALI1_E18378p
4867,5382,YALI1_E18411p
4868,5383,YALI1_E18441p
4869,5384,YALI1_E18480p
4870,5385,YALI1_E18514p
4871,5386,YALI1_E18539p
4872,5387,YALI1_E18622p
4873,5388,YALI1_E18713p
4874,5389,YALI1_E18720p
4875,538,YALI1_A13682p
4876,5390,YALI1_E18749p
4877,5391,YALI1_E18802p
4878,5392,YALI1_E18843p
4879,5393,YALI1_E18854p
4880,5394,YALI1_E18895p
4881,5395,YALI1_E18903p
4882,5396,YALI1_E18918p
4883,5397,YALI1_E18927p
4884,5398,YALI1_E18961p
4885,5399,YALI1_E18990p
4886,539,YALI1_A13713p
4887,53,YALI1_A01537p
4888,5400,YALI1_E19014p
4889,5401,YALI1_E19036p
4890,5402,YALI1_E19060p
4891,5403,YALI1_E19070p
4892,5404,YALI1_E19082p
4893,5405,YALI1_E19098p
4894,5406,YALI1_E19105p
4895,5407,YALI1_E19138p
4896,5408,YALI1_E19172p
4897,5409,YALI1_E19201p
4898,540,YALI1_A13737p
4899,5410,YALI1_E19263p
4900,5411,YALI1_E19314p
4901,5412,YALI1_E19316p
4902,5413,YALI1_E19327p
4903,5414,YALI1_E19337p
4904,5415,YALI1_E19371p
4905,5416,YALI1_E19403p
4906,5417,YALI1_E19415p
4907,5418,YALI1_E19458p
4908,5419,YALI1_E19483p
4909,541,YALI1_A13749p
4910,5420,YALI1_E19488p
4911,5421,YALI1_E19494p
4912,5422,YALI1_E19508p
4913,5423,YALI1_E19557p
4914,5424,YALI1_E19563p
4915,5425,YALI1_E19603p
4916,5426,YALI1_E19620p
4917,5427,YALI1_E19647p
4918,5428,YALI1_E19669p
4919,5429,YALI1_E19682p
4920,542,YALI1_A13775p
4921,5430,YALI1_E19696p
4922,5431,YALI1_E19714p
4923,5432,YALI1_E19723p
4924,5433,YALI1_E19736p
4925,5434,YALI1_E19754p
4926,5435,YALI1_E19757p
4927,5436,YALI1_E19772p
4928,5437,YALI1_E19783p
4929,5438,YALI1_E19795p
4930,5439,YALI1_E19826p
4931,543,YALI1_A13785p
4932,5440,YALI1_E19845p
4933,5441,YALI1_E19852p
4934,5442,YALI1_E19871p
4935,5443,YALI1_E19883p
4936,5444,YALI1_E19902p
4937,5445,YALI1_E19916p
4938,5446,YALI1_E19958p
4939,5447,YALI1_E20016p
4940,5448,YALI1_E20029p
4941,5449,YALI1_E20049p
4942,544,YALI1_A13845p
4943,5450,YALI1_E20070p
4944,5451,YALI1_E20099p
4945,5452,YALI1_E20125p
4946,5453,YALI1_E20142p
4947,5454,YALI1_E20159p
4948,5455,YALI1_E20192p
4949,5456,YALI1_E20215p
4950,5457,YALI1_E20229p
4951,5458,YALI1_E20269p
4952,5459,YALI1_E20279p
4953,545,YALI1_A13877p
4954,5460,YALI1_E20312p
4955,5461,YALI1_E20334p
4956,5462,YALI1_E20361p
4957,5463,YALI1_E20423p
4958,5464,YALI1_E20453p
4959,5465,YALI1_E20463p
4960,5466,YALI1_E20467p
4961,5467,YALI1_E20510p
4962,5468,YALI1_E20544p
4963,5469,YALI1_E20569p
4964,546,YALI1_A13903p
4965,5470,YALI1_E20596p
4966,5471,YALI1_E20604p
4967,5472,YALI1_E20626p
4968,5473,YALI1_E20635p
4969,5474,YALI1_E20666p
4970,5475,YALI1_E20677p
4971,5476,YALI1_E20709p
4972,5477,YALI1_E20729p
4973,5478,YALI1_E20751p
4974,5479,YALI1_E20766p
4975,547,YALI1_A13962p
4976,5480,YALI1_E20787p
4977,5481,YALI1_E20791p
4978,5482,YALI1_E20794p
4979,5483,YALI1_E20845p
4980,5484,YALI1_E20885p
4981,5485,YALI1_E20923p
4982,5486,YALI1_E20943p
4983,5487,YALI1_E20963p
4984,5488,YALI1_E20984p
4985,5489,YALI1_E20995p
4986,548,YALI1_A13994p
4987,5490,YALI1_E21020p
4988,5491,YALI1_E21026p
4989,5492,YALI1_E21053p
4990,5493,YALI1_E21097p
4991,5494,YALI1_E21106p
4992,5495,YALI1_E21128p
4993,5496,YALI1_E21147p
4994,5497,YALI1_E21183p
4995,5498,YALI1_E21200p
4996,5499,YALI1_E21203p
4997,549,YALI1_A14020p
4998,54,YALI1_A01577p
4999,5500,YALI1_E21222p
5000,5501,YALI1_E21230p
5001,5502,YALI1_E21256p
5002,5503,YALI1_E21282p
5003,5504,YALI1_E21312p
5004,5505,YALI1_E21345p
5005,5506,YALI1_E21364p
5006,5507,YALI1_E21406p
5007,5508,YALI1_E21417p
5008,5509,YALI1_E21430p
5009,550,YALI1_A14024p
5010,5510,YALI1_E21443p
5011,5511,YALI1_E21478p
5012,5512,YALI1_E21513p
5013,5513,YALI1_E21524p
5014,5514,YALI1_E21535p
5015,5515,YALI1_E21552p
5016,5516,YALI1_E21555p
5017,5517,YALI1_E21566p
5018,5518,YALI1_E21570p
5019,5519,YALI1_E21585p
5020,551,YALI1_A14079p
5021,5520,YALI1_E21615p
5022,5521,YALI1_E21638p
5023,5522,YALI1_E21683p
5024,5523,YALI1_E21779p
5025,5524,YALI1_E21786p
5026,5525,YALI1_E21799p
5027,5526,YALI1_E21816p
5028,5527,YALI1_E21832p
5029,5528,YALI1_E21871p
5030,5529,YALI1_E21890p
5031,552,YALI1_A14099p
5032,5530,YALI1_E21915p
5033,5531,YALI1_E21962p
5034,5532,YALI1_E21983p
5035,5533,YALI1_E22004p
5036,5534,YALI1_E22029p
5037,5535,YALI1_E22041p
5038,5536,YALI1_E22070p
5039,5537,YALI1_E22111p
5040,5538,YALI1_E22117p
5041,5539,YALI1_E22126p
5042,553,YALI1_A14109p
5043,5540,YALI1_E22159p
5044,5541,YALI1_E22207p
5045,5542,YALI1_E22218p
5046,5543,YALI1_E22238p
5047,5544,YALI1_E22245p
5048,5545,YALI1_E22262p
5049,5546,YALI1_E22265p
5050,5547,YALI1_E22303p
5051,5548,YALI1_E22329p
5052,5549,YALI1_E22364p
5053,554,YALI1_A14127p
5054,5550,YALI1_E22383p
5055,5551,YALI1_E22414p
5056,5552,YALI1_E22439p
5057,5553,YALI1_E22503p
5058,5554,YALI1_E22543p
5059,5555,YALI1_E22555p
5060,5556,YALI1_E22576p
5061,5557,YALI1_E22592p
5062,5558,YALI1_E22613p
5063,5559,YALI1_E22633p
5064,555,YALI1_A14131p
5065,5560,YALI1_E22697p
5066,5561,YALI1_E22718p
5067,5562,YALI1_E22736p
5068,5563,YALI1_E22758p
5069,5564,YALI1_E22787p
5070,5565,YALI1_E22807p
5071,5566,YALI1_E22840p
5072,5567,YALI1_E22859p
5073,5568,YALI1_E22865p
5074,5569,YALI1_E22884p
5075,556,YALI1_A14141p
5076,5570,YALI1_E22902p
5077,5571,YALI1_E22921p
5078,5572,YALI1_E22961p
5079,5573,YALI1_E22988p
5080,5574,YALI1_E23014p
5081,5575,YALI1_E23038p
5082,5576,YALI1_E23068p
5083,5577,YALI1_E23136p
5084,5578,YALI1_E23184p
5085,5579,YALI1_E23223p
5086,557,YALI1_A14150p
5087,5580,YALI1_E23229p
5088,5581,YALI1_E23256p
5089,5582,YALI1_E23265p
5090,5583,YALI1_E23280p
5091,5584,YALI1_E23292p
5092,5585,YALI1_E23302p
5093,5586,YALI1_E23313p
5094,5587,YALI1_E23325p
5095,5588,YALI1_E23348p
5096,5589,YALI1_E23389p
5097,558,YALI1_A14162p
5098,5590,YALI1_E23452p
5099,5591,YALI1_E23461p
5100,5592,YALI1_E23472p
5101,5593,YALI1_E23498p
5102,5594,YALI1_E23521p
5103,5595,YALI1_E23525p
5104,5596,YALI1_E23555p
5105,5597,YALI1_E23578p
5106,5598,YALI1_E23610p
5107,5599,YALI1_E23629p
5108,559,YALI1_A14189p
5109,55,YALI1_A01602p
5110,5600,YALI1_E23635p
5111,5601,YALI1_E23659p
5112,5602,YALI1_E23691p
5113,5603,YALI1_E23736p
5114,5604,YALI1_E23749p
5115,5605,YALI1_E23781p
5116,5606,YALI1_E23790p
5117,5607,YALI1_E23809p
5118,5608,YALI1_E23824p
5119,5609,YALI1_E23854p
5120,560,YALI1_A14199p
5121,5610,YALI1_E23880p
5122,5611,YALI1_E23899p
5123,5612,YALI1_E23912p
5124,5613,YALI1_E23945p
5125,5614,YALI1_E23961p
5126,5615,YALI1_E23967p
5127,5616,YALI1_E23988p
5128,5617,YALI1_E23994p
5129,5618,YALI1_E24028p
5130,5619,YALI1_E24052p
5131,561,YALI1_A14228p
5132,5620,YALI1_E24078p
5133,5621,YALI1_E24113p
5134,5622,YALI1_E24120p
5135,5623,YALI1_E24128p
5136,5624,YALI1_E24149p
5137,5625,YALI1_E24174p
5138,5626,YALI1_E24180p
5139,5627,YALI1_E24201p
5140,5628,YALI1_E24245p
5141,5629,YALI1_E24283p
5142,562,YALI1_A14237p
5143,5630,YALI1_E24287p
5144,5631,YALI1_E24318p
5145,5632,YALI1_E24343p
5146,5633,YALI1_E24360p
5147,5634,YALI1_E24383p
5148,5635,YALI1_E24391p
5149,5636,YALI1_E24428p
5150,5637,YALI1_E24442p
5151,5638,YALI1_E24451p
5152,5639,YALI1_E24461p
5153,563,YALI1_A14259p
5154,5640,YALI1_E24479p
5155,5641,YALI1_E24487p
5156,5642,YALI1_E24513p
5157,5643,YALI1_E24532p
5158,5644,YALI1_E24567p
5159,5645,YALI1_E24618p
5160,5646,YALI1_E24633p
5161,5647,YALI1_E24676p
5162,5648,YALI1_E24689p
5163,5649,YALI1_E24700p
5164,564,YALI1_A14274p
5165,5650,YALI1_E24713p
5166,5651,YALI1_E24719p
5167,5652,YALI1_E24735p
5168,5653,YALI1_E24762p
5169,5654,YALI1_E24793p
5170,5655,YALI1_E24797p
5171,5656,YALI1_E24812p
5172,5657,YALI1_E24824p
5173,5658,YALI1_E24847p
5174,5659,YALI1_E24886p
5175,565,YALI1_A14287p
5176,5660,YALI1_E24894p
5177,5661,YALI1_E24922p
5178,5662,YALI1_E24956p
5179,5663,YALI1_E25018p
5180,5664,YALI1_E25063p
5181,5665,YALI1_E25107p
5182,5666,YALI1_E25126p
5183,5667,YALI1_E25132p
5184,5668,YALI1_E25163p
5185,5669,YALI1_E25189p
5186,566,YALI1_A14292p
5187,5670,YALI1_E25211p
5188,5671,YALI1_E25267p
5189,5672,YALI1_E25290p
5190,5673,YALI1_E25317p
5191,5674,YALI1_E25364p
5192,5675,YALI1_E25400p
5193,5676,YALI1_E25424p
5194,5677,YALI1_E25443p
5195,5678,YALI1_E25453p
5196,5679,YALI1_E25485p
5197,567,YALI1_A14305p
5198,5680,YALI1_E25490p
5199,5681,YALI1_E25518p
5200,5682,YALI1_E25537p
5201,5683,YALI1_E25541p
5202,5684,YALI1_E25549p
5203,5685,YALI1_E25585p
5204,5686,YALI1_E25587p
5205,5687,YALI1_E25617p
5206,5688,YALI1_E25622p
5207,5689,YALI1_E25640p
5208,568,YALI1_A14345p
5209,5690,YALI1_E25671p
5210,5691,YALI1_E25675p
5211,5692,YALI1_E25692p
5212,5693,YALI1_E25713p
5213,5694,YALI1_E25729p
5214,5695,YALI1_E25761p
5215,5696,YALI1_E25812p
5216,5697,YALI1_E25826p
5217,5698,YALI1_E25859p
5218,5699,YALI1_E25866p
5219,569,YALI1_A14368p
5220,56,YALI1_A01618p
5221,5700,YALI1_E25889p
5222,5701,YALI1_E25905p
5223,5702,YALI1_E25932p
5224,5703,YALI1_E25955p
5225,5704,YALI1_E25964p
5226,5705,YALI1_E25995p
5227,5706,YALI1_E25999p
5228,5707,YALI1_E26021p
5229,5708,YALI1_E26076p
5230,5709,YALI1_E26094p
5231,570,YALI1_A14377p
5232,5710,YALI1_E26118p
5233,5711,YALI1_E26181p
5234,5712,YALI1_E26205p
5235,5713,YALI1_E26223p
5236,5714,YALI1_E26229p
5237,5715,YALI1_E26257p
5238,5716,YALI1_E26320p
5239,5717,YALI1_E26336p
5240,5718,YALI1_E26377p
5241,5719,YALI1_E26433p
5242,571,YALI1_A14390p
5243,5720,YALI1_E26450p
5244,5721,YALI1_E26472p
5245,5722,YALI1_E26492p
5246,5723,YALI1_E26513p
5247,5724,YALI1_E26525p
5248,5725,YALI1_E26532p
5249,5726,YALI1_E26551p
5250,5727,YALI1_E26592p
5251,5728,YALI1_E26677p
5252,5729,YALI1_E26742p
5253,572,YALI1_A14414p
5254,5730,YALI1_E26788p
5255,5731,YALI1_E26790p
5256,5732,YALI1_E26811p
5257,5733,YALI1_E26860p
5258,5734,YALI1_E26872p
5259,5735,YALI1_E26892p
5260,5736,YALI1_E26900p
5261,5737,YALI1_E26916p
5262,5738,YALI1_E26930p
5263,5739,YALI1_E26971p
5264,573,YALI1_A14430p
5265,5740,YALI1_E26987p
5266,5741,YALI1_E27041p
5267,5742,YALI1_E27059p
5268,5743,YALI1_E27076p
5269,5744,YALI1_E27077p
5270,5745,YALI1_E27104p
5271,5746,YALI1_E27113p
5272,5747,YALI1_E27144p
5273,5748,YALI1_E27161p
5274,5749,YALI1_E27182p
5275,574,YALI1_A14458p
5276,5750,YALI1_E27196p
5277,5751,YALI1_E27207p
5278,5752,YALI1_E27218p
5279,5753,YALI1_E27229p
5280,5754,YALI1_E27243p
5281,5755,YALI1_E27249p
5282,5756,YALI1_E27273p
5283,5757,YALI1_E27279p
5284,5758,YALI1_E27313p
5285,5759,YALI1_E27339p
5286,575,YALI1_A14483p
5287,5760,YALI1_E27367p
5288,5761,YALI1_E27383p
5289,5762,YALI1_E27406p
5290,5763,YALI1_E27441p
5291,5764,YALI1_E27469p
5292,5765,YALI1_E27504p
5293,5766,YALI1_E27532p
5294,5767,YALI1_E27548p
5295,5768,YALI1_E27556p
5296,5769,YALI1_E27600p
5297,576,YALI1_A14510p
5298,5770,YALI1_E27604p
5299,5771,YALI1_E27610p
5300,5772,YALI1_E27622p
5301,5773,YALI1_E27625p
5302,5774,YALI1_E27649p
5303,5775,YALI1_E27697p
5304,5776,YALI1_E27731p
5305,5777,YALI1_E27756p
5306,5778,YALI1_E27774p
5307,5779,YALI1_E27791p
5308,577,YALI1_A14513p
5309,5780,YALI1_E27792p
5310,5781,YALI1_E27805p
5311,5782,YALI1_E27826p
5312,5783,YALI1_E27834p
5313,5784,YALI1_E27840p
5314,5785,YALI1_E27846p
5315,5786,YALI1_E27871p
5316,5787,YALI1_E27880p
5317,5788,YALI1_E27927p
5318,5789,YALI1_E27930p
5319,578,YALI1_A14568p
5320,5790,YALI1_E27939p
5321,5791,YALI1_E27976p
5322,5792,YALI1_E27981p
5323,5793,YALI1_E27997p
5324,5794,YALI1_E28033p
5325,5795,YALI1_E28046p
5326,5796,YALI1_E28052p
5327,5797,YALI1_E28070p
5328,5798,YALI1_E28097p
5329,5799,YALI1_E28107p
5330,579,YALI1_A14596p
5331,57,YALI1_A01628p
5332,5800,YALI1_E28130p
5333,5801,YALI1_E28150p
5334,5802,YALI1_E28156p
5335,5803,YALI1_E28170p
5336,5804,YALI1_E28213p
5337,5805,YALI1_E28224p
5338,5806,YALI1_E28259p
5339,5807,YALI1_E28300p
5340,5808,YALI1_E28397p
5341,5809,YALI1_E28405p
5342,580,YALI1_A14658p
5343,5810,YALI1_E28425p
5344,5811,YALI1_E28428p
5345,5812,YALI1_E28439p
5346,5813,YALI1_E28465p
5347,5814,YALI1_E28490p
5348,5815,YALI1_E28491p
5349,5816,YALI1_E28504p
5350,5817,YALI1_E28545p
5351,5818,YALI1_E28575p
5352,5819,YALI1_E28599p
5353,581,YALI1_A14670p
5354,5820,YALI1_E28631p
5355,5821,YALI1_E28648p
5356,5822,YALI1_E28680p
5357,5823,YALI1_E28736p
5358,5824,YALI1_E28755p
5359,5825,YALI1_E28779p
5360,5826,YALI1_E28790p
5361,5827,YALI1_E28808p
5362,5828,YALI1_E28828p
5363,5829,YALI1_E28855p
5364,582,YALI1_A14691p
5365,5830,YALI1_E28863p
5366,5831,YALI1_E28879p
5367,5832,YALI1_E28903p
5368,5833,YALI1_E28919p
5369,5834,YALI1_E28957p
5370,5835,YALI1_E28964p
5371,5836,YALI1_E28999p
5372,5837,YALI1_E29005p
5373,5838,YALI1_E29046p
5374,5839,YALI1_E29065p
5375,583,YALI1_A14703p
5376,5840,YALI1_E29074p
5377,5841,YALI1_E29085p
5378,5842,YALI1_E29115p
5379,5843,YALI1_E29137p
5380,5844,YALI1_E29150p
5381,5845,YALI1_E29179p
5382,5846,YALI1_E29192p
5383,5847,YALI1_E29197p
5384,5848,YALI1_E29221p
5385,5849,YALI1_E29235p
5386,584,YALI1_A14721p
5387,5850,YALI1_E29263p
5388,5851,YALI1_E29319p
5389,5852,YALI1_E29330p
5390,5853,YALI1_E29433p
5391,5854,YALI1_E29481p
5392,5855,YALI1_E29512p
5393,5856,YALI1_E29535p
5394,5857,YALI1_E29557p
5395,5858,YALI1_E29586p
5396,5859,YALI1_E29611p
5397,585,YALI1_A14736p
5398,5860,YALI1_E29617p
5399,5861,YALI1_E29642p
5400,5862,YALI1_E29665p
5401,5863,YALI1_E29709p
5402,5864,YALI1_E29719p
5403,5865,YALI1_E29776p
5404,5866,YALI1_E29792p
5405,5867,YALI1_E29827p
5406,5868,YALI1_E29840p
5407,5869,YALI1_E29894p
5408,586,YALI1_A14772p
5409,5870,YALI1_E29900p
5410,5871,YALI1_E29930p
5411,5872,YALI1_E29939p
5412,5873,YALI1_E29959p
5413,5874,YALI1_E30014p
5414,5875,YALI1_E30028p
5415,5876,YALI1_E30053p
5416,5877,YALI1_E30073p
5417,5878,YALI1_E30074p
5418,5879,YALI1_E30109p
5419,587,YALI1_A14783p
5420,5880,YALI1_E30173p
5421,5881,YALI1_E30234p
5422,5882,YALI1_E30311p
5423,5883,YALI1_E30368p
5424,5884,YALI1_E30373p
5425,5885,YALI1_E30400p
5426,5886,YALI1_E30431p
5427,5887,YALI1_E30462p
5428,5888,YALI1_E30479p
5429,5889,YALI1_E30496p
5430,588,YALI1_A14826p
5431,5890,YALI1_E30520p
5432,5891,YALI1_E30561p
5433,5892,YALI1_E30590p
5434,5893,YALI1_E30621p
5435,5894,YALI1_E30639p
5436,5895,YALI1_E30677p
5437,5896,YALI1_E30707p
5438,5897,YALI1_E30725p
5439,5898,YALI1_E30743p
5440,5899,YALI1_E30759p
5441,589,YALI1_A14882p
5442,58,YALI1_A01670p
5443,5900,YALI1_E30815p
5444,5901,YALI1_E30849p
5445,5902,YALI1_E30886p
5446,5903,YALI1_E30914p
5447,5904,YALI1_E30942p
5448,5905,YALI1_E30943p
5449,5906,YALI1_E30958p
5450,5907,YALI1_E31000p
5451,5908,YALI1_E31005p
5452,5909,YALI1_E31031p
5453,590,YALI1_A14922p
5454,5910,YALI1_E31034p
5455,5911,YALI1_E31050p
5456,5912,YALI1_E31075p
5457,5913,YALI1_E31131p
5458,5914,YALI1_E31154p
5459,5915,YALI1_E31174p
5460,5916,YALI1_E31186p
5461,5917,YALI1_E31194p
5462,5918,YALI1_E31229p
5463,5919,YALI1_E31248p
5464,591,YALI1_A14989p
5465,5920,YALI1_E31351p
5466,5921,YALI1_E31369p
5467,5922,YALI1_E31389p
5468,5923,YALI1_E31396p
5469,5924,YALI1_E31446p
5470,5925,YALI1_E31461p
5471,5926,YALI1_E31483p
5472,5927,YALI1_E31498p
5473,5928,YALI1_E31529p
5474,5929,YALI1_E31540p
5475,592,YALI1_A14999p
5476,5930,YALI1_E31555p
5477,5931,YALI1_E31565p
5478,5932,YALI1_E31592p
5479,5933,YALI1_E31646p
5480,5934,YALI1_E31649p
5481,5935,YALI1_E31679p
5482,5936,YALI1_E31685p
5483,5937,YALI1_E31697p
5484,5938,YALI1_E31717p
5485,5939,YALI1_E31724p
5486,593,YALI1_A15017p
5487,5940,YALI1_E31754p
5488,5941,YALI1_E31772p
5489,5942,YALI1_E31805p
5490,5943,YALI1_E31827p
5491,5944,YALI1_E31865p
5492,5945,YALI1_E31891p
5493,5946,YALI1_E31897p
5494,5947,YALI1_E31919p
5495,5948,YALI1_E31947p
5496,5949,YALI1_E31974p
5497,594,YALI1_A15040p
5498,5950,YALI1_E31982p
5499,5951,YALI1_E32033p
5500,5952,YALI1_E32054p
5501,5953,YALI1_E32077p
5502,5954,YALI1_E32096p
5503,5955,YALI1_E32118p
5504,5956,YALI1_E32152p
5505,5957,YALI1_E32180p
5506,5958,YALI1_E32223p
5507,5959,YALI1_E32241p
5508,595,YALI1_A15045p
5509,5960,YALI1_E32247p
5510,5961,YALI1_E32269p
5511,5962,YALI1_E32315p
5512,5963,YALI1_E32332p
5513,5964,YALI1_E32357p
5514,5965,YALI1_E32361p
5515,5966,YALI1_E32396p
5516,5967,YALI1_E32411p
5517,5968,YALI1_E32423p
5518,5969,YALI1_E32445p
5519,596,YALI1_A15053p
5520,5970,YALI1_E32461p
5521,5971,YALI1_E32489p
5522,5972,YALI1_E32512p
5523,5973,YALI1_E32520p
5524,5974,YALI1_E32568p
5525,5975,YALI1_E32603p
5526,5976,YALI1_E32622p
5527,5977,YALI1_E32636p
5528,5978,YALI1_E32664p
5529,5979,YALI1_E32693p
5530,597,YALI1_A15073p
5531,5980,YALI1_E32722p
5532,5981,YALI1_E32754p
5533,5982,YALI1_E32776p
5534,5983,YALI1_E32792p
5535,5984,YALI1_E32816p
5536,5985,YALI1_E32842p
5537,5986,YALI1_E32868p
5538,5987,YALI1_E32908p
5539,5988,YALI1_E32931p
5540,5989,YALI1_E32936p
5541,598,YALI1_A15079p
5542,5990,YALI1_E32946p
5543,5991,YALI1_E33002p
5544,5992,YALI1_E33024p
5545,5993,YALI1_E33056p
5546,5994,YALI1_E33072p
5547,5995,YALI1_E33094p
5548,5996,YALI1_E33112p
5549,5997,YALI1_E33150p
5550,5998,YALI1_E33220p
5551,5999,YALI1_E33234p
5552,599,YALI1_A15105p
5553,59,YALI1_A01717p
5554,5,YALI1_A00102p
5555,6000,YALI1_E33268p
5556,6001,YALI1_E33278p
5557,6002,YALI1_E33285p
5558,6003,YALI1_E33302p
5559,6004,YALI1_E33336p
5560,6005,YALI1_E33337p
5561,6006,YALI1_E33372p
5562,6007,YALI1_E33400p
5563,6008,YALI1_E33421p
5564,6009,YALI1_E33459p
5565,600,YALI1_A15132p
5566,6010,YALI1_E33485p
5567,6011,YALI1_E33527p
5568,6012,YALI1_E33540p
5569,6013,YALI1_E33570p
5570,6014,YALI1_E33599p
5571,6015,YALI1_E33633p
5572,6016,YALI1_E33642p
5573,6017,YALI1_E33675p
5574,6018,YALI1_E33760p
5575,6019,YALI1_E33777p
5576,601,YALI1_A15172p
5577,6020,YALI1_E33799p
5578,6021,YALI1_E33829p
5579,6022,YALI1_E33843p
5580,6023,YALI1_E33858p
5581,6024,YALI1_E33888p
5582,6025,YALI1_E33934p
5583,6026,YALI1_E33943p
5584,6027,YALI1_E34015p
5585,6028,YALI1_E34028p
5586,6029,YALI1_E34042p
5587,602,YALI1_A15178p
5588,6030,YALI1_E34072p
5589,6031,YALI1_E34100p
5590,6032,YALI1_E34116p
5591,6033,YALI1_E34156p
5592,6034,YALI1_E34163p
5593,6035,YALI1_E34185p
5594,6036,YALI1_E34205p
5595,6037,YALI1_E34218p
5596,6038,YALI1_E34222p
5597,6039,YALI1_E34238p
5598,603,YALI1_A15185p
5599,6040,YALI1_E34269p
5600,6041,YALI1_E34288p
5601,6042,YALI1_E34290p
5602,6043,YALI1_E34319p
5603,6044,YALI1_E34322p
5604,6045,YALI1_E34344p
5605,6046,YALI1_E34367p
5606,6047,YALI1_E34397p
5607,6048,YALI1_E34408p
5608,6049,YALI1_E34425p
5609,604,YALI1_A15192p
5610,6050,YALI1_E34494p
5611,6051,YALI1_E34513p
5612,6052,YALI1_E34525p
5613,6053,YALI1_E34586p
5614,6054,YALI1_E34621p
5615,6055,YALI1_E34650p
5616,6056,YALI1_E34686p
5617,6057,YALI1_E34708p
5618,6058,YALI1_E34711p
5619,6059,YALI1_E34745p
5620,605,YALI1_A15227p
5621,6060,YALI1_E34784p
5622,6061,YALI1_E34798p
5623,6062,YALI1_E34826p
5624,6063,YALI1_E34832p
5625,6064,YALI1_E34842p
5626,6065,YALI1_E34857p
5627,6066,YALI1_E34870p
5628,6067,YALI1_E34880p
5629,6068,YALI1_E34933p
5630,6069,YALI1_E34942p
5631,606,YALI1_A15274p
5632,6070,YALI1_E34979p
5633,6071,YALI1_E35005p
5634,6072,YALI1_E35012p
5635,6073,YALI1_E35023p
5636,6074,YALI1_E35027p
5637,6075,YALI1_E35067p
5638,6076,YALI1_E35082p
5639,6077,YALI1_E35095p
5640,6078,YALI1_E35109p
5641,6079,YALI1_E35118p
5642,607,YALI1_A15311p
5643,6080,YALI1_E35168p
5644,6081,YALI1_E35181p
5645,6082,YALI1_E35221p
5646,6083,YALI1_E35249p
5647,6084,YALI1_E35265p
5648,6085,YALI1_E35280p
5649,6086,YALI1_E35305p
5650,6087,YALI1_E35329p
5651,6088,YALI1_E35384p
5652,6089,YALI1_E35388p
5653,608,YALI1_A15349p
5654,6090,YALI1_E35410p
5655,6091,YALI1_E35417p
5656,6092,YALI1_E35440p
5657,6093,YALI1_E35478p
5658,6094,YALI1_E35503p
5659,6095,YALI1_E35520p
5660,6096,YALI1_E35546p
5661,6097,YALI1_E35559p
5662,6098,YALI1_E35580p
5663,6099,YALI1_E35639p
5664,609,YALI1_A15366p
5665,60,YALI1_A01732p
5666,6100,YALI1_E35652p
5667,6101,YALI1_E35677p
5668,6102,YALI1_E35689p
5669,6103,YALI1_E35734p
5670,6104,YALI1_E35753p
5671,6105,YALI1_E35759p
5672,6106,YALI1_E35780p
5673,6107,YALI1_E35815p
5674,6108,YALI1_E35831p
5675,6109,YALI1_E35843p
5676,610,YALI1_A15373p
5677,6110,YALI1_E35870p
5678,6111,YALI1_E35888p
5679,6112,YALI1_E35934p
5680,6113,YALI1_E35955p
5681,6114,YALI1_E35963p
5682,6115,YALI1_E35971p
5683,6116,YALI1_E35982p
5684,6117,YALI1_E35988p
5685,6118,YALI1_E36036p
5686,6119,YALI1_E36057p
5687,611,YALI1_A15414p
5688,6120,YALI1_E36079p
5689,6121,YALI1_E36098p
5690,6122,YALI1_E36103p
5691,6123,YALI1_E36116p
5692,6124,YALI1_E36140p
5693,6125,YALI1_E36179p
5694,6126,YALI1_E36206p
5695,6127,YALI1_E36308p
5696,6128,YALI1_E36309p
5697,6129,YALI1_E36323p
5698,612,YALI1_A15437p
5699,6130,YALI1_E36334p
5700,6131,YALI1_E36365p
5701,6132,YALI1_E36395p
5702,6133,YALI1_E36404p
5703,6134,YALI1_E36409p
5704,6135,YALI1_E36432p
5705,6136,YALI1_E36437p
5706,6137,YALI1_E36472p
5707,6138,YALI1_E36477p
5708,6139,YALI1_E36494p
5709,613,YALI1_A15461p
5710,6140,YALI1_E36540p
5711,6141,YALI1_E36568p
5712,6142,YALI1_E36619p
5713,6143,YALI1_E36641p
5714,6144,YALI1_E36682p
5715,6145,YALI1_E36692p
5716,6146,YALI1_E36758p
5717,6147,YALI1_E36773p
5718,6148,YALI1_E36789p
5719,6149,YALI1_E36805p
5720,614,YALI1_A15482p
5721,6150,YALI1_E36837p
5722,6151,YALI1_E36847p
5723,6152,YALI1_E36866p
5724,6153,YALI1_E36887p
5725,6154,YALI1_E36900p
5726,6155,YALI1_E36913p
5727,6156,YALI1_E36937p
5728,6157,YALI1_E36984p
5729,6158,YALI1_E37026p
5730,6159,YALI1_E37033p
5731,615,YALI1_A15497p
5732,6160,YALI1_E37040p
5733,6161,YALI1_E37063p
5734,6162,YALI1_E37080p
5735,6163,YALI1_E37083p
5736,6164,YALI1_E37095p
5737,6165,YALI1_E37118p
5738,6166,YALI1_E37142p
5739,6167,YALI1_E37157p
5740,6168,YALI1_E37198p
5741,6169,YALI1_E37234p
5742,616,YALI1_A15507p
5743,6170,YALI1_E37264p
5744,6171,YALI1_E37295p
5745,6172,YALI1_E37325p
5746,6173,YALI1_E37387p
5747,6174,YALI1_E37392p
5748,6175,YALI1_E37419p
5749,6176,YALI1_E37441p
5750,6177,YALI1_E37455p
5751,6178,YALI1_E37484p
5752,6179,YALI1_E37494p
5753,617,YALI1_A15515p
5754,6180,YALI1_E37574p
5755,6181,YALI1_E37603p
5756,6182,YALI1_E37669p
5757,6183,YALI1_E37678p
5758,6184,YALI1_E37687p
5759,6185,YALI1_E37724p
5760,6186,YALI1_E37749p
5761,6187,YALI1_E37764p
5762,6188,YALI1_E37792p
5763,6189,YALI1_E37796p
5764,618,YALI1_A15523p
5765,6190,YALI1_E37812p
5766,6191,YALI1_E37830p
5767,6192,YALI1_E37863p
5768,6193,YALI1_E37886p
5769,6194,YALI1_E37895p
5770,6195,YALI1_E37930p
5771,6196,YALI1_E37939p
5772,6197,YALI1_E37950p
5773,6198,YALI1_E37956p
5774,6199,YALI1_E37982p
5775,619,YALI1_A15528p
5776,61,YALI1_A01736p
5777,6200,YALI1_E38020p
5778,6201,YALI1_E38034p
5779,6202,YALI1_E38050p
5780,6203,YALI1_E38056p
5781,6204,YALI1_E38107p
5782,6205,YALI1_E38113p
5783,6206,YALI1_E38131p
5784,6207,YALI1_E38136p
5785,6208,YALI1_E38142p
5786,6209,YALI1_E38164p
5787,620,YALI1_A15544p
5788,6210,YALI1_E38178p
5789,6211,YALI1_E38193p
5790,6212,YALI1_E38208p
5791,6213,YALI1_E38218p
5792,6214,YALI1_E38239p
5793,6215,YALI1_E38243p
5794,6216,YALI1_E38266p
5795,6217,YALI1_E38308p
5796,6218,YALI1_E38329p
5797,6219,YALI1_E38349p
5798,621,YALI1_A15584p
5799,6220,YALI1_E38389p
5800,6221,YALI1_E38443p
5801,6222,YALI1_E38479p
5802,6223,YALI1_E38491p
5803,6224,YALI1_E38512p
5804,6225,YALI1_E38526p
5805,6226,YALI1_E38561p
5806,6227,YALI1_E38593p
5807,6228,YALI1_E38608p
5808,6229,YALI1_E38640p
5809,622,YALI1_A15624p
5810,6230,YALI1_E38656p
5811,6231,YALI1_E38677p
5812,6232,YALI1_E38692p
5813,6233,YALI1_E38701p
5814,6234,YALI1_E38706p
5815,6235,YALI1_E38744p
5816,6236,YALI1_E38749p
5817,6237,YALI1_E38766p
5818,6238,YALI1_E38791p
5819,6239,YALI1_E38810p
5820,623,YALI1_A15633p
5821,6240,YALI1_E38859p
5822,6241,YALI1_E38896p
5823,6242,YALI1_E38912p
5824,6243,YALI1_E39057p
5825,6244,YALI1_E39083p
5826,6245,YALI1_E39128p
5827,6246,YALI1_E39171p
5828,6247,YALI1_E39193p
5829,6248,YALI1_E39210p
5830,6249,YALI1_E39221p
5831,624,YALI1_A15666p
5832,6250,YALI1_E39228p
5833,6251,YALI1_E39243p
5834,6252,YALI1_E39248p
5835,6253,YALI1_E39284p
5836,6254,YALI1_E39295p
5837,6255,YALI1_E39306p
5838,6256,YALI1_E39333p
5839,6257,YALI1_E39335p
5840,6258,YALI1_E39378p
5841,6259,YALI1_E39385p
5842,625,YALI1_A15675p
5843,6260,YALI1_E39395p
5844,6261,YALI1_E39414p
5845,6262,YALI1_E39433p
5846,6263,YALI1_E39439p
5847,6264,YALI1_E39466p
5848,6265,YALI1_E39500p
5849,6266,YALI1_E39553p
5850,6267,YALI1_E39570p
5851,6268,YALI1_E39579p
5852,6269,YALI1_E39618p
5853,626,YALI1_A15720p
5854,6270,YALI1_E39656p
5855,6271,YALI1_E39676p
5856,6272,YALI1_E39693p
5857,6273,YALI1_E39796p
5858,6274,YALI1_E39820p
5859,6275,YALI1_E39848p
5860,6276,YALI1_E39862p
5861,6277,YALI1_E39886p
5862,6278,YALI1_E39924p
5863,6279,YALI1_E39934p
5864,627,YALI1_A15722p
5865,6280,YALI1_E39955p
5866,6281,YALI1_E39983p
5867,6282,YALI1_E39990p
5868,6283,YALI1_E40032p
5869,6284,YALI1_E40076p
5870,6285,YALI1_E40089p
5871,6286,YALI1_E40097p
5872,6287,YALI1_E40144p
5873,6288,YALI1_E40161p
5874,6289,YALI1_E40251p
5875,628,YALI1_A15766p
5876,6290,YALI1_E40274p
5877,6291,YALI1_E40282p
5878,6292,YALI1_E40305p
5879,6293,YALI1_E40324p
5880,6294,YALI1_E40327p
5881,6295,YALI1_E40361p
5882,6296,YALI1_E40394p
5883,6297,YALI1_E40422p
5884,6298,YALI1_E40442p
5885,6299,YALI1_E40467p
5886,629,YALI1_A15784p
5887,62,YALI1_A01766p
5888,6300,YALI1_E40471p
5889,6301,YALI1_E40502p
5890,6302,YALI1_E40540p
5891,6303,YALI1_E40571p
5892,6304,YALI1_E40603p
5893,6305,YALI1_E40640p
5894,6306,YALI1_E40647p
5895,6307,YALI1_E40671p
5896,6308,YALI1_E40691p
5897,6309,YALI1_E40718p
5898,630,YALI1_A15813p
5899,6310,YALI1_E40744p
5900,6311,YALI1_E40754p
5901,6312,YALI1_E40782p
5902,6313,YALI1_E40785p
5903,6314,YALI1_E40811p
5904,6315,YALI1_E40818p
5905,6316,YALI1_E40864p
5906,6317,YALI1_E40915p
5907,6318,YALI1_E40970p
5908,6319,YALI1_E40972p
5909,631,YALI1_A15846p
5910,6320,YALI1_E40995p
5911,6321,YALI1_E41014p
5912,6322,YALI1_E41057p
5913,6323,YALI1_E41061p
5914,6324,YALI1_E41110p
5915,6325,YALI1_E41148p
5916,6326,YALI1_E41185p
5917,6327,YALI1_E41206p
5918,6328,YALI1_E41251p
5919,6329,YALI1_E41276p
5920,632,YALI1_A15863p
5921,6330,YALI1_E41315p
5922,6331,YALI1_E41325p
5923,6332,YALI1_E41360p
5924,6333,YALI1_E41367p
5925,6334,YALI1_E41393p
5926,6335,YALI1_E41399p
5927,6336,YALI1_E41421p
5928,6337,YALI1_E41436p
5929,6338,YALI1_E41480p
5930,6339,YALI1_E41498p
5931,633,YALI1_A15879p
5932,6340,YALI1_E41514p
5933,6341,YALI1_E41569p
5934,6342,YALI1_E41610p
5935,6343,YALI1_E41647p
5936,6344,YALI1_E41699p
5937,6345,YALI1_E41737p
5938,6346,YALI1_E41754p
5939,6347,YALI1_E41850p
5940,6348,YALI1_E41893p
5941,6349,YALI1_F00099p
5942,634,YALI1_A15925p
5943,6350,YALI1_F00140p
5944,6351,YALI1_F00155p
5945,6352,YALI1_F00184p
5946,6353,YALI1_F00207p
5947,6354,YALI1_F00229p
5948,6355,YALI1_F00261p
5949,6356,YALI1_F00286p
5950,6357,YALI1_F00288p
5951,6358,YALI1_F00307p
5952,6359,YALI1_F00366p
5953,635,YALI1_A15961p
5954,6360,YALI1_F00399p
5955,6361,YALI1_F00400p
5956,6362,YALI1_F00430p
5957,6363,YALI1_F00436p
5958,6364,YALI1_F00472p
5959,6365,YALI1_F00504p
5960,6366,YALI1_F00534p
5961,6367,YALI1_F00616p
5962,6368,YALI1_F00654p
5963,6369,YALI1_F00728p
5964,636,YALI1_A15978p
5965,6370,YALI1_F00821p
5966,6371,YALI1_F00866p
5967,6372,YALI1_F00867p
5968,6373,YALI1_F00894p
5969,6374,YALI1_F00960p
5970,6375,YALI1_F00976p
5971,6376,YALI1_F00996p
5972,6377,YALI1_F01020p
5973,6378,YALI1_F01034p
5974,6379,YALI1_F01078p
5975,637,YALI1_A16004p
5976,6380,YALI1_F01132p
5977,6381,YALI1_F01157p
5978,6382,YALI1_F01172p
5979,6383,YALI1_F01234p
5980,6384,YALI1_F01248p
5981,6385,YALI1_F01275p
5982,6386,YALI1_F01291p
5983,6387,YALI1_F01324p
5984,6388,YALI1_F01346p
5985,6389,YALI1_F01369p
5986,638,YALI1_A16020p
5987,6390,YALI1_F01405p
5988,6391,YALI1_F01430p
5989,6392,YALI1_F01456p
5990,6393,YALI1_F01486p
5991,6394,YALI1_F01532p
5992,6395,YALI1_F01614p
5993,6396,YALI1_F01659p
5994,6397,YALI1_F01696p
5995,6398,YALI1_F01742p
5996,6399,YALI1_F01755p
5997,639,YALI1_A16028p
5998,63,YALI1_A01777p
5999,6400,YALI1_F01796p
6000,6401,YALI1_F01838p
6001,6402,YALI1_F01849p
6002,6403,YALI1_F01897p
6003,6404,YALI1_F01929p
6004,6405,YALI1_F01946p
6005,6406,YALI1_F01981p
6006,6407,YALI1_F02008p
6007,6408,YALI1_F02047p
6008,6409,YALI1_F02074p
6009,640,YALI1_A16031p
6010,6410,YALI1_F02132p
6011,6411,YALI1_F02187p
6012,6412,YALI1_F02199p
6013,6413,YALI1_F02238p
6014,6414,YALI1_F02265p
6015,6415,YALI1_F02266p
6016,6416,YALI1_F02275p
6017,6417,YALI1_F02289p
6018,6418,YALI1_F02299p
6019,6419,YALI1_F02309p
6020,641,YALI1_A16075p
6021,6420,YALI1_F02378p
6022,6421,YALI1_F02389p
6023,6422,YALI1_F02403p
6024,6423,YALI1_F02434p
6025,6424,YALI1_F02481p
6026,6425,YALI1_F02508p
6027,6426,YALI1_F02518p
6028,6427,YALI1_F02545p
6029,6428,YALI1_F02592p
6030,6429,YALI1_F02655p
6031,642,YALI1_A16095p
6032,6430,YALI1_F02697p
6033,6431,YALI1_F02701p
6034,6432,YALI1_F02726p
6035,6433,YALI1_F02758p
6036,6434,YALI1_F02794p
6037,6435,YALI1_F02855p
6038,6436,YALI1_F02868p
6039,6437,YALI1_F02903p
6040,6438,YALI1_F02939p
6041,6439,YALI1_F02942p
6042,643,YALI1_A16121p
6043,6440,YALI1_F02983p
6044,6441,YALI1_F02993p
6045,6442,YALI1_F03028p
6046,6443,YALI1_F03075p
6047,6444,YALI1_F03118p
6048,6445,YALI1_F03120p
6049,6446,YALI1_F03136p
6050,6447,YALI1_F03153p
6051,6448,YALI1_F03197p
6052,6449,YALI1_F03205p
6053,644,YALI1_A16136p
6054,6450,YALI1_F03215p
6055,6451,YALI1_F03269p
6056,6452,YALI1_F03284p
6057,6453,YALI1_F03337p
6058,6454,YALI1_F03356p
6059,6455,YALI1_F03371p
6060,6456,YALI1_F03389p
6061,6457,YALI1_F03407p
6062,6458,YALI1_F03428p
6063,6459,YALI1_F03452p
6064,645,YALI1_A16145p
6065,6460,YALI1_F03461p
6066,6461,YALI1_F03481p
6067,6462,YALI1_F03494p
6068,6463,YALI1_F03495p
6069,6464,YALI1_F03527p
6070,6465,YALI1_F03529p
6071,6466,YALI1_F03573p
6072,6467,YALI1_F03604p
6073,6468,YALI1_F03693p
6074,6469,YALI1_F03722p
6075,646,YALI1_A16178p
6076,6470,YALI1_F03735p
6077,6471,YALI1_F03765p
6078,6472,YALI1_F03778p
6079,6473,YALI1_F03803p
6080,6474,YALI1_F03830p
6081,6475,YALI1_F03842p
6082,6476,YALI1_F03855p
6083,6477,YALI1_F03883p
6084,6478,YALI1_F03908p
6085,6479,YALI1_F03909p
6086,647,YALI1_A16215p
6087,6480,YALI1_F03948p
6088,6481,YALI1_F03973p
6089,6482,YALI1_F03974p
6090,6483,YALI1_F03992p
6091,6484,YALI1_F04001p
6092,6485,YALI1_F04027p
6093,6486,YALI1_F04045p
6094,6487,YALI1_F04070p
6095,6488,YALI1_F04082p
6096,6489,YALI1_F04106p
6097,648,YALI1_A16230p
6098,6490,YALI1_F04110p
6099,6491,YALI1_F04130p
6100,6492,YALI1_F04157p
6101,6493,YALI1_F04185p
6102,6494,YALI1_F04211p
6103,6495,YALI1_F04236p
6104,6496,YALI1_F04238p
6105,6497,YALI1_F04259p
6106,6498,YALI1_F04264p
6107,6499,YALI1_F04314p
6108,649,YALI1_A16264p
6109,64,YALI1_A01794p
6110,6500,YALI1_F04345p
6111,6501,YALI1_F04379p
6112,6502,YALI1_F04433p
6113,6503,YALI1_F04455p
6114,6504,YALI1_F04497p
6115,6505,YALI1_F04559p
6116,6506,YALI1_F04580p
6117,6507,YALI1_F04590p
6118,6508,YALI1_F04594p
6119,6509,YALI1_F04626p
6120,650,YALI1_A16292p
6121,6510,YALI1_F04643p
6122,6511,YALI1_F04655p
6123,6512,YALI1_F04690p
6124,6513,YALI1_F04763p
6125,6514,YALI1_F04818p
6126,6515,YALI1_F04848p
6127,6516,YALI1_F04849p
6128,6517,YALI1_F04855p
6129,6518,YALI1_F04860p
6130,6519,YALI1_F04895p
6131,651,YALI1_A16303p
6132,6520,YALI1_F04920p
6133,6521,YALI1_F04938p
6134,6522,YALI1_F04980p
6135,6523,YALI1_F05039p
6136,6524,YALI1_F05088p
6137,6525,YALI1_F05089p
6138,6526,YALI1_F05118p
6139,6527,YALI1_F05128p
6140,6528,YALI1_F05137p
6141,6529,YALI1_F05205p
6142,652,YALI1_A16314p
6143,6530,YALI1_F05220p
6144,6531,YALI1_F05253p
6145,6532,YALI1_F05290p
6146,6533,YALI1_F05312p
6147,6534,YALI1_F05313p
6148,6535,YALI1_F05386p
6149,6536,YALI1_F05403p
6150,6537,YALI1_F05415p
6151,6538,YALI1_F05448p
6152,6539,YALI1_F05459p
6153,653,YALI1_A16335p
6154,6540,YALI1_F05509p
6155,6541,YALI1_F05543p
6156,6542,YALI1_F05574p
6157,6543,YALI1_F05575p
6158,6544,YALI1_F05624p
6159,6545,YALI1_F05661p
6160,6546,YALI1_F05695p
6161,6547,YALI1_F05781p
6162,6548,YALI1_F05814p
6163,6549,YALI1_F05871p
6164,654,YALI1_A16392p
6165,6550,YALI1_F05876p
6166,6551,YALI1_F05887p
6167,6552,YALI1_F05893p
6168,6553,YALI1_F05900p
6169,6554,YALI1_F05936p
6170,6555,YALI1_F05958p
6171,6556,YALI1_F05967p
6172,6557,YALI1_F05979p
6173,6558,YALI1_F06018p
6174,6559,YALI1_F06035p
6175,655,YALI1_A16422p
6176,6560,YALI1_F06076p
6177,6561,YALI1_F06109p
6178,6562,YALI1_F06131p
6179,6563,YALI1_F06197p
6180,6564,YALI1_F06198p
6181,6565,YALI1_F06236p
6182,6566,YALI1_F06262p
6183,6567,YALI1_F06289p
6184,6568,YALI1_F06312p
6185,6569,YALI1_F06351p
6186,656,YALI1_A16461p
6187,6570,YALI1_F06353p
6188,6571,YALI1_F06393p
6189,6572,YALI1_F06410p
6190,6573,YALI1_F06426p
6191,6574,YALI1_F06466p
6192,6575,YALI1_F06489p
6193,6576,YALI1_F06544p
6194,6577,YALI1_F06578p
6195,6578,YALI1_F06628p
6196,6579,YALI1_F06670p
6197,657,YALI1_A16466p
6198,6580,YALI1_F06708p
6199,6581,YALI1_F06787p
6200,6582,YALI1_F06797p
6201,6583,YALI1_F06830p
6202,6584,YALI1_F06858p
6203,6585,YALI1_F06896p
6204,6586,YALI1_F06904p
6205,6587,YALI1_F06941p
6206,6588,YALI1_F06956p
6207,6589,YALI1_F06991p
6208,658,YALI1_A16485p
6209,6590,YALI1_F07042p
6210,6591,YALI1_F07055p
6211,6592,YALI1_F07093p
6212,6593,YALI1_F07135p
6213,6594,YALI1_F07146p
6214,6595,YALI1_F07150p
6215,6596,YALI1_F07181p
6216,6597,YALI1_F07246p
6217,6598,YALI1_F07318p
6218,6599,YALI1_F07344p
6219,659,YALI1_A16496p
6220,65,YALI1_A01824p
6221,6600,YALI1_F07361p
6222,6601,YALI1_F07376p
6223,6602,YALI1_F07384p
6224,6603,YALI1_F07401p
6225,6604,YALI1_F07416p
6226,6605,YALI1_F07429p
6227,6606,YALI1_F07504p
6228,6607,YALI1_F07510p
6229,6608,YALI1_F07573p
6230,6609,YALI1_F07604p
6231,660,YALI1_A16501p
6232,6610,YALI1_F07630p
6233,6611,YALI1_F07655p
6234,6612,YALI1_F07675p
6235,6613,YALI1_F07699p
6236,6614,YALI1_F07747p
6237,6615,YALI1_F07756p
6238,6616,YALI1_F07762p
6239,6617,YALI1_F07793p
6240,6618,YALI1_F07819p
6241,6619,YALI1_F07827p
6242,661,YALI1_A16509p
6243,6620,YALI1_F07847p
6244,6621,YALI1_F07860p
6245,6622,YALI1_F07881p
6246,6623,YALI1_F07884p
6247,6624,YALI1_F07907p
6248,6625,YALI1_F07938p
6249,6626,YALI1_F07980p
6250,6627,YALI1_F07990p
6251,6628,YALI1_F08075p
6252,6629,YALI1_F08097p
6253,662,YALI1_A16593p
6254,6630,YALI1_F08111p
6255,6631,YALI1_F08146p
6256,6632,YALI1_F08170p
6257,6633,YALI1_F08183p
6258,6634,YALI1_F08225p
6259,6635,YALI1_F08260p
6260,6636,YALI1_F08284p
6261,6637,YALI1_F08292p
6262,6638,YALI1_F08324p
6263,6639,YALI1_F08349p
6264,663,YALI1_A16618p
6265,6640,YALI1_F08363p
6266,6641,YALI1_F08392p
6267,6642,YALI1_F08431p
6268,6643,YALI1_F08454p
6269,6644,YALI1_F08514p
6270,6645,YALI1_F08544p
6271,6646,YALI1_F08562p
6272,6647,YALI1_F08585p
6273,6648,YALI1_F08590p
6274,6649,YALI1_F08597p
6275,664,YALI1_A16642p
6276,6650,YALI1_F08603p
6277,6651,YALI1_F08635p
6278,6652,YALI1_F08650p
6279,6653,YALI1_F08683p
6280,6654,YALI1_F08705p
6281,6655,YALI1_F08745p
6282,6656,YALI1_F08757p
6283,6657,YALI1_F08784p
6284,6658,YALI1_F08845p
6285,6659,YALI1_F08885p
6286,665,YALI1_A16681p
6287,6660,YALI1_F08930p
6288,6661,YALI1_F08944p
6289,6662,YALI1_F09003p
6290,6663,YALI1_F09017p
6291,6664,YALI1_F09051p
6292,6665,YALI1_F09056p
6293,6666,YALI1_F09088p
6294,6667,YALI1_F09137p
6295,6668,YALI1_F09155p
6296,6669,YALI1_F09161p
6297,666,YALI1_A16712p
6298,6670,YALI1_F09177p
6299,6671,YALI1_F09211p
6300,6672,YALI1_F09230p
6301,6673,YALI1_F09265p
6302,6674,YALI1_F09282p
6303,6675,YALI1_F09289p
6304,6676,YALI1_F09314p
6305,6677,YALI1_F09317p
6306,6678,YALI1_F09335p
6307,6679,YALI1_F09345p
6308,667,YALI1_A16745p
6309,6680,YALI1_F09361p
6310,6681,YALI1_F09405p
6311,6682,YALI1_F09433p
6312,6683,YALI1_F09456p
6313,6684,YALI1_F09481p
6314,6685,YALI1_F09518p
6315,6686,YALI1_F09542p
6316,6687,YALI1_F09563p
6317,6688,YALI1_F09598p
6318,6689,YALI1_F09608p
6319,668,YALI1_A16770p
6320,6690,YALI1_F09627p
6321,6691,YALI1_F09671p
6322,6692,YALI1_F09695p
6323,6693,YALI1_F09720p
6324,6694,YALI1_F09737p
6325,6695,YALI1_F09747p
6326,6696,YALI1_F09788p
6327,6697,YALI1_F09802p
6328,6698,YALI1_F09803p
6329,6699,YALI1_F09833p
6330,669,YALI1_A16787p
6331,66,YALI1_A01842p
6332,6700,YALI1_F09846p
6333,6701,YALI1_F09856p
6334,6702,YALI1_F09863p
6335,6703,YALI1_F09896p
6336,6704,YALI1_F09932p
6337,6705,YALI1_F09965p
6338,6706,YALI1_F09996p
6339,6707,YALI1_F10110p
6340,6708,YALI1_F10115p
6341,6709,YALI1_F10122p
6342,670,YALI1_A16808p
6343,6710,YALI1_F10150p
6344,6711,YALI1_F10184p
6345,6712,YALI1_F10193p
6346,6713,YALI1_F10224p
6347,6714,YALI1_F10253p
6348,6715,YALI1_F10270p
6349,6716,YALI1_F10285p
6350,6717,YALI1_F10288p
6351,6718,YALI1_F10296p
6352,6719,YALI1_F10342p
6353,671,YALI1_A16809p
6354,6720,YALI1_F10375p
6355,6721,YALI1_F10385p
6356,6722,YALI1_F10486p
6357,6723,YALI1_F10530p
6358,6724,YALI1_F10552p
6359,6725,YALI1_F10585p
6360,6726,YALI1_F10616p
6361,6727,YALI1_F10633p
6362,6728,YALI1_F10652p
6363,6729,YALI1_F10660p
6364,672,YALI1_A16826p
6365,6730,YALI1_F10671p
6366,6731,YALI1_F10688p
6367,6732,YALI1_F10713p
6368,6733,YALI1_F10731p
6369,6734,YALI1_F10760p
6370,6735,YALI1_F10774p
6371,6736,YALI1_F10786p
6372,6737,YALI1_F10839p
6373,6738,YALI1_F10866p
6374,6739,YALI1_F10867p
6375,673,YALI1_A16832p
6376,6740,YALI1_F10900p
6377,6741,YALI1_F10928p
6378,6742,YALI1_F10938p
6379,6743,YALI1_F10971p
6380,6744,YALI1_F10977p
6381,6745,YALI1_F10987p
6382,6746,YALI1_F10990p
6383,6747,YALI1_F11020p
6384,6748,YALI1_F11049p
6385,6749,YALI1_F11054p
6386,674,YALI1_A16843p
6387,6750,YALI1_F11080p
6388,6751,YALI1_F11093p
6389,6752,YALI1_F11141p
6390,6753,YALI1_F11186p
6391,6754,YALI1_F11199p
6392,6755,YALI1_F11224p
6393,6756,YALI1_F11243p
6394,6757,YALI1_F11261p
6395,6758,YALI1_F11277p
6396,6759,YALI1_F11292p
6397,675,YALI1_A16863p
6398,6760,YALI1_F11308p
6399,6761,YALI1_F11313p
6400,6762,YALI1_F11330p
6401,6763,YALI1_F11337p
6402,6764,YALI1_F11363p
6403,6765,YALI1_F11396p
6404,6766,YALI1_F11417p
6405,6767,YALI1_F11449p
6406,6768,YALI1_F11481p
6407,6769,YALI1_F11493p
6408,676,YALI1_A16891p
6409,6770,YALI1_F11553p
6410,6771,YALI1_F11583p
6411,6772,YALI1_F11605p
6412,6773,YALI1_F11635p
6413,6774,YALI1_F11658p
6414,6775,YALI1_F11689p
6415,6776,YALI1_F11711p
6416,6777,YALI1_F11729p
6417,6778,YALI1_F11781p
6418,6779,YALI1_F11787p
6419,677,YALI1_A16918p
6420,6780,YALI1_F11827p
6421,6781,YALI1_F11857p
6422,6782,YALI1_F11866p
6423,6783,YALI1_F11871p
6424,6784,YALI1_F11878p
6425,6785,YALI1_F11889p
6426,6786,YALI1_F11905p
6427,6787,YALI1_F11907p
6428,6788,YALI1_F11916p
6429,6789,YALI1_F11930p
6430,678,YALI1_A16938p
6431,6790,YALI1_F11956p
6432,6791,YALI1_F12013p
6433,6792,YALI1_F12033p
6434,6793,YALI1_F12052p
6435,6794,YALI1_F12080p
6436,6795,YALI1_F12089p
6437,6796,YALI1_F12138p
6438,6797,YALI1_F12176p
6439,6798,YALI1_F12211p
6440,6799,YALI1_F12254p
6441,679,YALI1_A16944p
6442,67,YALI1_A01854p
6443,6800,YALI1_F12312p
6444,6801,YALI1_F12318p
6445,6802,YALI1_F12330p
6446,6803,YALI1_F12365p
6447,6804,YALI1_F12422p
6448,6805,YALI1_F12430p
6449,6806,YALI1_F12434p
6450,6807,YALI1_F12478p
6451,6808,YALI1_F12504p
6452,6809,YALI1_F12520p
6453,680,YALI1_A16950p
6454,6810,YALI1_F12523p
6455,6811,YALI1_F12535p
6456,6812,YALI1_F12562p
6457,6813,YALI1_F12570p
6458,6814,YALI1_F12578p
6459,6815,YALI1_F12616p
6460,6816,YALI1_F12635p
6461,6817,YALI1_F12649p
6462,6818,YALI1_F12666p
6463,6819,YALI1_F12712p
6464,681,YALI1_A16952p
6465,6820,YALI1_F12757p
6466,6821,YALI1_F12801p
6467,6822,YALI1_F12810p
6468,6823,YALI1_F12842p
6469,6824,YALI1_F12871p
6470,6825,YALI1_F12874p
6471,6826,YALI1_F12895p
6472,6827,YALI1_F12917p
6473,6828,YALI1_F12946p
6474,6829,YALI1_F12951p
6475,682,YALI1_A16988p
6476,6830,YALI1_F12969p
6477,6831,YALI1_F12983p
6478,6832,YALI1_F13001p
6479,6833,YALI1_F13017p
6480,6834,YALI1_F13023p
6481,6835,YALI1_F13039p
6482,6836,YALI1_F13046p
6483,6837,YALI1_F13072p
6484,6838,YALI1_F13079p
6485,6839,YALI1_F13088p
6486,683,YALI1_A16991p
6487,6840,YALI1_F13097p
6488,6841,YALI1_F13134p
6489,6842,YALI1_F13155p
6490,6843,YALI1_F13170p
6491,6844,YALI1_F13172p
6492,6845,YALI1_F13185p
6493,6846,YALI1_F13202p
6494,6847,YALI1_F13211p
6495,6848,YALI1_F13220p
6496,6849,YALI1_F13268p
6497,684,YALI1_A17085p
6498,6850,YALI1_F13339p
6499,6851,YALI1_F13355p
6500,6852,YALI1_F13366p
6501,6853,YALI1_F13373p
6502,6854,YALI1_F13384p
6503,6855,YALI1_F13395p
6504,6856,YALI1_F13446p
6505,6857,YALI1_F13452p
6506,6858,YALI1_F13476p
6507,6859,YALI1_F13505p
6508,685,YALI1_A17103p
6509,6860,YALI1_F13526p
6510,6861,YALI1_F13550p
6511,6862,YALI1_F13579p
6512,6863,YALI1_F13597p
6513,6864,YALI1_F13602p
6514,6865,YALI1_F13644p
6515,6866,YALI1_F13691p
6516,6867,YALI1_F13719p
6517,6868,YALI1_F13793p
6518,6869,YALI1_F13875p
6519,686,YALI1_A17118p
6520,6870,YALI1_F13908p
6521,6871,YALI1_F13953p
6522,6872,YALI1_F14009p
6523,6873,YALI1_F14024p
6524,6874,YALI1_F14072p
6525,6875,YALI1_F14090p
6526,6876,YALI1_F14107p
6527,6877,YALI1_F14136p
6528,6878,YALI1_F14150p
6529,6879,YALI1_F14160p
6530,687,YALI1_A17123p
6531,6880,YALI1_F14168p
6532,6881,YALI1_F14175p
6533,6882,YALI1_F14201p
6534,6883,YALI1_F14207p
6535,6884,YALI1_F14213p
6536,6885,YALI1_F14239p
6537,6886,YALI1_F14290p
6538,6887,YALI1_F14303p
6539,6888,YALI1_F14342p
6540,6889,YALI1_F14351p
6541,688,YALI1_A17177p
6542,6890,YALI1_F14368p
6543,6891,YALI1_F14374p
6544,6892,YALI1_F14403p
6545,6893,YALI1_F14409p
6546,6894,YALI1_F14443p
6547,6895,YALI1_F14448p
6548,6896,YALI1_F14495p
6549,6897,YALI1_F14542p
6550,6898,YALI1_F14583p
6551,6899,YALI1_F14625p
6552,689,YALI1_A17234p
6553,68,YALI1_A01864p
6554,6900,YALI1_F14650p
6555,6901,YALI1_F14656p
6556,6902,YALI1_F14688p
6557,6903,YALI1_F14712p
6558,6904,YALI1_F14729p
6559,6905,YALI1_F14746p
6560,6906,YALI1_F14766p
6561,6907,YALI1_F14793p
6562,6908,YALI1_F14805p
6563,6909,YALI1_F14827p
6564,690,YALI1_A17239p
6565,6910,YALI1_F14850p
6566,6911,YALI1_F14882p
6567,6912,YALI1_F14900p
6568,6913,YALI1_F14933p
6569,6914,YALI1_F14946p
6570,6915,YALI1_F14958p
6571,6916,YALI1_F15017p
6572,6917,YALI1_F15038p
6573,6918,YALI1_F15047p
6574,6919,YALI1_F15053p
6575,691,YALI1_A17289p
6576,6920,YALI1_F15070p
6577,6921,YALI1_F15108p
6578,6922,YALI1_F15118p
6579,6923,YALI1_F15141p
6580,6924,YALI1_F15186p
6581,6925,YALI1_F15199p
6582,6926,YALI1_F15218p
6583,6927,YALI1_F15265p
6584,6928,YALI1_F15286p
6585,6929,YALI1_F15291p
6586,692,YALI1_A17320p
6587,6930,YALI1_F15311p
6588,6931,YALI1_F15334p
6589,6932,YALI1_F15352p
6590,6933,YALI1_F15357p
6591,6934,YALI1_F15367p
6592,6935,YALI1_F15377p
6593,6936,YALI1_F15387p
6594,6937,YALI1_F15403p
6595,6938,YALI1_F15418p
6596,6939,YALI1_F15449p
6597,693,YALI1_A17328p
6598,6940,YALI1_F15466p
6599,6941,YALI1_F15477p
6600,6942,YALI1_F15517p
6601,6943,YALI1_F15533p
6602,6944,YALI1_F15568p
6603,6945,YALI1_F15641p
6604,6946,YALI1_F15692p
6605,6947,YALI1_F15695p
6606,6948,YALI1_F15708p
6607,6949,YALI1_F15745p
6608,694,YALI1_A17348p
6609,6950,YALI1_F15769p
6610,6951,YALI1_F15781p
6611,6952,YALI1_F15793p
6612,6953,YALI1_F15817p
6613,6954,YALI1_F15827p
6614,6955,YALI1_F15829p
6615,6956,YALI1_F15835p
6616,6957,YALI1_F15843p
6617,6958,YALI1_F15847p
6618,6959,YALI1_F15859p
6619,695,YALI1_A17383p
6620,6960,YALI1_F15878p
6621,6961,YALI1_F15886p
6622,6962,YALI1_F15891p
6623,6963,YALI1_F15905p
6624,6964,YALI1_F15961p
6625,6965,YALI1_F15990p
6626,6966,YALI1_F16005p
6627,6967,YALI1_F16035p
6628,6968,YALI1_F16045p
6629,6969,YALI1_F16058p
6630,696,YALI1_A17401p
6631,6970,YALI1_F16069p
6632,6971,YALI1_F16117p
6633,6972,YALI1_F16158p
6634,6973,YALI1_F16165p
6635,6974,YALI1_F16177p
6636,6975,YALI1_F16180p
6637,6976,YALI1_F16199p
6638,6977,YALI1_F16218p
6639,6978,YALI1_F16225p
6640,6979,YALI1_F16232p
6641,697,YALI1_A17419p
6642,6980,YALI1_F16234p
6643,6981,YALI1_F16249p
6644,6982,YALI1_F16270p
6645,6983,YALI1_F16293p
6646,6984,YALI1_F16348p
6647,6985,YALI1_F16366p
6648,6986,YALI1_F16369p
6649,6987,YALI1_F16373p
6650,6988,YALI1_F16376p
6651,6989,YALI1_F16417p
6652,698,YALI1_A17433p
6653,6990,YALI1_F16426p
6654,6991,YALI1_F16431p
6655,6992,YALI1_F16451p
6656,6993,YALI1_F16459p
6657,6994,YALI1_F16478p
6658,6995,YALI1_F16527p
6659,6996,YALI1_F16551p
6660,6997,YALI1_F16568p
6661,6998,YALI1_F16600p
6662,6999,YALI1_F16614p
6663,699,YALI1_A17450p
6664,69,YALI1_A01868p
6665,6,YALI1_A00135p
6666,7000,YALI1_F16649p
6667,7001,YALI1_F16656p
6668,7002,YALI1_F16702p
6669,7003,YALI1_F16715p
6670,7004,YALI1_F16717p
6671,7005,YALI1_F16735p
6672,7006,YALI1_F16743p
6673,7007,YALI1_F16796p
6674,7008,YALI1_F16817p
6675,7009,YALI1_F16839p
6676,700,YALI1_A17470p
6677,7010,YALI1_F16844p
6678,7011,YALI1_F16851p
6679,7012,YALI1_F16856p
6680,7013,YALI1_F16915p
6681,7014,YALI1_F16984p
6682,7015,YALI1_F17004p
6683,7016,YALI1_F17025p
6684,7017,YALI1_F17034p
6685,7018,YALI1_F17066p
6686,7019,YALI1_F17082p
6687,701,YALI1_A17486p
6688,7020,YALI1_F17087p
6689,7021,YALI1_F17094p
6690,7022,YALI1_F17103p
6691,7023,YALI1_F17138p
6692,7024,YALI1_F17203p
6693,7025,YALI1_F17215p
6694,7026,YALI1_F17265p
6695,7027,YALI1_F17289p
6696,7028,YALI1_F17302p
6697,7029,YALI1_F17337p
6698,702,YALI1_A17511p
6699,7030,YALI1_F17358p
6700,7031,YALI1_F17369p
6701,7032,YALI1_F17383p
6702,7033,YALI1_F17431p
6703,7034,YALI1_F17444p
6704,7035,YALI1_F17472p
6705,7036,YALI1_F17473p
6706,7037,YALI1_F17491p
6707,7038,YALI1_F17496p
6708,7039,YALI1_F17520p
6709,703,YALI1_A17515p
6710,7040,YALI1_F17522p
6711,7041,YALI1_F17547p
6712,7042,YALI1_F17549p
6713,7043,YALI1_F17565p
6714,7044,YALI1_F17569p
6715,7045,YALI1_F17581p
6716,7046,YALI1_F17603p
6717,7047,YALI1_F17637p
6718,7048,YALI1_F17657p
6719,7049,YALI1_F17706p
6720,704,YALI1_A17546p
6721,7050,YALI1_F17709p
6722,7051,YALI1_F17756p
6723,7052,YALI1_F17788p
6724,7053,YALI1_F17797p
6725,7054,YALI1_F17805p
6726,7055,YALI1_F17836p
6727,7056,YALI1_F17907p
6728,7057,YALI1_F17912p
6729,7058,YALI1_F17930p
6730,7059,YALI1_F17949p
6731,705,YALI1_A17551p
6732,7060,YALI1_F17953p
6733,7061,YALI1_F17962p
6734,7062,YALI1_F17988p
6735,7063,YALI1_F18023p
6736,7064,YALI1_F18081p
6737,7065,YALI1_F18105p
6738,7066,YALI1_F18122p
6739,7067,YALI1_F18152p
6740,7068,YALI1_F18202p
6741,7069,YALI1_F18226p
6742,706,YALI1_A17570p
6743,7070,YALI1_F18239p
6744,7071,YALI1_F18276p
6745,7072,YALI1_F18357p
6746,7073,YALI1_F18381p
6747,7074,YALI1_F18429p
6748,7075,YALI1_F18459p
6749,7076,YALI1_F18524p
6750,7077,YALI1_F18550p
6751,7078,YALI1_F18641p
6752,7079,YALI1_F18664p
6753,707,YALI1_A17583p
6754,7080,YALI1_F18696p
6755,7081,YALI1_F18740p
6756,7082,YALI1_F18766p
6757,7083,YALI1_F18812p
6758,7084,YALI1_F18835p
6759,7085,YALI1_F18857p
6760,7086,YALI1_F18897p
6761,7087,YALI1_F18920p
6762,7088,YALI1_F18943p
6763,7089,YALI1_F18947p
6764,708,YALI1_A17622p
6765,7090,YALI1_F18979p
6766,7091,YALI1_F19007p
6767,7092,YALI1_F19015p
6768,7093,YALI1_F19047p
6769,7094,YALI1_F19058p
6770,7095,YALI1_F19090p
6771,7096,YALI1_F19106p
6772,7097,YALI1_F19126p
6773,7098,YALI1_F19140p
6774,7099,YALI1_F19153p
6775,709,YALI1_A17640p
6776,70,YALI1_A01888p
6777,7100,YALI1_F19169p
6778,7101,YALI1_F19180p
6779,7102,YALI1_F19192p
6780,7103,YALI1_F19216p
6781,7104,YALI1_F19218p
6782,7105,YALI1_F19244p
6783,7106,YALI1_F19249p
6784,7107,YALI1_F19268p
6785,7108,YALI1_F19345p
6786,7109,YALI1_F19370p
6787,710,YALI1_A17651p
6788,7110,YALI1_F19381p
6789,7111,YALI1_F19478p
6790,7112,YALI1_F19500p
6791,7113,YALI1_F19556p
6792,7114,YALI1_F19579p
6793,7115,YALI1_F19610p
6794,7116,YALI1_F19619p
6795,7117,YALI1_F19635p
6796,7118,YALI1_F19697p
6797,7119,YALI1_F19717p
6798,711,YALI1_A17671p
6799,7120,YALI1_F19720p
6800,7121,YALI1_F19746p
6801,7122,YALI1_F19764p
6802,7123,YALI1_F19805p
6803,7124,YALI1_F19811p
6804,7125,YALI1_F19841p
6805,7126,YALI1_F19853p
6806,7127,YALI1_F19899p
6807,7128,YALI1_F19938p
6808,7129,YALI1_F20010p
6809,712,YALI1_A17720p
6810,7130,YALI1_F20047p
6811,7131,YALI1_F20059p
6812,7132,YALI1_F20086p
6813,7133,YALI1_F20123p
6814,7134,YALI1_F20145p
6815,7135,YALI1_F20168p
6816,7136,YALI1_F20177p
6817,7137,YALI1_F20182p
6818,7138,YALI1_F20233p
6819,7139,YALI1_F20234p
6820,713,YALI1_A17724p
6821,7140,YALI1_F20323p
6822,7141,YALI1_F20330p
6823,7142,YALI1_F20378p
6824,7143,YALI1_F20381p
6825,7144,YALI1_F20426p
6826,7145,YALI1_F20457p
6827,7146,YALI1_F20462p
6828,7147,YALI1_F20547p
6829,7148,YALI1_F20589p
6830,7149,YALI1_F20600p
6831,714,YALI1_A17749p
6832,7150,YALI1_F20616p
6833,7151,YALI1_F20631p
6834,7152,YALI1_F20637p
6835,7153,YALI1_F20669p
6836,7154,YALI1_F20712p
6837,7155,YALI1_F20742p
6838,7156,YALI1_F20788p
6839,7157,YALI1_F20820p
6840,7158,YALI1_F20831p
6841,7159,YALI1_F20885p
6842,715,YALI1_A17824p
6843,7160,YALI1_F20914p
6844,7161,YALI1_F20931p
6845,7162,YALI1_F20943p
6846,7163,YALI1_F20965p
6847,7164,YALI1_F21002p
6848,7165,YALI1_F21056p
6849,7166,YALI1_F21174p
6850,7167,YALI1_F21192p
6851,7168,YALI1_F21210p
6852,7169,YALI1_F21213p
6853,716,YALI1_A17876p
6854,7170,YALI1_F21224p
6855,7171,YALI1_F21261p
6856,7172,YALI1_F21279p
6857,7173,YALI1_F21315p
6858,7174,YALI1_F21322p
6859,7175,YALI1_F21362p
6860,7176,YALI1_F21381p
6861,7177,YALI1_F21396p
6862,7178,YALI1_F21426p
6863,7179,YALI1_F21453p
6864,717,YALI1_A17927p
6865,7180,YALI1_F21467p
6866,7181,YALI1_F21482p
6867,7182,YALI1_F21504p
6868,7183,YALI1_F21540p
6869,7184,YALI1_F21547p
6870,7185,YALI1_F21567p
6871,7186,YALI1_F21583p
6872,7187,YALI1_F21612p
6873,7188,YALI1_F21647p
6874,7189,YALI1_F21673p
6875,718,YALI1_A17957p
6876,7190,YALI1_F21676p
6877,7191,YALI1_F21690p
6878,7192,YALI1_F21698p
6879,7193,YALI1_F21728p
6880,7194,YALI1_F21769p
6881,7195,YALI1_F21778p
6882,7196,YALI1_F21804p
6883,7197,YALI1_F21813p
6884,7198,YALI1_F21850p
6885,7199,YALI1_F21875p
6886,719,YALI1_A17983p
6887,71,YALI1_A01905p
6888,7200,YALI1_F21908p
6889,7201,YALI1_F21974p
6890,7202,YALI1_F21989p
6891,7203,YALI1_F22073p
6892,7204,YALI1_F22115p
6893,7205,YALI1_F22171p
6894,7206,YALI1_F22172p
6895,7207,YALI1_F22219p
6896,7208,YALI1_F22241p
6897,7209,YALI1_F22299p
6898,720,YALI1_A18010p
6899,7210,YALI1_F22321p
6900,7211,YALI1_F22376p
6901,7212,YALI1_F22402p
6902,7213,YALI1_F22436p
6903,7214,YALI1_F22481p
6904,7215,YALI1_F22504p
6905,7216,YALI1_F22525p
6906,7217,YALI1_F22568p
6907,7218,YALI1_F22578p
6908,7219,YALI1_F22674p
6909,721,YALI1_A18036p
6910,7220,YALI1_F22701p
6911,7221,YALI1_F22750p
6912,7222,YALI1_F22784p
6913,7223,YALI1_F22794p
6914,7224,YALI1_F22836p
6915,7225,YALI1_F22841p
6916,7226,YALI1_F22858p
6917,7227,YALI1_F22867p
6918,7228,YALI1_F22883p
6919,7229,YALI1_F22908p
6920,722,YALI1_A18062p
6921,7230,YALI1_F22915p
6922,7231,YALI1_F22935p
6923,7232,YALI1_F22940p
6924,7233,YALI1_F22957p
6925,7234,YALI1_F22978p
6926,7235,YALI1_F22993p
6927,7236,YALI1_F23024p
6928,7237,YALI1_F23047p
6929,7238,YALI1_F23095p
6930,7239,YALI1_F23109p
6931,723,YALI1_A18076p
6932,7240,YALI1_F23133p
6933,7241,YALI1_F23157p
6934,7242,YALI1_F23191p
6935,7243,YALI1_F23201p
6936,7244,YALI1_F23214p
6937,7245,YALI1_F23270p
6938,7246,YALI1_F23315p
6939,7247,YALI1_F23331p
6940,7248,YALI1_F23351p
6941,7249,YALI1_F23364p
6942,724,YALI1_A18133p
6943,7250,YALI1_F23368p
6944,7251,YALI1_F23391p
6945,7252,YALI1_F23399p
6946,7253,YALI1_F23414p
6947,7254,YALI1_F23441p
6948,7255,YALI1_F23446p
6949,7256,YALI1_F23474p
6950,7257,YALI1_F23484p
6951,7258,YALI1_F23529p
6952,7259,YALI1_F23551p
6953,725,YALI1_A18166p
6954,7260,YALI1_F23560p
6955,7261,YALI1_F23595p
6956,7262,YALI1_F23616p
6957,7263,YALI1_F23664p
6958,7264,YALI1_F23706p
6959,7265,YALI1_F23719p
6960,7266,YALI1_F23784p
6961,7267,YALI1_F23819p
6962,7268,YALI1_F23833p
6963,7269,YALI1_F23867p
6964,726,YALI1_A18188p
6965,7270,YALI1_F23922p
6966,7271,YALI1_F23925p
6967,7272,YALI1_F23963p
6968,7273,YALI1_F23988p
6969,7274,YALI1_F24031p
6970,7275,YALI1_F24079p
6971,7276,YALI1_F24099p
6972,7277,YALI1_F24115p
6973,7278,YALI1_F24126p
6974,7279,YALI1_F24130p
6975,727,YALI1_A18196p
6976,7280,YALI1_F24151p
6977,7281,YALI1_F24171p
6978,7282,YALI1_F24173p
6979,7283,YALI1_F24197p
6980,7284,YALI1_F24228p
6981,7285,YALI1_F24247p
6982,7286,YALI1_F24270p
6983,7287,YALI1_F24301p
6984,7288,YALI1_F24332p
6985,7289,YALI1_F24343p
6986,728,YALI1_A18204p
6987,7290,YALI1_F24359p
6988,7291,YALI1_F24401p
6989,7292,YALI1_F24408p
6990,7293,YALI1_F24413p
6991,7294,YALI1_F24469p
6992,7295,YALI1_F24478p
6993,7296,YALI1_F24486p
6994,7297,YALI1_F24489p
6995,7298,YALI1_F24509p
6996,7299,YALI1_F24511p
6997,729,YALI1_A18219p
6998,72,YALI1_A02022p
6999,7300,YALI1_F24517p
7000,7301,YALI1_F24525p
7001,7302,YALI1_F24564p
7002,7303,YALI1_F24578p
7003,7304,YALI1_F24615p
7004,7305,YALI1_F24635p
7005,7306,YALI1_F24649p
7006,7307,YALI1_F24667p
7007,7308,YALI1_F24699p
7008,7309,YALI1_F24708p
7009,730,YALI1_A18273p
7010,7310,YALI1_F24742p
7011,7311,YALI1_F24773p
7012,7312,YALI1_F24798p
7013,7313,YALI1_F24826p
7014,7314,YALI1_F24864p
7015,7315,YALI1_F24881p
7016,7316,YALI1_F24905p
7017,7317,YALI1_F24929p
7018,7318,YALI1_F24963p
7019,7319,YALI1_F25001p
7020,731,YALI1_A18286p
7021,7320,YALI1_F25035p
7022,7321,YALI1_F25066p
7023,7322,YALI1_F25079p
7024,7323,YALI1_F25110p
7025,7324,YALI1_F25164p
7026,7325,YALI1_F25182p
7027,7326,YALI1_F25212p
7028,7327,YALI1_F25254p
7029,7328,YALI1_F25289p
7030,7329,YALI1_F25309p
7031,732,YALI1_A18315p
7032,7330,YALI1_F25382p
7033,7331,YALI1_F25388p
7034,7332,YALI1_F25413p
7035,7333,YALI1_F25444p
7036,7334,YALI1_F25485p
7037,7335,YALI1_F25496p
7038,7336,YALI1_F25535p
7039,7337,YALI1_F25546p
7040,7338,YALI1_F25556p
7041,7339,YALI1_F25570p
7042,733,YALI1_A18344p
7043,7340,YALI1_F25587p
7044,7341,YALI1_F25614p
7045,7342,YALI1_F25649p
7046,7343,YALI1_F25650p
7047,7344,YALI1_F25663p
7048,7345,YALI1_F25671p
7049,7346,YALI1_F25701p
7050,7347,YALI1_F25708p
7051,7348,YALI1_F25771p
7052,7349,YALI1_F25783p
7053,734,YALI1_A18414p
7054,7350,YALI1_F25792p
7055,7351,YALI1_F25852p
7056,7352,YALI1_F25865p
7057,7353,YALI1_F25885p
7058,7354,YALI1_F25908p
7059,7355,YALI1_F25924p
7060,7356,YALI1_F25941p
7061,7357,YALI1_F25951p
7062,7358,YALI1_F25984p
7063,7359,YALI1_F25987p
7064,735,YALI1_A18426p
7065,7360,YALI1_F25999p
7066,7361,YALI1_F26012p
7067,7362,YALI1_F26039p
7068,7363,YALI1_F26058p
7069,7364,YALI1_F26108p
7070,7365,YALI1_F26127p
7071,7366,YALI1_F26142p
7072,7367,YALI1_F26167p
7073,7368,YALI1_F26186p
7074,7369,YALI1_F26216p
7075,736,YALI1_A18439p
7076,7370,YALI1_F26234p
7077,7371,YALI1_F26313p
7078,7372,YALI1_F26367p
7079,7373,YALI1_F26399p
7080,7374,YALI1_F26427p
7081,7375,YALI1_F26474p
7082,7376,YALI1_F26519p
7083,7377,YALI1_F26574p
7084,7378,YALI1_F26612p
7085,7379,YALI1_F26620p
7086,737,YALI1_A18443p
7087,7380,YALI1_F26654p
7088,7381,YALI1_F26692p
7089,7382,YALI1_F26726p
7090,7383,YALI1_F26737p
7091,7384,YALI1_F26757p
7092,7385,YALI1_F26780p
7093,7386,YALI1_F26793p
7094,7387,YALI1_F26860p
7095,7388,YALI1_F26873p
7096,7389,YALI1_F26915p
7097,738,YALI1_A18451p
7098,7390,YALI1_F26924p
7099,7391,YALI1_F26957p
7100,7392,YALI1_F26967p
7101,7393,YALI1_F27002p
7102,7394,YALI1_F27017p
7103,7395,YALI1_F27041p
7104,7396,YALI1_F27099p
7105,7397,YALI1_F27101p
7106,7398,YALI1_F27132p
7107,7399,YALI1_F27141p
7108,739,YALI1_A18463p
7109,73,YALI1_A02037p
7110,7400,YALI1_F27175p
7111,7401,YALI1_F27211p
7112,7402,YALI1_F27237p
7113,7403,YALI1_F27304p
7114,7404,YALI1_F27343p
7115,7405,YALI1_F27356p
7116,7406,YALI1_F27395p
7117,7407,YALI1_F27465p
7118,7408,YALI1_F27470p
7119,7409,YALI1_F27529p
7120,740,YALI1_A18466p
7121,7410,YALI1_F27556p
7122,7411,YALI1_F27574p
7123,7412,YALI1_F27663p
7124,7413,YALI1_F27667p
7125,7414,YALI1_F27686p
7126,7415,YALI1_F27692p
7127,7416,YALI1_F27701p
7128,7417,YALI1_F27716p
7129,7418,YALI1_F27731p
7130,7419,YALI1_F27758p
7131,741,YALI1_A18470p
7132,7420,YALI1_F27761p
7133,7421,YALI1_F27791p
7134,7422,YALI1_F27798p
7135,7423,YALI1_F27812p
7136,7424,YALI1_F27834p
7137,7425,YALI1_F27871p
7138,7426,YALI1_F27904p
7139,7427,YALI1_F27929p
7140,7428,YALI1_F27945p
7141,7429,YALI1_F27968p
7142,742,YALI1_A18489p
7143,7430,YALI1_F27989p
7144,7431,YALI1_F28015p
7145,7432,YALI1_F28025p
7146,7433,YALI1_F28031p
7147,7434,YALI1_F28064p
7148,7435,YALI1_F28092p
7149,7436,YALI1_F28107p
7150,7437,YALI1_F28112p
7151,7438,YALI1_F28123p
7152,7439,YALI1_F28132p
7153,743,YALI1_A18514p
7154,7440,YALI1_F28144p
7155,7441,YALI1_F28146p
7156,7442,YALI1_F28202p
7157,7443,YALI1_F28212p
7158,7444,YALI1_F28222p
7159,7445,YALI1_F28274p
7160,7446,YALI1_F28333p
7161,7447,YALI1_F28393p
7162,7448,YALI1_F28453p
7163,7449,YALI1_F28459p
7164,744,YALI1_A18557p
7165,7450,YALI1_F28467p
7166,7451,YALI1_F28485p
7167,7452,YALI1_F28490p
7168,7453,YALI1_F28537p
7169,7454,YALI1_F28550p
7170,7455,YALI1_F28590p
7171,7456,YALI1_F28611p
7172,7457,YALI1_F28633p
7173,7458,YALI1_F28686p
7174,7459,YALI1_F28739p
7175,745,YALI1_A18590p
7176,7460,YALI1_F28744p
7177,7461,YALI1_F28765p
7178,7462,YALI1_F28807p
7179,7463,YALI1_F28833p
7180,7464,YALI1_F28868p
7181,7465,YALI1_F28897p
7182,7466,YALI1_F28915p
7183,7467,YALI1_F28934p
7184,7468,YALI1_F28943p
7185,7469,YALI1_F28967p
7186,746,YALI1_A18605p
7187,7470,YALI1_F28995p
7188,7471,YALI1_F28998p
7189,7472,YALI1_F29038p
7190,7473,YALI1_F29078p
7191,7474,YALI1_F29127p
7192,7475,YALI1_F29139p
7193,7476,YALI1_F29168p
7194,7477,YALI1_F29192p
7195,7478,YALI1_F29196p
7196,7479,YALI1_F29253p
7197,747,YALI1_A18622p
7198,7480,YALI1_F29301p
7199,7481,YALI1_F29317p
7200,7482,YALI1_F29356p
7201,7483,YALI1_F29380p
7202,7484,YALI1_F29395p
7203,7485,YALI1_F29424p
7204,7486,YALI1_F29483p
7205,7487,YALI1_F29540p
7206,7488,YALI1_F29596p
7207,7489,YALI1_F29604p
7208,748,YALI1_A18660p
7209,7490,YALI1_F29635p
7210,7491,YALI1_F29640p
7211,7492,YALI1_F29652p
7212,7493,YALI1_F29670p
7213,7494,YALI1_F29691p
7214,7495,YALI1_F29704p
7215,7496,YALI1_F29727p
7216,7497,YALI1_F29751p
7217,7498,YALI1_F29765p
7218,7499,YALI1_F29798p
7219,749,YALI1_A18671p
7220,74,YALI1_A02075p
7221,7500,YALI1_F29828p
7222,7501,YALI1_F29836p
7223,7502,YALI1_F29852p
7224,7503,YALI1_F29867p
7225,7504,YALI1_F29876p
7226,7505,YALI1_F29905p
7227,7506,YALI1_F29911p
7228,7507,YALI1_F29937p
7229,7508,YALI1_F29944p
7230,7509,YALI1_F29987p
7231,750,YALI1_A18675p
7232,7510,YALI1_F30004p
7233,7511,YALI1_F30034p
7234,7512,YALI1_F30061p
7235,7513,YALI1_F30086p
7236,7514,YALI1_F30106p
7237,7515,YALI1_F30116p
7238,7516,YALI1_F30179p
7239,7517,YALI1_F30254p
7240,7518,YALI1_F30289p
7241,7519,YALI1_F30296p
7242,751,YALI1_A18692p
7243,7520,YALI1_F30314p
7244,7521,YALI1_F30317p
7245,7522,YALI1_F30340p
7246,7523,YALI1_F30367p
7247,7524,YALI1_F30395p
7248,7525,YALI1_F30416p
7249,7526,YALI1_F30431p
7250,7527,YALI1_F30459p
7251,7528,YALI1_F30479p
7252,7529,YALI1_F30496p
7253,752,YALI1_A18719p
7254,7530,YALI1_F30520p
7255,7531,YALI1_F30559p
7256,7532,YALI1_F30593p
7257,7533,YALI1_F30641p
7258,7534,YALI1_F30647p
7259,7535,YALI1_F30703p
7260,7536,YALI1_F30754p
7261,7537,YALI1_F30789p
7262,7538,YALI1_F30841p
7263,7539,YALI1_F30852p
7264,753,YALI1_A18728p
7265,7540,YALI1_F30877p
7266,7541,YALI1_F30903p
7267,7542,YALI1_F31001p
7268,7543,YALI1_F31053p
7269,7544,YALI1_F31070p
7270,7545,YALI1_F31102p
7271,7546,YALI1_F31126p
7272,7547,YALI1_F31135p
7273,7548,YALI1_F31153p
7274,7549,YALI1_F31183p
7275,754,YALI1_A18732p
7276,7550,YALI1_F31215p
7277,7551,YALI1_F31255p
7278,7552,YALI1_F31283p
7279,7553,YALI1_F31292p
7280,7554,YALI1_F31381p
7281,7555,YALI1_F31405p
7282,7556,YALI1_F31416p
7283,7557,YALI1_F31432p
7284,7558,YALI1_F31439p
7285,7559,YALI1_F31463p
7286,755,YALI1_A18752p
7287,7560,YALI1_F31482p
7288,7561,YALI1_F31493p
7289,7562,YALI1_F31512p
7290,7563,YALI1_F31531p
7291,7564,YALI1_F31568p
7292,7565,YALI1_F31587p
7293,7566,YALI1_F31639p
7294,7567,YALI1_F31672p
7295,7568,YALI1_F31687p
7296,7569,YALI1_F31689p
7297,756,YALI1_A18805p
7298,7570,YALI1_F31725p
7299,7571,YALI1_F31733p
7300,7572,YALI1_F31744p
7301,7573,YALI1_F31760p
7302,7574,YALI1_F31798p
7303,7575,YALI1_F31822p
7304,7576,YALI1_F31832p
7305,7577,YALI1_F31854p
7306,7578,YALI1_F31866p
7307,7579,YALI1_F31875p
7308,757,YALI1_A18817p
7309,7580,YALI1_F31902p
7310,7581,YALI1_F31934p
7311,7582,YALI1_F31947p
7312,7583,YALI1_F32002p
7313,7584,YALI1_F32010p
7314,7585,YALI1_F32043p
7315,7586,YALI1_F32056p
7316,7587,YALI1_F32064p
7317,7588,YALI1_F32067p
7318,7589,YALI1_F32090p
7319,758,YALI1_A18847p
7320,7590,YALI1_F32120p
7321,7591,YALI1_F32167p
7322,7592,YALI1_F32204p
7323,7593,YALI1_F32232p
7324,7594,YALI1_F32251p
7325,7595,YALI1_F32287p
7326,7596,YALI1_F32305p
7327,7597,YALI1_F32312p
7328,7598,YALI1_F32330p
7329,7599,YALI1_F32342p
7330,759,YALI1_A18897p
7331,75,YALI1_A02083p
7332,7600,YALI1_F32363p
7333,7601,YALI1_F32387p
7334,7602,YALI1_F32399p
7335,7603,YALI1_F32441p
7336,7604,YALI1_F32460p
7337,7605,YALI1_F32476p
7338,7606,YALI1_F32498p
7339,7607,YALI1_F32512p
7340,7608,YALI1_F32534p
7341,7609,YALI1_F32546p
7342,760,YALI1_A18915p
7343,7610,YALI1_F32554p
7344,7611,YALI1_F32565p
7345,7612,YALI1_F32597p
7346,7613,YALI1_F32638p
7347,7614,YALI1_F32659p
7348,7615,YALI1_F32675p
7349,7616,YALI1_F32685p
7350,7617,YALI1_F32688p
7351,7618,YALI1_F32698p
7352,7619,YALI1_F32716p
7353,761,YALI1_A19010p
7354,7620,YALI1_F32744p
7355,7621,YALI1_F32764p
7356,7622,YALI1_F32792p
7357,7623,YALI1_F32816p
7358,7624,YALI1_F32841p
7359,7625,YALI1_F32880p
7360,7626,YALI1_F32901p
7361,7627,YALI1_F32910p
7362,7628,YALI1_F32948p
7363,7629,YALI1_F32969p
7364,762,YALI1_A19025p
7365,7630,YALI1_F32989p
7366,7631,YALI1_F33002p
7367,7632,YALI1_F33008p
7368,7633,YALI1_F33061p
7369,7634,YALI1_F33103p
7370,7635,YALI1_F33113p
7371,7636,YALI1_F33123p
7372,7637,YALI1_F33143p
7373,7638,YALI1_F33189p
7374,7639,YALI1_F33246p
7375,763,YALI1_A19070p
7376,7640,YALI1_F33273p
7377,7641,YALI1_F33301p
7378,7642,YALI1_F33321p
7379,7643,YALI1_F33331p
7380,7644,YALI1_F33345p
7381,7645,YALI1_F33381p
7382,7646,YALI1_F33403p
7383,7647,YALI1_F33426p
7384,7648,YALI1_F33445p
7385,7649,YALI1_F33473p
7386,764,YALI1_A19089p
7387,7650,YALI1_F33513p
7388,7651,YALI1_F33524p
7389,7652,YALI1_F33572p
7390,7653,YALI1_F33579p
7391,7654,YALI1_F33587p
7392,7655,YALI1_F33594p
7393,7656,YALI1_F33603p
7394,7657,YALI1_F33618p
7395,7658,YALI1_F33669p
7396,7659,YALI1_F33681p
7397,765,YALI1_A19096p
7398,7660,YALI1_F33704p
7399,7661,YALI1_F33714p
7400,7662,YALI1_F33732p
7401,7663,YALI1_F33754p
7402,7664,YALI1_F33764p
7403,7665,YALI1_F33790p
7404,7666,YALI1_F33791p
7405,7667,YALI1_F33812p
7406,7668,YALI1_F33819p
7407,7669,YALI1_F33861p
7408,766,YALI1_A19123p
7409,7670,YALI1_F33881p
7410,7671,YALI1_F33885p
7411,7672,YALI1_F33925p
7412,7673,YALI1_F33951p
7413,7674,YALI1_F33973p
7414,7675,YALI1_F34000p
7415,7676,YALI1_F34029p
7416,7677,YALI1_F34051p
7417,7678,YALI1_F34057p
7418,7679,YALI1_F34083p
7419,767,YALI1_A19195p
7420,7680,YALI1_F34095p
7421,7681,YALI1_F34105p
7422,7682,YALI1_F34127p
7423,7683,YALI1_F34141p
7424,7684,YALI1_F34187p
7425,7685,YALI1_F34202p
7426,7686,YALI1_F34236p
7427,7687,YALI1_F34264p
7428,7688,YALI1_F34281p
7429,7689,YALI1_F34304p
7430,768,YALI1_A19214p
7431,7690,YALI1_F34324p
7432,7691,YALI1_F34351p
7433,7692,YALI1_F34387p
7434,7693,YALI1_F34397p
7435,7694,YALI1_F34429p
7436,7695,YALI1_F34472p
7437,7696,YALI1_F34497p
7438,7697,YALI1_F34521p
7439,7698,YALI1_F34556p
7440,7699,YALI1_F34557p
7441,769,YALI1_A19220p
7442,76,YALI1_A02096p
7443,7700,YALI1_F34610p
7444,7701,YALI1_F34625p
7445,7702,YALI1_F34631p
7446,7703,YALI1_F34661p
7447,7704,YALI1_F34675p
7448,7705,YALI1_F34692p
7449,7706,YALI1_F34712p
7450,7707,YALI1_F34729p
7451,7708,YALI1_F34737p
7452,7709,YALI1_F34749p
7453,770,YALI1_A19249p
7454,7710,YALI1_F34779p
7455,7711,YALI1_F34798p
7456,7712,YALI1_F34818p
7457,7713,YALI1_F34862p
7458,7714,YALI1_F34870p
7459,7715,YALI1_F34895p
7460,7716,YALI1_F34928p
7461,7717,YALI1_F34933p
7462,7718,YALI1_F34963p
7463,7719,YALI1_F35003p
7464,771,YALI1_A19398p
7465,7720,YALI1_F35015p
7466,7721,YALI1_F35029p
7467,7722,YALI1_F35061p
7468,7723,YALI1_F35109p
7469,7724,YALI1_F35163p
7470,7725,YALI1_F35191p
7471,7726,YALI1_F35219p
7472,7727,YALI1_F35274p
7473,7728,YALI1_F35329p
7474,7729,YALI1_F35406p
7475,772,YALI1_A19419p
7476,7730,YALI1_F35417p
7477,7731,YALI1_F35441p
7478,7732,YALI1_F35476p
7479,7733,YALI1_F35489p
7480,7734,YALI1_F35508p
7481,7735,YALI1_F35542p
7482,7736,YALI1_F35549p
7483,7737,YALI1_F35554p
7484,7738,YALI1_F35578p
7485,7739,YALI1_F35591p
7486,773,YALI1_A19428p
7487,7740,YALI1_F35603p
7488,7741,YALI1_F35610p
7489,7742,YALI1_F35647p
7490,7743,YALI1_F35656p
7491,7744,YALI1_F35690p
7492,7745,YALI1_F35714p
7493,7746,YALI1_F35746p
7494,7747,YALI1_F35753p
7495,7748,YALI1_F35776p
7496,7749,YALI1_F35791p
7497,774,YALI1_A19441p
7498,7750,YALI1_F35822p
7499,7751,YALI1_F35829p
7500,7752,YALI1_F35836p
7501,7753,YALI1_F35868p
7502,7754,YALI1_F35882p
7503,7755,YALI1_F35894p
7504,7756,YALI1_F35907p
7505,7757,YALI1_F35938p
7506,7758,YALI1_F35983p
7507,7759,YALI1_F36033p
7508,775,YALI1_A19459p
7509,7760,YALI1_F36059p
7510,7761,YALI1_F36094p
7511,7762,YALI1_F36127p
7512,7763,YALI1_F36132p
7513,7764,YALI1_F36152p
7514,7765,YALI1_F36178p
7515,7766,YALI1_F36204p
7516,7767,YALI1_F36233p
7517,7768,YALI1_F36259p
7518,7769,YALI1_F36267p
7519,776,YALI1_A19483p
7520,7770,YALI1_F36290p
7521,7771,YALI1_F36321p
7522,7772,YALI1_F36332p
7523,7773,YALI1_F36344p
7524,7774,YALI1_F36415p
7525,7775,YALI1_F36492p
7526,7776,YALI1_F36552p
7527,7777,YALI1_F36584p
7528,7778,YALI1_F36610p
7529,7779,YALI1_F36649p
7530,777,YALI1_A19515p
7531,7780,YALI1_F36678p
7532,7781,YALI1_F36706p
7533,7782,YALI1_F36710p
7534,7783,YALI1_F36733p
7535,7784,YALI1_F36742p
7536,7785,YALI1_F36760p
7537,7786,YALI1_F36781p
7538,7787,YALI1_F36794p
7539,7788,YALI1_F36805p
7540,7789,YALI1_F36882p
7541,778,YALI1_A19526p
7542,7790,YALI1_F36930p
7543,7791,YALI1_F36936p
7544,7792,YALI1_F36945p
7545,7793,YALI1_F36966p
7546,7794,YALI1_F36996p
7547,7795,YALI1_F37011p
7548,7796,YALI1_F37068p
7549,7797,YALI1_F37097p
7550,7798,YALI1_F37100p
7551,7799,YALI1_F37171p
7552,779,YALI1_A19549p
7553,77,YALI1_A02113p
7554,7800,YALI1_F37194p
7555,7801,YALI1_F37213p
7556,7802,YALI1_F37234p
7557,7803,YALI1_F37248p
7558,7804,YALI1_F37255p
7559,7805,YALI1_F37264p
7560,7806,YALI1_F37272p
7561,7807,YALI1_F37320p
7562,7808,YALI1_F37354p
7563,7809,YALI1_F37400p
7564,780,YALI1_A19563p
7565,7810,YALI1_F37435p
7566,7811,YALI1_F37463p
7567,7812,YALI1_F37481p
7568,7813,YALI1_F37498p
7569,7814,YALI1_F37508p
7570,7815,YALI1_F37528p
7571,7816,YALI1_F37540p
7572,7817,YALI1_F37551p
7573,7818,YALI1_F37559p
7574,7819,YALI1_F37627p
7575,781,YALI1_A19595p
7576,7820,YALI1_F37658p
7577,7821,YALI1_F37685p
7578,7822,YALI1_F37694p
7579,7823,YALI1_F37714p
7580,7824,YALI1_F37734p
7581,7825,YALI1_F37742p
7582,7826,YALI1_F37770p
7583,7827,YALI1_F37775p
7584,7828,YALI1_F37808p
7585,7829,YALI1_F37828p
7586,782,YALI1_A19650p
7587,7830,YALI1_F37878p
7588,7831,YALI1_F37890p
7589,7832,YALI1_F37892p
7590,7833,YALI1_F37916p
7591,7834,YALI1_F37929p
7592,7835,YALI1_F37963p
7593,7836,YALI1_F37986p
7594,7837,YALI1_F37998p
7595,7838,YALI1_F38013p
7596,7839,YALI1_F38056p
7597,783,YALI1_A19675p
7598,7840,YALI1_F38088p
7599,7841,YALI1_F38116p
7600,7842,YALI1_F38140p
7601,7843,YALI1_F38161p
7602,7844,YALI1_F38191p
7603,7845,YALI1_F38220p
7604,7846,YALI1_F38248p
7605,7847,YALI1_F38263p
7606,7848,YALI1_F38280p
7607,7849,YALI1_F38296p
7608,784,YALI1_A19725p
7609,7850,YALI1_F38317p
7610,7851,YALI1_F38339p
7611,7852,YALI1_F38344p
7612,7853,YALI1_F38386p
7613,7854,YALI1_F38432p
7614,7855,YALI1_F38450p
7615,7856,YALI1_F38466p
7616,7857,YALI1_F38476p
7617,7858,YALI1_F38522p
7618,7859,YALI1_F38526p
7619,785,YALI1_A19731p
7620,7860,YALI1_F38538p
7621,7861,YALI1_F38551p
7622,7862,YALI1_F38595p
7623,7863,YALI1_F38614p
7624,7864,YALI1_F38629p
7625,7865,YALI1_F38670p
7626,7866,YALI1_F38680p
7627,7867,YALI1_F38684p
7628,7868,YALI1_F38756p
7629,7869,YALI1_F38776p
7630,786,YALI1_A19759p
7631,7870,YALI1_F38806p
7632,7871,YALI1_F38820p
7633,7872,YALI1_F38856p
7634,7873,YALI1_F38859p
7635,7874,YALI1_F38864p
7636,7875,YALI1_F38869p
7637,7876,YALI1_F38882p
7638,7877,YALI1_F38918p
7639,7878,YALI1_F38954p
7640,7879,YALI1_F38986p
7641,787,YALI1_A19795p
7642,7880,YALI1_F38998p
7643,7881,YALI1_F39001p
7644,7882,YALI1_F39009p
7645,7883,YALI1_F39022p
7646,7884,YALI1_F39041p
7647,7885,YALI1_F39051p
7648,7886,YALI1_F39058p
7649,7887,YALI1_F39106p
7650,7888,YALI1_F39108p
7651,7889,YALI1_F39128p
7652,788,YALI1_A19798p
7653,7890,YALI1_F39159p
7654,7891,YALI1_F39164p
7655,7892,YALI1_F39176p
7656,7893,YALI1_F39183p
7657,7894,YALI1_F39199p
7658,7895,YALI1_F39236p
7659,7896,YALI1_F39242p
7660,7897,YALI1_F39261p
7661,7898,YALI1_F39272p
7662,7899,YALI1_F39291p
7663,789,YALI1_A19829p
7664,78,YALI1_A02131p
7665,7900,YALI1_F39314p
7666,7901,YALI1_F39330p
7667,7902,YALI1_F39375p
7668,7903,YALI1_F39426p
7669,7904,YALI1_F39457p
7670,7905,YALI1_F39494p
7671,7906,YALI1_F39527p
7672,7907,YALI1_F39550p
7673,7908,YALI1_F39557p
7674,7909,YALI1_F39603p
7675,790,YALI1_A19862p
7676,7910,YALI1_F39620p
7677,7911,YALI1_F39645p
7678,7912,YALI1_F39665p
7679,7913,YALI1_F39743p
7680,7914,YALI1_F39789p
7681,7915,YALI1_F39818p
7682,7916,YALI1_F39844p
7683,7917,YALI1_F39885p
7684,7918,YALI1_F39891p
7685,7919,YALI1_F39923p
7686,791,YALI1_A19885p
7687,792,YALI1_A19898p
7688,793,YALI1_A19924p
7689,794,YALI1_A19965p
7690,795,YALI1_A19974p
7691,796,YALI1_A19989p
7692,797,YALI1_A20063p
7693,798,YALI1_A20089p
7694,799,YALI1_A20113p
7695,79,YALI1_A02150p
7696,7,YALI1_A00148p
7697,800,YALI1_A20129p
7698,801,YALI1_A20131p
7699,802,YALI1_A20149p
7700,803,YALI1_A20176p
7701,804,YALI1_A20201p
7702,805,YALI1_A20221p
7703,806,YALI1_A20229p
7704,807,YALI1_A20242p
7705,808,YALI1_A20247p
7706,809,YALI1_A20258p
7707,80,YALI1_A02190p
7708,810,YALI1_A20283p
7709,811,YALI1_A20320p
7710,812,YALI1_A20353p
7711,813,YALI1_A20370p
7712,814,YALI1_A20398p
7713,815,YALI1_A20408p
7714,816,YALI1_A20441p
7715,817,YALI1_A20453p
7716,818,YALI1_A20484p
7717,819,YALI1_A20528p
7718,81,YALI1_A02198p
7719,820,YALI1_A20558p
7720,821,YALI1_A20602p
7721,822,YALI1_A20611p
7722,823,YALI1_A20631p
7723,824,YALI1_A20685p
7724,825,YALI1_A20739p
7725,826,YALI1_A20760p
7726,827,YALI1_A20793p
7727,828,YALI1_A20822p
7728,829,YALI1_A20839p
7729,82,YALI1_A02263p
7730,830,YALI1_A20849p
7731,831,YALI1_A20855p
7732,832,YALI1_A20884p
7733,833,YALI1_A20902p
7734,834,YALI1_A20937p
7735,835,YALI1_A20965p
7736,836,YALI1_A20995p
7737,837,YALI1_A21000p
7738,838,YALI1_A21012p
7739,839,YALI1_A21021p
7740,83,YALI1_A02301p
7741,840,YALI1_A21040p
7742,841,YALI1_A21043p
7743,842,YALI1_A21057p
7744,843,YALI1_A21089p
7745,844,YALI1_A21106p
7746,845,YALI1_A21120p
7747,846,YALI1_A21156p
7748,847,YALI1_A21175p
7749,848,YALI1_A21203p
7750,849,YALI1_A21236p
7751,84,YALI1_A02335p
7752,850,YALI1_A21265p
7753,851,YALI1_A21283p
7754,852,YALI1_A21311p
7755,853,YALI1_A21345p
7756,854,YALI1_A21372p
7757,855,YALI1_A21409p
7758,856,YALI1_A21420p
7759,857,YALI1_A21449p
7760,858,YALI1_A21477p
7761,859,YALI1_A21499p
7762,85,YALI1_A02365p
7763,860,YALI1_A21509p
7764,861,YALI1_A21550p
7765,862,YALI1_A21554p
7766,863,YALI1_A21565p
7767,864,YALI1_A21594p
7768,865,YALI1_A21617p
7769,866,YALI1_A21620p
7770,867,YALI1_A21630p
7771,868,YALI1_A21654p
7772,869,YALI1_A21696p
7773,86,YALI1_A02394p
7774,870,YALI1_A21711p
7775,871,YALI1_A21720p
7776,872,YALI1_A21746p
7777,873,YALI1_A21775p
7778,874,YALI1_A21797p
7779,875,YALI1_A21835p
7780,876,YALI1_A21841p
7781,877,YALI1_A21852p
7782,878,YALI1_A21871p
7783,879,YALI1_A21913p
7784,87,YALI1_A02426p
7785,880,YALI1_A21919p
7786,881,YALI1_A21945p
7787,882,YALI1_A21970p
7788,883,YALI1_A21993p
7789,884,YALI1_A22008p
7790,885,YALI1_A22023p
7791,886,YALI1_A22027p
7792,887,YALI1_A22073p
7793,888,YALI1_A22093p
7794,889,YALI1_A22105p
7795,88,YALI1_A02443p
7796,890,YALI1_A22111p
7797,891,YALI1_A22129p
7798,892,YALI1_A22137p
7799,893,YALI1_A22157p
7800,894,YALI1_A22192p
7801,895,YALI1_A22228p
7802,896,YALI1_A22236p
7803,897,YALI1_A22275p
7804,898,YALI1_A22330p
7805,899,YALI1_A22369p
7806,89,YALI1_A02461p
7807,8,YALI1_A00204p
7808,900,YALI1_A22393p
7809,901,YALI1_A22415p
7810,902,YALI1_A22440p
7811,903,YALI1_A22454p
7812,904,YALI1_A22496p
7813,905,YALI1_A22497p
7814,906,YALI1_A22539p
7815,907,YALI1_A22551p
7816,908,YALI1_B00037p
7817,909,YALI1_B00049p
7818,90,YALI1_A02470p
7819,910,YALI1_B00082p
7820,911,YALI1_B00101p
7821,912,YALI1_B00121p
7822,913,YALI1_B00133p
7823,914,YALI1_B00198p
7824,915,YALI1_B00214p
7825,916,YALI1_B00242p
7826,917,YALI1_B00273p
7827,918,YALI1_B00280p
7828,919,YALI1_B00329p
7829,91,YALI1_A02499p
7830,920,YALI1_B00336p
7831,921,YALI1_B00357p
7832,922,YALI1_B00383p
7833,923,YALI1_B00419p
7834,924,YALI1_B00429p
7835,925,YALI1_B00448p
7836,926,YALI1_B00525p
7837,927,YALI1_B00539p
7838,928,YALI1_B00578p
7839,929,YALI1_B00607p
7840,92,YALI1_A02546p
7841,930,YALI1_B00611p
7842,931,YALI1_B00675p
7843,932,YALI1_B00704p
7844,933,YALI1_B00711p
7845,934,YALI1_B00719p
7846,935,YALI1_B00731p
7847,936,YALI1_B00798p
7848,937,YALI1_B00819p
7849,938,YALI1_B00829p
7850,939,YALI1_B00858p
7851,93,YALI1_A02552p
7852,940,YALI1_B00908p
7853,941,YALI1_B00977p
7854,942,YALI1_B01011p
7855,943,YALI1_B01014p
7856,944,YALI1_B01030p
7857,945,YALI1_B01060p
7858,946,YALI1_B01065p
7859,947,YALI1_B01069p
7860,948,YALI1_B01084p
7861,949,YALI1_B01127p
7862,94,YALI1_A02561p
7863,950,YALI1_B01136p
7864,951,YALI1_B01223p
7865,952,YALI1_B01268p
7866,953,YALI1_B01275p
7867,954,YALI1_B01281p
7868,955,YALI1_B01292p
7869,956,YALI1_B01317p
7870,957,YALI1_B01325p
7871,958,YALI1_B01334p
7872,959,YALI1_B01344p
7873,95,YALI1_A02568p
7874,960,YALI1_B01352p
7875,961,YALI1_B01357p
7876,962,YALI1_B01428p
7877,963,YALI1_B01464p
7878,964,YALI1_B01485p
7879,965,YALI1_B01511p
7880,966,YALI1_B01550p
7881,967,YALI1_B01552p
7882,968,YALI1_B01568p
7883,969,YALI1_B01578p
7884,96,YALI1_A02615p
7885,970,YALI1_B01628p
7886,971,YALI1_B01644p
7887,972,YALI1_B01698p
7888,973,YALI1_B01711p
7889,974,YALI1_B01719p
7890,975,YALI1_B01725p
7891,976,YALI1_B01752p
7892,977,YALI1_B01760p
7893,978,YALI1_B01771p
7894,979,YALI1_B01813p
7895,97,YALI1_A02653p
7896,980,YALI1_B01822p
7897,981,YALI1_B01826p
7898,982,YALI1_B01839p
7899,983,YALI1_B01878p
7900,984,YALI1_B01889p
7901,985,YALI1_B01892p
7902,986,YALI1_B01903p
7903,987,YALI1_B01962p
7904,988,YALI1_B02011p
7905,989,YALI1_B02021p
7906,98,YALI1_A02682p
7907,990,YALI1_B02035p
7908,991,YALI1_B02047p
7909,992,YALI1_B02073p
7910,993,YALI1_B02082p
7911,994,YALI1_B02091p
7912,995,YALI1_B02149p
7913,996,YALI1_B02151p
7914,997,YALI1_B02162p
7915,998,YALI1_B02177p
7916,999,YALI1_B02194p
7917,99,YALI1_A02728p
7918,9,YALI1_A00241p
