YALI0 locus ID,YALI1 Proteins
,YALI1_A00014p
,YALI1_A00019p
,YALI1_A00032p
YALI0A00110g,YALI1_A00058p
YALI0A00132g,YALI1_A00102p
,YALI1_A00135p
YALI0A00154g,YALI1_A00148p
YALI0A00176g,YALI1_A00204p
YALI0A00198g,YALI1_A00241p
YALI0A00212g,YALI1_A00252p
YALI0A00220r,YALI1_A00271r
YALI0A00264g,YALI1_A00309p
YALI0A00286g,YALI1_A00325p
YALI0A00297g,YALI1_A00348p
YALI0A00308t,YALI1_A00358t
YALI0A00330g,YALI1_A00375p
YALI0A00352g,YALI1_A00406p
YALI0A00369g,YALI1_A00447p
YALI0A00374g,YALI1_A00468p
YALI0A00396g,YALI1_A00504p
YALI0A00418g,YALI1_A00538p
YALI0A00440g,YALI1_A00558p
,YALI1_A00574p
YALI0A00462r,YALI1_A00579r
YALI0A00506g,YALI1_A00601p
YALI0A00528g,YALI1_A00661p
YALI0A00550g,YALI1_A00683p
YALI0A00572g,YALI1_A00715p
YALI0A00594g,YALI1_A00746p
YALI0A00616g,YALI1_A00789p
YALI0A00638g,YALI1_A00801p
YALI0A00660g,YALI1_A00829p
YALI0A00682g,YALI1_A00867p
,YALI1_A00905p
,YALI1_A00911p
YALI0A00715r,YALI1_A00921r
YALI0A00759g,YALI1_A00947p
YALI0A00781g,YALI1_A00983p
YALI0A00803g,YALI1_A01061p
,YALI1_A01074p
YALI0A00825g,YALI1_A01093p
YALI0A00847g,YALI1_A01122p
YALI0A00869g,YALI1_A01143p
YALI0A00891g,YALI1_A01173p
YALI0A00913g,YALI1_A01198p
,YALI1_A01230p
YALI0A00935g,YALI1_A01240p
,YALI1_A01241p
YALI0A00957g,YALI1_A01249p
,YALI1_A01260p
YALI0A00979g,YALI1_A01267p
YALI0A01001g,YALI1_A01298p
YALI0A01023g,YALI1_A01394p
,YALI1_A01430p
,YALI1_A01434p
YALI0A01045g,YALI1_A01468p
YALI0A01067g,YALI1_A01505p
YALI0A01089g,YALI1_A01537p
YALI0A01111g,YALI1_A01577p
YALI0A01133g,YALI1_A01602p
,YALI1_A01618p
YALI0A01155g,YALI1_A01628p
YALI0A01177r,YALI1_A01642r
YALI0A01221r,YALI1_A01654r
YALI0A01265g,YALI1_A01670p
YALI0A01287r,YALI1_A01689r
YALI0A01331g,YALI1_A01717p
,YALI1_A01732p
,YALI1_A01736p
YALI0A01353g,YALI1_A01766p
YALI0A01375g,YALI1_A01777p
YALI0A01389r,YALI1_A01786r
YALI0A01397g,YALI1_A01794p
YALI0A01419g,YALI1_A01824p
YALI0A01441g,YALI1_A01842p
,YALI1_A01854p
YALI0A01452g,YALI1_A01864p
,YALI1_A01868p
YALI0A01463g,YALI1_A01888p
YALI0A01485g,YALI1_A01905p
YALI0A01507g,YALI1_A01945p
,YALI1_A02022p
YALI0A01650g,YALI1_A02037p
YALI0A01672r,YALI1_A02057r
YALI0A01716g,YALI1_A02075p
YALI0A01738g,YALI1_A02083p
YALI0A01760g,YALI1_A02096p
,YALI1_A02113p
YALI0A01782g,YALI1_A02131p
YALI0A01804r,YALI1_A02138r
YALI0A01826g,YALI1_A02150p
YALI0A01848g,YALI1_A02190p
YALI0A01870g,YALI1_A02198p
YALI0A01892g,YALI1_A02263p
,YALI1_A02301p
YALI0A01914r,YALI1_A02318r
YALI0A01958g,YALI1_A02335p
YALI0A01980g,YALI1_A02365p
YALI0A02002g,YALI1_A02394p
YALI0A02024g,YALI1_A02426p
YALI0A02046g,YALI1_A02443p
YALI0A02068g,YALI1_A02461p
YALI0A02090g,YALI1_A02470p
YALI0A02112g,YALI1_A02499p
YALI0A02134g,YALI1_A02546p
YALI0A02156g,YALI1_A02552p
YALI0A02178g,YALI1_A02561p
YALI0A02200g,YALI1_A02568p
YALI0A02222g,YALI1_A02615p
YALI0A02244g,YALI1_A02653p
YALI0A02266g,YALI1_A02682p
YALI0A02288g,YALI1_A02728p
YALI0A02310g,YALI1_A02775p
YALI0A02332g,YALI1_A02813p
,YALI1_A02819p
YALI0A02354g,YALI1_A02833p
,YALI1_A02875p
YALI0A02409g,YALI1_A02895p
YALI0A02416g,YALI1_A02909p
YALI0A02423g,YALI1_A02919p
YALI0A02431g,YALI1_A02947p
YALI0A02453g,YALI1_A02974p
,YALI1_A02977p
YALI0A02475g,YALI1_A02998p
,YALI1_A03017p
YALI0A02497g,YALI1_A03029p
YALI0A02541g,YALI1_A03069p
YALI0A02563g,YALI1_A03081p
YALI0A02585g,YALI1_A03091p
YALI0A02607g,YALI1_A03116p
YALI0A02629g,YALI1_A03137p
YALI0A02651g,YALI1_A03153p
YALI0A02673g,YALI1_A03170p
YALI0A02695g,YALI1_A03183p
YALI0A02717g,YALI1_A03210p
YALI0A02739r,YALI1_A03242r
YALI0A02783g,YALI1_A03258p
YALI0A02849g,YALI1_A03278p
YALI0A02871g,YALI1_A03289p
YALI0A02893g,YALI1_A03300p
YALI0A02915g,YALI1_A03322p
YALI0A02937g,YALI1_A03351p
YALI0A02959g,YALI1_A03356p
YALI0A02981g,YALI1_A03396p
YALI0A03003g,YALI1_A03402p
YALI0A03025g,YALI1_A03422p
YALI0A03047r,YALI1_A03437r
YALI0A03069g,YALI1_A03442p
YALI0A03091g,YALI1_A03450p
YALI0A03113g,YALI1_A03487p
,YALI1_A03507p
YALI0A03135g,YALI1_A03512p
YALI0A03157r,YALI1_A03529r
YALI0A03179g,YALI1_A03549p
YALI0A03201g,YALI1_A03567p
YALI0A03223g,YALI1_A03579p
,YALI1_A03599p
YALI0A03245g,YALI1_A03624p
YALI0A03267r,YALI1_A03627r
YALI0A03311r,YALI1_A03632r
YALI0A03355r,YALI1_A03643r
YALI0A03399g,YALI1_A03669p
YALI0A03421g,YALI1_A03688p
YALI0A03443g,YALI1_A03721p
YALI0A03465r,YALI1_A03732r
YALI0A03509g,YALI1_A03757p
YALI0A03531g,YALI1_A03763p
YALI0A03553g,YALI1_A03803p
YALI0A03575g,YALI1_A03809p
,YALI1_A03815p
YALI0A03597g,YALI1_A03837p
,YALI1_A03842p
YALI0A03641g,YALI1_A03857p
YALI0A03663g,YALI1_A03883p
,YALI1_A03900p
YALI0A03685g,YALI1_A03907p
YALI0A03707r,YALI1_A03933r
YALI0A03751g,YALI1_A03937p
YALI0A03773g,YALI1_A03964p
YALI0A03817g,YALI1_A04006p
YALI0A03839g,YALI1_A04022p
,YALI1_A04044p
,YALI1_A04048p
YALI0A03861g,YALI1_A04071p
YALI0A03883g,YALI1_A04109p
YALI0A03905g,YALI1_A04119p
YALI0A03916r,YALI1_A04155r
,YALI1_A04164p
YALI0A03927g,YALI1_A04178p
YALI0A03949g,YALI1_A04261p
YALI0A03971g,YALI1_A04309p
YALI0A03993g,YALI1_A04332p
YALI0A04015r,YALI1_A04338r
YALI0A04059g,YALI1_A04341p
YALI0A04081r,YALI1_A04359r
YALI0A04125g,YALI1_A04385p
YALI0A04147r,YALI1_A04398r
YALI0A04191g,YALI1_A04415p
YALI0A04202r,YALI1_A04438r
YALI0A04213r,YALI1_A04439r
YALI0A04235r,YALI1_A04446r
YALI0A04279g,YALI1_A04462p
YALI0A04301g,YALI1_A04495p
YALI0A04323g,YALI1_A04533p
YALI0A04345g,YALI1_A04561p
YALI0A04367g,YALI1_A04576p
YALI0A04389r,YALI1_A04602r
YALI0A04433r,YALI1_A04611r
YALI0A04455g,YALI1_A04620p
YALI0A04477r,YALI1_A04645r
,YALI1_A04653p
YALI0A04499g,YALI1_A04661p
YALI0A04521g,YALI1_A04676p
YALI0A04543r,YALI1_A04699r
YALI0A04565r,YALI1_A04709r
YALI0A04576r,YALI1_A04710r
YALI0A04587g,YALI1_A04715p
YALI0A04609g,YALI1_A04742p
YALI0A04631g,YALI1_A04781p
YALI0A04631g,YALI1_A04795p
YALI0A04653g,YALI1_A04815p
YALI0A04675g,YALI1_A04817p
YALI0A04697g,YALI1_A04848p
,YALI1_A04859p
,YALI1_A04864p
YALI0A04719g,YALI1_A04884p
YALI0A04741g,YALI1_A04893p
YALI0A04763r,YALI1_A04916r
YALI0A04785g,YALI1_A04927p
YALI0A04807g,YALI1_A04939p
YALI0A04829r,YALI1_A04958r
YALI0A04873g,YALI1_A04976p
,YALI1_A04983p
,YALI1_A04990p
YALI0A04895g,YALI1_A05003p
YALI0A04917g,YALI1_A05031p
YALI0A04939g,YALI1_A05052p
YALI0A04961g,YALI1_A05091p
YALI0A04983g,YALI1_A05116p
YALI0A05005g,YALI1_A05143p
YALI0A05027g,YALI1_A05168p
YALI0A05049r,YALI1_A05186r
YALI0A05093r,YALI1_A05189r
YALI0A05115g,YALI1_A05210p
YALI0A05137g,YALI1_A05220p
YALI0A05159g,YALI1_A05229p
YALI0A05181g,YALI1_A05254p
YALI0A05203g,YALI1_A05259p
YALI0A05225g,YALI1_A05284p
YALI0A05247g,YALI1_A05335p
YALI0A05269t,YALI1_A05348t
YALI0A05291g,YALI1_A05355p
YALI0A05313g,YALI1_A05366p
YALI0A05357g,YALI1_A05407p
YALI0A05379g,YALI1_A05459p
YALI0A05401g,YALI1_A05473p
YALI0A05423g,YALI1_A05491p
YALI0A05445r,YALI1_A05500r
YALI0A05489r,YALI1_A05505r
YALI0A05533g,YALI1_A05527p
YALI0A05555g,YALI1_A05571p
,YALI1_A05578p
,YALI1_A05583p
,YALI1_A05592p
YALI0A05577g,YALI1_A05605p
YALI0A05599r,YALI1_A05637r
YALI0A05621r,YALI1_A05639r
YALI0A05665g,YALI1_A05662p
YALI0A05687r,YALI1_A05684r
YALI0A05731r,YALI1_A05694r
YALI0A05775g,YALI1_A05701p
YALI0A05797g,YALI1_A05709p
YALI0A05819r,YALI1_A05718r
YALI0A05863r,YALI1_A05723r
YALI0A05885g,YALI1_A05737p
,YALI1_A05740p
YALI0A05907r,YALI1_A05745r
YALI0A05929g,YALI1_A05774p
YALI0A05951g,YALI1_A05795p
,YALI1_A05798p
YALI0A05973g,YALI1_A05813p
YALI0A05995g,YALI1_A05821p
,YALI1_A05836p
YALI0A06017g,YALI1_A05844p
,YALI1_A05869p
YALI0A06061g,YALI1_A05884p
,YALI1_A05904p
YALI0A06105g,YALI1_A05927p
YALI0A06127r,YALI1_A05933r
YALI0A06171g,YALI1_A05947p
YALI0A06193r,YALI1_A05953r
YALI0A06215g,YALI1_A05987p
YALI0A06226r,YALI1_A06019r
YALI0A06237r,YALI1_A06020r
YALI0A06259r,YALI1_A06024r
YALI0A06303r,YALI1_A06032r
YALI0A06347g,YALI1_A06052p
YALI0A06369g,YALI1_A06073p
YALI0A06391r,YALI1_A06081r
YALI0A06435g,YALI1_A06099p
,YALI1_A06102p
,YALI1_A06104p
YALI0A06457g,YALI1_A06116p
YALI0A06479g,YALI1_A06128p
YALI0A06501g,YALI1_A06149p
YALI0A06523g,YALI1_A06169p
,YALI1_A06174p
YALI0A06545r,YALI1_A06190r
,YALI1_A06196p
,YALI1_A06207p
,YALI1_A06220p
YALI0A06589g,YALI1_A06229p
YALI0A06611g,YALI1_A06287p
YALI0A06633g,YALI1_A06311p
YALI0A06644r,YALI1_A06327r
YALI0A06655g,YALI1_A06361p
YALI0A06677g,YALI1_A06381p
,YALI1_A06384p
YALI0A06699g,YALI1_A06396p
YALI0A06721g,YALI1_A06402p
YALI0A06743g,YALI1_A06416p
YALI0A06754r,YALI1_A06423r
YALI0A06765g,YALI1_A06434p
YALI0A06787g,YALI1_A06453p
YALI0A06809g,YALI1_A06473p
YALI0A06831g,YALI1_A06488p
,YALI1_A06530p
YALI0A06886g,YALI1_A06591p
YALI0A06908g,YALI1_A06594p
YALI0A06930g,YALI1_A06612p
,YALI1_A06615p
YALI0A06952g,YALI1_A06625p
,YALI1_A06634p
YALI0A06974g,YALI1_A06640p
YALI0A06996g,YALI1_A06666p
YALI0A07018g,YALI1_A06672p
YALI0A07040r,YALI1_A06710r
YALI0A07062g,YALI1_A06721p
,YALI1_A06735p
YALI0A07084g,YALI1_A06743p
,YALI1_A06751p
,YALI1_A06761p
YALI0A07106g,YALI1_A06778p
,YALI1_A06815p
,YALI1_A06818p
YALI0A07128g,YALI1_A06823p
YALI0A07142g,YALI1_A06873p
YALI0A07150r,YALI1_A06883r
YALI0A07194r,YALI1_A06888r
YALI0A07260r,YALI1_A06928r
YALI0A07271r,YALI1_A06929r
YALI0A07293r,YALI1_A06936r
YALI0A07315r,YALI1_A06939r
YALI0A07359r,YALI1_A06957r
YALI0A07403g,YALI1_A06958p
YALI0A07425g,YALI1_A06989p
YALI0A07447g,YALI1_A07014p
YALI0A07469r,YALI1_A07038r
YALI0A07513r,YALI1_A07044r
YALI0A07557g,YALI1_A07051p
YALI0A07579g,YALI1_A07103p
YALI0A07601g,YALI1_A07137p
,YALI1_A07161p
,YALI1_A07171p
YALI0A07623g,YALI1_A07201p
,YALI1_A07226p
YALI0A07645g,YALI1_A07229p
YALI0A07667g,YALI1_A07241p
YALI0A07689g,YALI1_A07267p
YALI0A07711g,YALI1_A07277p
YALI0A07733g,YALI1_A07290p
YALI0A07755g,YALI1_A07309p
YALI0A07777g,YALI1_A07318p
YALI0A07799g,YALI1_A07326p
YALI0A07821g,YALI1_A07349p
,YALI1_A07357p
,YALI1_A07372p
,YALI1_A07376p
YALI0A07843g,YALI1_A07381p
YALI0A07865g,YALI1_A07405p
YALI0A07887g,YALI1_A07418p
YALI0A07909r,YALI1_A07421r
YALI0A07953r,YALI1_A07425r
YALI0A07997g,YALI1_A07472p
YALI0A08019g,YALI1_A07538p
,YALI1_A07557p
YALI0A08041g,YALI1_A07575p
,YALI1_A07608p
YALI0A08063g,YALI1_A07624p
,YALI1_A07632p
,YALI1_A07635p
YALI0A08077g,YALI1_A07649p
YALI0A08107g,YALI1_A07668p
,YALI1_A07681p
YALI0A08129g,YALI1_A07712p
YALI0A08151g,YALI1_A07730p
,YALI1_A07766p
YALI0A08165g,YALI1_A07768p
YALI0A08195g,YALI1_A07829p
YALI0A08206r,YALI1_A07842r
YALI0A08217g,YALI1_A07887p
YALI0A08239g,YALI1_A07937p
YALI0A08261g,YALI1_A07977p
YALI0A08283r,YALI1_A08027r
YALI0A08327g,YALI1_A08047p
YALI0A08338g,YALI1_A08049p
,YALI1_A08065p
YALI0A08360g,YALI1_A08073p
,YALI1_A08107p
,YALI1_A08115p
YALI0A08404g,YALI1_A08126p
YALI0A08426g,YALI1_A08175p
,YALI1_A08197p
YALI0A08448g,YALI1_A08206p
,YALI1_A08299p
YALI0A07249g,YALI1_A08341t
,YALI1_A08362t
,YALI1_A08424p
YALI0A08492r,YALI1_A08434r
YALI0A08536g,YALI1_A08436p
YALI0A08558g,YALI1_A08467p
YALI0A08580g,YALI1_A08468p
YALI0A08602r,YALI1_A08483r
YALI0A08624g,YALI1_A08486p
YALI0A08646g,YALI1_A08502p
YALI0A08668g,YALI1_A08512p
,YALI1_A08532p
YALI0A08690r,YALI1_A08542r
YALI0A08734g,YALI1_A08546p
,YALI1_A08573r
YALI0A08756r,YALI1_A08574r
YALI0A08800g,YALI1_A08614p
YALI0A08822r,YALI1_A08620r
YALI0A08866g,YALI1_A08623p
YALI0A08888g,YALI1_A08653p
,YALI1_A08661r
YALI0A08976r,YALI1_A08662r
YALI0A08998g,YALI1_A08672p
YALI0A09020g,YALI1_A08729p
,YALI1_A08759p
YALI0A09042g,YALI1_A08781p
YALI0A09064g,YALI1_A08787p
,YALI1_A08821p
YALI0A09086g,YALI1_A08828p
,YALI1_A08835p
YALI0A09108g,YALI1_A08856p
YALI0A09130r,YALI1_A08873r
,YALI1_A08875p
YALI0A09152r,YALI1_A08890r
YALI0A09196g,YALI1_A08901p
,YALI1_A08931p
,YALI1_A08934p
,YALI1_A08941p
YALI0A09218r,YALI1_A08951r
YALI0A09262g,YALI1_A08981p
YALI0A09284g,YALI1_A09010p
,YALI1_A09021p
YALI0A09383g,YALI1_A09064p
YALI0A09405g,YALI1_A09100p
YALI0A09427g,YALI1_A09121p
YALI0A09438g,YALI1_A09139p
YALI0A09443g,YALI1_A09149p
,YALI1_A09165p
YALI0A09449g,YALI1_A09166p
YALI0A09471g,YALI1_A09190p
YALI0A09515g,YALI1_A09201p
YALI0A09537g,YALI1_A09218p
YALI0A09559g,YALI1_A09325p
YALI0A09592g,YALI1_A09372p
YALI0A09614g,YALI1_A09397p
YALI0A09636g,YALI1_A09408p
YALI0A09658g,YALI1_A09422p
,YALI1_A09442p
YALI0A09680g,YALI1_A09444p
YALI0A09702g,YALI1_A09467p
YALI0A09724g,YALI1_A09522p
YALI0A09746g,YALI1_A09524p
YALI0A09768g,YALI1_A09553p
YALI0A09790g,YALI1_A09576p
YALI0A09812g,YALI1_A09593p
YALI0A09834g,YALI1_A09626p
YALI0A09845g,YALI1_A09638p
,YALI1_A09654p
YALI0A09856g,YALI1_A09694p
YALI0A09878g,YALI1_A09741p
YALI0A09900g,YALI1_A09766p
,YALI1_A09776p
,YALI1_A09787p
,YALI1_A09789p
YALI0A09922g,YALI1_A09798p
YALI0A09933g,YALI1_A09822p
YALI0A09951s,YALI1_A09835p
,YALI1_A09852p
YALI0A09988g,YALI1_A09856p
YALI0A10010g,YALI1_A09893p
YALI0A10032g,YALI1_A09911p
YALI0A10054t,YALI1_A09919t
YALI0A10076g,YALI1_A09939p
YALI0A10098g,YALI1_A09949p
YALI0A10120g,YALI1_A09996p
YALI0A10142g,YALI1_A10015p
YALI0A10164g,YALI1_A10022p
YALI0A10186g,YALI1_A10039p
YALI0A10208g,YALI1_A10072p
YALI0A10230g,YALI1_A10105p
YALI0A10252g,YALI1_A10143p
YALI0A10274g,YALI1_A10146p
YALI0A10296g,YALI1_A10199p
YALI0A10310g,YALI1_A10254p
YALI0A10318g,YALI1_A10267p
YALI0A10340r,YALI1_A10309r
YALI0A10362g,YALI1_A10318p
YALI0A10439g,YALI1_A10365p
YALI0A10461g,YALI1_A10397p
,YALI1_A10448p
YALI0A10483g,YALI1_A10468p
,YALI1_A10473p
,YALI1_A10483r
YALI0A10549g,YALI1_A10510p
YALI0A10571g,YALI1_A10529p
YALI0A10593g,YALI1_A10565p
YALI0A10615g,YALI1_A10619p
YALI0A10637g,YALI1_A10672p
YALI0A10659g,YALI1_A10708p
YALI0A10681g,YALI1_A10784p
,YALI1_A10796p
YALI0A10703g,YALI1_A10798p
YALI0A10725g,YALI1_A10827p
YALI0A10747g,YALI1_A10857p
YALI0A10769g,YALI1_A10883p
YALI0A10813g,YALI1_A10907p
YALI0A10835r,YALI1_A10921r
YALI0A10879g,YALI1_A10934p
YALI0A10890r,YALI1_A10943r
YALI0A10901g,YALI1_A10966p
,YALI1_A11010p
YALI0A10945g,YALI1_A11043p
,YALI1_A11068p
YALI0A10967g,YALI1_A11079p
YALI0A10989g,YALI1_A11114p
YALI0A11011g,YALI1_A11141p
YALI0A11022g,YALI1_A11154p
,YALI1_A11165p
YALI0A11033r,YALI1_A11178r
YALI0A11077g,YALI1_A11182p
YALI0A11099g,YALI1_A11218p
YALI0A11121g,YALI1_A11231p
YALI0A11143g,YALI1_A11258p
YALI0A11157g,YALI1_A11270p
,YALI1_A11293p
,YALI1_A11303p
YALI0A11198g,YALI1_A11341p
,YALI1_A11345p
YALI0A11220g,YALI1_A11355p
YALI0A11242r,YALI1_A11357r
YALI0A11286g,YALI1_A11377p
YALI0A11363r,YALI1_A11394r
YALI0A11407g,YALI1_A11415p
YALI0A11429r,YALI1_A11418r
YALI0A11473g,YALI1_A11439p
YALI0A11495r,YALI1_A11481r
YALI0A11517g,YALI1_A11500p
YALI0A11539g,YALI1_A11506p
YALI0A11550g,YALI1_A11557p
,YALI1_A11568p
,YALI1_A11588p
YALI0A11561g,YALI1_A11612p
,YALI1_A11622p
,YALI1_A11643p
YALI0A11605g,YALI1_A11654p
YALI0A11627g,YALI1_A11676p
YALI0A11638g,YALI1_A11698p
,YALI1_A11723p
,YALI1_A11745p
YALI0A11649g,YALI1_A11797p
,YALI1_A11821p
,YALI1_A11833p
YALI0A11671g,YALI1_A11854p
,YALI1_A11876p
YALI0A11693r,YALI1_A11880r
YALI0A11737g,YALI1_A11905p
YALI0A11759g,YALI1_A11954p
YALI0A07249g:2,YALI1_A11966t
,YALI1_A11988t
YALI0A11781g,YALI1_A12037p
YALI0A11803g,YALI1_A12067p
YALI0A11847g,YALI1_A12085p
YALI0A11869g,YALI1_A12099p
,YALI1_A12138p
YALI0A11891g,YALI1_A12152p
YALI0A11935g,YALI1_A12167p
YALI0A11957r,YALI1_A12177r
YALI0A12001g,YALI1_A12225p
YALI0A12023g,YALI1_A12245p
YALI0A12045g,YALI1_A12284p
,YALI1_A12294p
YALI0A12067g,YALI1_A12302p
YALI0A12111g,YALI1_A12356p
YALI0A12133g,YALI1_A12403p
YALI0A12155g,YALI1_A12411p
YALI0A12177g,YALI1_A12437p
YALI0A12199g,YALI1_A12445p
YALI0A12221g,YALI1_A12465p
YALI0A12243g,YALI1_A12475p
YALI0A12265g,YALI1_A12492p
YALI0A12287g,YALI1_A12502p
YALI0A12309r,YALI1_A12530r
YALI0A12353g,YALI1_A12540p
YALI0A12375r,YALI1_A12597r
YALI0A12419g,YALI1_A12601p
YALI0A12441g,YALI1_A12617p
YALI0A12452r,YALI1_A12629r
YALI0A12463r,YALI1_A12630r
YALI0A12507g,YALI1_A12638p
YALI0A12529r,YALI1_A12676r
YALI0A12573g,YALI1_A12688p
,YALI1_A12726t
YALI0A12617g,YALI1_A12729p
YALI0A12639r,YALI1_A12754r
YALI0A12683g,YALI1_A12756p
YALI0A12705g,YALI1_A12772p
YALI0A12727r,YALI1_A12812r
,YALI1_A12822p
YALI0A12771r,YALI1_A12836r
YALI0A12782r,YALI1_A12837r
YALI0A12793r,YALI1_A12846r
YALI0A12815g,YALI1_A12852p
YALI0A12837g,YALI1_A12868p
YALI0A12859r,YALI1_A12874r
YALI0A12925g,YALI1_A12929p
YALI0A12947r,YALI1_A12944r
YALI0A12969g,YALI1_A12989p
YALI0A12991r,YALI1_A12995r
YALI0A13002r,YALI1_A12996r
,YALI1_A13007p
YALI0A13013g,YALI1_A13019p
YALI0A13035g,YALI1_A13041p
YALI0A13057g,YALI1_A13046p
YALI0A13079g,YALI1_A13095p
YALI0A13101g,YALI1_A13100p
YALI0A13123r,YALI1_A13128r
,YALI1_A13131p
,YALI1_A13148p
YALI0A13189r,YALI1_A13171r
,YALI1_A13200p
,YALI1_A13224p
,YALI1_A13227p
,YALI1_A13236p
YALI0A13255g,YALI1_A13287p
,YALI1_A13330p
,YALI1_A13334p
,YALI1_A13340p
YALI0A13277g,YALI1_A13349p
YALI0A13299g,YALI1_A13383p
,YALI1_A13392p
,YALI1_A13397p
YALI0A13321g,YALI1_A13412p
YALI0A13343r,YALI1_A13432r
YALI0A13387g,YALI1_A13454p
YALI0A13409r,YALI1_A13490r
YALI0A13431r,YALI1_A13497r
YALI0A13453r,YALI1_A13498r
YALI0A13497g,YALI1_A13508p
YALI0A13519g,YALI1_A13555p
YALI0A13541g,YALI1_A13566p
,YALI1_A13591p
,YALI1_A13593p
YALI0A13563g,YALI1_A13596p
,YALI1_A13637p
YALI0A13585g,YALI1_A13649p
YALI0A13607g,YALI1_A13682p
YALI0A13629r,YALI1_A13688r
,YALI1_A13689r
,YALI1_A13693r
YALI0A13673g,YALI1_A13713p
,YALI1_A13737p
,YALI1_A13749p
,YALI1_A13775p
,YALI1_A13785p
YALI0A13717r,YALI1_A13831r
YALI0A13761r,YALI1_A13837r
YALI0A13805r,YALI1_A13841r
YALI0A13849g,YALI1_A13845p
YALI0A13871r,YALI1_A13862r
YALI0A13915g,YALI1_A13871p
YALI0A13937g,YALI1_A13877p
,YALI1_A13884r
YALI0A13959r,YALI1_A13885r
YALI0A14003r,YALI1_A13888r
,YALI1_A13903p
YALI0A14025r,YALI1_A13923r
YALI0A14069g,YALI1_A13962p
YALI0A14091r,YALI1_A13973r
YALI0A14113r,YALI1_A13982r
YALI0A14157g,YALI1_A13994p
YALI0A14168r,YALI1_A13996r
,YALI1_A14020p
YALI0A14212g,YALI1_A14024p
YALI0A14234g,YALI1_A14079p
YALI0A14256g,YALI1_A14099p
,YALI1_A14109p
YALI0A14278r,YALI1_A14118r
,YALI1_A14127p
,YALI1_A14131p
,YALI1_A14141p
,YALI1_A14150p
YALI0A14322g,YALI1_A14162p
YALI0A14344r,YALI1_A14171r
YALI0A14366g,YALI1_A14189p
YALI0A14388g,YALI1_A14199p
YALI0A14410r,YALI1_A14215r
YALI0A14454g,YALI1_A14228p
,YALI1_A14237p
YALI0A14476g,YALI1_A14259p
,YALI1_A14274p
YALI0A14498g,YALI1_A14287p
,YALI1_A14292p
YALI0A14520g,YALI1_A14305p
YALI0A14542g,YALI1_A14345p
YALI0A14564g,YALI1_A14368p
,YALI1_A14377p
YALI0A14586g,YALI1_A14390p
,YALI1_A14414p
,YALI1_A14430p
,YALI1_A14458p
,YALI1_A14483p
,YALI1_A14510p
YALI0A14608g,YALI1_A14513p
YALI0A14630g,YALI1_A14568p
YALI0A14652r,YALI1_A14586r
YALI0A14674g,YALI1_A14596p
YALI0A14707g,YALI1_A14658p
YALI0A14740g,YALI1_A14670p
,YALI1_A14691p
YALI0A14762g,YALI1_A14703p
YALI0A14784g,YALI1_A14721p
YALI0A14806g,YALI1_A14736p
,YALI1_A14772p
YALI0A14839g,YALI1_A14783p
YALI0A14861g,YALI1_A14826p
YALI0A14883g,YALI1_A14882p
YALI0A14894r,YALI1_A14905r
YALI0A14905g,YALI1_A14922p
YALI0A14927g,YALI1_A14989p
YALI0A14949g,YALI1_A14999p
YALI0A14971g,YALI1_A15017t
YALI0A14971g,YALI1_A15040t
YALI0A15026g,YALI1_A15045p
YALI0A15026g,YALI1_A15053p
YALI0A15059g,YALI1_A15073p
YALI0A15081g,YALI1_A15079p
YALI0A15103g,YALI1_A15105p
YALI0A15125g,YALI1_A15132p
,YALI1_A15172p
,YALI1_A15178p
,YALI1_A15185p
,YALI1_A15192p
YALI0A15147g,YALI1_A15227p
YALI0A15169g,YALI1_A15274p
YALI0A15191r,YALI1_A15297r
,YALI1_A15302r
YALI0A15213r,YALI1_A15303r
,YALI1_A15311p
YALI0A15257g,YALI1_A15349p
,YALI1_A15366p
,YALI1_A15373p
YALI0A15279r,YALI1_A15382r
YALI0A15323r,YALI1_A15391r
YALI0A15334r,YALI1_A15397r
YALI0A15345g,YALI1_A15414p
,YALI1_A15437p
YALI0A15378g,YALI1_A15461p
YALI0A15400g,YALI1_A15482p
YALI0A15422g,YALI1_A15497p
YALI0A15433g,YALI1_A15507p
YALI0A15444g,YALI1_A15515p
,YALI1_A15523p
YALI0A15466g,YALI1_A15528p
YALI0A15488g,YALI1_A15544p
YALI0A15510r,YALI1_A15564r
YALI0A15554g,YALI1_A15584p
YALI0A15576g,YALI1_A15624p
,YALI1_A15633p
YALI0A15598g,YALI1_A15666p
YALI0A15642g,YALI1_A15675p
YALI0A15664r,YALI1_A15682r
YALI0A15686g,YALI1_A15720p
YALI0A15708g,YALI1_A15722p
YALI0A15730r,YALI1_A15740r
YALI0A15752g,YALI1_A15766p
YALI0A15774g,YALI1_A15784p
,YALI1_A15813p
YALI0A15818r,YALI1_A15835r
YALI0A15862r,YALI1_A15843r
YALI0A15884g,YALI1_A15846p
YALI0A15928r,YALI1_A15875r
YALI0A15906g,YALI1_A15863p
YALI0A15950g,YALI1_A15879p
YALI0A15972g,YALI1_A15925p
YALI0A15994r,YALI1_A15953r
YALI0A16016g,YALI1_A15961p
YALI0A16038g,YALI1_A15978p
YALI0A16060g,YALI1_A16004p
,YALI1_A16020p
YALI0A16082g,YALI1_A16028p
,YALI1_A16031p
YALI0A16104r,YALI1_A16050r
YALI0A16126r,YALI1_A16068r
YALI0A16148g,YALI1_A16075p
YALI0A16170g,YALI1_A16095p
YALI0A16214g,YALI1_A16121p
,YALI1_A16136p
,YALI1_A16145p
,YALI1_A16178p
YALI0A16291g,YALI1_A16215p
,YALI1_A16230p
YALI0A16313g,YALI1_A16264p
YALI0A16335r,YALI1_A16274r
YALI0A16379g,YALI1_A16292p
,YALI1_A16303p
,YALI1_A16314p
YALI0A16401g,YALI1_A16335p
YALI0A16423g,YALI1_A16392p
YALI0A16445g,YALI1_A16422p
YALI0A16467g,YALI1_A16461p
YALI0A16489g,YALI1_A16466p
YALI0A16511g,YALI1_A16485p
,YALI1_A16496p
YALI0A16566g,YALI1_A16501p
YALI0A16588g,YALI1_A16509p
YALI0A16599r,YALI1_A16583r
,YALI1_A16593p
YALI0A16610g,YALI1_A16618p
YALI0A16632r,YALI1_A16628r
YALI0A16676r,YALI1_A16633r
YALI0A16698g,YALI1_A16642p
YALI0A16720g,YALI1_A16681p
,YALI1_A16698p
YALI0A16753g,YALI1_A16712p
YALI0A16775g,YALI1_A16745p
YALI0A16797g,YALI1_A16770p
YALI0A16819g,YALI1_A16787p
,YALI1_A16808p
,YALI1_A16809p
,YALI1_A16826p
,YALI1_A16832p
,YALI1_A16843p
,YALI1_A16863p
YALI0A16841g,YALI1_A16891p
,YALI1_A16918p
,YALI1_A16938p
,YALI1_A16944p
,YALI1_A16950p
,YALI1_A16952p
YALI0A16863g,YALI1_A16988p
,YALI1_A16991p
YALI0A16868g,YALI1_A16999p
YALI0A16907r,YALI1_A17008r
YALI0A16951r,YALI1_A17035r
YALI0A16973r,YALI1_A17037r
YALI0A17020g,YALI1_A17085p
,YALI1_A17103p
YALI0A17039g,YALI1_A17118p
YALI0A17061g,YALI1_A17123p
YALI0A17083r,YALI1_A17126r
YALI0A17127g,YALI1_A17177p
YALI0A17149g,YALI1_A17234p
,YALI1_A17239p
YALI0A17171g,YALI1_A17289p
,YALI1_A17320p
YALI0A17193g,YALI1_A17328p
YALI0A17215g,YALI1_A17348p
YALI0A17237g,YALI1_A17383p
YALI0A17259g,YALI1_A17401p
YALI0A17281g,YALI1_A17419p
YALI0A17292g,YALI1_A17433p
YALI0A17314g,YALI1_A17450p
YALI0A17336g,YALI1_A17470p
YALI0A17358g,YALI1_A17486p
YALI0A17380g,YALI1_A17511p
YALI0A17402r,YALI1_A17512r
YALI0A17424g,YALI1_A17515p
YALI0A17446g,YALI1_A17546p
,YALI1_A17551p
YALI0A17468g,YALI1_A17570p
YALI0A17490g,YALI1_A17583p
YALI0A17512g,YALI1_A17622p
YALI0A17534g,YALI1_A17640p
YALI0A17556g,YALI1_A17651p
YALI0A17578g,YALI1_A17671p
YALI0A17600g,YALI1_A17720p
,YALI1_A17724p
YALI0A17622r,YALI1_A17732r
YALI0A17666g,YALI1_A17749p
YALI0A17688r,YALI1_A17766r
YALI0A17710r,YALI1_A17781r
YALI0A17754r,YALI1_A17788r
YALI0A17776g,YALI1_A17824p
,YALI1_A17876t
YALI0A17809g,YALI1_A17927p
YALI0A17831g,YALI1_A17957p
,YALI1_A17983p
YALI0A17853g,YALI1_A18010p
YALI0A17853g,YALI1_A18036p
YALI0A17875g,YALI1_A18062p
YALI0A17897g,YALI1_A18076p
YALI0A17919g,YALI1_A18133p
,YALI1_A18156p
YALI0A17941g,YALI1_A18166p
YALI0A17946g,YALI1_A18188p
,YALI1_A18196p
,YALI1_A18204p
,YALI1_A18225r
YALI0A17963g,YALI1_A18219p
YALI0A17985g,YALI1_A18273p
YALI0A18007g,YALI1_A18286p
YALI0A18029g,YALI1_A18315p
YALI0A18062g,YALI1_A18344p
,YALI1_A18374r
,YALI1_A18375r
YALI0A18073r,YALI1_A18377r
YALI0A18084r,YALI1_A18378r
YALI0A18139g,YALI1_A18414p
,YALI1_A18426p
YALI0A18161g,YALI1_A18439p
,YALI1_A18443p
,YALI1_A18451p
,YALI1_A18463p
,YALI1_A18466p
,YALI1_A18470p
,YALI1_A18489p
YALI0A18183g,YALI1_A18514p
YALI0A18205g,YALI1_A18557p
,YALI1_A18590p
,YALI1_A18605p
YALI0A18227g,YALI1_A18622p
YALI0A18249g,YALI1_A18660p
,YALI1_A18671p
,YALI1_A18675p
,YALI1_A18692p
,YALI1_A18719p
,YALI1_A18728p
,YALI1_A18732p
YALI0A18271g,YALI1_A18752p
YALI0A18293g,YALI1_A18805p
YALI0A18315g,YALI1_A18817p
YALI0A18337g,YALI1_A18847p
YALI0A18359g,YALI1_A18897p
YALI0A18381g,YALI1_A18915p
,YALI1_A19010p
YALI0A18403g,YALI1_A19025p
YALI0A18425g,YALI1_A19070p
,YALI1_A19089p
,YALI1_A19096p
,YALI1_A19123p
YALI0A18447g,YALI1_A19152p
,YALI1_A19195p
YALI0A18469g,YALI1_A19214p
YALI0A18469g,YALI1_A19220p
,YALI1_A19249p
YALI0A18524g,YALI1_A19398p
YALI0A18546g,YALI1_A19419p
YALI0A18568g,YALI1_A19428p
,YALI1_A19441p
YALI0A18590g,YALI1_A19459p
YALI0A18612g,YALI1_A19483p
YALI0A18634g,YALI1_A19515p
YALI0A18656g,YALI1_A19526p
YALI0A18678g,YALI1_A19549p
YALI0A18700g,YALI1_A19563p
YALI0A18722g,YALI1_A19595p
YALI0A18744g,YALI1_A19650p
YALI0A18744g,YALI1_A19675p
YALI0A18766g,YALI1_A19725p
YALI0A18788g,YALI1_A19731p
YALI0A18810g,YALI1_A19759p
YALI0A18832g,YALI1_A19795p
,YALI1_A19798p
YALI0A18854r,YALI1_A19821r
YALI0A18898g,YALI1_A19829p
YALI0A18920g,YALI1_A19862p
YALI0A18942g,YALI1_A19885p
YALI0A18964g,YALI1_A19898p
YALI0A18986g,YALI1_A19924p
YALI0A19008g,YALI1_A19965p
YALI0A19030g,YALI1_A19974p
YALI0A19052g,YALI1_A19989p
YALI0A19074g,YALI1_A20063p
YALI0A19096g,YALI1_A20089p
YALI0A19118g,YALI1_A20113p
YALI0A19140g,YALI1_A20129p
YALI0A19162g,YALI1_A20131p
YALI0A19184g,YALI1_A20149p
YALI0A19206g,YALI1_A20176p
YALI0A19228g,YALI1_A20201p
YALI0A19250g,YALI1_A20221p
YALI0A19272g,YALI1_A20229p
,YALI1_A20242p
YALI0A19316g,YALI1_A20247p
YALI0A19338g,YALI1_A20258p
YALI0A19360g,YALI1_A20283p
YALI0A19404g,YALI1_A20320p
YALI0A19404g,YALI1_A20353p
YALI0A19426g,YALI1_A20370p
YALI0A19448g,YALI1_A20398p
YALI0A19470g,YALI1_A20408p
YALI0A19492g,YALI1_A20441p
YALI0A19514g,YALI1_A20453p
YALI0A19536g,YALI1_A20484p
YALI0A19558g,YALI1_A20528p
YALI0A19580g,YALI1_A20558p
YALI0A19602g,YALI1_A20602p
YALI0A19624g,YALI1_A20611p
YALI0A19646g,YALI1_A20631p
YALI0A19668g,YALI1_A20685p
YALI0A19690g,YALI1_A20739p
,YALI1_A20760p
YALI0A19712g,YALI1_A20793p
YALI0A19734g,YALI1_A20822p
,YALI1_A20839p
YALI0A19756g,YALI1_A20849p
YALI0A19778g,YALI1_A20855p
YALI0A19800g,YALI1_A20884p
YALI0A19822g,YALI1_A20902p
YALI0A19844g,YALI1_A20937p
YALI0A19866g,YALI1_A20965p
YALI0A19888g,YALI1_A20995p
YALI0A19910g,YALI1_A21000p
,YALI1_A21012p
YALI0A19932g,YALI1_A21021p
YALI0A19954g,YALI1_A21040p
YALI0A19976g,YALI1_A21043p
YALI0A19998g,YALI1_A21057p
YALI0A20020g,YALI1_A21089p
YALI0A20064g,YALI1_A21106p
YALI0A20086g,YALI1_A21120p
YALI0A20108g,YALI1_A21156p
YALI0A20130g,YALI1_A21175p
YALI0A20152g,YALI1_A21203p
YALI0A20174g,YALI1_A21236p
YALI0A20207g,YALI1_A21265p
YALI0A20229r,YALI1_A21277r
YALI0A20273g,YALI1_A21283p
YALI0A20295g,YALI1_A21311p
YALI0A20328g,YALI1_A21345p
YALI0A20350g,YALI1_A21372p
YALI0A20372g,YALI1_A21409p
YALI0A20394g,YALI1_A21420p
YALI0A20416g,YALI1_A21449p
YALI0A20438g,YALI1_A21477p
YALI0A20460g,YALI1_A21499p
YALI0A20482g,YALI1_A21509p
YALI0A20504g,YALI1_A21550p
YALI0A20518g,YALI1_A21554p
YALI0A20526g,YALI1_A21565p
YALI0A20548g,YALI1_A21594p
YALI0A20570g,YALI1_A21617p
YALI0A20592g,YALI1_A21620p
YALI0A20614g,YALI1_A21630p
YALI0A20636g,YALI1_A21654p
YALI0A20658g,YALI1_A21696p
YALI0A20680g,YALI1_A21711p
YALI0A20702g,YALI1_A21720p
,YALI1_A21740p
YALI0A20724g,YALI1_A21746p
YALI0A20746g,YALI1_A21775p
YALI0A20768g,YALI1_A21797p
YALI0A20790g,YALI1_A21835p
YALI0A20790g,YALI1_A21841p
,YALI1_A21852p
YALI0A20812g,YALI1_A21871p
YALI0A20834g,YALI1_A21913p
YALI0A20867g,YALI1_A21919p
YALI0A20900g,YALI1_A21945p
YALI0A20922g,YALI1_A21970p
YALI0A20944g,YALI1_A21993p
YALI0A20966g,YALI1_A22008p
YALI0A20988g,YALI1_A22023p
YALI0A21010g,YALI1_A22027p
YALI0A21032g,YALI1_A22043p
YALI0A21076g,YALI1_A22073p
YALI0A21098g,YALI1_A22093p
YALI0A21120g,YALI1_A22105p
YALI0A21131g,YALI1_A22111p
YALI0A21153g,YALI1_A22129p
YALI0A21175g,YALI1_A22137p
YALI0A21197g,YALI1_A22157p
YALI0A21241g,YALI1_A22192p
YALI0A21263g,YALI1_A22228p
YALI0A21285g,YALI1_A22236p
YALI0A21307g,YALI1_A22275p
YALI0A21330g,YALI1_A22330p
YALI0A21351g,YALI1_A22369p
YALI0A21373g,YALI1_A22393p
YALI0A21395g,YALI1_A22415p
YALI0A21417g,YALI1_A22440p
YALI0A21439g,YALI1_A22454p
YALI0A21461g,YALI1_A22496p
,YALI1_A22497p
,YALI1_A22539p
,YALI1_A22551p
,YALI1_B00037p
YALI0B00110g,YALI1_B00049p
YALI0B00132g,YALI1_B00082p
,YALI1_B00101p
,YALI1_B00121p
YALI0B00154g,YALI1_B00133p
YALI0B00176r,YALI1_B00165r
YALI0B00198g,YALI1_B00198p
YALI0B00220g,YALI1_B00214p
YALI0B00264g,YALI1_B00242p
YALI0B00286g,YALI1_B00273p
YALI0B00308g,YALI1_B00280p
YALI0B00330r,YALI1_B00297r
YALI0B00352r,YALI1_B00298r
YALI0B00374g,YALI1_B00329p
,YALI1_B00336p
YALI0B00396g,YALI1_B00357p
,YALI1_B00383p
YALI0B00418g,YALI1_B00419p
YALI0B00440g,YALI1_B00429p
YALI0B00462g,YALI1_B00448p
YALI0B00484r,YALI1_B00483r
YALI0B00528g,YALI1_B00525p
YALI0B00550g,YALI1_B00539p
YALI0B00572g,YALI1_B00578p
,YALI1_B00607p
YALI0B00594g,YALI1_B00611p
YALI0B00616g,YALI1_B00675p
,YALI1_B00704p
,YALI1_B00711p
,YALI1_B00719p
,YALI1_B00731p
,YALI1_B00798p
,YALI1_B00819p
YALI0B00814g,YALI1_B00829p
,YALI1_B00858p
YALI0B00792g,YALI1_B00908p
YALI0B00770g,YALI1_B00977p
,YALI1_B01011p
,YALI1_B01014p
YALI0B00748g,YALI1_B01030p
,YALI1_B01060p
,YALI1_B01065p
,YALI1_B01069p
YALI0B00726g,YALI1_B01084p
,YALI1_B01127p
YALI0B00704g,YALI1_B01136p
YALI0B00682g,YALI1_B01223p
,YALI1_B01268p
,YALI1_B01275p
,YALI1_B01281p
,YALI1_B01292p
YALI0B00660g,YALI1_B01317p
YALI0B00638g,YALI1_B01325p
,YALI1_B01334p
,YALI1_B01344p
,YALI1_B01352p
,YALI1_B01357p
YALI0B00836g,YALI1_B01428p
YALI0B00858g,YALI1_B01464p
,YALI1_B01485p
YALI0B00880g,YALI1_B01511p
,YALI1_B01550p
YALI0B00902g,YALI1_B01552p
,YALI1_B01568p
YALI0B00924g,YALI1_B01578p
YALI0B00946g,YALI1_B01628p
YALI0B00968g,YALI1_B01644p
YALI0B00990g,YALI1_B01698p
YALI0B01012g,YALI1_B01711p
,YALI1_B01719p
,YALI1_B01725p
YALI0B01034g,YALI1_B01752p
,YALI1_B01760p
,YALI1_B01771p
YALI0B01056g,YALI1_B01813p
,YALI1_B01822p
,YALI1_B01826p
YALI0B01078g,YALI1_B01839p
YALI0B01100g,YALI1_B01878p
,YALI1_B01889p
,YALI1_B01892p
YALI0B01144g,YALI1_B01903p
,YALI1_B01933p
YALI0B01166g,YALI1_B01962p
YALI0B01188g,YALI1_B02011p
,YALI1_B02021p
,YALI1_B02035p
YALI0B01210g,YALI1_B02047p
,YALI1_B02073p
,YALI1_B02082p
YALI0B01224g,YALI1_B02091p
YALI0B01254g,YALI1_B02149p
,YALI1_B02151p
,YALI1_B02162p
YALI0B01276g,YALI1_B02177p
YALI0B01298g,YALI1_B02194p
YALI0B01320g,YALI1_B02228p
YALI0B01342g,YALI1_B02283p
YALI0B01364g,YALI1_B02345p
YALI0B01386g,YALI1_B02375p
YALI0B01408g,YALI1_B02415p
YALI0B01430g,YALI1_B02430p
YALI0B01452g,YALI1_B02465p
YALI0B01474g,YALI1_B02472p
YALI0B01496r,YALI1_B02482r
YALI0B01540g,YALI1_B02487p
YALI0B01562g,YALI1_B02496p
YALI0B01584g,YALI1_B02506p
YALI0B01606g,YALI1_B02533p
YALI0B01628g,YALI1_B02550p
YALI0B01650g,YALI1_B02604p
YALI0B01672g,YALI1_B02637p
YALI0B01694g,YALI1_B02642p
YALI0B01716g,YALI1_B02672p
YALI0B01738g,YALI1_B02696p
YALI0B01760g,YALI1_B02717p
YALI0B01771g,YALI1_B02733p
YALI0B01782g,YALI1_B02767p
YALI0B01804g,YALI1_B02781p
YALI0B01826g,YALI1_B02806p
YALI0B01848g,YALI1_B02833p
,YALI1_B02850p
YALI0B01870g,YALI1_B02874p
YALI0B01892g,YALI1_B02881p
YALI0B01914g,YALI1_B02910p
YALI0B01936r,YALI1_B02923r
YALI0B01980g,YALI1_B02931p
YALI0B02002g,YALI1_B02991p
YALI0B02024g,YALI1_B03021p
YALI0B02046g,YALI1_B03041p
YALI0B02068g,YALI1_B03043p
YALI0B02090g,YALI1_B03085p
YALI0B02112g,YALI1_B03120p
,YALI1_B03160t
YALI0B02156g,YALI1_B03168p
YALI0B02178g,YALI1_B03198p
YALI0B02200g,YALI1_B03225p
,YALI1_B03244r
,YALI1_B03288p
,YALI1_B03290p
,YALI1_B03299p
YALI0B02222g,YALI1_B03314p
,YALI1_B03324p
YALI0B02244g,YALI1_B03335p
YALI0B02266g,YALI1_B03404p
,YALI1_B03429p
,YALI1_B03516p
,YALI1_B03556p
YALI0B02310g,YALI1_B03610p
YALI0B02332g,YALI1_B03644p
,YALI1_B03673p
YALI0B02354r,YALI1_B03685r
YALI0B02376g,YALI1_B03719p
YALI0B02398g,YALI1_B03761p
YALI0B02409g,YALI1_B03797p
YALI0B02420g,YALI1_B03807p
YALI0B02442g,YALI1_B03832p
YALI0B02464g,YALI1_B03853p
YALI0B02486r,YALI1_B03867r
YALI0B02544g,YALI1_B03910p
YALI0B02552g,YALI1_B03963p
YALI0B02574g,YALI1_B03979p
YALI0B02596g,YALI1_B04007p
YALI0B02618r,YALI1_B04023r
YALI0B02662g,YALI1_B04032p
YALI0B02684g,YALI1_B04068p
YALI0B02706g,YALI1_B04123p
YALI0B02728g,YALI1_B04138p
YALI0B02750g,YALI1_B04200p
YALI0B02772g,YALI1_B04212p
YALI0B02794g,YALI1_B04228p
YALI0B02816g,YALI1_B04248p
YALI0B02838g,YALI1_B04274p
YALI0B02852g,YALI1_B04309p
YALI0B02860g,YALI1_B04321p
YALI0B02882g,YALI1_B04370p
YALI0B02904g,YALI1_B04391p
YALI0B02948g,YALI1_B04433p
YALI0B02970g,YALI1_B04466p
YALI0B02992g,YALI1_B04470p
YALI0B03014g,YALI1_B04497p
YALI0B03036g,YALI1_B04502p
YALI0B03058g,YALI1_B04523p
YALI0B03080g,YALI1_B04540p
YALI0B03102g,YALI1_B04559p
,YALI1_B04577p
,YALI1_B04579p
YALI0B03124g,YALI1_B04589p
YALI0B03146g,YALI1_B04637p
,YALI1_B04663p
,YALI1_B04690p
,YALI1_B04703p
YALI0B03190g,YALI1_B04747p
YALI0B03212g,YALI1_B04753p
YALI0B03234g,YALI1_B04759p
YALI0B03278g,YALI1_B04779p
YALI0B03300g,YALI1_B04781p
YALI0B03322g,YALI1_B04803p
YALI0B03344g,YALI1_B04831p
YALI0B03366g,YALI1_B04853p
YALI0B03388g,YALI1_B04873p
YALI0B03410g,YALI1_B04901p
YALI0B03432r,YALI1_B04910r
YALI0B03476g,YALI1_B04937p
,YALI1_B04947p
YALI0B03498g,YALI1_B04950p
YALI0B03520g,YALI1_B04974p
YALI0B03542g,YALI1_B05005p
YALI0B03564g,YALI1_B05024p
YALI0B03575g,YALI1_B05043p
YALI0B03586r,YALI1_B05053r
YALI0B03630g,YALI1_B05072p
YALI0B03652g,YALI1_B05106p
YALI0B03674r,YALI1_B05123r
YALI0B03718g,YALI1_B05185p
YALI0B03740r,YALI1_B05201r
YALI0B03762g,YALI1_B05226p
YALI0B03784g,YALI1_B05242p
YALI0B03806r,YALI1_B05265r
YALI0B03850g,YALI1_B05282p
YALI0B03872r,YALI1_B05288r
YALI0B03916g,YALI1_B05295p
YALI0B03938g,YALI1_B05313p
YALI0B03960g,YALI1_B05350p
YALI0B03982g,YALI1_B05364p
YALI0B04004g,YALI1_B05404p
YALI0B04026g,YALI1_B05420p
YALI0B04048g,YALI1_B05438p
YALI0B04070g,YALI1_B05454p
YALI0B04092g,YALI1_B05483p
YALI0B04114g,YALI1_B05497p
YALI0B04136g,YALI1_B05520p
YALI0B04158g,YALI1_B05522p
YALI0B04180g,YALI1_B05571p
YALI0B04202g,YALI1_B05609p
,YALI1_B05639p
YALI0B04224g,YALI1_B05646p
YALI0B04246g,YALI1_B05690p
,YALI1_B05698p
YALI0B04268g,YALI1_B05711p
,YALI1_B05730p
YALI0B04290g,YALI1_B05762p
,YALI1_B05782p
YALI0B04312g,YALI1_B05798p
,YALI1_B05830p
YALI0B04334g,YALI1_B05832p
YALI0B04356g,YALI1_B05891p
YALI0B04378g,YALI1_B05947p
,YALI1_B05954p
YALI0B04400g,YALI1_B05964p
YALI0B04422g,YALI1_B05971p
,YALI1_B05984p
YALI0B04444g,YALI1_B05995p
YALI0B04466g,YALI1_B06015p
YALI0B04488g,YALI1_B06028p
,YALI1_B06089p
YALI0B04510g,YALI1_B06110p
,YALI1_B06134p
,YALI1_B06141p
,YALI1_B06146p
,YALI1_B06207p
YALI0B04532g,YALI1_B06245p
YALI0B04554g,YALI1_B06264p
,YALI1_B06270p
YALI0B04598g,YALI1_B06315p
YALI0B04620g,YALI1_B06324p
,YALI1_B06328p
YALI0B04642g,YALI1_B06340p
YALI0B04664r,YALI1_B06398r
YALI0B04686r,YALI1_B06399r
YALI0B04708g,YALI1_B06447p
YALI0B04730r,YALI1_B06469r
YALI0B04752g,YALI1_B06487p
YALI0B04774g,YALI1_B06489p
,YALI1_B06508p
,YALI1_B06514p
,YALI1_B06537p
,YALI1_B06546p
YALI0B04796g,YALI1_B06607p
,YALI1_B06613p
,YALI1_B06620p
,YALI1_B06628p
,YALI1_B06635p
,YALI1_B06640p
,YALI1_B06644p
YALI0B04818r,YALI1_B06692r
YALI0B04840g,YALI1_B06704p
,YALI1_B06726p
YALI0B04851g,YALI1_B06735p
YALI0B04862g,YALI1_B06745p
YALI0B04884g,YALI1_B06776p
YALI0B04906g,YALI1_B06809p
YALI0B04928g,YALI1_B06839p
YALI0B04950g,YALI1_B06847p
YALI0B04972g,YALI1_B06866p
,YALI1_B06885p
YALI0B05016r,YALI1_B06892r
YALI0B05038g,YALI1_B06928p
,YALI1_B06969p
YALI0B05060g,YALI1_B07043p
YALI0B05104g,YALI1_B07076p
YALI0B05126g,YALI1_B07094p
YALI0B05148g,YALI1_B07134p
YALI0B05170g,YALI1_B07162p
YALI0B05192s,YALI1_B07188p
,YALI1_B07203p
YALI0B05214g,YALI1_B07210p
YALI0B05236g,YALI1_B07220p
YALI0B05258g,YALI1_B07271p
YALI0B05280g,YALI1_B07284p
YALI0B05302g,YALI1_B07295p
YALI0B05324t,YALI1_B07318t
YALI0B05346g,YALI1_B07331p
YALI0B05368g,YALI1_B07366p
YALI0B05390g,YALI1_B07374p
YALI0B05412g,YALI1_B07399p
YALI0B05434g,YALI1_B07413p
YALI0B05456g,YALI1_B07444p
YALI0B05478g,YALI1_B07500p
YALI0B05500g,YALI1_B07538p
YALI0B05522g,YALI1_B07549p
YALI0B05544g,YALI1_B07578p
YALI0B05566g,YALI1_B07598p
YALI0B05610g,YALI1_B07652p
YALI0B05632g,YALI1_B07675p
YALI0B05654g,YALI1_B07696p
YALI0B05676g,YALI1_B07735p
YALI0B05698g,YALI1_B07762p
YALI0B05720g,YALI1_B07769p
YALI0B05742g,YALI1_B07786p
YALI0B05764g,YALI1_B07809p
YALI0B05786g,YALI1_B07843p
YALI0B05808g,YALI1_B07852p
YALI0B05830g,YALI1_B07853p
YALI0B05852g,YALI1_B07864p
YALI0B05874g,YALI1_B07915p
YALI0B05896g,YALI1_B07937p
YALI0B05918g,YALI1_B07957p
YALI0B05940g,YALI1_B07983p
YALI0B05962g,YALI1_B08094p
,YALI1_B08102p
YALI0B05984r,YALI1_B08110r
YALI0B06006g,YALI1_B08123p
YALI0B06028g,YALI1_B08134p
YALI0B06050r,YALI1_B08143r
YALI0B06094g,YALI1_B08156p
YALI0B06105g,YALI1_B08186p
YALI0B06116g,YALI1_B08193p
,YALI1_B08207p
,YALI1_B08214p
YALI0B06138g,YALI1_B08247p
YALI0B06160g,YALI1_B08263p
YALI0B06182r,YALI1_B08296r
YALI0B06248g,YALI1_B08321p
,YALI1_B08374p
YALI0B06347g,YALI1_B08401p
YALI0B06369g,YALI1_B08438p
YALI0B06391g,YALI1_B08461p
YALI0B06413g,YALI1_B08493p
YALI0B06490g,YALI1_B08531p
YALI0B06512g,YALI1_B08540p
,YALI1_B08575p
YALI0B06534g,YALI1_B08580p
,YALI1_B08588p
YALI0B06556g,YALI1_B08616p
YALI0B06578g,YALI1_B08627p
YALI0B06600g,YALI1_B08650p
YALI0B06622r,YALI1_B08680r
YALI0B06666g,YALI1_B08699p
YALI0B06688g,YALI1_B08721p
YALI0B06710g,YALI1_B08758p
YALI0B06732g,YALI1_B08783p
YALI0B06754g,YALI1_B08801p
YALI0B06776g,YALI1_B08817p
YALI0B06787g,YALI1_B08831p
YALI0B06809g,YALI1_B08851p
,YALI1_B08868p
YALI0B06831g,YALI1_B08885p
YALI0B06853g,YALI1_B08898p
YALI0B06875g,YALI1_B08975p
YALI0B06897g,YALI1_B08978p
YALI0B06919g,YALI1_B09002p
YALI0B06941g,YALI1_B09025p
YALI0B06963g,YALI1_B09044p
YALI0B06985g,YALI1_B09072p
YALI0B07007g,YALI1_B09090p
YALI0B07029g,YALI1_B09117p
YALI0B07051g,YALI1_B09132p
YALI0B07073g,YALI1_B09144p
YALI0B07095g,YALI1_B09161p
,YALI1_B09181p
YALI0B07117g,YALI1_B09211p
YALI0B07128r,YALI1_B09238r
YALI0B07139r,YALI1_B09239r
YALI0B07161g,YALI1_B09258p
YALI0B07183g,YALI1_B09266p
YALI0B07205g,YALI1_B09279p
YALI0B07227g,YALI1_B09299p
YALI0B07249g,YALI1_B09310p
,YALI1_B09316p
YALI0B07271g,YALI1_B09320p
YALI0B07293g,YALI1_B09333p
YALI0B07315r,YALI1_B09340r
YALI0B07359g,YALI1_B09367p
,YALI1_B09426p
YALI0B07381g,YALI1_B09448p
,YALI1_B09476p
YALI0B07403g,YALI1_B09497p
,YALI1_B09518p
YALI0B07425g,YALI1_B09568p
,YALI1_B09580p
,YALI1_B09591p
YALI0B07447g,YALI1_B09592p
YALI0B07469r,YALI1_B09672r
YALI0B07513g,YALI1_B09708p
YALI0B07535g,YALI1_B09807p
YALI0B07557g,YALI1_B09837p
,YALI1_B09871p
YALI0B07579g,YALI1_B09894p
,YALI1_B09929p
,YALI1_B09931p
,YALI1_B09957p
YALI0B07601g,YALI1_B09993p
,YALI1_B09994p
YALI0B07623g,YALI1_B10032p
YALI0B07645g,YALI1_B10094p
,YALI1_B10119p
YALI0B07667g,YALI1_B10130p
YALI0B07689g,YALI1_B10145p
,YALI1_B10170p
YALI0B07711g,YALI1_B10182p
,YALI1_B10185p
YALI0B07733g,YALI1_B10208p
YALI0B07755g,YALI1_B10231p
YALI0B07777g,YALI1_B10263p
YALI0B07876g,YALI1_B10288p
YALI0B07898g,YALI1_B10359p
YALI0B07920g,YALI1_B10411p
YALI0B07942g,YALI1_B10424p
YALI0B07942g,YALI1_B10437p
YALI0B08008g,YALI1_B10449p
YALI0B08030g,YALI1_B10463p
YALI0B08052g,YALI1_B10525p
YALI0B08074g,YALI1_B10552p
YALI0B08096g,YALI1_B10582p
YALI0B08118g,YALI1_B10607p
YALI0B08140g,YALI1_B10635p
YALI0B08162g,YALI1_B10751p
,YALI1_B10757p
,YALI1_B10762p
,YALI1_B10773p
,YALI1_B10780p
,YALI1_B10782p
YALI0B08184g,YALI1_B10813p
YALI0B08206g,YALI1_B10891p
,YALI1_B10933p
,YALI1_B10943p
YALI0B08228g,YALI1_B10990p
,YALI1_B11034p
YALI0B08250g,YALI1_B11083p
,YALI1_B11111p
,YALI1_B11120p
YALI0B08272g,YALI1_B11131p
YALI0B08294g,YALI1_B11167p
YALI0B08316g,YALI1_B11183p
YALI0B08338g,YALI1_B11200p
YALI0B08349r,YALI1_B11359r
YALI0B08360g,YALI1_B11388p
YALI0B08382g,YALI1_B11398p
YALI0B08404g,YALI1_B11402p
YALI0B08426g,YALI1_B11415p
YALI0B08448g,YALI1_B11448p
YALI0B08470g,YALI1_B11484p
YALI0B08492g,YALI1_B11495p
YALI0B08514g,YALI1_B11519p
YALI0B08536g,YALI1_B11532p
,YALI1_B11577p
,YALI1_B11588p
,YALI1_B11593p
YALI0B08558g,YALI1_B11607p
,YALI1_B11625p
YALI0B08580r,YALI1_B11639r
YALI0B08624g,YALI1_B11648p
YALI0B08646r,YALI1_B11666r
YALI0B08690g,YALI1_B11681p
YALI0B08712g,YALI1_B11715p
,YALI1_B11719p
,YALI1_B11729p
YALI0B08734g,YALI1_B11759p
,YALI1_B11781p
YALI0B08748g,YALI1_B11788p
YALI0B08756g,YALI1_B11794p
YALI0B08778g,YALI1_B11853p
YALI0B08800g,YALI1_B11878p
YALI0B08844g,YALI1_B11916p
YALI0B08866g,YALI1_B11934p
YALI0B08899g,YALI1_B11960p
,YALI1_B11978p
YALI0B08921g,YALI1_B11983p
YALI0B08943g,YALI1_B12010p
YALI0B08965g,YALI1_B12042p
YALI0B08987g,YALI1_B12057p
YALI0B09009g,YALI1_B12101p
,YALI1_B12150p
YALI0B09031g,YALI1_B12154p
YALI0B09053g,YALI1_B12195p
YALI0B09075g,YALI1_B12204p
YALI0B09097r,YALI1_B12221r
YALI0B09108r,YALI1_B12227r
YALI0B09119g,YALI1_B12243p
YALI0B09141g,YALI1_B12267p
YALI0B09163g,YALI1_B12295p
YALI0B09185r,YALI1_B12320r
,YALI1_B12313p
YALI0B09229g,YALI1_B12337p
YALI0B09251g,YALI1_B12375p
,YALI1_B12384p
YALI0B09273g,YALI1_B12409p
YALI0B09295g,YALI1_B12427p
YALI0B09317g,YALI1_B12443p
YALI0B09339g,YALI1_B12451p
YALI0B09361g,YALI1_B12489p
YALI0B09383g,YALI1_B12529p
YALI0B09405r,YALI1_B12630r
YALI0B09427g,YALI1_B12633p
YALI0B09449g,YALI1_B12677p
YALI0B09471g,YALI1_B12691p
YALI0B09493g,YALI1_B12714p
YALI0B09515g,YALI1_B12742p
YALI0B09537g,YALI1_B12781p
YALI0B09559g,YALI1_B12847p
YALI0B09581g,YALI1_B12874p
YALI0B09603g,YALI1_B12917p
YALI0B09625g,YALI1_B12966p
,YALI1_B12970p
YALI0B09647g,YALI1_B12993p
YALI0B09669g,YALI1_B13041p
YALI0B09691t,YALI1_B13057t
YALI0B09713g,YALI1_B13069p
YALI0B09735g,YALI1_B13112p
YALI0B09757g,YALI1_B13122p
YALI0B09779g,YALI1_B13137p
YALI0B09801r,YALI1_B13148r
YALI0B09812g,YALI1_B13150p
YALI0B09845g,YALI1_B13179p
YALI0B09867g,YALI1_B13259p
YALI0B09889g,YALI1_B13290p
YALI0B09911r,YALI1_B13307r
YALI0B09955g,YALI1_B13328p
YALI0B09977g,YALI1_B13355p
YALI0B09984r,YALI1_B13388r
,YALI1_B13401p
,YALI1_B13411p
YALI0B09991g,YALI1_B13439p
YALI0B09999g,YALI1_B13483p
YALI0B10021g,YALI1_B13536p
YALI0B10043g,YALI1_B13556p
YALI0B10065g,YALI1_B13586p
YALI0B10087g,YALI1_B13614p
YALI0B10109g,YALI1_B13641p
YALI0B10131g,YALI1_B13662p
YALI0B10153g,YALI1_B13699p
YALI0B10175g,YALI1_B13723p
YALI0B10197g,YALI1_B13737p
YALI0B10219g,YALI1_B13800p
YALI0B10241g,YALI1_B13828p
YALI0B10263g,YALI1_B13886p
YALI0B10274g,YALI1_B13888p
YALI0B10296g,YALI1_B13915p
YALI0B10318g,YALI1_B13917p
YALI0B10340g,YALI1_B13948p
YALI0B10362g,YALI1_B13973p
YALI0B10384g,YALI1_B14013p
YALI0B10406g,YALI1_B14044p
YALI0B10428g,YALI1_B14064p
YALI0B10450g,YALI1_B14121p
YALI0B10472g,YALI1_B14147p
YALI0B10494g,YALI1_B14150p
YALI0B10516g,YALI1_B14187p
YALI0B10538g,YALI1_B14194p
YALI0B10560g,YALI1_B14236p
YALI0B10582g,YALI1_B14238p
YALI0B10604g,YALI1_B14268p
YALI0B10626g,YALI1_B14292p
,YALI1_B14308p
YALI0B10648r,YALI1_B14324r
YALI0B10692g,YALI1_B14325p
YALI0B10714g,YALI1_B14355p
YALI0B10736g,YALI1_B14382p
YALI0B10758g,YALI1_B14418p
YALI0B10780g,YALI1_B14441p
YALI0B10802g,YALI1_B14492p
,YALI1_B14510p
YALI0B10824g,YALI1_B14517p
YALI0B10846g,YALI1_B14544p
YALI0B10868r,YALI1_B14569r
YALI0B10890g,YALI1_B14573p
YALI0B10912g,YALI1_B14600p
YALI0B10934g,YALI1_B14615p
YALI0B10956g,YALI1_B14645p
YALI0B10978g,YALI1_B14658p
YALI0B11000g,YALI1_B14680p
YALI0B11022g,YALI1_B14686p
YALI0B11044g,YALI1_B14733p
YALI0B11066g,YALI1_B14752p
YALI0B11088g,YALI1_B14793p
YALI0B11110r,YALI1_B14801r
YALI0B11132g,YALI1_B14804p
YALI0B11154g,YALI1_B14826p
YALI0B11176g,YALI1_B14844p
YALI0B11220g,YALI1_B14882p
YALI0B11242g,YALI1_B14924p
YALI0B11264g,YALI1_B14948p
,YALI1_B14959p
YALI0B11286g,YALI1_B14978p
YALI0B11308g,YALI1_B14993p
YALI0B11330g,YALI1_B15015p
,YALI1_B15036p
YALI0B11352g,YALI1_B15072p
YALI0B11374g,YALI1_B15092p
YALI0B11396g,YALI1_B15109p
YALI0B11418g,YALI1_B15151p
YALI0B11440g,YALI1_B15180p
YALI0B11462g,YALI1_B15192p
YALI0B11484g,YALI1_B15237p
YALI0B11506g,YALI1_B15275p
,YALI1_B15301p
YALI0B11528g,YALI1_B15307p
YALI0B11550g,YALI1_B15310p
YALI0B11572g,YALI1_B15346p
YALI0B11594g,YALI1_B15380p
YALI0B11616g,YALI1_B15420p
YALI0B11616g,YALI1_B15440p
,YALI1_B15460p
YALI0B11660g,YALI1_B15475p
YALI0B11682g,YALI1_B15482p
YALI0B11704g,YALI1_B15509p
YALI0B11726g,YALI1_B15521p
YALI0B11748g,YALI1_B15560p
YALI0B11770g,YALI1_B15587p
YALI0B11792g,YALI1_B15592p
YALI0B11814g,YALI1_B15624p
,YALI1_B15626r
YALI0B11836g,YALI1_B15655p
YALI0B11858g,YALI1_B15670p
YALI0B11880g,YALI1_B15692p
,YALI1_B15703p
YALI0B11902g,YALI1_B15706p
YALI0B11913g,YALI1_B15733p
YALI0B11924g,YALI1_B15742p
YALI0B11946g,YALI1_B15792p
YALI0B11968g,YALI1_B15852p
YALI0B11990r,YALI1_B15858r
YALI0B12034g,YALI1_B15887p
YALI0B12056g,YALI1_B15905p
YALI0B12078g,YALI1_B15928p
YALI0B12100g,YALI1_B15943p
YALI0B12122g,YALI1_B15964p
YALI0B12144g,YALI1_B15988p
YALI0B12166g,YALI1_B15996p
YALI0B12188g,YALI1_B16022p
YALI0B12210g,YALI1_B16068p
YALI0B12254g,YALI1_B16087p
YALI0B12276g,YALI1_B16110p
YALI0B12298g,YALI1_B16158p
YALI0B12320g,YALI1_B16194p
YALI0B12342g,YALI1_B16239p
,YALI1_B16255p
YALI0B12364g,YALI1_B16277p
YALI0B12386g,YALI1_B16309p
YALI0B12408g,YALI1_B16318p
YALI0B12430g,YALI1_B16375p
YALI0B12452g,YALI1_B16410p
YALI0B12474g,YALI1_B16419p
YALI0B12496g,YALI1_B16446p
YALI0B12518g,YALI1_B16477p
YALI0B12540g,YALI1_B16504p
YALI0B12562g,YALI1_B16544p
,YALI1_B16566p
,YALI1_B16572p
,YALI1_B16578p
YALI0B12584g,YALI1_B16584p
YALI0B12606g,YALI1_B16645p
YALI0B12628g,YALI1_B16687p
YALI0B12650r,YALI1_B16697r
YALI0B12694g,YALI1_B16705p
YALI0B12694g,YALI1_B16735p
YALI0B12716g,YALI1_B16808p
YALI0B12738g,YALI1_B16863p
YALI0B12760g,YALI1_B16922p
YALI0B12782g,YALI1_B16944p
YALI0B12804g,YALI1_B16968p
YALI0B12826g,YALI1_B16996p
YALI0B12848g,YALI1_B17008p
YALI0B12870g,YALI1_B17039p
YALI0B12892g,YALI1_B17050p
YALI0B12914g,YALI1_B17105p
YALI0B12936g,YALI1_B17112p
YALI0B12958g,YALI1_B17132p
YALI0B12980g,YALI1_B17155p
YALI0B13002t,YALI1_B17214t
,YALI1_B17214p
YALI0B13024r,YALI1_B17228r
YALI0B13035r,YALI1_B17229r
YALI0B13046g,YALI1_B17261p
,YALI1_B17285p
,YALI1_B17292p
,YALI1_B17299t
YALI0B13090g,YALI1_B17363p
YALI0B13112g,YALI1_B17406p
YALI0B13134g,YALI1_B17441p
,YALI1_B17468p
YALI0B13156g,YALI1_B17493p
YALI0B13178g,YALI1_B17518p
YALI0B13200g,YALI1_B17569p
YALI0B13222g,YALI1_B17592p
YALI0B13244r,YALI1_B17624r
YALI0B13288g,YALI1_B17660p
YALI0B13310g,YALI1_B17695p
YALI0B13332g,YALI1_B17724p
YALI0B13354g,YALI1_B17773p
YALI0B13376g,YALI1_B17805p
YALI0B13398g,YALI1_B17838p
,YALI1_B17853p
YALI0B13420g,YALI1_B17871p
YALI0B13442g,YALI1_B17908p
YALI0B13464g,YALI1_B17927p
YALI0B13486g,YALI1_B17964p
YALI0B13508g,YALI1_B17968p
YALI0B13530g,YALI1_B17990p
,YALI1_B17998p
YALI0B13552g,YALI1_B18012p
YALI0B13574r,YALI1_B18036r
YALI0B13618g,YALI1_B18069p
YALI0B13640g,YALI1_B18134p
YALI0B13662g,YALI1_B18190p
YALI0B13684g,YALI1_B18205p
YALI0B13706g,YALI1_B18207p
YALI0B13728g,YALI1_B18236p
YALI0B13750g,YALI1_B18260p
YALI0B13772g,YALI1_B18265p
YALI0B13794g,YALI1_B18292p
YALI0B13816g,YALI1_B18311p
YALI0B13838g,YALI1_B18347p
YALI0B13860g,YALI1_B18368p
,YALI1_B18375p
YALI0B13882g,YALI1_B18384p
,YALI1_B18391p
YALI0B13904g,YALI1_B18451p
YALI0B13926g,YALI1_B18460p
YALI0B13948g,YALI1_B18472p
YALI0B13970g,YALI1_B18499p
YALI0B13992g,YALI1_B18536p
YALI0B14014g,YALI1_B18572p
YALI0B14036g,YALI1_B18607p
YALI0B14058g,YALI1_B18613p
YALI0B14080g,YALI1_B18631p
YALI0B14102g,YALI1_B18645p
YALI0B14124g,YALI1_B18687p
YALI0B14146g,YALI1_B18707p
YALI0B14179g,YALI1_B18727p
YALI0B14201g,YALI1_B18741p
YALI0B14223g,YALI1_B18764p
YALI0B14245g,YALI1_B18798p
YALI0B14267g,YALI1_B18811p
YALI0B14289g,YALI1_B18845p
YALI0B14311g,YALI1_B18854p
YALI0B14333g,YALI1_B18887p
YALI0B14355g,YALI1_B18902p
,YALI1_B18921p
YALI0B14377g,YALI1_B18930p
YALI0B14399g,YALI1_B18955p
YALI0B14421g,YALI1_B18971p
YALI0B14443g,YALI1_B18975p
YALI0B14465g,YALI1_B19021p
YALI0B14487g,YALI1_B19044p
YALI0B14509g,YALI1_B19079p
YALI0B14531g,YALI1_B19107p
YALI0B14553g,YALI1_B19120p
YALI0B14567r,YALI1_B19143r
YALI0B14575g,YALI1_B19153p
YALI0B14597g,YALI1_B19205p
YALI0B14619g,YALI1_B19217p
YALI0B14641g,YALI1_B19276p
YALI0B14663g,YALI1_B19290p
YALI0B14685g,YALI1_B19323p
,YALI1_B19326p
YALI0B14707g,YALI1_B19336p
YALI0B14729g,YALI1_B19348p
YALI0B14751g,YALI1_B19388p
YALI0B14773g,YALI1_B19390p
YALI0B14795g,YALI1_B19429p
,YALI1_B19453p
YALI0B14817g,YALI1_B19485p
YALI0B14839g,YALI1_B19490p
YALI0B14861g,YALI1_B19507p
YALI0B14883g,YALI1_B19520p
YALI0B14905g,YALI1_B19567p
YALI0B14927g,YALI1_B19576p
YALI0B14938r,YALI1_B19587r
YALI0B14949g,YALI1_B19602p
YALI0B14971g,YALI1_B19668p
YALI0B14993g,YALI1_B19713p
YALI0B15015g,YALI1_B19747p
YALI0B15037g,YALI1_B19774p
,YALI1_B19776p
YALI0B15059g,YALI1_B19844p
,YALI1_B19856p
,YALI1_B19877p
YALI0B15081g,YALI1_B19880p
YALI0B15103g,YALI1_B19897p
YALI0B15125g,YALI1_B19932p
YALI0B15147g,YALI1_B19962p
YALI0B15180g,YALI1_B20009p
YALI0B15202g,YALI1_B20043p
YALI0B15224g,YALI1_B20052p
YALI0B15246g,YALI1_B20094p
YALI0B15268g,YALI1_B20108p
YALI0B15290g,YALI1_B20130p
,YALI1_B20145p
YALI0B15304g,YALI1_B20153p
YALI0B15312g,YALI1_B20188p
YALI0B15334g,YALI1_B20192p
YALI0B15356g,YALI1_B20205p
YALI0B15378g,YALI1_B20242p
YALI0B15400g,YALI1_B20243p
YALI0B15422g,YALI1_B20276p
YALI0B15444g,YALI1_B20289p
YALI0B15466g,YALI1_B20319p
YALI0B15488g,YALI1_B20337p
,YALI1_B20359p
YALI0B15510g,YALI1_B20378p
YALI0B15532g,YALI1_B20399p
YALI0B15554g,YALI1_B20407p
YALI0B15576g,YALI1_B20416p
YALI0B15598g,YALI1_B20462p
YALI0B15620g,YALI1_B20493p
YALI0B15642g,YALI1_B20521p
YALI0B15664g,YALI1_B20527p
YALI0B15686g,YALI1_B20577p
YALI0B15708g,YALI1_B20589p
YALI0B15722g,YALI1_B20634p
,YALI1_B20709p
YALI0B15752g,YALI1_B20717p
YALI0B15774g,YALI1_B20730p
YALI0B15796g,YALI1_B20765p
YALI0B15818g,YALI1_B20777p
YALI0B15840g,YALI1_B20802p
YALI0B15862g,YALI1_B20834p
YALI0B15884g,YALI1_B20835p
YALI0B15906g,YALI1_B20870p
,YALI1_B20887p
YALI0B15928r,YALI1_B20899r
YALI0B15950g,YALI1_B20919p
YALI0B15972g,YALI1_B20935p
YALI0B15994g,YALI1_B20968p
YALI0B16016g,YALI1_B20992p
YALI0B16038g,YALI1_B21004p
YALI0B16060g,YALI1_B21030p
YALI0B16082g,YALI1_B21042p
,YALI1_B21043p
YALI0B16104g,YALI1_B21070p
YALI0B16126g,YALI1_B21088p
YALI0B16148g,YALI1_B21104p
YALI0B16170g,YALI1_B21114p
YALI0B16192g,YALI1_B21134p
YALI0B16214g,YALI1_B21155p
YALI0B16236g,YALI1_B21194p
YALI0B16258g,YALI1_B21208p
YALI0B16280g,YALI1_B21250p
YALI0B16302g,YALI1_B21275p
YALI0B16324g,YALI1_B21313p
YALI0B16346r,YALI1_B21320r
YALI0B16368g,YALI1_B21323p
YALI0B16390g,YALI1_B21356p
YALI0B16412g,YALI1_B21381p
YALI0B16434g,YALI1_B21423p
YALI0B16456g,YALI1_B21432p
YALI0B16478g,YALI1_B21466p
YALI0B16500g,YALI1_B21493p
YALI0B16522g,YALI1_B21538p
YALI0B16544g,YALI1_B21562p
YALI0B16566g,YALI1_B21594p
YALI0B16588g,YALI1_B21618p
YALI0B16610g,YALI1_B21628p
YALI0B16632g,YALI1_B21675p
YALI0B16654g,YALI1_B21714p
YALI0B16676g,YALI1_B21737p
YALI0B16698g,YALI1_B21774p
YALI0B16720g,YALI1_B21787p
YALI0B16742g,YALI1_B21798p
YALI0B16764g,YALI1_B21816p
YALI0B16786g,YALI1_B21819p
YALI0B16808g,YALI1_B21855p
YALI0B16822g,YALI1_B21885p
YALI0B16852g,YALI1_B21935p
,YALI1_B21946p
YALI0B16874g,YALI1_B21966p
YALI0B16896g,YALI1_B22015p
YALI0B16918g,YALI1_B22020p
YALI0B16940g,YALI1_B22055p
YALI0B16962g,YALI1_B22060p
YALI0B16984g,YALI1_B22088p
YALI0B17006g,YALI1_B22109p
YALI0B17028g,YALI1_B22158p
YALI0B17050g,YALI1_B22259p
YALI0B17061g,YALI1_B22266p
YALI0B17072g,YALI1_B22276p
YALI0B17094r,YALI1_B22302r
YALI0B17138g,YALI1_B22321p
YALI0B17160g,YALI1_B22351p
YALI0B17182g,YALI1_B22372p
YALI0B17204g,YALI1_B22375p
,YALI1_B22391p
YALI0B17226g,YALI1_B22410p
YALI0B17248g,YALI1_B22414p
YALI0B17270g,YALI1_B22452p
,YALI1_B22466t
YALI0B17292g,YALI1_B22499p
YALI0B17303g,YALI1_B22512p
YALI0B17314g,YALI1_B22533p
YALI0B17336g,YALI1_B22549p
YALI0B17358g,YALI1_B22561p
YALI0B17380g,YALI1_B22598p
YALI0B17402g,YALI1_B22614p
YALI0B17424g,YALI1_B22638p
YALI0B17446g,YALI1_B22645p
YALI0B17468g,YALI1_B22667p
YALI0B17490g,YALI1_B22677p
YALI0B17512g,YALI1_B22697p
YALI0B17534g,YALI1_B22721p
YALI0B17556g,YALI1_B22747p
YALI0B17567r,YALI1_B22769r
YALI0B17578r,YALI1_B22770r
YALI0B17622g,YALI1_B22793p
YALI0B17644g,YALI1_B22820p
YALI0B17666g,YALI1_B22853p
YALI0B17688g,YALI1_B22883p
YALI0B17710g,YALI1_B22905p
YALI0B17732g,YALI1_B22908p
YALI0B17754g,YALI1_B22938p
YALI0B17776g,YALI1_B23017p
YALI0B17798g,YALI1_B23055p
YALI0B17820g,YALI1_B23061p
YALI0B17842g,YALI1_B23077p
YALI0B17864g,YALI1_B23153p
YALI0B17886g,YALI1_B23176p
YALI0B17908g,YALI1_B23201p
YALI0B17930g,YALI1_B23237p
YALI0B17952r,YALI1_B23261r
YALI0B17996g,YALI1_B23300p
YALI0B18018g,YALI1_B23338p
YALI0B18040g,YALI1_B23351p
YALI0B18062g,YALI1_B23373p
YALI0B18084g,YALI1_B23385p
YALI0B18106r,YALI1_B23391r
YALI0B18128g,YALI1_B23420p
YALI0B18150g,YALI1_B23440p
,YALI1_B23443p
,YALI1_B23447p
YALI0B18172g,YALI1_B23467p
,YALI1_B23515p
YALI0B18194g,YALI1_B23522p
,YALI1_B23554p
YALI0B18216g,YALI1_B23579p
,YALI1_B23603p
YALI0B18238g,YALI1_B23609p
YALI0B18260g,YALI1_B23622p
,YALI1_B23677p
YALI0B18282g,YALI1_B23708p
,YALI1_B23729p
,YALI1_B23744p
YALI0B18298g,YALI1_B23771p
YALI0B18304g,YALI1_B23794p
YALI0B18326g,YALI1_B23798p
YALI0B18348g,YALI1_B23834p
YALI0B18370g,YALI1_B23866p
YALI0B18392g,YALI1_B23879p
YALI0B18414g,YALI1_B23933p
YALI0B18436g,YALI1_B23939p
YALI0B18458g,YALI1_B23966p
YALI0B18480g,YALI1_B23981p
YALI0B18502g,YALI1_B24018p
YALI0B18524g,YALI1_B24043p
YALI0B18546g,YALI1_B24051p
,YALI1_B24129p
YALI0B18568g,YALI1_B24185p
YALI0B18590g,YALI1_B24214p
YALI0B18612g,YALI1_B24218p
YALI0B18634g,YALI1_B24252p
YALI0B18656g,YALI1_B24264p
YALI0B18678g,YALI1_B24280p
YALI0B18700g,YALI1_B24292p
YALI0B18722g,YALI1_B24335p
YALI0B18744g,YALI1_B24351p
YALI0B18759g,YALI1_B24424p
,YALI1_B24446p
YALI0B18788g,YALI1_B24471p
YALI0B18810g,YALI1_B24502p
YALI0B18821r,YALI1_B24542r
YALI0B18832r,YALI1_B24543r
YALI0B18854g,YALI1_B24564p
YALI0B18876g,YALI1_B24606p
YALI0B18898g,YALI1_B24638p
YALI0B18920g,YALI1_B24654p
YALI0B18942g,YALI1_B24672p
,YALI1_B24714p
YALI0B18964g,YALI1_B24758p
YALI0B18986g,YALI1_B24836p
YALI0B19008g,YALI1_B24901p
YALI0B19030g,YALI1_B24936p
,YALI1_B24970p
YALI0B19052g,YALI1_B24997p
,YALI1_B25004p
YALI0B19074g,YALI1_B25017p
YALI0B19096g,YALI1_B25062p
,YALI1_B25077p
YALI0B19118g,YALI1_B25087p
YALI0B19140r,YALI1_B25090r
YALI0B19162g,YALI1_B25107p
YALI0B19184g,YALI1_B25136p
YALI0B19206g,YALI1_B25187p
YALI0B19228g,YALI1_B25223p
YALI0B19250g,YALI1_B25258p
YALI0B19272r,YALI1_B25290r
YALI0B19316g,YALI1_B25313p
,YALI1_B25319p
,YALI1_B25322p
,YALI1_B25334p
YALI0B19338g,YALI1_B25360p
,YALI1_B25387p
YALI0B19360g,YALI1_B25395p
YALI0B19382g,YALI1_B25427p
YALI0B19404r,YALI1_B25479r
YALI0B19448g,YALI1_B25484p
,YALI1_B25495p
YALI0B19470g,YALI1_B25506p
YALI0B19492g,YALI1_B25553p
YALI0B19514r,YALI1_B25580r
YALI0B19558g,YALI1_B25593p
YALI0B19580g,YALI1_B25603p
YALI0B19602g,YALI1_B25676p
YALI0B19624g,YALI1_B25734p
YALI0B19646g,YALI1_B25744p
YALI0B19668g,YALI1_B25762p
YALI0B19712g,YALI1_B25795p
YALI0B19734g,YALI1_B25798p
YALI0B19756g,YALI1_B25833p
YALI0B19778g,YALI1_B25868p
YALI0B19800g,YALI1_B25906p
YALI0B19844g,YALI1_B25952p
YALI0B19866g,YALI1_B25963p
YALI0B19888g,YALI1_B25988p
YALI0B19910g,YALI1_B25997p
YALI0B19932r,YALI1_B26017r
YALI0B19976g,YALI1_B26033p
YALI0B19987r,YALI1_B26045r
YALI0B19998g,YALI1_B26112p
YALI0B20020g,YALI1_B26153p
YALI0B20042g,YALI1_B26175p
YALI0B20064g,YALI1_B26205p
YALI0B20086g,YALI1_B26235p
YALI0B20108g,YALI1_B26271p
YALI0B20130r,YALI1_B26307r
,YALI1_B26308r
YALI0B20174g,YALI1_B26322p
YALI0B20196g,YALI1_B26350p
,YALI1_B26377p
YALI0B20218g,YALI1_B26430p
YALI0B20240g,YALI1_B26451p
YALI0B20262g,YALI1_B26517p
YALI0B20284g,YALI1_B26550p
YALI0B20306g,YALI1_B26596p
YALI0B20328g,YALI1_B26639p
YALI0B20350g,YALI1_B26659p
YALI0B20372g,YALI1_B26679p
YALI0B20394g,YALI1_B26715p
YALI0B20416g,YALI1_B26728p
YALI0B20438g,YALI1_B26749p
YALI0B20460g,YALI1_B26763p
YALI0B20482g,YALI1_B26790p
YALI0B20504g,YALI1_B26808p
YALI0B20515r,YALI1_B26831r
YALI0B20526g,YALI1_B26845p
YALI0B20548g,YALI1_B26874p
,YALI1_B26888p
YALI0B20570g,YALI1_B26926p
YALI0B20592g,YALI1_B26962p
YALI0B20614g,YALI1_B26963p
YALI0B20636g,YALI1_B26984p
YALI0B20658g,YALI1_B27009p
YALI0B20680g,YALI1_B27015p
YALI0B20702g,YALI1_B27057p
YALI0B20724g,YALI1_B27102p
YALI0B20746g,YALI1_B27110p
YALI0B20746g,YALI1_B27123p
YALI0B20768g,YALI1_B27144p
YALI0B20790g,YALI1_B27150p
YALI0B20812g,YALI1_B27179p
YALI0B20834g,YALI1_B27211p
YALI0B20856g,YALI1_B27254p
YALI0B20878g,YALI1_B27280p
YALI0B20900g,YALI1_B27293p
YALI0B20911g,YALI1_B27307p
YALI0B20922g,YALI1_B27320p
YALI0B20936r,YALI1_B27339r
YALI0B20944g,YALI1_B27360p
YALI0B20966g,YALI1_B27399p
YALI0B20988g,YALI1_B27404p
YALI0B21010g,YALI1_B27429p
YALI0B21032g,YALI1_B27454p
YALI0B21054g,YALI1_B27460p
YALI0B21076g,YALI1_B27485p
YALI0B21098g,YALI1_B27500p
YALI0B21120g,YALI1_B27534p
YALI0B21142g,YALI1_B27564p
YALI0B21164g,YALI1_B27570p
YALI0B21186g,YALI1_B27588p
,YALI1_B27615p
YALI0B21208g,YALI1_B27637p
YALI0B21230g,YALI1_B27645p
YALI0B21252g,YALI1_B27662p
YALI0B21274g,YALI1_B27685p
YALI0B21296g,YALI1_B27689p
YALI0B21318g,YALI1_B27723p
YALI0B21340g,YALI1_B27777p
YALI0B21362g,YALI1_B27805p
YALI0B21384g,YALI1_B27837p
YALI0B21406g,YALI1_B27857p
YALI0B21428g,YALI1_B27874p
YALI0B21450g,YALI1_B27929p
YALI0B21472g,YALI1_B27968p
YALI0B21494g,YALI1_B27984p
YALI0B21516g,YALI1_B28017p
YALI0B21527g,YALI1_B28025p
YALI0B21538g,YALI1_B28053p
,YALI1_B28084p
YALI0B21560g,YALI1_B28098p
,YALI1_B28119p
YALI0B21582g,YALI1_B28150p
YALI0B21604g,YALI1_B28215p
YALI0B21626g,YALI1_B28268p
YALI0B21648r,YALI1_B28283r
YALI0B21662g,YALI1_B28292p
YALI0B21670g,YALI1_B28349p
YALI0B21692g,YALI1_B28357p
YALI0B21714g,YALI1_B28374p
YALI0B21725r,YALI1_B28380r
YALI0B21736r,YALI1_B28381r
YALI0B21780g,YALI1_B28394p
YALI0B21802r,YALI1_B28411r
YALI0B21824g,YALI1_B28430p
YALI0B21846g,YALI1_B28454p
YALI0B21868g,YALI1_B28472p
YALI0B21890g,YALI1_B28499p
YALI0B21912g,YALI1_B28511p
YALI0B21925g,YALI1_B28544p
YALI0B21978g,YALI1_B28572p
YALI0B22000g,YALI1_B28584p
YALI0B22022r,YALI1_B28591r
YALI0B22044r,YALI1_B28609r
YALI0B22066g,YALI1_B28659p
YALI0B22088g,YALI1_B28735p
YALI0B22110g,YALI1_B28744p
,YALI1_B28766p
YALI0B22125g,YALI1_B28781p
YALI0B22132g,YALI1_B28789p
YALI0B22154g,YALI1_B28830p
,YALI1_B28895p
YALI0B22176g,YALI1_B28933p
,YALI1_B28990p
YALI0B22198g,YALI1_B29008p
YALI0B22220g,YALI1_B29037p
YALI0B22242g,YALI1_B29051p
YALI0B22264g,YALI1_B29080p
YALI0B22286g,YALI1_B29108p
YALI0B22308g,YALI1_B29133p
YALI0B22330g,YALI1_B29153p
YALI0B22352r,YALI1_B29170r
YALI0B22374g,YALI1_B29191p
YALI0B22396g,YALI1_B29202p
YALI0B22418g,YALI1_B29227p
YALI0B22440g,YALI1_B29243p
YALI0B22462g,YALI1_B29266p
YALI0B22484g,YALI1_B29310p
,YALI1_B29360p
,YALI1_B29364p
YALI0B22506g,YALI1_B29419p
,YALI1_B29436p
YALI0B22528g,YALI1_B29446p
YALI0B22550g,YALI1_B29483p
YALI0B22572g,YALI1_B29505p
YALI0B22594g,YALI1_B29507p
YALI0B22616g,YALI1_B29528p
YALI0B22638g,YALI1_B29539p
YALI0B22660g,YALI1_B29548p
YALI0B22682g,YALI1_B29562p
YALI0B22704g,YALI1_B29637p
YALI0B22726g,YALI1_B29662p
YALI0B22748g,YALI1_B29711p
YALI0B22770g,YALI1_B29718p
YALI0B22792g,YALI1_B29742p
YALI0B22814g,YALI1_B29753p
YALI0B22836g,YALI1_B29779p
YALI0B22858g,YALI1_B29785p
YALI0B22880g,YALI1_B29844p
YALI0B22902g,YALI1_B29867p
YALI0B22924g,YALI1_B29883p
YALI0B22946g,YALI1_B29895p
YALI0B22968g,YALI1_B29905p
YALI0B22990g,YALI1_B29915p
YALI0B23012g,YALI1_B29941p
YALI0B23034g,YALI1_B29972p
YALI0B23056g,YALI1_B29977p
YALI0B23078g,YALI1_B29995p
YALI0B23100g,YALI1_B30024p
YALI0B23111g,YALI1_B30036p
YALI0B23122g,YALI1_B30039p
YALI0B23144g,YALI1_B30066p
YALI0B23188g,YALI1_B30090p
YALI0B23210g,YALI1_B30123p
YALI0B23232g,YALI1_B30146p
YALI0B23254g,YALI1_B30162p
YALI0B23276g,YALI1_B30163p
YALI0B23298g,YALI1_B30181p
YALI0B23320g,YALI1_B30182p
YALI0B23342g,YALI1_B30214p
YALI0B23364g,YALI1_B30218p
YALI0B23386g,YALI1_B30234p
YALI0B23408g,YALI1_B30258p
YALI0B23430g,YALI1_B30275p
YALI0B23452g,YALI1_B30293p
,YALI1_B30303p
,YALI1_B30333p
YALI0B23474g,YALI1_B30337p
YALI0B23485r,YALI1_B30365r
YALI0B23496g,YALI1_B30382p
,YALI1_C00083r
,YALI1_C00098p
,YALI1_C00107p
YALI0C00110g,YALI1_C00116p
YALI0C00132g,YALI1_C00141p
YALI0C00165g,YALI1_C00164p
,YALI1_C00167p
,YALI1_C00177p
YALI0C00187g,YALI1_C00209p
YALI0C00209g,YALI1_C00230p
YALI0C00231g,YALI1_C00258p
YALI0C00253g,YALI1_C00293p
YALI0C00275g,YALI1_C00331p
YALI0C00297g,YALI1_C00335p
YALI0C00319g,YALI1_C353p
YALI0C00341g,YALI1_C00368p
YALI0C00363g,YALI1_C00422p
YALI0C00385g,YALI1_C00442p
YALI0C00407g,YALI1_C00464p
YALI0C00429g,YALI1_C00503p
YALI0C00451g,YALI1_C00550p
YALI0C00473g,YALI1_C00615p
YALI0C00495g,YALI1_C00694p
,YALI1_C00710p
YALI0C00517r,YALI1_C00732r
YALI0C00539g,YALI1_C00739p
YALI0C00550g,YALI1_C00766p
YALI0C00561g,YALI1_C00772p
YALI0C00583g,YALI1_C00784p
YALI0C00605g,YALI1_C00802p
YALI0C00627g,YALI1_C00826p
,YALI1_C00827p
YALI0C00649g,YALI1_C00841p
,YALI1_C00852p
,YALI1_C00874p
YALI0C00671g,YALI1_C00913p
YALI0C00693g,YALI1_C00958p
YALI0C00715g,YALI1_C00962p
YALI0C00759g,YALI1_C00999p
YALI0C00781g,YALI1_C01043p
YALI0C00803g,YALI1_C01072p
YALI0C00825g,YALI1_C01106p
YALI0C00847g,YALI1_C01129p
YALI0C00869g,YALI1_C01161p
YALI0C00891g,YALI1_C01244p
,YALI1_C01262p
YALI0C00913g,YALI1_C01297p
,YALI1_C01301t
YALI0C00957g,YALI1_C01338p
YALI0C00979g,YALI1_C01356p
YALI0C01001g,YALI1_C01393p
YALI0C01023g,YALI1_C01416p
YALI0C01045g,YALI1_C01433p
YALI0C01067g,YALI1_C01491p
YALI0C01089g,YALI1_C01505p
YALI0C01111g,YALI1_C01520p
YALI0C01133g,YALI1_C01535p
YALI0C01155g,YALI1_C01576p
,YALI1_C01590p
YALI0C01177g,YALI1_C01596p
YALI0C01199g,YALI1_C01675p
,YALI1_C01694p
YALI0C01221g,YALI1_C01720p
YALI0C01243g,YALI1_C01789p
YALI0C01287g,YALI1_C01800p
YALI0C01309g,YALI1_C01810p
YALI0C01331g,YALI1_C01826p
,YALI1_C01843p
YALI0C01375g,YALI1_C01847p
YALI0C01397g,YALI1_C01876p
YALI0C01411g,YALI1_C01944p
YALI0C01419g,YALI1_C01965p
YALI0C01441g,YALI1_C01993p
,YALI1_C02044p
YALI0C01463g,YALI1_C02053p
YALI0C01485g,YALI1_C02086p
YALI0C01507g,YALI1_C02117p
YALI0C01529r,YALI1_C02125r
YALI0C01573g,YALI1_C02152p
,YALI1_C02160p
YALI0C01595g,YALI1_C02188p
YALI0C01617g,YALI1_C02215p
YALI0C01639g,YALI1_C02248p
YALI0C01672r,YALI1_C02285r
,YALI1_C02291p
YALI0C01694g,YALI1_C02332p
,YALI1_C02374p
YALI0C01716g,YALI1_C02391p
YALI0C01738g,YALI1_C02402p
,YALI1_C02421p
,YALI1_C02424p
YALI0C01760g,YALI1_C02441p
YALI0C01782g,YALI1_C02487p
YALI0C01804r,YALI1_C02507r
YALI0C01815r,YALI1_C02508r
YALI0C01826g,YALI1_C02521p
YALI0C01859g,YALI1_C02550p
YALI0C01881r,YALI1_C02570r
YALI0C01903g,YALI1_C02588p
YALI0C01925g,YALI1_C02611p
YALI0C01947g,YALI1_C02624p
YALI0C01969g,YALI1_C02639p
YALI0C01991g,YALI1_C02686p
YALI0C02013r,YALI1_C02696r
YALI0C02035r,YALI1_C02704r
YALI0C02057g,YALI1_C02831p
YALI0C02079r,YALI1_C02849r
,YALI1_C02856r
YALI0C02123r,YALI1_C02857r
YALI0C02167g,YALI1_C02866p
,YALI1_C02873p
YALI0C02189r,YALI1_C02882r
YALI0C02211g,YALI1_C02904p
YALI0C02233g,YALI1_C03036p
,YALI1_C03197p
,YALI1_C03201p
,YALI1_C03213p
YALI0C02255g,YALI1_C03221p
YALI0C02277r,YALI1_C03226r
YALI0C02321g,YALI1_C03246p
,YALI1_C03261p
YALI0C02343g,YALI1_C03272p
,YALI1_C03286p
YALI0C02365g,YALI1_C03335p
YALI0C02387g,YALI1_C03349p
,YALI1_C03360p
,YALI1_C03374p
YALI0C02409g,YALI1_C03378p
YALI0C02431g,YALI1_C03415p
YALI0C02453g,YALI1_C03461p
YALI0C02475g,YALI1_C03495p
YALI0C02497g,YALI1_C03513p
YALI0C02519g,YALI1_C03534p
YALI0C02541g,YALI1_C03550p
YALI0C02563g,YALI1_C03582p
YALI0C02585g,YALI1_C03596p
YALI0C02607g,YALI1_C03615p
YALI0C02629g,YALI1_C03674p
,YALI1_C03696p
YALI0C02651g,YALI1_C03735p
YALI0C02673r,YALI1_C03752r
YALI0C02717g,YALI1_C03774p
,YALI1_C03821p
YALI0C02739r,YALI1_C03829r
YALI0C02761g,YALI1_C03842p
YALI0C02783g,YALI1_C03848p
YALI0C02805g,YALI1_C03874p
YALI0C02827g,YALI1_C03887p
YALI0C02849g,YALI1_C03914p
YALI0C02871g,YALI1_C03933p
YALI0C02893g,YALI1_C03939p
YALI0C02915g,YALI1_C03948p
YALI0C02937g,YALI1_C03969p
YALI0C02959g,YALI1_C03988p
YALI0C02981g,YALI1_C04031p
,YALI1_C04041p
YALI0C03003g,YALI1_C04067p
YALI0C03025g,YALI1_C04093p
YALI0C03047g,YALI1_C04117p
,YALI1_C04126p
YALI0C03069g,YALI1_C04143p
YALI0C03091g,YALI1_C04162p
YALI0C03113r,YALI1_C04172r
YALI0C03124r,YALI1_C04173r
YALI0C03135g,YALI1_C04201p
YALI0C03157r,YALI1_C04241r
YALI0C03179g,YALI1_C04265p
YALI0C03201g,YALI1_C04281p
YALI0C03223g,YALI1_C04302p
YALI0C03245g,YALI1_C04328p
YALI0C03267g,YALI1_C04351p
YALI0C03289r,YALI1_C04363r
YALI0C03333g,YALI1_C04389p
YALI0C03355g,YALI1_C04401p
YALI0C03377g,YALI1_C04436p
YALI0C03391r,YALI1_C04456r
YALI0C03399g,YALI1_C04490p
YALI0C03421g,YALI1_C04531p
,YALI1_C04532p
YALI0C03443g,YALI1_C04553p
YALI0C03465g,YALI1_C04570p
,YALI1_C04577t
YALI0C03498g,YALI1_C04599t
YALI0C03520g,YALI1_C04672p
YALI0C03542g,YALI1_C04690p
YALI0C03564g,YALI1_C04720p
YALI0C03586g,YALI1_C04771p
,YALI1_C04778p
YALI0C03608g,YALI1_C04798p
YALI0C03630g,YALI1_C04818p
YALI0C03652g,YALI1_C04853p
,YALI1_C04868p
YALI0C03674g,YALI1_C04882p
YALI0C03696g,YALI1_C04925p
,YALI1_C04938p
YALI0C03718g,YALI1_C04962p
YALI0C03740r,YALI1_C04977r
YALI0C03762g,YALI1_C04991p
YALI0C03784g,YALI1_C04996p
YALI0C03806g,YALI1_C05022p
YALI0C03828g,YALI1_C05088p
YALI0C03850g,YALI1_C05125p
YALI0C03872g,YALI1_C05133p
YALI0C03894g,YALI1_C05178p
YALI0C03916g,YALI1_C05204p
YALI0C03938r,YALI1_C05242r
YALI0C03982g,YALI1_C05252p
YALI0C04004g,YALI1_C05264p
YALI0C04026g,YALI1_C05296p
,YALI1_C05323p
YALI0C04048g,YALI1_C05347p
YALI0C04070g,YALI1_C05372p
YALI0C04092g,YALI1_C05386p
YALI0C04114g,YALI1_C05423p
YALI0C04136g,YALI1_C05494p
,YALI1_C05507p
YALI0C04158g,YALI1_C05554p
,YALI1_C05562p
YALI0C04180g,YALI1_C05570p
YALI0C04213g,YALI1_C05636p
YALI0C04235g,YALI1_C05649p
YALI0C04257g,YALI1_C05710p
YALI0C04279g,YALI1_C05734p
,YALI1_C05756p
YALI0C04301g,YALI1_C05757p
YALI0C04323g,YALI1_C05789p
YALI0C04345g,YALI1_C05813p
YALI0C04367g,YALI1_C05820p
,YALI1_C05837p
YALI0C04389g,YALI1_C05857p
YALI0C04411g,YALI1_C05880p
YALI0C04433g,YALI1_C05908p
YALI0C04455g,YALI1_C05931p
YALI0C04477g,YALI1_C05972p
YALI0C04499g,YALI1_C06006p
,YALI1_C06023p
YALI0C04521g,YALI1_C06032p
YALI0C04543g,YALI1_C06041p
YALI0C04565g,YALI1_C06071p
YALI0C04587g,YALI1_C06106p
,YALI1_C06118p
YALI0C04620g,YALI1_C06137p
YALI0C04642r,YALI1_C06179r
YALI0C04686g,YALI1_C06191p
YALI0C04686g,YALI1_C06201p
,YALI1_C06211p
YALI0C04730g,YALI1_C06222p
YALI0C04752r,YALI1_C06243r
YALI0C04763r,YALI1_C06244r
YALI0C04774g,YALI1_C06259p
YALI0C04796g,YALI1_C06298p
,YALI1_C06301p
YALI0C04818g,YALI1_C06328p
YALI0C04840r,YALI1_C06342r
YALI0C04884g,YALI1_C06368p
,YALI1_C06384r
YALI0C04906g,YALI1_C06394p
YALI0C04928g,YALI1_C06414p
YALI0C04950r,YALI1_C06425r
YALI0C04994r,YALI1_C06435r
YALI0C05038g,YALI1_C06459p
YALI0C05060g,YALI1_C06486p
YALI0C05082g,YALI1_C06511p
YALI0C05104g,YALI1_C06532p
YALI0C05126g,YALI1_C06548p
YALI0C05148g,YALI1_C06597p
YALI0C05170g,YALI1_C06626p
YALI0C05192r,YALI1_C06644r
,YALI1_C06645r
YALI0C05236g,YALI1_C06655p
YALI0C05258g,YALI1_C06681p
YALI0C05280g,YALI1_C06695p
YALI0C05302g,YALI1_C06716p
,YALI1_C06724p
YALI0C05313r,YALI1_C06735r
,YALI1_C06753p
YALI0C05324g,YALI1_C06770p
YALI0C05346g,YALI1_C06870p
YALI0C05368g,YALI1_C06917p
YALI0C05423r,YALI1_C06944r
YALI0C05390g,YALI1_C06929p
YALI0C05467g,YALI1_C06951p
YALI0C05489g,YALI1_C06973p
YALI0C05500g,YALI1_C06994p
YALI0C05511g,YALI1_C07028p
,YALI1_C07063p
YALI0C05533g,YALI1_C07077p
,YALI1_C07081p
YALI0C05544r,YALI1_C07087r
YALI0C05555g,YALI1_C07109p
YALI0C05577g,YALI1_C07117p
YALI0C05599g,YALI1_C07137p
,YALI1_C07152p
YALI0C05621g,YALI1_C07170p
YALI0C05643g,YALI1_C07199p
,YALI1_C07216p
,YALI1_C07223p
YALI0C05665g,YALI1_C07239p
YALI0C05687g,YALI1_C07288p
YALI0C05709g,YALI1_C07360p
YALI0C05731g,YALI1_C07397p
YALI0C05753g,YALI1_C07423p
YALI0C05775g,YALI1_C07451p
YALI0C05797g,YALI1_C07481p
YALI0C05819g,YALI1_C07495p
,YALI1_C07516p
YALI0C05841g,YALI1_C07519p
YALI0C05863g,YALI1_C07534p
YALI0C05885g,YALI1_C07562p
YALI0C05907g,YALI1_C07592p
YALI0C05929g,YALI1_C07613p
,YALI1_C07614p
YALI0C05951g,YALI1_C07638p
,YALI1_C07664p
YALI0C05973g,YALI1_C07670p
,YALI1_C07691p
YALI0C05995g,YALI1_C07721p
YALI0C06017g,YALI1_C07758p
YALI0C06039g,YALI1_C07770p
YALI0C06061g,YALI1_C07780p
YALI0C06083g,YALI1_C07816p
,YALI1_C07840p
,YALI1_C07872p
YALI0C06105g,YALI1_C07894p
YALI0C06127g,YALI1_C07948p
YALI0C06149g,YALI1_C07979p
YALI0C06171g,YALI1_C08017p
YALI0C06193g,YALI1_C08040p
YALI0C06215g,YALI1_C08065p
YALI0C06237g,YALI1_C08106p
YALI0C06259g,YALI1_C08151p
YALI0C06281g,YALI1_C08173p
YALI0C06303g,YALI1_C08197p
YALI0C06325g,YALI1_C08218p
YALI0C06347g,YALI1_C08242p
,YALI1_C08245p
YALI0C06369g,YALI1_C08262p
,YALI1_C08275p
YALI0C06391g,YALI1_C08298p
YALI0C06424g,YALI1_C08523p
YALI0C06446g,YALI1_C08548p
YALI0C06460g,YALI1_C08600p
YALI0C06468r,YALI1_C08688r
YALI0C06490g,YALI1_C08702p
YALI0C06512g,YALI1_C08748p
YALI0C06556g,YALI1_C08791p
YALI0C06578g,YALI1_C08834p
YALI0C06600g,YALI1_C08882p
YALI0C06622g,YALI1_C08893p
YALI0C06644g,YALI1_C08922p
,YALI1_C08923p
YALI0C06666r,YALI1_C08938r
YALI0C06688r,YALI1_C08942r
YALI0C06710g,YALI1_C08952p
YALI0C06732g,YALI1_C08983p
YALI0C06754g,YALI1_C09009p
YALI0C06776g,YALI1_C09033p
YALI0C06798g,YALI1_C09072p
YALI0C06820g,YALI1_C09094p
YALI0C06842g,YALI1_C09133p
,YALI1_C09137p
YALI0C06853g,YALI1_C09150p
,YALI1_C09181p
,YALI1_C09195p
YALI0C06864g,YALI1_C09200p
YALI0C06886g,YALI1_C09230p
YALI0C06908g,YALI1_C09260p
YALI0C06930g,YALI1_C09285p
YALI0C06952g,YALI1_C09308p
YALI0C06974g,YALI1_C09343p
YALI0C06996g,YALI1_C09380p
YALI0C07018g,YALI1_C09390p
YALI0C07040g,YALI1_C09415p
YALI0C07062g,YALI1_C09451p
YALI0C07084r,YALI1_C09462r
YALI0C07128g,YALI1_C09467p
YALI0C07150g,YALI1_C09489p
YALI0C07172g,YALI1_C09552p
YALI0C07194g,YALI1_C09606p
YALI0C07216r,YALI1_C09626r
YALI0C07227r,YALI1_C09627r
YALI0C07238g,YALI1_C09639p
YALI0C07260g,YALI1_C09642p
YALI0C07282g,YALI1_C09667p
YALI0C07304g,YALI1_C09696p
YALI0C07326g,YALI1_C09718p
YALI0C07348g,YALI1_C09750p
YALI0C07370r,YALI1_C09756r
YALI0C07414g,YALI1_C09773p
,YALI1_C09781t
,YALI1_C09803t
YALI0C07436g,YALI1_C09851p
,YALI1_C09878p
,YALI1_C09885p
YALI0C07502g,YALI1_C09923p
YALI0C07524g,YALI1_C09950p
YALI0C07546g,YALI1_C09977p
YALI0C07568g,YALI1_C10016p
YALI0C07590g,YALI1_C10041p
,YALI1_C10086p
YALI0C07612g,YALI1_C10121p
,YALI1_C10133p
YALI0C07634g,YALI1_C10173p
YALI0C07656g,YALI1_C10203p
YALI0C07678g,YALI1_C10232p
YALI0C07700g,YALI1_C10271p
YALI0C07722g,YALI1_C10293p
YALI0C07744g,YALI1_C10318p
YALI0C07777g,YALI1_C10345p
,YALI1_C10382p
YALI0C07821g,YALI1_C10385p
YALI0C07843g,YALI1_C10463p
YALI0C07865g,YALI1_C10480p
YALI0C07887g,YALI1_C10492p
YALI0C07909g,YALI1_C10497p
YALI0C07931g,YALI1_C10534p
YALI0C07953g,YALI1_C10555p
,YALI1_C10591t
,YALI1_C10612t
YALI0C07975g,YALI1_C10675p
YALI0C08030g,YALI1_C10718p
YALI0C08052g,YALI1_C10730p
YALI0C08074g,YALI1_C10762p
YALI0C08096g,YALI1_C10787p
YALI0C08096g,YALI1_C10806p
YALI0C08118g,YALI1_C10860p
YALI0C08140g,YALI1_C10990p
,YALI1_C11057p
YALI0C08184g,YALI1_C11077p
YALI0C08206g,YALI1_C11096p
YALI0C08220g,YALI1_C11100p
YALI0C08228g,YALI1_C11131p
YALI0C08250g,YALI1_C11203p
YALI0C08283g,YALI1_C11234p
,YALI1_C11241p
YALI0C08305g,YALI1_C11271p
,YALI1_C11352p
,YALI1_C11365p
,YALI1_C11382p
YALI0C08349g,YALI1_C11441p
YALI0C08371g,YALI1_C11501p
YALI0C08393g,YALI1_C11521p
YALI0C08415g,YALI1_C11552p
YALI0C08437g,YALI1_C11581p
YALI0C08459g,YALI1_C11589p
YALI0C08473g,YALI1_C11694p
,YALI1_C11707p
YALI0C08481g,YALI1_C11715p
YALI0C08503r,YALI1_C11733r
YALI0C08547g,YALI1_C11744p
YALI0C08569g,YALI1_C11773p
YALI0C08591g,YALI1_C11819p
YALI0C08613g,YALI1_C11836p
,YALI1_C11843p
YALI0C08635g,YALI1_C11862p
YALI0C08657g,YALI1_C11883p
YALI0C08679g,YALI1_C11902p
YALI0C08701g,YALI1_C11925p
YALI0C08723g,YALI1_C11930p
YALI0C08745g,YALI1_C11954p
YALI0C08767g,YALI1_C11970p
YALI0C08782g,YALI1_C12007p
YALI0C08811g,YALI1_C12024p
YALI0C08833g,YALI1_C12038p
,YALI1_C12044t
,YALI1_C12066t
YALI0C08855g,YALI1_C12121p
YALI0C08877g,YALI1_C12140p
YALI0C08899g,YALI1_C12170p
YALI0C08921g,YALI1_C12194p
YALI0C08943g,YALI1_C12220p
YALI0C08960g,YALI1_C12282p
YALI0C08965g,YALI1_C12317p
YALI0C08987g,YALI1_C12333p
YALI0C08998r,YALI1_C12370r
YALI0C09009g,YALI1_C12406p
,YALI1_C12433p
,YALI1_C12441p
,YALI1_C12474p
YALI0C09031g,YALI1_C12513p
YALI0C09053r,YALI1_C12548r
YALI0C09064r,YALI1_C12549r
YALI0C09075r,YALI1_C12559r
,YALI1_C12570t
YALI0C09119g,YALI1_C12619p
YALI0C09141g,YALI1_C12642p
,YALI1_C12682p
,YALI1_C12686p
YALI0C09163g,YALI1_C12695p
YALI0C09185g,YALI1_C12725p
,YALI1_C12755p
YALI0C09218g,YALI1_C12788p
,YALI1_C12834p
YALI0C09232g,YALI1_C12845p
YALI0C09240g,YALI1_C12883p
YALI0C09262g,YALI1_C12900p
YALI0C09284g,YALI1_C12941p
YALI0C09299g,YALI1_C12970p
YALI0C09328g,YALI1_C13000p
YALI0C09350g,YALI1_C13007p
YALI0C09372g,YALI1_C13026p
YALI0C09394g,YALI1_C13038p
YALI0C09405r,YALI1_C13071r
YALI0C09416r,YALI1_C13072r
YALI0C09438g,YALI1_C13093p
YALI0C09460g,YALI1_C13106p
,YALI1_C13142p
YALI0C09482g,YALI1_C13162p
YALI0C09504g,YALI1_C13186p
YALI0C09526g,YALI1_C13227p
YALI0C09548g,YALI1_C13241p
YALI0C09570g,YALI1_C13261p
YALI0C09592g,YALI1_C13284p
YALI0C09614g,YALI1_C13302p
YALI0C09636g,YALI1_C13355p
,YALI1_C13389p
,YALI1_C13397p
YALI0C09658g,YALI1_C13410p
YALI0C09680g,YALI1_C13453p
,YALI1_C13500p
YALI0C09702g,YALI1_C13506p
,YALI1_C13510p
YALI0C09735g,YALI1_C13522p
YALI0C09757g,YALI1_C13560p
,YALI1_C13565p
,YALI1_C13578p
,YALI1_C13611p
YALI0C09779g,YALI1_C13642p
YALI0C09801g,YALI1_C13652p
,YALI1_C13676p
YALI0C09823g,YALI1_C13689p
YALI0C09845g,YALI1_C13726p
YALI0C09867t,YALI1_C13741t
YALI0C09889g,YALI1_C13768p
YALI0C09904g,YALI1_C13817p
YALI0C09933g,YALI1_C13856p
YALI0C09966g,YALI1_C13879p
YALI0C09988g,YALI1_C13890p
,YALI1_C13910p
,YALI1_C13919p
,YALI1_C13928p
YALI0C10010g,YALI1_C13973p
,YALI1_C14024p
,YALI1_C14027p
YALI0C10032g,YALI1_C14079p
YALI0C10054g,YALI1_C14106p
YALI0C10076g,YALI1_C14125p
,YALI1_C14147p
YALI0C10098g,YALI1_C14169p
YALI0C10120g,YALI1_C14183p
YALI0C10135g,YALI1_C14228p
,YALI1_C14249p
YALI0C10142g,YALI1_C14273p
,YALI1_C14284p
YALI0C10164r,YALI1_C14290r
,YALI1_C14332p
YALI0C10208g,YALI1_C14369p
,YALI1_C14390p
YALI0C10219r,YALI1_C14402r
,YALI1_C14433p
YALI0C10230g,YALI1_C14450p
YALI0C10252g,YALI1_C14498p
YALI0C10274g,YALI1_C14500p
,YALI1_C14516p
,YALI1_C14543p
YALI0C10292t,YALI1_C14547t
YALI0C10311g,YALI1_C14595p
,YALI1_C14641p
YALI0C10340g,YALI1_C14648p
YALI0C10362r,YALI1_C14658r
YALI0C10384r,YALI1_C14691r
YALI0C10406r,YALI1_C14692r
YALI0C10428g,YALI1_C14709p
,YALI1_C14725p
YALI0C10450g,YALI1_C14738p
YALI0C10472g,YALI1_C14774p
YALI0C10494g,YALI1_C14787p
YALI0C10516g,YALI1_C14818p
YALI0C10538g,YALI1_C14823p
YALI0C10560g,YALI1_C14843p
,YALI1_C14859p
YALI0C10604g,YALI1_C14884p
,YALI1_C14910p
YALI0C10626g,YALI1_C14931p
YALI0C10637r,YALI1_C14949r
YALI0C10648g,YALI1_C15021p
YALI0C10670g,YALI1_C15048p
YALI0C10692g,YALI1_C15077p
YALI0C10714g,YALI1_C15084p
YALI0C10736g,YALI1_C15105p
YALI0C10758g,YALI1_C15115p
YALI0C10780g,YALI1_C15180p
YALI0C10802g,YALI1_C15186p
YALI0C10824g,YALI1_C15201p
YALI0C10846g,YALI1_C15217p
YALI0C10868g,YALI1_C15263t
YALI0C10879g,YALI1_C15284t
YALI0C10901g,YALI1_C15297p
,YALI1_C15307p
YALI0C10923g,YALI1_C15322p
YALI0C10945g,YALI1_C15359p
,YALI1_C15369p
,YALI1_C15377p
,YALI1_C15388p
YALI0C10967g,YALI1_C15398p
,YALI1_C15412p
YALI0C10989g,YALI1_C15420p
YALI0C11011g,YALI1_C15445p
,YALI1_C15454p
YALI0C11033g,YALI1_C15465p
YALI0C11055g,YALI1_C15489p
YALI0C11077g,YALI1_C15492p
,YALI1_C15516p
YALI0C11099g,YALI1_C15526p
,YALI1_C15532p
,YALI1_C15540p
YALI0C11121g,YALI1_C15556p
YALI0C11165g,YALI1_C15610p
,YALI1_C15611p
YALI0C11187r,YALI1_C15648r
YALI0C11198r,YALI1_C15649r
YALI0C11209g,YALI1_C15674p
YALI0C11231g,YALI1_C15687p
YALI0C11253g,YALI1_C15707p
YALI0C11275g,YALI1_C15745p
YALI0C11297g,YALI1_C15776p
YALI0C11319g,YALI1_C15803p
YALI0C11341g,YALI1_C15832p
YALI0C11363g,YALI1_C15945p
,YALI1_C15947p
YALI0C11385g,YALI1_C15964p
YALI0C11407g,YALI1_C15991p
YALI0C11429g,YALI1_C16080p
YALI0C11451g,YALI1_C16091p
,YALI1_C16099p
YALI0C11473g,YALI1_C16108p
,YALI1_C16133p
YALI0C11495g,YALI1_C16150p
YALI0C11517g,YALI1_C16183p
YALI0C11539g,YALI1_C16200p
YALI0C11561g,YALI1_C16204p
YALI0C11583g,YALI1_C16255p
YALI0C11605g,YALI1_C16275p
,YALI1_C16283p
YALI0C11627g,YALI1_C16294p
YALI0C11649g,YALI1_C16305p
YALI0C11671g,YALI1_C16333p
,YALI1_C16347p
,YALI1_C16352p
YALI0C11693g,YALI1_C16378p
YALI0C11715g,YALI1_C16395p
YALI0C11737r,YALI1_C16416r
,YALI1_C16420p
YALI0C11781g,YALI1_C16431p
YALI0C11803g,YALI1_C16485p
YALI0C11825g,YALI1_C16515p
YALI0C11836g,YALI1_C16526p
YALI0C11858g,YALI1_C16572p
YALI0C11880g,YALI1_C16621p
YALI0C11902r,YALI1_C16637r
,YALI1_C16648p
YALI0C11946g,YALI1_C16653p
,YALI1_C16688p
,YALI1_C16694p
YALI0C11968g,YALI1_C16712p
YALI0C11990r,YALI1_C16728r
YALI0C12012g,YALI1_C16770p
,YALI1_C16809p
,YALI1_C16827p
YALI0C12034g,YALI1_C16851p
YALI0C12056g,YALI1_C16932p
YALI0C12078r,YALI1_C16939r
YALI0C12100g,YALI1_C16961p
,YALI1_C16969p
,YALI1_C16982p
YALI0C12122g,YALI1_C17031p
YALI0C12144g,YALI1_C17050p
YALI0C12166g,YALI1_C17078p
YALI0C12188g,YALI1_C17091p
YALI0C12210g,YALI1_C17100p
,YALI1_C17133p
YALI0C12232g,YALI1_C17163p
YALI0C12254g,YALI1_C17187p
,YALI1_C17216p
,YALI1_C17220p
YALI0C12276g,YALI1_C17238p
YALI0C12298r,YALI1_C17259r
YALI0C12309r,YALI1_C17260r
YALI0C12320r,YALI1_C17285r
,YALI1_C17295p
,YALI1_C17307p
,YALI1_C17314p
,YALI1_C17343p
,YALI1_C17354p
YALI0C12342g,YALI1_C17411p
,YALI1_C17419p
,YALI1_C17423p
,YALI1_C17440p
YALI0C12364g,YALI1_C17453p
,YALI1_C17498p
,YALI1_C17514p
,YALI1_C17519p
,YALI1_C17524p
,YALI1_C17537p
YALI0C12386g,YALI1_C17566p
YALI0C12408g,YALI1_C17580p
YALI0C12430g,YALI1_C17609p
,YALI1_C17640p
YALI0C12474g,YALI1_C17680p
YALI0C12496g,YALI1_C17700p
YALI0C12518g,YALI1_C17719p
YALI0C12551g,YALI1_C17728p
YALI0C12573g,YALI1_C17763p
YALI0C12595g,YALI1_C17782p
YALI0C12617g,YALI1_C17800p
YALI0C12639g,YALI1_C17820p
YALI0C12661g,YALI1_C17848p
YALI0C12727g,YALI1_C17904p
YALI0C12749g,YALI1_C17932p
YALI0C12771g,YALI1_C17947p
YALI0C12793g,YALI1_C17949p
YALI0C12815r,YALI1_C17959r
YALI0C12859g,YALI1_C17988p
YALI0C12881g,YALI1_C17995p
YALI0C12918g,YALI1_C18011p
YALI0C12947g,YALI1_C18073p
,YALI1_C18082p
YALI0C12980g,YALI1_C18099p
,YALI1_C18100p
,YALI1_C18161p
YALI0C13002g,YALI1_C18162p
YALI0C13024g,YALI1_C18209p
YALI0C13046r,YALI1_C18235r
YALI0C13090g,YALI1_C18258p
YALI0C13112g,YALI1_C18268p
YALI0C13134r,YALI1_C18287r
,YALI1_C18365p
,YALI1_C18378p
,YALI1_C18380p
,YALI1_C18383p
,YALI1_C18391p
YALI0C13178g,YALI1_C18396p
,YALI1_C18431p
,YALI1_C18435p
YALI0C13200r,YALI1_C18439r
,YALI1_C18458r
YALI0C13244g,YALI1_C18478p
YALI0C13266r,YALI1_C18525r
YALI0C13310g,YALI1_C18541p
,YALI1_C18580p
YALI0C13332g,YALI1_C18584p
YALI0C13354g,YALI1_C18590p
YALI0C13376r,YALI1_C18609r
,YALI1_C18621p
YALI0C13420g,YALI1_C18668p
,YALI1_C18672p
,YALI1_C18699p
,YALI1_C18713p
,YALI1_C18726p
,YALI1_C18730p
YALI0C13442g,YALI1_C18750p
,YALI1_C18757p
YALI0C13508g,YALI1_C18771p
,YALI1_C18787p
,YALI1_C18791p
YALI0C13530g,YALI1_C18806p
YALI0C13552g,YALI1_C18837p
YALI0C13574g,YALI1_C18872p
,YALI1_C18878p
YALI0C13596g,YALI1_C18892p
YALI0C13618g,YALI1_C18901p
YALI0C13640r,YALI1_C18927r
YALI0C13684r,YALI1_C18928r
,YALI1_C18932t
,YALI1_C18948t
YALI0C13706g,YALI1_C19005p
YALI0C13717r,YALI1_C19049r
,YALI1_C19058p
,YALI1_C19072p
,YALI1_C19105p
YALI0C13728g,YALI1_C19123p
YALI0C13750g,YALI1_C19151p
,YALI1_C19166p
,YALI1_C19181p
YALI0C13772r,YALI1_C19279r
YALI0C13794g,YALI1_C19316p
,YALI1_C19335p
YALI0C13816g,YALI1_C19348p
,YALI1_C19369p
,YALI1_C19376p
,YALI1_C19395p
,YALI1_C19417p
,YALI1_C19422p
,YALI1_C19450p
YALI0C13838g,YALI1_C19464p
YALI0C13860g,YALI1_C19500p
YALI0C13882g,YALI1_C19510p
YALI0C13904g,YALI1_C19529p
YALI0C13926g,YALI1_C19636p
YALI0C13948g,YALI1_C19681p
YALI0C13970g,YALI1_C19735p
YALI0C13992g,YALI1_C19775p
YALI0C14014g,YALI1_C19794p
YALI0C14036g,YALI1_C19814p
,YALI1_C19826p
,YALI1_C19833p
YALI0C14058g,YALI1_C19840p
YALI0C14080r,YALI1_C19857r
YALI0C14124g,YALI1_C19866p
YALI0C14146g,YALI1_C19872p
,YALI1_C19885p
YALI0C14168g,YALI1_C19898p
,YALI1_C19909p
,YALI1_C19912p
,YALI1_C19921p
YALI0C14190g,YALI1_C19943p
YALI0C14212r,YALI1_C19968r
,YALI1_C19976p
YALI0C14256g,YALI1_C19981p
YALI0C14278r,YALI1_C20007r
YALI0C14322g,YALI1_C20023p
,YALI1_C20032p
YALI0C14344g,YALI1_C20054p
YALI0C14366r,YALI1_C20061r
YALI0C14388g,YALI1_C20078p
,YALI1_C20085p
YALI0C14410g,YALI1_C20097p
YALI0C14432g,YALI1_C20140p
YALI0C14476g,YALI1_C20180p
YALI0C14498g,YALI1_C20198p
YALI0C14520g,YALI1_C20224p
YALI0C14542g,YALI1_C20255p
YALI0C14564g,YALI1_C20270p
,YALI1_C20299p
YALI0C14586g,YALI1_C20314p
YALI0C14608g,YALI1_C20329p
,YALI1_C20347p
YALI0C14630g,YALI1_C20364p
YALI0C14652g,YALI1_C20396p
YALI0C14674g,YALI1_C20417p
YALI0C14696g,YALI1_C20429p
YALI0C14718g,YALI1_C20452p
,YALI1_C20463p
YALI0C14740g,YALI1_C20488p
YALI0C14762g,YALI1_C20550p
,YALI1_C20554p
YALI0C14784g,YALI1_C20559p
,YALI1_C20592p
YALI0C14806g,YALI1_C20597p
YALI0C14828g,YALI1_C20646p
YALI0C03487g,YALI1_C20664t
YALI0C03498g:2,YALI1_C20685t
YALI0C14850r,YALI1_C20740r
YALI0C14872g,YALI1_C20793p
YALI0C14894g,YALI1_C20853p
YALI0C14938g,YALI1_C20901p
YALI0C14960g,YALI1_C20953p
,YALI1_C20964p
,YALI1_C20983t
,YALI1_C21040p
YALI0C14982r,YALI1_C21064r
YALI0C15004g,YALI1_C21083p
YALI0C15026g,YALI1_C21171p
YALI0C15048g,YALI1_C21234p
YALI0C15070g,YALI1_C21241p
,YALI1_C21272p
YALI0C15092g,YALI1_C21298p
YALI0C15114g,YALI1_C21353p
YALI0C15136g,YALI1_C21401p
YALI0C15202g,YALI1_C21448p
YALI0C15224g,YALI1_C21487p
YALI0C15230g,YALI1_C21497p
YALI0C15237g,YALI1_C21513p
,YALI1_C21516p
YALI0C15246g,YALI1_C21544p
YALI0C15268g,YALI1_C21578p
YALI0C15290g,YALI1_C21603p
YALI0C15304g,YALI1_C21626p
YALI0C15323g,YALI1_C21634p
YALI0C15334g,YALI1_C21639p
YALI0C15345g,YALI1_C21664p
YALI0C15356g,YALI1_C21682p
YALI0C15378g,YALI1_C21722p
,YALI1_C21732p
YALI0C15400g,YALI1_C21755p
YALI0C15422g,YALI1_C21789p
,YALI1_C21858t
,YALI1_C21880t
YALI0C15444g,YALI1_C21891p
YALI0C15466g,YALI1_C21924p
YALI0C15488g,YALI1_C21946p
YALI0C15532g,YALI1_C22019p
YALI0C15554g,YALI1_C22186p
,YALI1_C22260p
,YALI1_C22278p
,YALI1_C22282p
,YALI1_C22311p
YALI0C15576g,YALI1_C22322p
,YALI1_C22481p
YALI0C15609g,YALI1_C22541p
YALI0C15631r,YALI1_C22546r
,YALI1_C22556p
YALI0C15653g,YALI1_C22592p
YALI0C15675r,YALI1_C22613r
YALI0C15719g,YALI1_C22627p
YALI0C15741g,YALI1_C22632p
YALI0C15785g,YALI1_C22710p
YALI0C15807g,YALI1_C22751p
YALI0C15829g,YALI1_C22816p
YALI0C15851g,YALI1_C22835p
YALI0C15873g,YALI1_C22857p
,YALI1_C22876p
,YALI1_C22878p
YALI0C15895g,YALI1_C22922p
,YALI1_C22937p
YALI0C15917g,YALI1_C22944p
YALI0C15939g,YALI1_C22986p
YALI0C15961r,YALI1_C23016r
,YALI1_C23021p
,YALI1_C23028p
YALI0C16005g,YALI1_C23040p
YALI0C16027g,YALI1_C23050p
YALI0C16049g,YALI1_C23075p
YALI0C16093g,YALI1_C23089p
YALI0C16126g,YALI1_C23120p
YALI0C16148g,YALI1_C23150p
YALI0C16181g,YALI1_C23175p
YALI0C16203g,YALI1_C23193p
YALI0C16225g,YALI1_C23217p
YALI0C16247g,YALI1_C23254p
YALI0C16269g,YALI1_C23301p
YALI0C16291g,YALI1_C23323p
YALI0C16346g,YALI1_C23359p
YALI0C16368g,YALI1_C23415p
,YALI1_C23427p
YALI0C16390g,YALI1_C23472p
YALI0C16412g,YALI1_C23504p
YALI0C16434g,YALI1_C23511p
YALI0C16456g,YALI1_C23526p
YALI0C16478g,YALI1_C23548p
YALI0C16500g,YALI1_C23563p
YALI0C16522g,YALI1_C23601p
YALI0C16544g,YALI1_C23653p
YALI0C16566g,YALI1_C23707p
YALI0C16599g,YALI1_C23723p
YALI0C16621g,YALI1_C23738p
YALI0C16643g,YALI1_C23755p
YALI0C16665g,YALI1_C23818p
YALI0C16687g,YALI1_C23826p
YALI0C16709g,YALI1_C23873p
YALI0C16731g,YALI1_C23881p
YALI0C16753g,YALI1_C23902p
YALI0C16775g,YALI1_C23926p
YALI0C16797g,YALI1_C23948p
,YALI1_C23950p
YALI0C16819g,YALI1_C23989p
YALI0C16841g,YALI1_C24016p
YALI0C16863g,YALI1_C24081p
YALI0C16885g,YALI1_C24124p
YALI0C16907g,YALI1_C24165p
,YALI1_C24183p
,YALI1_C24198p
YALI0C16929g,YALI1_C24200p
,YALI1_C24222p
,YALI1_C24231p
YALI0C16951g,YALI1_C24262p
YALI0C16973g,YALI1_C24303p
YALI0C16995g,YALI1_C24367p
YALI0C17017g,YALI1_C24400p
YALI0C17039g,YALI1_C24419p
YALI0C17061g,YALI1_C24434p
YALI0C17083g,YALI1_C24460p
YALI0C17105g,YALI1_C24488p
YALI0C17127r,YALI1_C24507r
YALI0C17149r,YALI1_C24509r
YALI0C17193g,YALI1_C24526p
,YALI1_C24531p
YALI0C17215g,YALI1_C24533p
YALI0C17237g,YALI1_C24567p
,YALI1_C24589p
YALI0C17259r,YALI1_C24597r
YALI0C17281g,YALI1_C24611p
YALI0C17303g,YALI1_C24647p
YALI0C17325g,YALI1_C24660p
YALI0C17347g,YALI1_C24707p
YALI0C17369g,YALI1_C24730p
YALI0C17391g,YALI1_C24755p
YALI0C17413g,YALI1_C24767p
YALI0C17457r,YALI1_C24782r
YALI0C17501g,YALI1_C24806p
YALI0C17523t,YALI1_C24814t
YALI0C17545g,YALI1_C24850p
YALI0C17567g,YALI1_C24891p
YALI0C17589g,YALI1_C24927p
YALI0C17611r,YALI1_C24936r
YALI0C17622r,YALI1_C24937r
YALI0C17633g,YALI1_C24942p
YALI0C17655g,YALI1_C24951p
YALI0C17677r,YALI1_C24973r
YALI0C17699r,YALI1_C24978r
YALI0C17721r,YALI1_C24984r
YALI0C17743r,YALI1_C24992r
YALI0C17787r,YALI1_C25003r
YALI0C17831g,YALI1_C25029p
YALI0C17853g,YALI1_C25032p
YALI0C17875g,YALI1_C25053p
YALI0C17897g,YALI1_C25069p
YALI0C17919g,YALI1_C25080p
,YALI1_C25083p
YALI0C17941g,YALI1_C25093p
YALI0C17963g,YALI1_C25128p
YALI0C17985r,YALI1_C25149r
YALI0C18029g,YALI1_C25171p
YALI0C18051g,YALI1_C25190p
YALI0C18073g,YALI1_C25244p
YALI0C18095g,YALI1_C25257p
YALI0C18117g,YALI1_C25288p
YALI0C18139g,YALI1_C25301p
YALI0C18161g,YALI1_C25307p
YALI0C18183g,YALI1_C25336p
YALI0C18205g,YALI1_C25352p
YALI0C18227g,YALI1_C25367p
YALI0C18249g,YALI1_C25377p
YALI0C18263g,YALI1_C25391p
YALI0C18293g,YALI1_C25452p
YALI0C18315g,YALI1_C25512p
,YALI1_C25513p
,YALI1_C25515p
YALI0C18359g,YALI1_C25560p
YALI0C18381g,YALI1_C25576p
YALI0C18403g,YALI1_C25581p
YALI0C18425g,YALI1_C25598p
YALI0C18447g,YALI1_C25621p
YALI0C18469g,YALI1_C25629p
YALI0C18475g,YALI1_C25665p
YALI0C18481g,YALI1_C25674p
YALI0C18491g,YALI1_C25703p
,YALI1_C25742p
,YALI1_C25747p
YALI0C18513g,YALI1_C25758p
YALI0C18535g,YALI1_C25782p
YALI0C18557g,YALI1_C25789p
,YALI1_C25816r
YALI0C18579r,YALI1_C25817r
YALI0C18623g,YALI1_C25829p
YALI0C18645g,YALI1_C25877p
YALI0C18667g,YALI1_C25937p
YALI0C18689g,YALI1_C25979p
YALI0C18711g,YALI1_C25990p
YALI0C18733g,YALI1_C25998p
YALI0C18755g,YALI1_C26017p
YALI0C18777g,YALI1_C26027p
YALI0C18799g,YALI1_C26036p
YALI0C18821g,YALI1_C26051p
YALI0C18832r,YALI1_C26082r
YALI0C18843r,YALI1_C26090r
YALI0C18887r,YALI1_C26096r
YALI0C18931r,YALI1_C26098r
YALI0C18975g,YALI1_C26106p
YALI0C18997g,YALI1_C26138p
YALI0C19019g,YALI1_C26146p
,YALI1_C26161p
YALI0C19041g,YALI1_C26167p
,YALI1_C26209p
,YALI1_C26215p
YALI0C19063g,YALI1_C26222p
YALI0C19085g,YALI1_C26276p
,YALI1_C26318p
YALI0C19096g,YALI1_C26332p
YALI0C19107g,YALI1_C26377p
YALI0C19129g,YALI1_C26408p
YALI0C19151g,YALI1_C26501p
,YALI1_C26533p
YALI0C19173r,YALI1_C26543r
YALI0C19195g,YALI1_C26544p
,YALI1_C26566p
YALI0C19217g,YALI1_C26580p
YALI0C19239g,YALI1_C26597p
YALI0C19261g,YALI1_C26616p
,YALI1_C26621p
YALI0C19283g,YALI1_C26628p
YALI0C19305g,YALI1_C26682t
YALI0C19316g,YALI1_C26703t
YALI0C19338g,YALI1_C26726p
YALI0C19360g,YALI1_C26745p
YALI0C19382g,YALI1_C26764p
YALI0C19404g,YALI1_C26777p
YALI0C19426g,YALI1_C26794p
YALI0C19448g,YALI1_C26837p
YALI0C19470r,YALI1_C26847r
YALI0C19514r,YALI1_C26849r
YALI0C19536r,YALI1_C26856r
YALI0C19558g,YALI1_C26873p
YALI0C19580g,YALI1_C26890p
YALI0C19602g,YALI1_C26915p
YALI0C19624g,YALI1_C26939p
YALI0C19646g,YALI1_C26959p
YALI0C19668g,YALI1_C26975p
YALI0C19682g,YALI1_C27012p
YALI0C19690g,YALI1_C27019p
YALI0C19712g,YALI1_C27061p
YALI0C19734g,YALI1_C27073p
YALI0C19756g,YALI1_C27101p
YALI0C19778g,YALI1_C27109p
YALI0C19800g,YALI1_C27141p
YALI0C19822g,YALI1_C27182p
YALI0C19844g,YALI1_C27207p
YALI0C19866g,YALI1_C27229p
YALI0C19888g,YALI1_C27286t
,YALI1_C27308t
YALI0C19338g:2,YALI1_C27330p
YALI0C19360g:2,YALI1_C27350p
YALI0C19382g:2,YALI1_C27369p
YALI0C19404g:2,YALI1_C27382p
YALI0C19426g:2,YALI1_C27398p
YALI0C19448g:2,YALI1_C27442p
,YALI1_C27452r
,YALI1_C27453r
YALI0C19536r:2,YALI1_C27461r
YALI0C19558g:2,YALI1_C27476p
YALI0C19580g:2,YALI1_C27494p
YALI0C19602g:2,YALI1_C27519p
YALI0C19624g:2,YALI1_C27543p
YALI0C19646g:2,YALI1_C27563p
YALI0C19668g:2,YALI1_C27579p
YALI0C19682g:2,YALI1_C27616p
YALI0C19690g:2,YALI1_C27624p
YALI0C19712g:2,YALI1_C27665p
YALI0C19734g:2,YALI1_C27678p
YALI0C19756g:2,YALI1_C27706p
YALI0C19778g:2,YALI1_C27713p
YALI0C19800g:2,YALI1_C27746p
YALI0C19822g:2,YALI1_C27786p
YALI0C19844g:2,YALI1_C27812p
YALI0C19866g:2,YALI1_C27834p
YALI0C19888g:2,YALI1_C27891t
YALI0C19899g,YALI1_C27912t
YALI0C19943g,YALI1_C27922p
YALI0C19965g,YALI1_C27933p
YALI0C19987g,YALI1_C27958p
YALI0C20009r,YALI1_C27976r
YALI0C20053g,YALI1_C27996p
YALI0C20060g,YALI1_C28031p
YALI0C20066g,YALI1_C28039p
YALI0C20075g,YALI1_C28063p
YALI0C20097g,YALI1_C28093p
,YALI1_C28115p
YALI0C20119g,YALI1_C28147p
YALI0C20141g,YALI1_C28166p
YALI0C20163r,YALI1_C28186r
YALI0C20207g,YALI1_C28228p
YALI0C20229g,YALI1_C28245p
YALI0C20251g,YALI1_C28263p
,YALI1_C28275p
YALI0C20265g,YALI1_C28310p
YALI0C20273g,YALI1_C28370p
YALI0C20295g,YALI1_C28396p
YALI0C20317g,YALI1_C28412p
YALI0C20339g,YALI1_C28434p
YALI0C20361g,YALI1_C28456p
YALI0C20383g,YALI1_C28465p
YALI0C20405g,YALI1_C28479p
YALI0C20427g,YALI1_C28497p
YALI0C20449g,YALI1_C28513p
YALI0C20471g,YALI1_C28551p
YALI0C20493r,YALI1_C28573r
YALI0C20537r,YALI1_C28578r
YALI0C20581r,YALI1_C28581r
YALI0C20625g,YALI1_C28593p
YALI0C20647g,YALI1_C28611p
YALI0C20669g,YALI1_C28621p
,YALI1_C28661p
YALI0C20691g,YALI1_C28664p
YALI0C20713g,YALI1_C28686p
YALI0C20735g,YALI1_C28706p
YALI0C20757g,YALI1_C28716p
YALI0C20779g,YALI1_C28767p
YALI0C20801g,YALI1_C28817p
YALI0C20823g,YALI1_C28846p
YALI0C20834r,YALI1_C28860r
YALI0C20845r,YALI1_C28861r
YALI0C20889g,YALI1_C28879p
YALI0C20911g,YALI1_C28895p
YALI0C20922r,YALI1_C28922r
YALI0C20933g,YALI1_C28963p
YALI0C20955g,YALI1_C28997p
YALI0C20977g,YALI1_C29021p
YALI0C20999g,YALI1_C29052p
YALI0C21021g,YALI1_C29066p
YALI0C21043g,YALI1_C29080p
YALI0C21065g,YALI1_C29104p
YALI0C21087g,YALI1_C29141p
YALI0C21109g,YALI1_C29148p
YALI0C21131g,YALI1_C29158p
YALI0C21153g,YALI1_C29202p
YALI0C21186g,YALI1_C29261p
YALI0C21219g,YALI1_C29302p
YALI0C21252g,YALI1_C29344p
YALI0C21274g,YALI1_C29355p
,YALI1_C29365p
YALI0C21296g,YALI1_C29382p
YALI0C21318g,YALI1_C29402p
YALI0C21340g,YALI1_C29447p
,YALI1_C29485p
,YALI1_C29497p
YALI0C21362g,YALI1_C29506p
YALI0C21384g,YALI1_C29529p
YALI0C21406g,YALI1_C29538p
YALI0C21428g,YALI1_C29576p
YALI0C21450g,YALI1_C29584p
,YALI1_C29595p
YALI0C21472g,YALI1_C29618p
,YALI1_C29624p
,YALI1_C29628p
YALI0C21494g,YALI1_C29648p
YALI0C21516g,YALI1_C29676p
YALI0C21538g,YALI1_C29762p
YALI0C21560g,YALI1_C29810p
YALI0C21571r,YALI1_C29834r
,YALI1_C29837p
YALI0C21582g,YALI1_C29854p
YALI0C21604g,YALI1_C29902p
,YALI1_C29905p
,YALI1_C29910p
YALI0C21626g,YALI1_C29920p
YALI0C21648g,YALI1_C29926p
YALI0C21670g,YALI1_C29968p
YALI0C21692g,YALI1_C29983p
YALI0C21714r,YALI1_C29988r
YALI0C21736g,YALI1_C30007p
YALI0C21758g,YALI1_C30022p
,YALI1_C30052p
,YALI1_C30058p
YALI0C21780g,YALI1_C30078p
YALI0C21789g,YALI1_C30086p
YALI0C21802g,YALI1_C30119p
YALI0C21824g,YALI1_C30130p
YALI0C21846g,YALI1_C30181p
YALI0C21868g,YALI1_C30187p
YALI0C21890g,YALI1_C30205p
YALI0C21912g,YALI1_C30235p
YALI0C21934g,YALI1_C30255p
YALI0C21956g,YALI1_C30287p
YALI0C21978g,YALI1_C30310p
YALI0C22000g,YALI1_C30320p
YALI0C22022g,YALI1_C30367p
YALI0C22044g,YALI1_C30392p
YALI0C22066g,YALI1_C30399p
YALI0C22088g,YALI1_C30440p
YALI0C22121g,YALI1_C30454p
YALI0C22143g,YALI1_C30474p
YALI0C22165g,YALI1_C30514p
YALI0C22187g,YALI1_C30524p
YALI0C22209g,YALI1_C30541p
YALI0C22231g,YALI1_C30614p
YALI0C22253g,YALI1_C30632p
YALI0C22275g,YALI1_C30653p
,YALI1_C30665p
YALI0C22297g,YALI1_C30672p
YALI0C22319g,YALI1_C30683p
YALI0C22341g,YALI1_C30706p
,YALI1_C30726p
YALI0C22363g,YALI1_C30749p
,YALI1_C30760p
YALI0C22385g,YALI1_C30795p
YALI0C22394g,YALI1_C30805p
YALI0C22407g,YALI1_C30847p
YALI0C22417g,YALI1_C30856p
,YALI1_C30859p
YALI0C22462g,YALI1_C30884p
YALI0C22484g,YALI1_C30901p
,YALI1_C30910p
YALI0C22506g,YALI1_C30936p
YALI0C22528g,YALI1_C30946p
YALI0C22550g,YALI1_C30964p
YALI0C22572g,YALI1_C31047p
,YALI1_C31061p
,YALI1_C31067p
YALI0C22594g,YALI1_C31086p
YALI0C22616g,YALI1_C31122p
,YALI1_C31151p
YALI0C22638g,YALI1_C31163p
YALI0C22660g,YALI1_C31199p
YALI0C22682g,YALI1_C31243p
YALI0C22682g,YALI1_C31252p
YALI0C22704g,YALI1_C31281p
,YALI1_C31299p
,YALI1_C31308p
,YALI1_C31315p
YALI0C22719g,YALI1_C31363p
YALI0C22726g,YALI1_C31389p
YALI0C22748g,YALI1_C31408p
YALI0C22770g,YALI1_C31453p
YALI0C22792g,YALI1_C31510p
YALI0C22803r,YALI1_C31537r
YALI0C22814r,YALI1_C31538r
YALI0C22836g,YALI1_C31549p
YALI0C22858g,YALI1_C31576p
YALI0C22880g,YALI1_C31626p
YALI0C22924g,YALI1_C31649p
YALI0C22946g,YALI1_C31684p
YALI0C22968g,YALI1_C31759p
YALI0C22990g,YALI1_C31791p
,YALI1_C31793p
YALI0C23012r,YALI1_C31804r
YALI0C23034g,YALI1_C31830p
YALI0C23056g,YALI1_C31848p
YALI0C23078g,YALI1_C31888p
YALI0C23100g,YALI1_C31900p
YALI0C23122g,YALI1_C31918p
YALI0C23144g,YALI1_C31971p
YALI0C23166g,YALI1_C31989p
YALI0C23188g,YALI1_C32010p
YALI0C23210g,YALI1_C32031p
YALI0C23224g,YALI1_C32034p
YALI0C23232g,YALI1_C32049p
YALI0C23254g,YALI1_C32079p
YALI0C23276g,YALI1_C32106p
YALI0C23298g,YALI1_C32119p
YALI0C23320g,YALI1_C32137p
YALI0C23342g,YALI1_C32156p
YALI0C23364g,YALI1_C32184p
YALI0C23379g,YALI1_C32223p
YALI0C23386g,YALI1_C32253p
YALI0C23408g,YALI1_C32276p
YALI0C23430g,YALI1_C32294p
YALI0C23452g,YALI1_C32352p
YALI0C23474g,YALI1_C32392p
YALI0C23496g,YALI1_C32424p
YALI0C23518g,YALI1_C32461p
YALI0C23540g,YALI1_C32483p
YALI0C23562g,YALI1_C32496p
YALI0C23584g,YALI1_C32517p
,YALI1_C32558p
YALI0C23617g,YALI1_C32609p
YALI0C23639g,YALI1_C32633p
YALI0C23661g,YALI1_C32667p
YALI0C23683g,YALI1_C32706p
YALI0C23705g,YALI1_C32721p
YALI0C23727g,YALI1_C32737p
YALI0C23749g,YALI1_C32771p
YALI0C23771g,YALI1_C32786p
YALI0C23793g,YALI1_C32810p
YALI0C23815g,YALI1_C32823p
YALI0C23837g,YALI1_C32838p
,YALI1_C32844p
,YALI1_C32850p
YALI0C23859g,YALI1_C32886p
YALI0C23881g,YALI1_C32914p
YALI0C23903g,YALI1_C32921p
YALI0C23925g,YALI1_C32972p
YALI0C23947g,YALI1_C32975p
YALI0C23969g,YALI1_C33005p
YALI0C23991g,YALI1_C33055p
YALI0C24013g,YALI1_C33071p
YALI0C24035g,YALI1_C33086p
YALI0C24057g,YALI1_C33098p
YALI0C24079g,YALI1_C33100p
YALI0C24101g,YALI1_C33152p
YALI0C24123g,YALI1_C33193p
YALI0C24145g,YALI1_C33214p
YALI0C24167g,YALI1_C33217p
YALI0C24189g,YALI1_C33245p
YALI0C24211g,YALI1_C33254p
YALI0C24233g,YALI1_C33270p
YALI0C24255g,YALI1_C33299p
YALI0C24277g,YALI1_C33314p
YALI0C24299g,YALI1_C33332p
YALI0C24321g,YALI1_C33353p
YALI0C24332g,YALI1_C33354p
YALI0C24354g,YALI1_C33406p
YALI0C24376g,YALI1_C33427p
YALI0C24398g,YALI1_C33444p
YALI0C24420g,YALI1_C33458p
,YALI1_C33471p
,YALI1_C33513p
,YALI1_C33525p
,YALI1_C33545p
YALI0C24442g,YALI1_C33550p
YALI0C24442r,YALI1_C33579r
YALI0D00099r,YALI1_D00030r
YALI0D00110g,YALI1_D00040p
,YALI1_D00062p
YALI0D00132g,YALI1_D00094p
,YALI1_D00123p
YALI0D00154g,YALI1_D00145p
YALI0D00176g,YALI1_D00173p
YALI0D00198g,YALI1_D00221p
YALI0D00220g,YALI1_D00231p
YALI0D00231g,YALI1_D00232p
YALI0D00253g,YALI1_D00264p
YALI0D00275g,YALI1_D00273p
YALI0D00297g,YALI1_D00311p
YALI0D00319g,YALI1_D00326p
YALI0D00341g,YALI1_D00352p
YALI0D00363g,YALI1_D00376p
YALI0D00385g,YALI1_D00406p
,YALI1_D00412p
YALI0D00407g,YALI1_D00422p
YALI0D00429g,YALI1_D00449p
YALI0D00451g,YALI1_D00474p
YALI0D00473g,YALI1_D00487p
YALI0D00495g,YALI1_D00515p
YALI0D00517r,YALI1_D00534r
YALI0D00539g,YALI1_D00537p
YALI0D00561g,YALI1_D00577p
YALI0D00583g,YALI1_D00581p
YALI0D00605g,YALI1_D00614p
YALI0D00627g,YALI1_D00663p
,YALI1_D00673p
YALI0D00649g,YALI1_D00703p
YALI0D00671g,YALI1_D00724p
YALI0D00693g,YALI1_D00747p
YALI0D00715g,YALI1_D00754p
YALI0D00737g,YALI1_D00766p
YALI0D00759g,YALI1_D00798p
,YALI1_D00813p
YALI0D00781g,YALI1_D00824p
YALI0D00803g,YALI1_D00848p
YALI0D00825g,YALI1_D00888p
YALI0D00847g,YALI1_D00909p
YALI0D00869g,YALI1_D00929p
YALI0D00891g,YALI1_D00951p
YALI0D00913g,YALI1_D00973p
YALI0D00935g,YALI1_D00995p
YALI0D00957g,YALI1_D00996p
YALI0D00979g,YALI1_D01036p
YALI0D01001g,YALI1_D01066p
YALI0D01023g,YALI1_D01075p
YALI0D01045g,YALI1_D01094p
YALI0D01067g,YALI1_D01123p
YALI0D01089g,YALI1_D01188p
YALI0D01111g,YALI1_D01234p
YALI0D01133g,YALI1_D01298p
YALI0D01155g,YALI1_D01305p
YALI0D01177g,YALI1_D01317p
YALI0D01199g,YALI1_D01345p
,YALI1_D01350p
YALI0D01221g,YALI1_D01378p
YALI0D01243g,YALI1_D01404p
YALI0D01265g,YALI1_D01431p
,YALI1_D01456p
YALI0D01287g,YALI1_D01472p
YALI0D01309g,YALI1_D01489p
,YALI1_D01497p
YALI0D01331g,YALI1_D01515p
YALI0D01353g,YALI1_D01548p
YALI0D01375g,YALI1_D01581p
YALI0D01419g,YALI1_D01632p
YALI0D01441g,YALI1_D01676p
,YALI1_D01713p
YALI0D01463g,YALI1_D01739p
YALI0D01485g,YALI1_D01780p
YALI0D01507g,YALI1_D01786p
YALI0D01529g,YALI1_D01796p
YALI0D01551g,YALI1_D01819p
YALI0D01573g,YALI1_D01890p
,YALI1_D01905p
,YALI1_D01910p
,YALI1_D01930p
YALI0D01606g,YALI1_D01960p
YALI0D01628g,YALI1_D01967p
YALI0D01650r,YALI1_D01988r
YALI0D01694g,YALI1_D02000p
YALI0D01716g,YALI1_D02014p
YALI0D01738g,YALI1_D02041p
,YALI1_D02050p
YALI0D01760g,YALI1_D02063p
YALI0D01782g,YALI1_D02085p
YALI0D01804g,YALI1_D02087p
YALI0D01826r,YALI1_D02105r
,YALI1_D02109r
YALI0D01848r,YALI1_D02110r
YALI0D01892g,YALI1_D02137p
YALI0D01914g,YALI1_D02150p
YALI0D01936g,YALI1_D02180p
YALI0D01958g,YALI1_D02183p
YALI0D01980g,YALI1_D02206p
YALI0D02002g,YALI1_D02221p
YALI0D02024g,YALI1_D02275p
YALI0D02046g,YALI1_D02316p
YALI0D02068g,YALI1_D02345p
YALI0D02079g,YALI1_D02348p
YALI0D02101g,YALI1_D02362p
YALI0D02123g,YALI1_D02399p
YALI0D02145g,YALI1_D02416p
YALI0D02167g,YALI1_D02444p
,YALI1_D02488p
YALI0D02189g,YALI1_D02499p
YALI0D02211t,YALI1_D02508t
YALI0D02233g,YALI1_D02546p
YALI0D02255g,YALI1_D02563p
,YALI1_D02599p
,YALI1_D02611p
YALI0D02277g,YALI1_D02625p
,YALI1_D02636p
,YALI1_D02641p
,YALI1_D02655p
,YALI1_D02661p
,YALI1_D02680p
YALI0D02299g,YALI1_D02682p
,YALI1_D02710p
YALI0D02321g,YALI1_D02781p
YALI0D02343g,YALI1_D02804p
YALI0D02365g,YALI1_D02831p
YALI0D02387g,YALI1_D02852p
YALI0D26433g,YALI1_D02874t
YALI0D02431g,YALI1_D02895t
YALI0D02453g,YALI1_D02936p
YALI0D02475g,YALI1_D02990p
YALI0D02497g,YALI1_D03047p
YALI0D02519g,YALI1_D03061p
YALI0D02541t,YALI1_D03077t
YALI0D02563g,YALI1_D03091p
YALI0D02585g,YALI1_D03144p
YALI0D02607g,YALI1_D03167p
,YALI1_D03190p
,YALI1_D03216p
YALI0D02629g,YALI1_D03221p
YALI0D02651g,YALI1_D03245p
YALI0D02673g,YALI1_D03278p
,YALI1_D03320p
YALI0D02695g,YALI1_D03329p
YALI0D02717g,YALI1_D03380p
YALI0D02739g,YALI1_D03412p
,YALI1_D03437p
YALI0D02761g,YALI1_D03488p
YALI0D02783g,YALI1_D03561p
YALI0D02805g,YALI1_D03575p
YALI0D02827g,YALI1_D03604p
,YALI1_D03639p
YALI0D02849g,YALI1_D03647p
YALI0D02871g,YALI1_D03663p
YALI0D02893g,YALI1_D03701p
YALI0D02915g,YALI1_D03718p
YALI0D02937g,YALI1_D03756p
YALI0D02959g,YALI1_D03766p
YALI0D02981g,YALI1_D03805p
YALI0D02995g,YALI1_D03831p
YALI0D03025r,YALI1_D03852r
YALI0D03069g,YALI1_D03865p
YALI0D03091g,YALI1_D03888p
YALI0D03113g,YALI1_D03904p
YALI0D03135g,YALI1_D03952p
,YALI1_D03987p
YALI0D03157g,YALI1_D03990p
,YALI1_D04017p
,YALI1_D04030p
YALI0D03179g,YALI1_D04055p
YALI0D03201r,YALI1_D04082r
YALI0D03245g,YALI1_D04128p
YALI0D03267g,YALI1_D04186p
YALI0D03289t,YALI1_D04193t
YALI0D03311g,YALI1_D04204p
YALI0D03333g,YALI1_D04261p
,YALI1_D04270p
YALI0D03355g,YALI1_D04277p
YALI0D03399g,YALI1_D04331p
YALI0D03421r,YALI1_D04355r
YALI0D03465g,YALI1_D04370p
YALI0D03480g,YALI1_D04432p
,YALI1_D04447p
YALI0D03509g,YALI1_D04467p
YALI0D03531g,YALI1_D04469p
,YALI1_D04512p
YALI0D03575g,YALI1_D04533p
YALI0D03597g,YALI1_D04556p
YALI0D03619g,YALI1_D04566p
YALI0D03641g,YALI1_D04594p
YALI0D03663g,YALI1_D04636p
YALI0D03696g,YALI1_D04653p
YALI0D03718g,YALI1_D04680p
YALI0D03740g,YALI1_D04725p
YALI0D03762g,YALI1_D04772p
YALI0D03784g,YALI1_D04789p
YALI0D03806r,YALI1_D04808r
YALI0D03850r,YALI1_D04809r
YALI0D03888g,YALI1_D04814p
YALI0D03916g,YALI1_D04901p
YALI0D03938g,YALI1_D04910p
YALI0D03949g,YALI1_D04936p
YALI0D03960g,YALI1_D04969p
YALI0D03982g,YALI1_D04978p
,YALI1_D04997p
,YALI1_D05008p
YALI0D04004g,YALI1_D05019p
YALI0D04026g,YALI1_D05038p
YALI0D04048g,YALI1_D05070p
YALI0D04070g,YALI1_D05099p
YALI0D04092g,YALI1_D05111p
YALI0D04114g,YALI1_D05139p
YALI0D04136g,YALI1_D05195p
YALI0D04158g,YALI1_D05222p
YALI0D04180g,YALI1_D05244p
YALI0D04202g,YALI1_D05270p
YALI0D04224g,YALI1_D05286p
YALI0D04246g,YALI1_D05320p
YALI0D04268g,YALI1_D05343p
YALI0D04290g,YALI1_D05370p
YALI0D04312g,YALI1_D05375p
YALI0D04334g,YALI1_D05398p
YALI0D04356g,YALI1_D05414p
YALI0D04378g,YALI1_D05440p
YALI0D04400g,YALI1_D05450p
YALI0D04422g,YALI1_D05474p
YALI0D04444g,YALI1_D05538p
YALI0D04466g,YALI1_D05594p
YALI0D04488g,YALI1_D05633p
YALI0D04510g,YALI1_D05692p
YALI0D04532r,YALI1_D05699r
YALI0D04554g,YALI1_D05705p
YALI0D04576g,YALI1_D05736p
,YALI1_D05739p
YALI0D04598g,YALI1_D05764p
YALI0D04631r,YALI1_D05783r
YALI0D04675r,YALI1_D05795r
YALI0D04697g,YALI1_D05817p
YALI0D04719g,YALI1_D05822p
YALI0D04741g,YALI1_D05873p
,YALI1_D05892p
YALI0D04763g,YALI1_D05901p
YALI0D04785g,YALI1_D05956p
,YALI1_D05973p
,YALI1_D06026p
YALI0D04807g,YALI1_D06043p
YALI0D04829g,YALI1_D06061p
YALI0D04840r,YALI1_D06081r
,YALI1_D06094p
YALI0D04851g,YALI1_D06131p
,YALI1_D06152p
YALI0D04873g,YALI1_D06195p
YALI0D04884g,YALI1_D06233p
YALI0D04895g,YALI1_D06251p
YALI0D04917g,YALI1_D06276p
YALI0D04939g,YALI1_D06302p
YALI0D04961g,YALI1_D06311p
YALI0D04983g,YALI1_D06380p
YALI0D05005g,YALI1_D06408p
,YALI1_D06434p
,YALI1_D06442p
YALI0D05041g,YALI1_D06489p
,YALI1_D06545p
,YALI1_D06552p
YALI0D05049g,YALI1_D06572p
YALI0D05071g,YALI1_D06638p
YALI0D05093g,YALI1_D06665p
YALI0D05115r,YALI1_D06675r
YALI0D05137g,YALI1_D06682p
YALI0D05159g,YALI1_D06700p
YALI0D05181g,YALI1_D06736p
,YALI1_D06744p
YALI0D05203g,YALI1_D06756p
YALI0D05225r,YALI1_D06772r
,YALI1_D06774r
YALI0D05247g,YALI1_D06788p
YALI0D05269g,YALI1_D06805p
YALI0D05291g,YALI1_D06828p
YALI0D05313g,YALI1_D06859p
YALI0D05335g,YALI1_D06883p
YALI0D05357g,YALI1_D06904p
YALI0D05379g,YALI1_D06988p
YALI0D05401g,YALI1_D07049p
YALI0D05423r,YALI1_D07060r
YALI0D05445r,YALI1_D07061r
YALI0D05467g,YALI1_D07089p
YALI0D05489g,YALI1_D07118p
YALI0D05511g,YALI1_D07124p
YALI0D05533g,YALI1_D07149p
YALI0D05547g,YALI1_D07162p
YALI0D05577g,YALI1_D07182p
YALI0D05599g,YALI1_D07209p
YALI0D05621g,YALI1_D07232p
YALI0D05632g,YALI1_D07252p
,YALI1_D07257p
YALI0D05660r,YALI1_D07261r
YALI0D05665g,YALI1_D07271p
YALI0D05676g,YALI1_D07299p
,YALI1_D07310p
YALI0D05687g,YALI1_D07315p
,YALI1_D07335p
YALI0D05697g,YALI1_D07338p
,YALI1_D07344p
YALI0D05731g,YALI1_D07348p
YALI0D05753g,YALI1_D07379p
YALI0D05775g,YALI1_D07427p
YALI0D05797g,YALI1_D07451p
YALI0D05819g,YALI1_D07486p
,YALI1_D07496p
YALI0D05841g,YALI1_D07525p
YALI0D05863g,YALI1_D07549p
YALI0D05885r,YALI1_D07564r
YALI0D05929g,YALI1_D07576p
YALI0D26433g:2,YALI1_D07590t
YALI0D26444g,YALI1_D07612t
YALI0D05995g,YALI1_D07665p
YALI0D06017g,YALI1_D07696p
YALI0D06039g,YALI1_D07729p
YALI0D06061g,YALI1_D07775p
YALI0D06083g,YALI1_D07788p
YALI0D06105r,YALI1_D07812r
YALI0D06149g,YALI1_D07831p
YALI0D06171g,YALI1_D07888p
,YALI1_D07896p
,YALI1_D07930p
YALI0D06193g,YALI1_D07945p
YALI0D06215g,YALI1_D07981p
YALI0D06237g,YALI1_D08000p
YALI0D06259g,YALI1_D08031p
YALI0D06281g,YALI1_D08050p
YALI0D06303g,YALI1_D08082p
,YALI1_D08113p
YALI0D06325g,YALI1_D08125p
YALI0D06347g,YALI1_D08151p
YALI0D06369g,YALI1_D08174p
YALI0D06391g,YALI1_D08186p
YALI0D06405r,YALI1_D08195r
YALI0D06413g,YALI1_D08205p
,YALI1_D08239p
YALI0D06435g,YALI1_D08251p
YALI0D06457g,YALI1_D08285p
YALI0D06479g,YALI1_D08317p
,YALI1_D08323p
YALI0D06501g,YALI1_D08339p
YALI0D06523g,YALI1_D08360p
YALI0D06545g,YALI1_D08382p
YALI0D06567g,YALI1_D08402p
YALI0D06578g,YALI1_D08408p
YALI0D06589g,YALI1_D08429p
YALI0D06611g,YALI1_D08440p
YALI0D06633g,YALI1_D08460p
YALI0D06655g,YALI1_D08494p
YALI0D06688g,YALI1_D08564p
,YALI1_D08594p
YALI0D06710g,YALI1_D08621p
YALI0D06732g,YALI1_D08648p
YALI0D06754g,YALI1_D08684p
,YALI1_D08693p
YALI0D06776g,YALI1_D08715p
YALI0D06798g,YALI1_D08734p
YALI0D06820g,YALI1_D08749p
YALI0D06842g,YALI1_D08783p
YALI0D06864g,YALI1_D08798p
YALI0D06886g,YALI1_D08843p
YALI0D06908g,YALI1_D08850p
YALI0D06930g,YALI1_D08884p
YALI0D06952g,YALI1_D08910p
YALI0D06974g,YALI1_D08946p
YALI0D06996g,YALI1_D08971p
,YALI1_D08983p
YALI0D07018g,YALI1_D09000p
YALI0D07040g,YALI1_D09004p
YALI0D07062g,YALI1_D09034p
YALI0D07084g,YALI1_D09055p
YALI0D07106g,YALI1_D09068p
YALI0D07128g,YALI1_D09103p
YALI0D07150g,YALI1_D09140p
,YALI1_D09142p
,YALI1_D09162p
YALI0D07194g,YALI1_D09168p
YALI0D07216g,YALI1_D09203p
YALI0D07238g,YALI1_D09215p
YALI0D07260g,YALI1_D09238p
YALI0D07282g,YALI1_D09277p
,YALI1_D09285p
,YALI1_D09297p
YALI0D07304g,YALI1_D09308p
,YALI1_D09322p
,YALI1_D09326p
YALI0D07326g,YALI1_D09356p
,YALI1_D09382p
YALI0D07348g,YALI1_D09404p
,YALI1_D09417p
YALI0D07370g,YALI1_D09420p
YALI0D07392g,YALI1_D09453p
YALI0D07414g,YALI1_D09488p
,YALI1_D09493p
YALI0D07436g,YALI1_D09504p
YALI0D07458g,YALI1_D09534p
YALI0D07480g,YALI1_D09566p
YALI0D07502g,YALI1_D09623p
YALI0D07524g,YALI1_D09667p
YALI0D07535g,YALI1_D09712p
YALI0D07546g,YALI1_D09766p
YALI0D07568g,YALI1_D09785p
YALI0D07590g,YALI1_D09790p
YALI0D07612g,YALI1_D09831p
YALI0D07634g,YALI1_D09870p
YALI0D07656g,YALI1_D09897p
,YALI1_D09910p
,YALI1_D09916p
,YALI1_D09923p
YALI0D07678g,YALI1_D09956p
YALI0D07700g,YALI1_D09964p
YALI0D07722g,YALI1_D09996p
YALI0D07744g,YALI1_D10007p
YALI0D07766g,YALI1_D10022p
YALI0D07788g,YALI1_D10033p
YALI0D07810g,YALI1_D10067p
YALI0D07832g,YALI1_D10083p
YALI0D07854g,YALI1_D10102p
YALI0D07876g,YALI1_D10129p
YALI0D07890g,YALI1_D10135p
YALI0D07898g,YALI1_D10160p
YALI0D07920g,YALI1_D10192p
YALI0D07942g,YALI1_D10197p
YALI0D07964g,YALI1_D10226p
,YALI1_D10243p
YALI0D07986g,YALI1_D10264p
YALI0D08008r,YALI1_D10284r
YALI0D08052g,YALI1_D10304p
YALI0D08074r,YALI1_D10310r
YALI0D08118g,YALI1_D10316p
YALI0D08140g,YALI1_D10367p
YALI0D08162g,YALI1_D10424p
YALI0D08184g,YALI1_D10458p
YALI0D08206g,YALI1_D10495p
YALI0D08228g,YALI1_D10535p
,YALI1_D10547p
YALI0D08250g,YALI1_D10565p
YALI0D08272g,YALI1_D10600p
YALI0D08294g,YALI1_D10623p
YALI0D08316g,YALI1_D10668p
,YALI1_D10674p
YALI0D08338g,YALI1_D10693p
YALI0D08360g,YALI1_D10721p
YALI0D08382g,YALI1_D10768p
YALI0D08404g,YALI1_D10812p
YALI0D08419g,YALI1_D10829p
YALI0D08448g,YALI1_D10858p
YALI0D08470g,YALI1_D10865p
YALI0D08492g,YALI1_D10886p
YALI0D08514g,YALI1_D10930p
,YALI1_D10951p
YALI0D08536g,YALI1_D10961p
YALI0D08558g,YALI1_D11015p
YALI0D08580g,YALI1_D11034p
YALI0D08602g,YALI1_D11063p
,YALI1_D11068p
YALI0D08624g,YALI1_D11087p
YALI0D08635g,YALI1_D11091p
,YALI1_D11114p
YALI0D08646g,YALI1_D11115p
YALI0D08668g,YALI1_D11151p
YALI0D08690g,YALI1_D11159p
YALI0D08712g,YALI1_D11177p
YALI0D08734g,YALI1_D11203p
YALI0D08756g,YALI1_D11242p
YALI0D08778g,YALI1_D11256p
YALI0D08800g,YALI1_D11272p
,YALI1_D11278r
YALI0D08822g,YALI1_D11302p
YALI0D08844g,YALI1_D11343p
YALI0D08866g,YALI1_D11354p
YALI0D08888g,YALI1_D11368p
YALI0D08910g,YALI1_D11402p
YALI0D08932g,YALI1_D11406p
YALI0D08954g,YALI1_D11437p
YALI0D08976g,YALI1_D11442p
YALI0D08998g,YALI1_D11479p
YALI0D09020g,YALI1_D11486p
YALI0D09042g,YALI1_D11514p
YALI0D09064g,YALI1_D11542p
YALI0D09086g,YALI1_D11592p
YALI0D09119g,YALI1_D11614p
YALI0D09141g,YALI1_D11623p
YALI0D09163g,YALI1_D11633p
,YALI1_D11641p
YALI0D09185g,YALI1_D11653p
YALI0D09207g,YALI1_D11666p
YALI0D09229g,YALI1_D11686p
YALI0D09251g,YALI1_D11722p
,YALI1_D11756p
YALI0D09273g,YALI1_D11769p
YALI0D09295g,YALI1_D11810p
YALI0D09317g,YALI1_D11844p
,YALI1_D11913p
YALI0D09333g,YALI1_D11934p
YALI0D09339g,YALI1_D11937p
,YALI1_D11964p
,YALI1_D11971p
YALI0D09361g,YALI1_D11984p
YALI0D09383g,YALI1_D12028p
YALI0D09405r,YALI1_D12038r
YALI0D09427g,YALI1_D12050p
YALI0D09449g,YALI1_D12056p
YALI0D09471g,YALI1_D12074p
YALI0D09493g,YALI1_D12091p
YALI0D09515r,YALI1_D12100r
YALI0D09559r,YALI1_D12101r
YALI0D09581r,YALI1_D12115r
,YALI1_D12135p
YALI0D09603g,YALI1_D12147p
YALI0D09625g,YALI1_D12172p
YALI0D09647g,YALI1_D12198p
YALI0D09669g,YALI1_D12252p
YALI0D09691g,YALI1_D12271p
YALI0D09713g,YALI1_D12282p
YALI0D09735g,YALI1_D12315p
YALI0D09757g,YALI1_D12342p
YALI0D09779g,YALI1_D12355p
,YALI1_D12376p
YALI0D09801g,YALI1_D12403p
YALI0D09823g,YALI1_D12447p
YALI0D09845g,YALI1_D12483p
YALI0D09867g,YALI1_D12493p
YALI0D09889g,YALI1_D12513p
,YALI1_D12523p
YALI0D09911g,YALI1_D12543p
YALI0D09933g,YALI1_D12567p
,YALI1_D12587p
YALI0D09955g,YALI1_D12626p
YALI0D09977g,YALI1_D12630p
YALI0D09999g,YALI1_D12646p
YALI0D10021g,YALI1_D12690p
YALI0D10043g,YALI1_D12723p
YALI0D10065g,YALI1_D12750p
YALI0D10087g,YALI1_D12760p
YALI0D10104g,YALI1_D12790p
YALI0D10109g,YALI1_D12815p
YALI0D10131g,YALI1_D12832p
YALI0D10153g,YALI1_D12858p
,YALI1_D12871p
,YALI1_D12877p
YALI0D10175g,YALI1_D12880p
YALI0D10197r,YALI1_D12900r
YALI0D10215r,YALI1_D12901r
YALI0D10234g,YALI1_D12909p
YALI0D10263g,YALI1_D12930p
,YALI1_D12940p
YALI0D10274g,YALI1_D12956p
YALI0D10285g,YALI1_D12964p
YALI0D10307g,YALI1_D12996p
,YALI1_D13013p
YALI0D10329g,YALI1_D13019p
,YALI1_D13034r
,YALI1_D13042p
YALI0D10395r,YALI1_D13056r
YALI0D10417g,YALI1_D13071p
YALI0D10439r,YALI1_D13105r
YALI0D10461g,YALI1_D13108p
YALI0D10483g,YALI1_D13124p
YALI0D10505g,YALI1_D13126p
YALI0D10527g,YALI1_D13160p
YALI0D10549g,YALI1_D13201p
YALI0D10571g,YALI1_D13226p
YALI0D10593g,YALI1_D13238p
YALI0D10615g,YALI1_D13251p
YALI0D10626r,YALI1_D13271r
YALI0D10637r,YALI1_D13285r
YALI0D10659g,YALI1_D13298p
,YALI1_D13315p
YALI0D10681g,YALI1_D13341p
YALI0D10703g,YALI1_D13368p
YALI0D10725g,YALI1_D13388p
YALI0D10747g,YALI1_D13403p
YALI0D10769g,YALI1_D13450p
YALI0D10791g,YALI1_D13496p
YALI0D10813g,YALI1_D13510p
YALI0D10835g,YALI1_D13545p
YALI0D10857g,YALI1_D13574p
YALI0D10879g,YALI1_D13611p
YALI0D10901g,YALI1_D13679p
YALI0D10923g,YALI1_D13686p
YALI0D10945g,YALI1_D13707p
YALI0D10967g,YALI1_D13716p
YALI0D10989g,YALI1_D13788p
YALI0D11000g,YALI1_D13790p
YALI0D11022g,YALI1_D13816p
YALI0D11044g,YALI1_D13865p
YALI0D11066g,YALI1_D13871p
YALI0D11088g,YALI1_D13916p
YALI0D11110g,YALI1_D13963p
YALI0D11125g,YALI1_D13976p
YALI0D11132g,YALI1_D14004p
YALI0D11154r,YALI1_D14012r
YALI0D11176g,YALI1_D14058p
YALI0D11198g,YALI1_D14097p
YALI0D11220g,YALI1_D14104p
YALI0D11242g,YALI1_D14125p
YALI0D11264g,YALI1_D14156p
YALI0D11286g,YALI1_D14180p
YALI0D11308g,YALI1_D14190p
YALI0D11330g,YALI1_D14199p
YALI0D11352g,YALI1_D14224p
YALI0D11374g,YALI1_D14260p
YALI0D11396g,YALI1_D14276p
YALI0D11418g,YALI1_D14300p
YALI0D11440g,YALI1_D14304p
YALI0D11462g,YALI1_D14329p
YALI0D11484g,YALI1_D14333p
YALI0D11506g,YALI1_D14391p
YALI0D11528g,YALI1_D14400p
YALI0D11550g,YALI1_D14423p
YALI0D11572g,YALI1_D14424p
YALI0D11594g,YALI1_D14431p
YALI0D11616g,YALI1_D14453p
YALI0D11627g,YALI1_D14462p
YALI0D11638g,YALI1_D14477p
YALI0D11660g,YALI1_D14489p
YALI0D11682g,YALI1_D14500p
YALI0D11704g,YALI1_D14532p
YALI0D11726g,YALI1_D14560p
YALI0D11748g,YALI1_D14585p
YALI0D11770g,YALI1_D14609p
YALI0D11792g,YALI1_D14628p
YALI0D11814g,YALI1_D14639p
YALI0D11836g,YALI1_D14670p
YALI0D11858g,YALI1_D14695p
YALI0D11880g,YALI1_D14725p
YALI0D11924g,YALI1_D14805p
YALI0D11968g,YALI1_D14840p
YALI0D11990g,YALI1_D14866p
YALI0D12012g,YALI1_D14893p
YALI0D12034r,YALI1_D14896r
,YALI1_D14910p
YALI0D12056g,YALI1_D14915p
YALI0D12078g,YALI1_D14986p
YALI0D12100g,YALI1_D15030p
YALI0D12122g,YALI1_D15063p
YALI0D12144g,YALI1_D15114p
YALI0D12166g,YALI1_D15149p
YALI0D12188g,YALI1_D15181p
YALI0D12210g,YALI1_D15214p
YALI0D12232g,YALI1_D15245p
,YALI1_D15288p
YALI0D12254g,YALI1_D15296p
YALI0D12276g,YALI1_D15304p
YALI0D12298g,YALI1_D15317p
YALI0D12320g,YALI1_D15333p
,YALI1_D15345p
YALI0D12342g,YALI1_D15362p
YALI0D12364g,YALI1_D15367p
YALI0D12386g,YALI1_D15398p
YALI0D12400g,YALI1_D15424p
YALI0D12408g,YALI1_D15458p
YALI0D12430g,YALI1_D15506p
YALI0D12452g,YALI1_D15523p
,YALI1_D15557p
YALI0D12474g,YALI1_D15568p
YALI0D12496g,YALI1_D15597p
YALI0D12518g,YALI1_D15622p
YALI0D12540g,YALI1_D15692p
YALI0D12562g,YALI1_D15696p
YALI0D12584g,YALI1_D15734p
YALI0D12606g,YALI1_D15744p
YALI0D12628g,YALI1_D15792p
,YALI1_D15807p
YALI0D12661g,YALI1_D15848p
YALI0D12683g,YALI1_D15865p
YALI0D12705g,YALI1_D15897p
YALI0D12727g,YALI1_D15902p
YALI0D12749g,YALI1_D15937p
YALI0D12771g,YALI1_D15952p
YALI0D12793g,YALI1_D15963p
YALI0D12815g,YALI1_D15965p
YALI0D12837g,YALI1_D15974p
YALI0D12859g,YALI1_D15983p
YALI0D12881g,YALI1_D16009p
YALI0D12903g,YALI1_D16029p
YALI0D12925g,YALI1_D16047p
YALI0D12947g,YALI1_D16086p
YALI0D12969g,YALI1_D16118p
YALI0D13002g,YALI1_D16144p
YALI0D13024g,YALI1_D16151p
,YALI1_D16166p
YALI0D13046g,YALI1_D16173p
YALI0D13068g,YALI1_D16206p
YALI0D13090g,YALI1_D16236p
YALI0D13104g,YALI1_D16249p
YALI0D13112g,YALI1_D16290p
YALI0D13134g,YALI1_D16314p
,YALI1_D16329p
,YALI1_D16354p
YALI0D13156g,YALI1_D16370p
YALI0D13178g,YALI1_D16431p
YALI0D13200g,YALI1_D16441p
YALI0D13222g,YALI1_D16471p
YALI0D13255g,YALI1_D16531p
YALI0D13288g,YALI1_D16567p
YALI0D13310r,YALI1_D16577r
YALI0D13332r,YALI1_D16582r
YALI0D13376r,YALI1_D16587r
YALI0D13420r,YALI1_D16597r
YALI0D13442g,YALI1_D16609p
YALI0D13464g,YALI1_D16656p
YALI0D13486g,YALI1_D16672p
YALI0D13508g,YALI1_D16679p
YALI0D13530g,YALI1_D16709p
,YALI1_D16729p
YALI0D13552g,YALI1_D16756p
YALI0D13574g,YALI1_D16783p
YALI0D13596g,YALI1_D16809p
YALI0D13618g,YALI1_D16843p
YALI0D13640g,YALI1_D16864p
,YALI1_D16873p
,YALI1_D16879p
YALI0D13662g,YALI1_D16891p
YALI0D13684g,YALI1_D16932p
,YALI1_D16959p
YALI0D13706g,YALI1_D16981p
,YALI1_D16990p
,YALI1_D16997p
,YALI1_D17011p
YALI0D13728g,YALI1_D17030p
YALI0D13750g,YALI1_D17051p
YALI0D13772g,YALI1_D17090p
YALI0D13794g,YALI1_D17108p
YALI0D13838g,YALI1_D17151p
YALI0D13860g,YALI1_D17181p
,YALI1_D17190p
YALI0D13882g,YALI1_D17206p
YALI0D13904g,YALI1_D17249p
YALI0D13926r,YALI1_D17262r
YALI0D13948g,YALI1_D17268p
YALI0D13970g,YALI1_D17299p
YALI0D13992g,YALI1_D17336p
YALI0D14014r,YALI1_D17342r
YALI0D14058g,YALI1_D17355p
YALI0D14080g,YALI1_D17370p
YALI0D14102g,YALI1_D17410p
YALI0D14124r,YALI1_D17424r
YALI0D14168r,YALI1_D17428r
YALI0D14212r,YALI1_D17436r
YALI0D14256r,YALI1_D17445r
YALI0D14300g,YALI1_D17462p
YALI0D14322g,YALI1_D17482p
YALI0D14344g,YALI1_D17493p
YALI0D14366g,YALI1_D17507p
YALI0D14388g,YALI1_D17524p
,YALI1_D17542r
YALI0D14410g,YALI1_D17564p
YALI0D14432g,YALI1_D17577p
YALI0D14454g,YALI1_D17593p
YALI0D14476g,YALI1_D17620p
YALI0D14498g,YALI1_D17666p
YALI0D14520g,YALI1_D17710p
,YALI1_D17725p
,YALI1_D17731p
YALI0D14542g,YALI1_D17770p
YALI0D14564g,YALI1_D17795p
,YALI1_D17814p
YALI0D14586g,YALI1_D17829p
,YALI1_D17832p
,YALI1_D17836p
,YALI1_D17842p
,YALI1_D17844p
YALI0D14608g,YALI1_D17854p
YALI0D14630g,YALI1_D17885p
,YALI1_D17895p
YALI0D14652g,YALI1_D17899p
YALI0D14674g,YALI1_D17930p
YALI0D14696r,YALI1_D17943r
YALI0D14740g,YALI1_D17970p
YALI0D14762g,YALI1_D17983p
YALI0D14784g,YALI1_D18014p
YALI0D14806r,YALI1_D18034r
YALI0D14850g,YALI1_D18037p
,YALI1_D18048p
YALI0D14872g,YALI1_D18089p
,YALI1_D18115p
YALI0D14894g,YALI1_D18130p
YALI0D14916g,YALI1_D18167p
YALI0D14938r,YALI1_D18179r
YALI0D14982g,YALI1_D18190p
YALI0D15004g,YALI1_D18198p
YALI0D15026g,YALI1_D18251p
YALI0D15048g,YALI1_D18274p
,YALI1_D18332p
YALI0D15070g,YALI1_D18373p
YALI0D15092g,YALI1_D18383p
,YALI1_D18392p
YALI0D15114g,YALI1_D18408p
YALI0D15136g,YALI1_D18442p
YALI0D15158g,YALI1_D18475p
YALI0D15180g,YALI1_D18495p
YALI0D15224g,YALI1_D18510p
YALI0D15246g,YALI1_D18555p
,YALI1_D18566p
YALI0D15268g,YALI1_D18577p
YALI0D15304g,YALI1_D18623p
YALI0D15304g,YALI1_D18646p
YALI0D15312g,YALI1_D18673p
YALI0D15334g,YALI1_D18727p
YALI0D15356g,YALI1_D18770p
YALI0D15378g,YALI1_D18833p
YALI0D15400g,YALI1_D18845p
YALI0D15422g,YALI1_D18890p
YALI0D15444g,YALI1_D18943p
YALI0D15466g,YALI1_D18982p
YALI0D15488g,YALI1_D19008p
YALI0D15510g,YALI1_D19018p
YALI0D15532g,YALI1_D19039p
YALI0D15554g,YALI1_D19058p
YALI0D15576g,YALI1_D19087p
YALI0D15598g,YALI1_D19108p
YALI0D15620g,YALI1_D19110p
YALI0D15642g,YALI1_D19134p
,YALI1_D19174p
YALI0D15664g,YALI1_D19187p
,YALI1_D19213p
,YALI1_D19225p
YALI0D15686g,YALI1_D19228p
YALI0D15708g,YALI1_D19252p
YALI0D15730s,YALI1_D19262p
,YALI1_D19287p
YALI0D15752g,YALI1_D19306p
YALI0D15774g,YALI1_D19321p
YALI0D15796g,YALI1_D19338p
YALI0D15818g,YALI1_D19354p
YALI0D15840g,YALI1_D19365p
YALI0D15862g,YALI1_D19515p
,YALI1_D19562p
YALI0D15884r,YALI1_D19566r
YALI0D15906g,YALI1_D19623p
YALI0D15928g,YALI1_D19721p
YALI0D15972g,YALI1_D19775p
YALI0D16016g,YALI1_D19819p
,YALI1_D19829p
YALI0D16054t,YALI1_D19894t
,YALI1_D19899p
YALI0D16137g,YALI1_D19951p
YALI0D16159g,YALI1_D19971p
YALI0D16181g,YALI1_D19980p
YALI0D16203g,YALI1_D20007p
YALI0D16225g,YALI1_D20018p
YALI0D16247g,YALI1_D20050p
YALI0D16269g,YALI1_D20061p
YALI0D16280r,YALI1_D20080r
YALI0D16291g,YALI1_D20118p
YALI0D16313g,YALI1_D20164p
YALI0D16335g,YALI1_D20202p
YALI0D16357g,YALI1_D20222p
YALI0D16379g,YALI1_D20257p
YALI0D16401g,YALI1_D20304p
YALI0D16423g,YALI1_D20329p
,YALI1_D20347p
YALI0D16445g,YALI1_D20359p
YALI0D16467g,YALI1_D20381p
,YALI1_D20398p
YALI0D16489g,YALI1_D20413p
YALI0D16511r,YALI1_D20426r
YALI0D16533r,YALI1_D20436r
YALI0D16555r,YALI1_D20442r
YALI0D16599g,YALI1_D20457p
YALI0D16621r,YALI1_D20464r
YALI0D16643g,YALI1_D20473p
,YALI1_D20496p
,YALI1_D20505p
,YALI1_D20531p
YALI0D16665g,YALI1_D20534p
,YALI1_D20618p
,YALI1_D20637p
YALI0D16687g,YALI1_D20651p
YALI0D16709g,YALI1_D20662p
,YALI1_D20672p
YALI0D16753g,YALI1_D20676p
YALI0D16775g,YALI1_D20695p
YALI0D16797g,YALI1_D20706p
YALI0D16819g,YALI1_D20719p
YALI0D16841g,YALI1_D20758p
YALI0D16863g,YALI1_D20768p
,YALI1_D20784p
YALI0D16885g,YALI1_D20840p
YALI0D16907g,YALI1_D20844p
YALI0D16929g,YALI1_D20885p
YALI0D16940g,YALI1_D20886p
YALI0D16962g,YALI1_D20904p
YALI0D16984g,YALI1_D20931p
YALI0D17006g,YALI1_D20954p
,YALI1_D20968p
YALI0D17028g,YALI1_D20985p
YALI0D17050g,YALI1_D21022p
YALI0D17072g,YALI1_D21023p
YALI0D17086g,YALI1_D21031p
YALI0D17094g,YALI1_D21044p
YALI0D17116g,YALI1_D21076p
YALI0D17138g,YALI1_D21100p
YALI0D17160g,YALI1_D21120p
YALI0D17182g,YALI1_D21145p
YALI0D17204g,YALI1_D21167p
YALI0D17226g,YALI1_D21173p
YALI0D17248g,YALI1_D21191p
YALI0D17270g,YALI1_D21228p
YALI0D17292g,YALI1_D21256p
YALI0D17314g,YALI1_D21327p
YALI0D17336g,YALI1_D21373p
YALI0D17358r,YALI1_D21380r
YALI0D17380g,YALI1_D21385p
YALI0D17402g,YALI1_D21408p
YALI0D17424g,YALI1_D21424p
YALI0D17446g,YALI1_D21458p
YALI0D17468g,YALI1_D21464p
YALI0D17490g,YALI1_D21476p
YALI0D17512g,YALI1_D21501p
YALI0D17534g,YALI1_D21511p
YALI0D17556g,YALI1_D21543p
YALI0D17578g,YALI1_D21553p
YALI0D17600g,YALI1_D21565p
YALI0D17622g,YALI1_D21586p
YALI0D17644g,YALI1_D21599p
YALI0D17666g,YALI1_D21610p
YALI0D17688g,YALI1_D21631p
,YALI1_D21648p
YALI0D17710g,YALI1_D21667p
YALI0D17732g,YALI1_D21702p
,YALI1_D21795p
YALI0D17754g,YALI1_D21830p
YALI0D17776g,YALI1_D21847p
,YALI1_D21851t
,YALI1_D21857t
,YALI1_D21938p
,YALI1_D21968p
,YALI1_D21974p
,YALI1_D21978p
YALI0D17798g,YALI1_D21986p
,YALI1_D22018p
,YALI1_D22043p
YALI0D17820g,YALI1_D22044p
YALI0D17820g,YALI1_D22053p
YALI0D17842g,YALI1_D22083p
YALI0D17864g,YALI1_D22124p
,YALI1_D22143p
,YALI1_D22145p
YALI0D17886g,YALI1_D22157p
YALI0D17908r,YALI1_D22199r
,YALI1_D22208p
YALI0D17930g,YALI1_D22237p
YALI0D17952g,YALI1_D22247p
YALI0D17974g,YALI1_D22274p
YALI0D17988g,YALI1_D22313p
,YALI1_D22319p
YALI0D17996g,YALI1_D22342p
YALI0D18018g,YALI1_D22368p
YALI0D18040g,YALI1_D22401p
YALI0D18062g,YALI1_D22413p
,YALI1_D22471p
,YALI1_D22476p
,YALI1_D22485p
,YALI1_D22538p
YALI0D18084g,YALI1_D22568p
YALI0D18106g,YALI1_D22636p
YALI0D18128g,YALI1_D22663p
,YALI1_D22691p
YALI0D18150g,YALI1_D22704p
YALI0D18172g,YALI1_D22727p
YALI0D18194g,YALI1_D22759p
YALI0D18216g,YALI1_D22768p
YALI0D18249g,YALI1_D22804p
YALI0D18271g,YALI1_D22834p
YALI0D18293g,YALI1_D22864p
YALI0D18315g,YALI1_D22888p
YALI0D18337g,YALI1_D22906p
,YALI1_D22922p
,YALI1_D22932p
YALI0D18359g,YALI1_D22961p
YALI0D18381g,YALI1_D22997p
YALI0D18403g,YALI1_D23067p
YALI0D18436g,YALI1_D23094p
YALI0D18458g,YALI1_D23128p
YALI0D18480g,YALI1_D23142p
YALI0D18502g,YALI1_D23169p
YALI0D18546g,YALI1_D23224p
,YALI1_D23235p
YALI0D18568g,YALI1_D23237p
YALI0D18590g,YALI1_D23265p
YALI0D18612g,YALI1_D23274p
YALI0D18634g,YALI1_D23337p
,YALI1_D23359p
YALI0D18656g,YALI1_D23377p
YALI0D18678g,YALI1_D23479p
,YALI1_D23524p
,YALI1_D23550p
,YALI1_D23561p
YALI0D18700g,YALI1_D23575p
,YALI1_D23612p
YALI0D18722g,YALI1_D23622p
YALI0D18744g,YALI1_D23653p
,YALI1_D23668p
YALI0D18766g,YALI1_D23688p
YALI0D18788g,YALI1_D23693p
,YALI1_D23721p
YALI0D18810g,YALI1_D23730p
YALI0D18832g,YALI1_D23753p
YALI0D18854g,YALI1_D23785p
,YALI1_D23845t
YALI0D26433g:3,YALI1_D23866t
YALI0D18876g,YALI1_D23885p
YALI0D18898g,YALI1_D23934p
YALI0D18920g,YALI1_D23995p
YALI0D18942g,YALI1_D24026p
,YALI1_D24037p
YALI0D18964g,YALI1_D24054p
YALI0D18986g,YALI1_D24069p
YALI0D19008g,YALI1_D24095p
YALI0D19030g,YALI1_D24109p
YALI0D19052g,YALI1_D24127p
,YALI1_D24130p
YALI0D19074g,YALI1_D24138p
YALI0D19096g,YALI1_D24182p
YALI0D19118g,YALI1_D24225p
YALI0D19140g,YALI1_D24249p
YALI0D19162g,YALI1_D24308p
YALI0D19184g,YALI1_D24333p
YALI0D19206g,YALI1_D24361p
YALI0D19228g,YALI1_D24375p
YALI0D19250g,YALI1_D24387p
YALI0D19272g,YALI1_D24398p
YALI0D19294g,YALI1_D24425p
,YALI1_D24435r
YALI0D19305r,YALI1_D24436r
,YALI1_D24466p
,YALI1_D24490p
,YALI1_D24505p
YALI0D19316g,YALI1_D24508p
YALI0D19338g,YALI1_D24546p
YALI0D19360g,YALI1_D24580p
YALI0D19382g,YALI1_D24626p
YALI0D19426g,YALI1_D24649p
YALI0D19448g,YALI1_D24687p
YALI0D19470g,YALI1_D24718p
,YALI1_D24719p
YALI0D19492g,YALI1_D24745p
YALI0D19514g,YALI1_D24751p
YALI0D19536g,YALI1_D24770p
,YALI1_D24809p
YALI0D19558g,YALI1_D24836p
YALI0D19580g,YALI1_D24892p
YALI0D19602g,YALI1_D24918p
YALI0D19624g,YALI1_D24941p
YALI0D19646g,YALI1_D24961p
YALI0D19668t,YALI1_D24982t
YALI0D19690r,YALI1_D24985r
YALI0D19734g,YALI1_D24997p
,YALI1_D25006p
YALI0D19756g,YALI1_D25037p
,YALI1_D25063p
YALI0D19778g,YALI1_D25104p
YALI0D19822g,YALI1_D25137p
YALI0D19844g,YALI1_D25151p
,YALI1_D25175p
YALI0D19866g,YALI1_D25178p
YALI0D19888g,YALI1_D25208p
YALI0D19910g,YALI1_D25216p
YALI0D19932g,YALI1_D25233p
YALI0D19954g,YALI1_D25250p
YALI0D19976g,YALI1_D25255p
YALI0D19998g,YALI1_D25288p
YALI0D20020g,YALI1_D25289p
YALI0D20042g,YALI1_D25330p
,YALI1_D25337p
YALI0D20064g,YALI1_D25359p
YALI0D20086g,YALI1_D25370p
YALI0D20108g,YALI1_D25400p
YALI0D20130g,YALI1_D25419p
YALI0D20152g,YALI1_D25450p
YALI0D20174g,YALI1_D25472p
YALI0D20196g,YALI1_D25529p
,YALI1_D25563p
YALI0D20218g,YALI1_D25606p
YALI0D20240g,YALI1_D25616p
YALI0D20262g,YALI1_D25664p
YALI0D20284r,YALI1_D25680r
YALI0D20306g,YALI1_D25715p
YALI0D20328g,YALI1_D25744p
YALI0D20350g,YALI1_D25786p
YALI0D20394g,YALI1_D25813p
,YALI1_D25831p
YALI0D20416g,YALI1_D25851p
,YALI1_D25856p
,YALI1_D25877p
,YALI1_D25885p
YALI0D20438g,YALI1_D25899p
YALI0D20460g,YALI1_D25968p
YALI0D20482g,YALI1_D26006p
,YALI1_D26030p
YALI0D20504g,YALI1_D26036p
YALI0D20526g,YALI1_D26051p
,YALI1_D26064p
,YALI1_D26082p
YALI0D20548g,YALI1_D26084p
YALI0D20570g,YALI1_D26114p
YALI0D20592g,YALI1_D26142p
YALI0D20614g,YALI1_D26146p
YALI0D20636g,YALI1_D26186p
YALI0D20658g,YALI1_D26218p
,YALI1_D26242p
YALI0D20680g,YALI1_D26263p
YALI0D20702g,YALI1_D26316p
YALI0D20724g,YALI1_D26320p
YALI0D20746r,YALI1_D26336r
YALI0D20768g,YALI1_D26360p
YALI0D20790g,YALI1_D26394p
,YALI1_D26409p
YALI0D20834g,YALI1_D26438p
,YALI1_D26454p
YALI0D20856g,YALI1_D26467p
YALI0D20878g,YALI1_D26496p
YALI0D20900g,YALI1_D26511p
YALI0D20922g,YALI1_D26529p
YALI0D20944g,YALI1_D26559p
YALI0D20966g,YALI1_D26586p
YALI0D21010g,YALI1_D26610p
YALI0D21032g,YALI1_D26639p
YALI0D21076g,YALI1_D26666p
YALI0D21098g,YALI1_D26671p
YALI0D21120g,YALI1_D26721p
YALI0D21142g,YALI1_D26730p
,YALI1_D26749p
YALI0D21164g,YALI1_D26759p
YALI0D21186g,YALI1_D26765p
YALI0D21197r,YALI1_D26787r
YALI0D21208g,YALI1_D26808p
YALI0D21230g,YALI1_D26844p
,YALI1_D26934p
,YALI1_D26943p
YALI0D21318g,YALI1_D26956p
YALI0D21329g,YALI1_D26963p
YALI0D21340g,YALI1_D26978p
,YALI1_D26988p
YALI0D21362g,YALI1_D26993p
YALI0D21384g,YALI1_D27044p
YALI0D21406g,YALI1_D27057p
YALI0D21428g,YALI1_D27068p
YALI0D21450g,YALI1_D27074p
YALI0D21472g,YALI1_D27100p
YALI0D21494g,YALI1_D27126p
,YALI1_D27133p
YALI0D21530g,YALI1_D27148p
YALI0D21538g,YALI1_D27163p
YALI0D21560g,YALI1_D27181p
YALI0D21582g,YALI1_D27235p
YALI0D21593g,YALI1_D27251p
YALI0D21604g,YALI1_D27274p
YALI0D21626g,YALI1_D27297p
YALI0D21648g,YALI1_D27324p
YALI0D21670g,YALI1_D27339p
YALI0D21684g,YALI1_D27385p
YALI0D21692g,YALI1_D27450p
YALI0D21725g,YALI1_D27500p
YALI0D21769g,YALI1_D27547p
YALI0D21802g,YALI1_D27599p
YALI0D21890g,YALI1_D27637p
YALI0D21912g,YALI1_D27718p
YALI0D21934g,YALI1_D27748p
YALI0D21956g,YALI1_D27762p
,YALI1_D27765p
YALI0D21978g,YALI1_D27780p
YALI0D22000g,YALI1_D27808p
YALI0D22022g,YALI1_D27826p
YALI0D22044g,YALI1_D27844p
YALI0D22066g,YALI1_D27867p
YALI0D22088g,YALI1_D27884p
YALI0D22110g,YALI1_D27912p
,YALI1_D27934p
,YALI1_D27946p
YALI0D22132g,YALI1_D27995p
YALI0D22154g,YALI1_D28003p
YALI0D22176r,YALI1_D28030r
YALI0D22220g,YALI1_D28033p
,YALI1_D28062p
YALI0D22242g,YALI1_D28064p
YALI0D22264g,YALI1_D28087p
YALI0D22286g,YALI1_D28150p
YALI0D22308g,YALI1_D28213p
YALI0D22330g,YALI1_D28221p
,YALI1_D28242p
,YALI1_D28259p
YALI0D22352g,YALI1_D28273p
YALI0D22374r,YALI1_D28307r
YALI0D22396g,YALI1_D28351p
,YALI1_D28354p
,YALI1_D28383p
YALI0D22418g,YALI1_D28404p
,YALI1_D28437p
YALI0D22440g,YALI1_D28518p
YALI0D22462g,YALI1_D28537p
YALI0D22484g,YALI1_D28569p
YALI0D22506g,YALI1_D28630p
YALI0D22520g,YALI1_D28646p
YALI0D22550g,YALI1_D28726p
,YALI1_D28782p
YALI0D22572g,YALI1_D28825p
YALI0D22594g,YALI1_D28842p
YALI0D22616g,YALI1_D28890p
YALI0D22638g,YALI1_D28934p
,YALI1_D28963p
,YALI1_D28973p
,YALI1_D28993p
,YALI1_D28999p
,YALI1_D29013p
,YALI1_D29020p
,YALI1_D29053p
,YALI1_D29074p
,YALI1_D29081p
YALI0D22660g,YALI1_D29109p
YALI0D22682g,YALI1_D29203p
YALI0D22704r,YALI1_D29211r
,YALI1_D29215p
YALI0D22748g,YALI1_D29237p
YALI0D22770g,YALI1_D29279p
YALI0D22803g,YALI1_D29335p
YALI0D22825g,YALI1_D29371p
YALI0D22847g,YALI1_D29419p
YALI0D22869g,YALI1_D29457p
YALI0D22891g,YALI1_D29481p
YALI0D22905r,YALI1_D29500r
YALI0D22913g,YALI1_D29523p
YALI0D22935g,YALI1_D29549p
,YALI1_D29595p
YALI0D22957g,YALI1_D29626p
,YALI1_D29630p
YALI0D22979g,YALI1_D29668p
YALI0D23001g,YALI1_D29699p
YALI0D23023g,YALI1_D29703p
YALI0D23045g,YALI1_D29728p
YALI0D23067g,YALI1_D29768p
YALI0D23089r,YALI1_D29803r
YALI0D23133g,YALI1_D29831p
,YALI1_D29841p
YALI0D23155g,YALI1_D29852p
YALI0D23177g,YALI1_D29910p
,YALI1_D29939p
YALI0D23199g,YALI1_D29951p
YALI0D23221g,YALI1_D29966p
YALI0D23243g,YALI1_D29994p
,YALI1_D30003p
YALI0D23265g,YALI1_D30058p
YALI0D23287g,YALI1_D30097p
YALI0D23309g,YALI1_D30161p
YALI0D23331g,YALI1_D30196p
YALI0D23353g,YALI1_D30224p
YALI0D23375g,YALI1_D30230p
,YALI1_D30241p
YALI0D23386g,YALI1_D30249p
YALI0D23397g,YALI1_D30256p
YALI0D23419g,YALI1_D30285p
YALI0D23441g,YALI1_D30319p
YALI0D23463g,YALI1_D30324p
,YALI1_D30383p
,YALI1_D30395p
YALI0D23507r,YALI1_D30444r
YALI0D23485g,YALI1_D30420p
YALI0D23551g,YALI1_D30459p
YALI0D23573g,YALI1_D30474p
,YALI1_D30482p
YALI0D23595g,YALI1_D30506p
,YALI1_D30526p
YALI0D23617g,YALI1_D30540p
YALI0D23639g,YALI1_D30570p
YALI0D23661g,YALI1_D30593p
YALI0D23683g,YALI1_D30618p
YALI0D23705g,YALI1_D30653p
,YALI1_D30685p
YALI0D23727g,YALI1_D30705p
YALI0D23749g,YALI1_D30781p
YALI0D23760r,YALI1_D30826p
YALI0D23771g,YALI1_D30843p
YALI0D23793g,YALI1_D30850p
,YALI1_D30866p
YALI0D23815g,YALI1_D30899p
YALI0D23859g,YALI1_D30922p
YALI0D23881g,YALI1_D30941p
YALI0D23903g,YALI1_D30999p
YALI0D23925g,YALI1_D31083p
YALI0D23947g,YALI1_D31155p
YALI0D23969g,YALI1_D31186p
YALI0D23991g,YALI1_D31258p
YALI0D24013r,YALI1_D31261r
YALI0D24035g,YALI1_D31274p
,YALI1_D31371p
,YALI1_D31376p
YALI0D24057g,YALI1_D31387p
YALI0D24079g,YALI1_D31402p
YALI0D24101g,YALI1_D31482p
,YALI1_D31490p
,YALI1_D31526p
YALI0D24123g,YALI1_D31568p
YALI0D24145g,YALI1_D31624p
YALI0D24167g,YALI1_D31672p
YALI0D24189g,YALI1_D31719p
,YALI1_D31777p
YALI0D24211g,YALI1_D31823p
YALI0D24233g,YALI1_D31866p
YALI0D24255r,YALI1_D31884r
YALI0D24277g,YALI1_D31914p
,YALI1_D31948p
,YALI1_D31981p
YALI0D24299g,YALI1_D32002p
YALI0D24321g,YALI1_D32013p
,YALI1_D32024p
YALI0D24343g,YALI1_D32070p
YALI0D24365g,YALI1_D32111p
YALI0D24387g,YALI1_D32153p
,YALI1_D32181p
,YALI1_D32195p
YALI0D24409g,YALI1_D32209p
YALI0D24431g,YALI1_D32268p
YALI0D24453g,YALI1_D32316p
,YALI1_D32342p
YALI0D24475g,YALI1_D32369p
YALI0D24497g,YALI1_D32424p
YALI0D24519g,YALI1_D32435p
,YALI1_D32455p
,YALI1_D32462p
YALI0D24541g,YALI1_D32468p
,YALI1_D32487p
,YALI1_D32494p
YALI0D24563g,YALI1_D32519p
YALI0D24585g,YALI1_D32550p
YALI0D24607g,YALI1_D32568p
YALI0D24629g,YALI1_D32594p
YALI0D24651g,YALI1_D32619p
YALI0D24673g,YALI1_D32663p
YALI0D24728g,YALI1_D32695p
YALI0D24750g,YALI1_D32754p
YALI0D24772g,YALI1_D32812p
YALI0D24816g,YALI1_D32832p
,YALI1_D32848p
,YALI1_D32854p
YALI0D24830g,YALI1_D32880p
,YALI1_D32933p
YALI0D24849g,YALI1_D32934p
,YALI1_D32939p
YALI0D24860g,YALI1_D32958p
YALI0D24926g,YALI1_D33042p
YALI0D24948g,YALI1_D33087p
YALI0D24970g,YALI1_D33105p
,YALI1_D33111p
YALI0D24992g,YALI1_D33119p
YALI0D25014g,YALI1_D33168p
,YALI1_D33179p
,YALI1_D33191p
YALI0D25036g,YALI1_D33207p
YALI0D25058g,YALI1_D33229p
YALI0D25080g,YALI1_D33274p
,YALI1_D33289p
YALI0D25102g,YALI1_D33307p
YALI0D25124g,YALI1_D33321p
YALI0D25146g,YALI1_D33350p
,YALI1_D33364p
YALI0D25168g,YALI1_D33380p
,YALI1_D33397p
YALI0D25190g,YALI1_D33418p
YALI0D25212g,YALI1_D33428p
YALI0D25234g,YALI1_D33465p
YALI0D25256g,YALI1_D33504p
YALI0D25278g,YALI1_D33552p
YALI0D25300r,YALI1_D33579r
YALI0D25322g,YALI1_D33599p
YALI0D25344g,YALI1_D33640p
YALI0D25366g,YALI1_D33653p
YALI0D25388g,YALI1_D33696p
,YALI1_D33717p
YALI0D25454g,YALI1_D33735p
,YALI1_D33763p
YALI0D25476g,YALI1_D33780p
YALI0D25498g,YALI1_D33820p
YALI0D25520g,YALI1_D33835p
,YALI1_D33843p
YALI0D25542g,YALI1_D33879p
YALI0D25564g,YALI1_D33889p
,YALI1_D33901p
YALI0D25586g,YALI1_D33919p
YALI0D25608g,YALI1_D33941p
YALI0D25630g,YALI1_D33961p
YALI0D25652g,YALI1_D33978p
YALI0D25674g,YALI1_D33988p
YALI0D25696g,YALI1_D34022p
YALI0D25718g,YALI1_D34043p
YALI0D25740g,YALI1_D34057p
,YALI1_D34061p
YALI0D25762g,YALI1_D34078p
,YALI1_D34090p
YALI0D25784g,YALI1_D34106p
YALI0D25806g,YALI1_D34119p
YALI0D25828g,YALI1_D34149p
YALI0D25850g,YALI1_D34213p
YALI0D25872g,YALI1_D34232p
YALI0D25894g,YALI1_D34258p
YALI0D25916g,YALI1_D34270p
YALI0D25938g,YALI1_D34288p
YALI0D25960g,YALI1_D34353p
YALI0D26015g,YALI1_D34395p
YALI0D26026r,YALI1_D34421r
YALI0D26037r,YALI1_D34422r
YALI0D26081g,YALI1_D34446p
YALI0D26103g,YALI1_D34487p
YALI0D26125g,YALI1_D34508p
YALI0D26147g,YALI1_D34529p
,YALI1_D34573p
YALI0D26169g,YALI1_D34594p
YALI0D26191g,YALI1_D34610p
YALI0D26191g,YALI1_D34621p
YALI0D26213g,YALI1_D34643p
YALI0D26235g,YALI1_D34684p
YALI0D26257g,YALI1_D34710p
YALI0D26279g,YALI1_D34739p
YALI0D26301g,YALI1_D34758p
YALI0D26315g,YALI1_D34785p
YALI0D26323g,YALI1_D34840p
YALI0D26345g,YALI1_D34860p
YALI0D26367g,YALI1_D34865p
YALI0D26389g,YALI1_D34893p
,YALI1_D34907p
,YALI1_D34916p
YALI0D26411g,YALI1_D34933p
YALI0D26466g,YALI1_D34980p
YALI0D26488g,YALI1_D35025p
YALI0D26510g,YALI1_D35061p
YALI0D26532g,YALI1_D35096p
YALI0D26554g,YALI1_D35119p
YALI0D26576g,YALI1_D35126p
YALI0D26598g,YALI1_D35143p
YALI0D26620g,YALI1_D35148p
YALI0D26642g,YALI1_D35190p
YALI0D26664g,YALI1_D35210p
YALI0D26686g,YALI1_D35228p
YALI0D26730g,YALI1_D35258p
YALI0D26752g,YALI1_D35322p
,YALI1_D35325p
,YALI1_D35334p
,YALI1_D35339p
YALI0D26818g,YALI1_D35356p
YALI0D26840g,YALI1_D35394p
YALI0D26862g,YALI1_D35398p
YALI0D26884g,YALI1_D35424p
YALI0D26906g,YALI1_D35435p
YALI0D26928g,YALI1_D35443p
YALI0D26950g,YALI1_D35484p
YALI0D26972g,YALI1_D35509p
YALI0D26994g,YALI1_D35575p
YALI0D27016g,YALI1_D35593p
,YALI1_D35624p
YALI0D27038g,YALI1_D35635p
YALI0D27060g,YALI1_D35669p
YALI0D27082g,YALI1_D35711p
YALI0D27104g,YALI1_D35718p
YALI0D27126g,YALI1_D35735p
YALI0D27148g,YALI1_D35768p
YALI0D27170g,YALI1_D35787p
YALI0D27192g,YALI1_D35809p
YALI0D27214g,YALI1_D35852p
YALI0D27236g,YALI1_D35870p
YALI0D27258g,YALI1_D35907p
YALI0D27280g,YALI1_D35911p
YALI0D27302g,YALI1_D35945p
YALI0D27324g,YALI1_D35965p
YALI0D27346g,YALI1_D35966p
,YALI1_D36035p
,YALI1_D36100p
,YALI1_D36122p
,YALI1_D36137p
,YALI1_D36161p
,YALI1_D36182p
,YALI1_D36215p
,YALI1_D36255p
,YALI1_D36267p
YALI0D00110g:2,YALI1_D36286p
,YALI1_E00012p
,YALI1_E00019p
,YALI1_E00040p
,YALI1_E00115p
,YALI1_E00179p
,YALI1_E00239p
,YALI1_E00258r
,YALI1_E00280p
,YALI1_E00306p
,YALI1_E00318p
,YALI1_E00337p
,YALI1_E00340p
,YALI1_E00349p
,YALI1_E00358p
,YALI1_E00375r
YALI0E00110g,YALI1_E00389p
YALI0E00132g,YALI1_E00412p
YALI0E00154g,YALI1_E00437p
YALI0E00176g,YALI1_E00510p
,YALI1_E00527p
YALI0E00198g,YALI1_E00533p
YALI0E00220g,YALI1_E00551p
YALI0E00242g,YALI1_E00574p
YALI0E00264g,YALI1_E00588p
YALI0E00286g,YALI1_E00613p
YALI0E00308g,YALI1_E00628p
,YALI1_E00659p
YALI0E00330g,YALI1_E00680p
,YALI1_E00695p
YALI0E00352r,YALI1_E00741r
YALI0E00374r,YALI1_E00742r
YALI0E00396g,YALI1_E00746p
YALI0E00418g,YALI1_E00760p
YALI0E00440r,YALI1_E00811r
YALI0E00462g,YALI1_E00824p
YALI0E00484g,YALI1_E00869p
YALI0E00506g,YALI1_E00872p
YALI0E00528g,YALI1_E00907p
YALI0E00550g,YALI1_E00928p
YALI0E00572g,YALI1_E00948p
YALI0E00594g,YALI1_E00963p
YALI0E00616g,YALI1_E00986p
YALI0E00638g,YALI1_E01019p
YALI0E00660g,YALI1_E01033p
YALI0E00682g,YALI1_E01057p
YALI0E00704g,YALI1_E01081p
YALI0E00726g,YALI1_E01105p
YALI0E00748g,YALI1_E01133p
YALI0E00770g,YALI1_E01159p
,YALI1_E01163p
YALI0E00792g,YALI1_E01193p
YALI0E00814g,YALI1_E01213p
YALI0E00836g,YALI1_E01235p
YALI0E00858g,YALI1_E01251p
YALI0E00880g,YALI1_E01286p
YALI0E00902g,YALI1_E01299p
YALI0E00924g,YALI1_E01352p
YALI0E00946g,YALI1_E01392p
YALI0E00968g,YALI1_E01422p
,YALI1_E01432p
YALI0E00990g,YALI1_E01463p
YALI0E01012g,YALI1_E01491p
YALI0E01034g,YALI1_E01530p
YALI0E01056g,YALI1_E01589p
YALI0E01078g,YALI1_E01614p
YALI0E01100g,YALI1_E01623p
YALI0E01122g,YALI1_E01649p
YALI0E01144g,YALI1_E01657p
YALI0E01166g,YALI1_E01689p
YALI0E01188g,YALI1_E01694p
YALI0E01210g,YALI1_E01741p
YALI0E01232g,YALI1_E01778p
YALI0E01254g,YALI1_E01793p
YALI0E01276g,YALI1_E01798p
YALI0E01298g,YALI1_E01865p
,YALI1_E01877p
YALI0E01320g,YALI1_E01885p
YALI0E01342r,YALI1_E01888r
YALI0E01364g,YALI1_E01904p
YALI0E01386g,YALI1_E01935p
YALI0E01408g,YALI1_E01947p
YALI0E01422r,YALI1_E01971r
YALI0E01430g,YALI1_E02000p
YALI0E01452g,YALI1_E02007p
YALI0E01474g,YALI1_E02046p
YALI0E01496g,YALI1_E02056p
YALI0E01518g,YALI1_E02102p
YALI0E01540g,YALI1_E02121p
YALI0E01562g,YALI1_E02143p
YALI0E01584g,YALI1_E02162p
YALI0E01606g,YALI1_E02183p
YALI0E01628g,YALI1_E02203p
YALI0E01650g,YALI1_E02231p
YALI0E01672g,YALI1_E02239p
YALI0E01694g,YALI1_E02265p
YALI0E01716r,YALI1_E02276r
YALI0E01738g,YALI1_E02287p
YALI0E01760g,YALI1_E02290p
,YALI1_E02305p
YALI0E01782g,YALI1_E02317p
YALI0E01804g,YALI1_E02348p
YALI0E01826g,YALI1_E02355p
YALI0E01848g,YALI1_E02372p
YALI0E01870g,YALI1_E02377p
YALI0E01892g,YALI1_E02413p
YALI0E01914g,YALI1_E02415p
YALI0E01936g,YALI1_E02432p
YALI0E01958g,YALI1_E02438p
YALI0E01980g,YALI1_E02454p
YALI0E02002g,YALI1_E02468p
YALI0E02024g,YALI1_E02481p
,YALI1_E02525p
YALI0E02046g,YALI1_E02529p
YALI0E02068g,YALI1_E02574p
YALI0E02090g,YALI1_E02616p
YALI0E02112g,YALI1_E02626p
YALI0E02134g,YALI1_E02648p
YALI0E02156g,YALI1_E02678p
YALI0E02178g,YALI1_E02744p
YALI0E02200g,YALI1_E02767p
YALI0E02222g,YALI1_E02799p
YALI0E02244g,YALI1_E02832p
YALI0E02266g,YALI1_E02850p
YALI0E02288g,YALI1_E02885p
YALI0E02310g,YALI1_E02906p
YALI0E02332g,YALI1_E02948p
YALI0E02343g,YALI1_E02959p
YALI0E02354g,YALI1_E02966p
YALI0E02376g,YALI1_E02996p
YALI0E02398g,YALI1_E03039p
YALI0E02420g,YALI1_E03067p
YALI0E02442g,YALI1_E03088p
YALI0E02464r,YALI1_E03122r
YALI0E02508g,YALI1_E03150p
YALI0E02530g,YALI1_E03158p
YALI0E02552g,YALI1_E03163p
YALI0E02574g,YALI1_E03183p
YALI0E02596g,YALI1_E03185p
YALI0E02618g,YALI1_E03220p
YALI0E02640g,YALI1_E03243p
YALI0E02662g,YALI1_E03267p
YALI0E02684g,YALI1_E03300p
YALI0E02706g,YALI1_E03320p
YALI0E02728g,YALI1_E03387p
YALI0E02750g,YALI1_E03396p
YALI0E02772g,YALI1_E03416p
YALI0E02794g,YALI1_E03439p
YALI0E02816g,YALI1_E03449p
YALI0E02827g,YALI1_E03476p
YALI0E02838g,YALI1_E03507p
YALI0E02860g,YALI1_E03510p
YALI0E02882g,YALI1_E03527p
YALI0E02904g,YALI1_E03535p
YALI0E02926r,YALI1_E03549r
YALI0E02970r,YALI1_E03550r
YALI0E03014g,YALI1_E03553p
YALI0E03036g,YALI1_E03584p
YALI0E03058g,YALI1_E03623p
YALI0E03080g,YALI1_E03651p
,YALI1_E03669p
YALI0E03102g,YALI1_E03672p
YALI0E03124g,YALI1_E03723p
YALI0E03146g,YALI1_E03762p
YALI0E03168g,YALI1_E03789p
YALI0E03190g,YALI1_E03846p
YALI0E03212g,YALI1_E03870p
,YALI1_E03877p
YALI0E03234g,YALI1_E03904p
YALI0E03256g,YALI1_E03918p
YALI0E03278g,YALI1_E03941p
YALI0E03300g,YALI1_E03973p
YALI0E03322g,YALI1_E03999p
YALI0E03344g,YALI1_E04007p
YALI0E03366g,YALI1_E04023p
YALI0E03388g,YALI1_E04033p
YALI0E03410g,YALI1_E04060p
YALI0E03432g,YALI1_E04091p
,YALI1_E04107p
YALI0E03476g,YALI1_E04143p
YALI0E03498g,YALI1_E04177p
YALI0E03520g,YALI1_E04201p
YALI0E03542g,YALI1_E04229p
YALI0E03564g,YALI1_E04278p
YALI0E03586g,YALI1_E04312p
YALI0E03608g,YALI1_E04341p
,YALI1_E04349p
YALI0E03630g,YALI1_E04359p
YALI0E03652r,YALI1_E04393r
YALI0E03674g,YALI1_E04420p
YALI0E03696g,YALI1_E04437p
YALI0E03718g,YALI1_E04499p
YALI0E03740g,YALI1_E04531p
YALI0E03762g,YALI1_E04544p
YALI0E03784g,YALI1_E04575p
,YALI1_E04576p
YALI0E03806g,YALI1_E04590p
YALI0E03828g,YALI1_E04613p
YALI0E03850g,YALI1_E04629p
YALI0E03872g,YALI1_E04672p
YALI0E03894g,YALI1_E04688p
YALI0E03916g,YALI1_E04706p
YALI0E03938g,YALI1_E04719p
YALI0E03960g,YALI1_E04744p
YALI0E03982g,YALI1_E04790p
YALI0E04004g,YALI1_E04795p
YALI0E04026g,YALI1_E04807p
YALI0E04048g,YALI1_E04823p
YALI0E04070g,YALI1_E04845p
YALI0E04092g,YALI1_E04859p
YALI0E04114g,YALI1_E04909p
,YALI1_E04910p
YALI0E04136g,YALI1_E04968p
YALI0E04169g,YALI1_E05004p
YALI0E04202g,YALI1_E05074p
YALI0E04224g,YALI1_E05103p
YALI0E04246g,YALI1_E05119p
YALI0E04268g,YALI1_E05145p
YALI0E04290g,YALI1_E05158p
YALI0E04312g,YALI1_E05180p
YALI0E04334g,YALI1_E05261p
YALI0E04356g,YALI1_E05285p
YALI0E04378g,YALI1_E05309p
,YALI1_E05319p
YALI0E04400g,YALI1_E05329p
YALI0E04422g,YALI1_E05353p
YALI0E04444g,YALI1_E05390p
YALI0E04466g,YALI1_E05403p
YALI0E04488g,YALI1_E05416p
YALI0E04510g,YALI1_E05446p
YALI0E04532g,YALI1_E05489p
,YALI1_E05496p
YALI0E04554g,YALI1_E05538p
YALI0E04576g,YALI1_E05576p
YALI0E04598g,YALI1_E05584p
YALI0E04620g,YALI1_E05599p
YALI0E04642g,YALI1_E05602p
YALI0E04664g,YALI1_E05630p
YALI0E04675g,YALI1_E05645p
YALI0E04697g,YALI1_E05664p
YALI0E04719g,YALI1_E05668p
YALI0E04741g,YALI1_E05681p
YALI0E04763g,YALI1_E05701p
YALI0E04785g,YALI1_E05709p
YALI0E04807g,YALI1_E05731p
YALI0E04829g,YALI1_E05767p
YALI0E04851g,YALI1_E05779p
YALI0E04873g,YALI1_E05811p
YALI0E04895r,YALI1_E05813r
YALI0E04939g,YALI1_E05833p
YALI0E04961g,YALI1_E05854p
YALI0E04983g,YALI1_E05866p
YALI0E05005g,YALI1_E05907p
YALI0E05027g,YALI1_E05929p
YALI0E05049g,YALI1_E05963p
YALI0E05071g,YALI1_E05972p
YALI0E05093g,YALI1_E05975p
YALI0E05115g,YALI1_E05994p
YALI0E05137g,YALI1_E06015p
YALI0E05159g,YALI1_E06028p
YALI0E05181g,YALI1_E06031p
YALI0E05203g,YALI1_E06056p
,YALI1_E06065p
YALI0E05225g,YALI1_E06068p
YALI0E05247g,YALI1_E06109p
YALI0E05269g,YALI1_E06119p
YALI0E05291g,YALI1_E06137p
YALI0E05313g,YALI1_E06158p
YALI0E05335g,YALI1_E06178p
YALI0E05357g,YALI1_E06212p
YALI0E05379g,YALI1_E06220p
YALI0E05401g,YALI1_E06280p
YALI0E05423g,YALI1_E06317p
YALI0E05445g,YALI1_E06331p
YALI0E05467g,YALI1_E06355p
YALI0E05489g,YALI1_E06365p
YALI0E05511g,YALI1_E06406p
YALI0E05533g,YALI1_E06441p
,YALI1_E06468p
YALI0E05555g,YALI1_E06484p
YALI0E05577g,YALI1_E06535p
YALI0E05599g,YALI1_E06573p
YALI0E05621g,YALI1_E06583p
YALI0E05643g,YALI1_E06616p
,YALI1_E06628p
,YALI1_E06641p
,YALI1_E06655p
YALI0E05665g,YALI1_E06664p
,YALI1_E06676p
YALI0E05687g,YALI1_E06697p
YALI0E05709g,YALI1_E06712p
YALI0E05731g,YALI1_E06737p
YALI0E05753g,YALI1_E06759p
YALI0E05775g,YALI1_E06843p
YALI0E05797g,YALI1_E06882p
YALI0E05819g,YALI1_E06946p
YALI0E05841g,YALI1_E07019p
YALI0E05863g,YALI1_E07040p
YALI0E05885g,YALI1_E07065p
YALI0E05907g,YALI1_E07099p
YALI0E05929g,YALI1_E07121p
YALI0E05951g,YALI1_E07153p
YALI0E05973g,YALI1_E07178p
YALI0E05995g,YALI1_E07234p
,YALI1_E07259p
YALI0E06017g,YALI1_E07302p
YALI0E06039g,YALI1_E07306p
YALI0E06061g,YALI1_E07347p
,YALI1_E07354p
YALI0E06083g,YALI1_E07361p
YALI0E06105g,YALI1_E07409p
,YALI1_E07429p
YALI0E06127g,YALI1_E07440p
YALI0E06149g,YALI1_E07471p
YALI0E06171g,YALI1_E07479p
YALI0E06193g,YALI1_E07506p
YALI0E06215g,YALI1_E07508p
YALI0E06237g,YALI1_E07522p
YALI0E06259r,YALI1_E07524r
YALI0E06303r,YALI1_E07525r
YALI0E06347g,YALI1_E07535p
YALI0E06369g,YALI1_E07571p
YALI0E06391g,YALI1_E07578p
YALI0E06413g,YALI1_E07601p
YALI0E06435g,YALI1_E07657p
YALI0E06457g,YALI1_E07676p
YALI0E06479g,YALI1_E07744p
YALI0E06501g,YALI1_E07790p
YALI0E06519g,YALI1_E07818p
YALI0E06545g,YALI1_E07874p
YALI0E06567g,YALI1_E07899p
YALI0E06589g,YALI1_E07920p
YALI0E06611g,YALI1_E07950p
YALI0E06633g,YALI1_E07984p
YALI0E06655g,YALI1_E08021p
YALI0E06677g,YALI1_E08035p
YALI0E06699g,YALI1_E08043p
YALI0E06721g,YALI1_E08071p
YALI0E06743g,YALI1_E08104p
YALI0E06765g,YALI1_E08114p
YALI0E06787g,YALI1_E08157p
YALI0E06809g,YALI1_E08176p
YALI0E06831g,YALI1_E08198p
YALI0E06853g,YALI1_E08211p
YALI0E06875g,YALI1_E08228p
YALI0E06897g,YALI1_E08253p
YALI0E06919g,YALI1_E08271p
YALI0E06941g,YALI1_E08334p
YALI0E06963r,YALI1_E08341r
YALI0E07007r,YALI1_E08342r
YALI0E07051g,YALI1_E08351p
YALI0E07073g,YALI1_E08382p
YALI0E07095g,YALI1_E08440p
YALI0E07117g,YALI1_E08452p
YALI0E07139g,YALI1_E08472p
,YALI1_E08512p
YALI0E07161g,YALI1_E08530p
YALI0E07183g,YALI1_E08545p
YALI0E07205g,YALI1_E08575p
YALI0E07227r,YALI1_E08590r
YALI0E07271g,YALI1_E08620p
YALI0E07293g,YALI1_E08689p
YALI0E07315g,YALI1_E08709p
YALI0E07337g,YALI1_E08725p
,YALI1_E08733p
YALI0E07348r,YALI1_E08770r
YALI0E07359r,YALI1_E08771r
YALI0E07381g,YALI1_E08782p
YALI0E07403r,YALI1_E08786r
YALI0E07425g,YALI1_E08828p
YALI0E07447g,YALI1_E08853p
YALI0E07447g,YALI1_E08861p
YALI0E07491g,YALI1_E08900p
YALI0E07513g,YALI1_E08915p
YALI0E07535g,YALI1_E08937p
YALI0E07557g,YALI1_E08997p
YALI0E07579g,YALI1_E09051p
YALI0E07601g,YALI1_E09082p
YALI0E07623g,YALI1_E09128p
,YALI1_E09155p
YALI0E07645g,YALI1_E09190p
YALI0E07744g,YALI1_E09241p
,YALI1_E09269p
YALI0E07755r,YALI1_E09300r
YALI0E07766g,YALI1_E09329p
YALI0E07788g,YALI1_E09357p
,YALI1_E09381p
YALI0E07810g,YALI1_E09395p
YALI0E07832g,YALI1_E09438p
,YALI1_E09456p
,YALI1_E09501p
YALI0E07854r,YALI1_E09505r
,YALI1_E09522p
YALI0E07898g,YALI1_E09539p
YALI0E07920g,YALI1_E09568p
,YALI1_E09602p
YALI0E07942g,YALI1_E09615p
,YALI1_E09643p
YALI0E07964g,YALI1_E09652p
YALI0E07986g,YALI1_E09672p
YALI0E08008g,YALI1_E09705p
YALI0E08030g,YALI1_E09750p
YALI0E08052g,YALI1_E09769p
YALI0E08074g,YALI1_E09779p
YALI0E08085g,YALI1_E09817p
,YALI1_E09835p
YALI0E08096g,YALI1_E09884p
,YALI1_E09895p
YALI0E08107r,YALI1_E09903r
YALI0E08118r,YALI1_E09904r
YALI0E08162g,YALI1_E09924p
YALI0E08184g,YALI1_E09972p
YALI0E08206g,YALI1_E10013p
YALI0E08228g,YALI1_E10055p
YALI0E08250g,YALI1_E10067p
YALI0E08272r,YALI1_E10105r
YALI0E08316g,YALI1_E10134p
,YALI1_E10140p
,YALI1_E10148p
YALI0E08338g,YALI1_E10161p
YALI0E08360g,YALI1_E10210p
YALI0E08382g,YALI1_E10233p
YALI0E08387g,YALI1_E10242p
YALI0E08392g,YALI1_E10247p
YALI0E08404r,YALI1_E10256r
YALI0E08448g,YALI1_E10290p
YALI0E08470g,YALI1_E10295p
YALI0E08492g,YALI1_E10320p
,YALI1_E10339p
YALI0E08514g,YALI1_E10358p
YALI0E08536g,YALI1_E10364p
YALI0E08558g,YALI1_E10417p
YALI0E08580g,YALI1_E10443p
YALI0E08602g,YALI1_E10455p
YALI0E08617g,YALI1_E10492p
YALI0E08646g,YALI1_E10500p
YALI0E08668r,YALI1_E10524r
YALI0E08712r,YALI1_E10533r
YALI0E08756g,YALI1_E10587p
,YALI1_E10662p
YALI0E08778r,YALI1_E10702r
YALI0E08822g,YALI1_E10712p
YALI0E08844g,YALI1_E10755p
YALI0E08866g,YALI1_E10811p
YALI0E08888g,YALI1_E10836p
YALI0E08910g,YALI1_E10852p
YALI0E08932g,YALI1_E10899p
YALI0E08954g,YALI1_E10934p
YALI0E08969g,YALI1_E10951p
YALI0E09012g,YALI1_E11048p
YALI0E09015g,YALI1_E11083p
YALI0E09020g,YALI1_E11136p
YALI0E09042g,YALI1_E11154p
YALI0E09064g,YALI1_E11181p
YALI0E09086g,YALI1_E11215p
,YALI1_E11217p
YALI0E09108g,YALI1_E11255p
,YALI1_E11272p
YALI0E09130g,YALI1_E11289p
YALI0E09152g,YALI1_E11309p
YALI0E09174g,YALI1_E11323p
YALI0E09196g,YALI1_E11341p
YALI0E09218g,YALI1_E11351p
YALI0E09240g,YALI1_E11370p
YALI0E09262g,YALI1_E11402p
YALI0E09276g,YALI1_E11415p
YALI0E09284g,YALI1_E11441p
,YALI1_E11483p
,YALI1_E11485p
,YALI1_E11491p
,YALI1_E11497p
YALI0E09306g,YALI1_E11510p
,YALI1_E11529p
,YALI1_E11565p
YALI0E09405g,YALI1_E11587p
YALI0E09427g,YALI1_E11619p
YALI0E09449g,YALI1_E11630p
YALI0E09471g,YALI1_E11674p
YALI0E09493g,YALI1_E11768p
,YALI1_E11770p
YALI0E09515g,YALI1_E11798p
,YALI1_E11807p
YALI0E09559g,YALI1_E11835p
YALI0E09581g,YALI1_E11875p
YALI0E09603g,YALI1_E11943p
YALI0E09647g,YALI1_E11969p
,YALI1_E11976p
,YALI1_E12013p
YALI0E09669g,YALI1_E12019p
,YALI1_E12027p
YALI0E09691g,YALI1_E12067p
YALI0E09713g,YALI1_E12083p
YALI0E09735g,YALI1_E12086p
YALI0E09757g,YALI1_E12103p
,YALI1_E12113p
YALI0E09779g,YALI1_E12159p
,YALI1_E12183p
,YALI1_E12186p
YALI0E09801g,YALI1_E12206p
,YALI1_E12211p
YALI0E09823g,YALI1_E12223p
YALI0E09845g,YALI1_E12244p
YALI0E09867g,YALI1_E12295p
YALI0E09889g,YALI1_E12402p
,YALI1_E12421p
YALI0E09911g,YALI1_E12454p
YALI0E09933g,YALI1_E12482p
YALI0E09955g,YALI1_E12496p
YALI0E09977g,YALI1_E12541p
YALI0E09999g,YALI1_E12561p
YALI0E10021g,YALI1_E12587p
YALI0E10043g,YALI1_E12614p
YALI0E10065g,YALI1_E12643p
YALI0E10087g,YALI1_E12668p
YALI0E10109g,YALI1_E12703p
YALI0E10131g,YALI1_E12711p
YALI0E10144g,YALI1_E12730p
YALI0E10153g,YALI1_E12747p
,YALI1_E12780p
,YALI1_E12784p
,YALI1_E12790p
YALI0E10175g,YALI1_E12793p
YALI0E10197g,YALI1_E12847p
,YALI1_E12873p
YALI0E10219g,YALI1_E12893p
YALI0E10241g,YALI1_E12919p
YALI0E10263g,YALI1_E12952p
YALI0E10285g,YALI1_E12962p
YALI0E10307g,YALI1_E12987p
YALI0E10329g,YALI1_E13011p
YALI0E10351g,YALI1_E13034p
YALI0E10373g,YALI1_E13082p
,YALI1_E13097p
YALI0E10395g,YALI1_E13132p
,YALI1_E13150t
,YALI1_E13173t
YALI0E10417g,YALI1_E13223p
YALI0E10439g,YALI1_E13280p
YALI0E10461g,YALI1_E13287p
YALI0E10483g,YALI1_E13329p
YALI0E10505g,YALI1_E13359p
YALI0E10505g,YALI1_E13360p
YALI0E10527g,YALI1_E13402p
YALI0E10549g,YALI1_E13428p
,YALI1_E13453p
YALI0E10571g,YALI1_E13472p
YALI0E10593g,YALI1_E13495p
YALI0E10615g,YALI1_E13509p
YALI0E10637g,YALI1_E13514p
YALI0E10659g,YALI1_E13541p
YALI0E10681g,YALI1_E13579p
YALI0E10725g,YALI1_E13611p
,YALI1_E13627p
YALI0E10747g,YALI1_E13637p
YALI0E10769g,YALI1_E13677p
YALI0E10791g,YALI1_E13683p
YALI0E10813g,YALI1_E13708p
YALI0E10835g,YALI1_E13718p
YALI0E10857g,YALI1_E13727p
YALI0E10879g,YALI1_E13755p
YALI0E10901g,YALI1_E13765p
YALI0E10923g,YALI1_E13787p
YALI0E10945r,YALI1_E13790r
YALI0E10967r,YALI1_E13793r
YALI0E10989g,YALI1_E13808p
YALI0E11011g,YALI1_E13818p
YALI0E11033g,YALI1_E13823p
YALI0E11055g,YALI1_E13829p
YALI0E11077g,YALI1_E13848p
,YALI1_E13863p
YALI0E11099g,YALI1_E13899p
YALI0E11121g,YALI1_E13926p
YALI0E11143g,YALI1_E13963p
YALI0E11165g,YALI1_E14003p
YALI0E11187g,YALI1_E14013p
YALI0E11209g,YALI1_E14028p
YALI0E11231r,YALI1_E14045r
YALI0E11275r,YALI1_E14046r
YALI0E11319g,YALI1_E14068p
YALI0E11330g,YALI1_E14080p
,YALI1_E14089p
YALI0E11341g,YALI1_E14118p
YALI0E11355g,YALI1_E14125p
YALI0E11363g,YALI1_E14132p
YALI0E11385g,YALI1_E14153p
YALI0E11407g,YALI1_E14164p
,YALI1_E14189p
YALI0E11429g,YALI1_E14201p
YALI0E11451g,YALI1_E14234p
YALI0E11473g,YALI1_E14274p
YALI0E11495g,YALI1_E14316p
YALI0E11506r,YALI1_E14341r
YALI0E11517g,YALI1_E14350p
,YALI1_E14353p
YALI0E11539g,YALI1_E14385p
YALI0E11561g,YALI1_E14427p
YALI0E11583g,YALI1_E14451p
YALI0E11605g,YALI1_E14469p
YALI0E11627g,YALI1_E14489p
YALI0E11649g,YALI1_E14497p
YALI0E11671g,YALI1_E14505p
YALI0E11693g,YALI1_E14535p
YALI0E11715g,YALI1_E14555p
YALI0E11737g,YALI1_E14561p
YALI0E11759r,YALI1_E14572r
YALI0E11803g,YALI1_E14584p
YALI0E11825g,YALI1_E14604p
YALI0E11847g,YALI1_E14619p
YALI0E11869g,YALI1_E14644p
YALI0E11891g,YALI1_E14698p
YALI0E11913g,YALI1_E14709p
YALI0E11935g,YALI1_E14733p
YALI0E11957g,YALI1_E14749p
YALI0E11979g,YALI1_E14762p
YALI0E12001g,YALI1_E14805p
YALI0E12023g,YALI1_E14824p
YALI0E12045g,YALI1_E14856p
YALI0E12067g,YALI1_E14889p
YALI0E12081g,YALI1_E14910p
YALI0E12089g,YALI1_E14925p
YALI0E12111g,YALI1_E14967p
YALI0E12133g,YALI1_E14988p
YALI0E12155g,YALI1_E15015p
YALI0E12177g,YALI1_E15074p
YALI0E12199g,YALI1_E15086p
YALI0E12199g,YALI1_E15093p
YALI0E12221g,YALI1_E15115p
YALI0E12243g,YALI1_E15144p
YALI0E12265r,YALI1_E15182r
YALI0E12276g,YALI1_E15197p
YALI0E12287g,YALI1_E15211p
YALI0E12309g,YALI1_E15229p
YALI0E12331g,YALI1_E15256p
YALI0E12353g,YALI1_E15274p
YALI0E12375g,YALI1_E15318p
YALI0E12397g,YALI1_E15321p
YALI0E12419g,YALI1_E15398p
,YALI1_E15421p
YALI0E12441g,YALI1_E15432p
YALI0E12463g,YALI1_E15452p
YALI0E12485g,YALI1_E15469p
YALI0E12507g,YALI1_E15492p
YALI0E12529g,YALI1_E15502p
YALI0E12551g,YALI1_E15521p
YALI0E12573g,YALI1_E15555p
YALI0E12595g,YALI1_E15559p
YALI0E12617g,YALI1_E15583p
YALI0E12628g,YALI1_E15606p
YALI0E12639g,YALI1_E15625p
YALI0E12661g,YALI1_E15629p
YALI0E12683g,YALI1_E15659p
YALI0E12705g,YALI1_E15718p
YALI0E12727g,YALI1_E15758p
YALI0E12749r,YALI1_E15770r
YALI0E12793r,YALI1_E15771r
YALI0E12815r,YALI1_E15772r
,YALI1_E15774p
YALI0E12837g,YALI1_E15804p
YALI0E12859g,YALI1_E15835p
YALI0E12881g,YALI1_E15843p
YALI0E12903r,YALI1_E15852r
YALI0E12947g,YALI1_E15865p
YALI0E12969g,YALI1_E15889p
YALI0E12991g,YALI1_E15939p
YALI0E13035g,YALI1_E15991p
YALI0E13057g,YALI1_E16002p
YALI0E13079g,YALI1_E16023p
YALI0E13101g,YALI1_E16026p
YALI0E13123g,YALI1_E16068p
YALI0E13145g,YALI1_E16076p
YALI0E13167g,YALI1_E16097p
YALI0E13189g,YALI1_E16121p
YALI0E13211g,YALI1_E16164p
YALI0E13233g,YALI1_E16174p
,YALI1_E16194p
YALI0E13255g,YALI1_E16202p
,YALI1_E16230p
,YALI1_E16249p
YALI0E13277g,YALI1_E16255p
YALI0E13299g,YALI1_E16300p
YALI0E13321g,YALI1_E16305p
YALI0E13343g,YALI1_E16325p
YALI0E13420g,YALI1_E16359p
YALI0E13442g,YALI1_E16390p
YALI0E13464g,YALI1_E16433p
YALI0E13486g,YALI1_E16451p
YALI0E13508g,YALI1_E16493p
YALI0E13530g,YALI1_E16501p
YALI0E13552g,YALI1_E16531p
,YALI1_E16544p
YALI0E13574g,YALI1_E16556p
YALI0E13596g,YALI1_E16597p
YALI0E13596g,YALI1_E16608p
,YALI1_E16609p
YALI0E13618g,YALI1_E16649p
YALI0E13640g,YALI1_E16675p
YALI0E13662g,YALI1_E16694p
YALI0E13684g,YALI1_E16701p
YALI0E13706g,YALI1_E16731p
YALI0E13728g,YALI1_E16750p
YALI0E13750g,YALI1_E16773p
YALI0E13794g,YALI1_E16820p
,YALI1_E16841p
YALI0E13816r,YALI1_E16850r
YALI0E13860g,YALI1_E16854p
YALI0E13882g,YALI1_E16900p
YALI0E13904g,YALI1_E16919p
YALI0E13926g,YALI1_E16950p
,YALI1_E16956p
,YALI1_E16968p
YALI0E13948g,YALI1_E16974p
YALI0E13948g,YALI1_E16982p
YALI0E13970g,YALI1_E17014p
YALI0E13992g,YALI1_E17037p
YALI0E14014g,YALI1_E17065p
YALI0E14036g,YALI1_E17069p
YALI0E14058g,YALI1_E17100p
YALI0E14080g,YALI1_E17141p
YALI0E14102g,YALI1_E17162p
YALI0E14124g,YALI1_E17171p
YALI0E14146g,YALI1_E17184p
YALI0E14168g,YALI1_E17201p
YALI0E14190g,YALI1_E17214p
YALI0E14212g,YALI1_E17243p
YALI0E14234g,YALI1_E17258p
YALI0E14245r,YALI1_E17311r
YALI0E14256g,YALI1_E17326p
YALI0E14278r,YALI1_E17343r
YALI0E14322g,YALI1_E17355p
YALI0E14344g,YALI1_E17377p
YALI0E14366g,YALI1_E17389p
YALI0E14421r,YALI1_E17415r
YALI0E14443g,YALI1_E17431p
YALI0E14465g,YALI1_E17466p
YALI0E14487g,YALI1_E17484p
YALI0E14509g,YALI1_E17508p
,YALI1_E17523r
YALI0E14531r,YALI1_E17524r
YALI0E14575g,YALI1_E17527p
YALI0E14597g,YALI1_E17574p
YALI0E14619g,YALI1_E17583p
YALI0E14641g,YALI1_E17594p
YALI0E14663g,YALI1_E17613p
YALI0E14685g,YALI1_E17616p
YALI0E14707g,YALI1_E17643p
YALI0E14729g,YALI1_E17699p
YALI0E14751g,YALI1_E17754p
YALI0E14773g,YALI1_E17760p
,YALI1_E17773p
YALI0E14795g,YALI1_E17786p
YALI0E14817g,YALI1_E17811p
,YALI1_E17815p
YALI0E14839g,YALI1_E17829p
,YALI1_E17849p
YALI0E14861r,YALI1_E17882r
,YALI1_E17889p
YALI0E14883r,YALI1_E17896r
YALI0E14927g,YALI1_E17920p
YALI0E14949g,YALI1_E17935p
,YALI1_E17973p
YALI0E14971g,YALI1_E17988p
YALI0E15015g,YALI1_E18025p
YALI0E15037g,YALI1_E18081p
YALI0E15059g,YALI1_E18095p
YALI0E15081g,YALI1_E18121p
YALI0E15103g,YALI1_E18143p
,YALI1_E18148p
YALI0E15125g,YALI1_E18171p
YALI0E15136g,YALI1_E18184p
YALI0E15147g,YALI1_E18212p
YALI0E15180g,YALI1_E18242p
YALI0E15202g,YALI1_E18258p
YALI0E15224g,YALI1_E18269p
YALI0E15246g,YALI1_E18281p
YALI0E15268g,YALI1_E18291p
YALI0E15290g,YALI1_E18303p
YALI0E15312g,YALI1_E18326p
YALI0E15334g,YALI1_E18378p
YALI0E15356g,YALI1_E18411p
YALI0E15378g,YALI1_E18441p
YALI0E15400g,YALI1_E18480p
,YALI1_E18485p
YALI0E15444s,YALI1_E18502p
YALI0E15466g,YALI1_E18514p
YALI0E15488g,YALI1_E18539p
YALI0E15510g,YALI1_E18622p
YALI0E15532g,YALI1_E18713p
YALI0E15554g,YALI1_E18720p
YALI0E15576g,YALI1_E18749p
YALI0E15598g,YALI1_E18802p
YALI0E15620g,YALI1_E18843p
YALI0E15642g,YALI1_E18854p
YALI0E15664g,YALI1_E18895p
YALI0E15686g,YALI1_E18903p
,YALI1_E18918p
YALI0E15708g,YALI1_E18927p
YALI0E15730g,YALI1_E18961p
YALI0E15752g,YALI1_E18981p
YALI0E15774t,YALI1_E18984t
YALI0E15796g,YALI1_E18990p
YALI0E15818g,YALI1_E19014p
YALI0E15840g,YALI1_E19036p
YALI0E15862g,YALI1_E19060p
,YALI1_E19070p
YALI0E15884g,YALI1_E19082p
YALI0E15906g,YALI1_E19098p
YALI0E15928g,YALI1_E19105p
YALI0E15950r,YALI1_E19124r
YALI0E15994g,YALI1_E19138p
YALI0E16016g,YALI1_E19172p
YALI0E16038g,YALI1_E19201p
YALI0E16060g,YALI1_E19263p
YALI0E16082r,YALI1_E19292r
YALI0E16126g,YALI1_E19314p
YALI0E16148g,YALI1_E19316p
,YALI1_E19327p
YALI0E16170g,YALI1_E19337p
YALI0E16192g,YALI1_E19360p
YALI0E16214g,YALI1_E19371p
YALI0E16236g,YALI1_E19403p
,YALI1_E19415p
YALI0E16258g,YALI1_E19458p
YALI0E16280g,YALI1_E19483p
,YALI1_E19488p
YALI0E16294g,YALI1_E19494p
YALI0E16324g,YALI1_E19508p
YALI0E16346g,YALI1_E19557p
,YALI1_E19563p
YALI0E16368g,YALI1_E19603p
YALI0E16390g,YALI1_E19620p
YALI0E16412g,YALI1_E19625p
YALI0E16434g,YALI1_E19647p
YALI0E16456g,YALI1_E19669p
YALI0E16478g,YALI1_E19682p
YALI0E16500g,YALI1_E19696p
YALI0E16533g,YALI1_E19714p
,YALI1_E19723p
YALI0E16555g,YALI1_E19736p
,YALI1_E19754p
YALI0E16577g,YALI1_E19757p
,YALI1_E19772p
,YALI1_E19783p
YALI0E16599g,YALI1_E19795p
YALI0E16621g,YALI1_E19826p
,YALI1_E19845p
YALI0E16643g,YALI1_E19852p
YALI0E16665g,YALI1_E19871p
YALI0E16687g,YALI1_E19883p
YALI0E16709g,YALI1_E19902p
,YALI1_E19916p
YALI0E16753g,YALI1_E19958p
YALI0E16775g,YALI1_E20016p
,YALI1_E20029p
YALI0E16797g,YALI1_E20049p
YALI0E16819g,YALI1_E20070p
YALI0E16841g,YALI1_E20099p
YALI0E16863g,YALI1_E20125p
YALI0E16885g,YALI1_E20142p
YALI0E16907g,YALI1_E20159p
YALI0E16929g,YALI1_E20192p
YALI0E16951g,YALI1_E20215p
YALI0E16973g,YALI1_E20229p
YALI0E16995g,YALI1_E20269p
YALI0E17017g,YALI1_E20279p
YALI0E17039r,YALI1_E20293r
YALI0E17083g,YALI1_E20312p
,YALI1_E20334p
YALI0E17105g,YALI1_E20361p
YALI0E17127g,YALI1_E20423p
YALI0E17149g,YALI1_E20453p
YALI0E17171g,YALI1_E20463p
YALI0E17193g,YALI1_E20467p
YALI0E17215g,YALI1_E20510p
YALI0E17237r,YALI1_E20538r
YALI0E17281g,YALI1_E20544p
YALI0E17303g,YALI1_E20569p
YALI0E17325g,YALI1_E20596p
,YALI1_E20604p
YALI0E17347g,YALI1_E20626p
YALI0E17369g,YALI1_E20635p
YALI0E17391g,YALI1_E20666p
YALI0E17413g,YALI1_E20677p
YALI0E17435g,YALI1_E20709p
YALI0E17457g,YALI1_E20729p
YALI0E17479g,YALI1_E20751p
YALI0E17501r,YALI1_E20762r
YALI0E17545g,YALI1_E20766p
YALI0E17567g,YALI1_E20787p
,YALI1_E20791p
YALI0E17589g,YALI1_E20794p
YALI0E17603r,YALI1_E20829r
YALI0E17611g,YALI1_E20845p
YALI0E17633g,YALI1_E20885p
YALI0E17655g,YALI1_E20923p
,YALI1_E20943p
YALI0E17677g,YALI1_E20963p
,YALI1_E20984p
YALI0E17699g,YALI1_E20995p
,YALI1_E21020p
YALI0E17721g,YALI1_E21026p
YALI0E17743g,YALI1_E21053p
YALI0E17765g,YALI1_E21097p
,YALI1_E21106p
YALI0E17787g,YALI1_E21128p
YALI0E17809g,YALI1_E21147p
YALI0E17831g,YALI1_E21183p
YALI0E17853g,YALI1_E21200p
YALI0E17875g,YALI1_E21203p
YALI0E17897g,YALI1_E21222p
YALI0E17919g,YALI1_E21230p
,YALI1_E21256p
YALI0E17941g,YALI1_E21282p
YALI0E17963g,YALI1_E21312p
YALI0E17985g,YALI1_E21345p
YALI0E18007g,YALI1_E21364p
YALI0E18029g,YALI1_E21406p
,YALI1_E21417p
YALI0E18051g,YALI1_E21430p
YALI0E18073g,YALI1_E21443p
YALI0E18095g,YALI1_E21478p
YALI0E18117g,YALI1_E21513p
,YALI1_E21524p
,YALI1_E21535p
YALI0E18139g,YALI1_E21552p
,YALI1_E21555p
,YALI1_E21566p
,YALI1_E21570p
,YALI1_E21585p
YALI0E18161g,YALI1_E21615p
,YALI1_E21638p
YALI0E18194g,YALI1_E21683p
,YALI1_E21779p
,YALI1_E21786p
,YALI1_E21799p
,YALI1_E21816p
YALI0E18216g,YALI1_E21832p
,YALI1_E21871p
,YALI1_E21890p
YALI0E18238g,YALI1_E21915p
YALI0E18260g,YALI1_E21962p
YALI0E18282g,YALI1_E21983p
YALI0E18304g,YALI1_E22004p
YALI0E18326g,YALI1_E22029p
YALI0E18348g,YALI1_E22041p
YALI0E18370r,YALI1_E22049r
YALI0E18414g,YALI1_E22070p
YALI0E18436g,YALI1_E22111p
YALI0E18458g,YALI1_E22117p
YALI0E18480g,YALI1_E22126p
YALI0E18502g,YALI1_E22159p
YALI0E18524g,YALI1_E22207p
YALI0E18546g,YALI1_E22218p
YALI0E18568g,YALI1_E22238p
,YALI1_E22245p
YALI0E18590g,YALI1_E22262p
YALI0E18612g,YALI1_E22265p
YALI0E18634g,YALI1_E22303p
YALI0E18656g,YALI1_E22329p
YALI0E18678g,YALI1_E22364p
YALI0E18700g,YALI1_E22383p
,YALI1_E22414p
YALI0E18744g,YALI1_E22439p
,YALI1_E22503p
YALI0E18788g,YALI1_E22543p
YALI0E18810g,YALI1_E22555p
YALI0E18832g,YALI1_E22576p
YALI0E18854g,YALI1_E22592p
YALI0E18876g,YALI1_E22613p
YALI0E18898g,YALI1_E22633p
YALI0E18920g,YALI1_E22697p
YALI0E18942g,YALI1_E22718p
YALI0E18964g,YALI1_E22736p
YALI0E18986g,YALI1_E22758p
YALI0E19008g,YALI1_E22787p
,YALI1_E22807p
YALI0E19030g,YALI1_E22840p
YALI0E19052g,YALI1_E22859p
YALI0E19074g,YALI1_E22865p
YALI0E19096r,YALI1_E22877r
YALI0E19140g,YALI1_E22884p
YALI0E19162g,YALI1_E22902p
YALI0E19173r,YALI1_E22906r
YALI0E19184g,YALI1_E22921p
YALI0E19206g,YALI1_E22961p
YALI0E19228g,YALI1_E22988p
YALI0E19250g,YALI1_E23014p
YALI0E19272g,YALI1_E23038p
YALI0E19294g,YALI1_E23068p
YALI0E19316r,YALI1_E23102r
YALI0E19338g,YALI1_E23136p
YALI0E19360g,YALI1_E23184p
YALI0E19382g,YALI1_E23223p
YALI0E19404g,YALI1_E23229p
YALI0E19426g,YALI1_E23256p
,YALI1_E23265p
,YALI1_E23280p
YALI0E19448g,YALI1_E23292p
YALI0E19470g,YALI1_E23302p
YALI0E19481g,YALI1_E23313p
YALI0E19492g,YALI1_E23325p
YALI0E19514g,YALI1_E23348p
YALI0E19536g,YALI1_E23389p
,YALI1_E23452p
,YALI1_E23461p
YALI0E19558g,YALI1_E23472p
,YALI1_E23498p
,YALI1_E23521p
YALI0E19635g,YALI1_E23525p
YALI0E19657g,YALI1_E23555p
YALI0E19679g,YALI1_E23578p
YALI0E19701g,YALI1_E23610p
,YALI1_E23629p
YALI0E19723g,YALI1_E23635p
YALI0E19745g,YALI1_E23659p
YALI0E19767g,YALI1_E23691p
YALI0E19789g,YALI1_E23736p
YALI0E19811g,YALI1_E23749p
YALI0E19833r,YALI1_E23765r
YALI0E19844r,YALI1_E23766r
YALI0E19855r,YALI1_E23774r
,YALI1_E23781p
YALI0E19899g,YALI1_E23790p
YALI0E19921g,YALI1_E23809p
YALI0E19943g,YALI1_E23824p
YALI0E19965g,YALI1_E23854p
YALI0E19987g,YALI1_E23880p
YALI0E20009g,YALI1_E23899p
YALI0E20031g,YALI1_E23912p
YALI0E20053g,YALI1_E23945p
YALI0E20075r,YALI1_E23948r
YALI0E20119g,YALI1_E23961p
YALI0E20141g,YALI1_E23967p
YALI0E20163g,YALI1_E23988p
YALI0E20185g,YALI1_E23994p
YALI0E20207g,YALI1_E24028p
YALI0E20229g,YALI1_E24052p
YALI0E20251g,YALI1_E24078p
YALI0E20273g,YALI1_E24113p
,YALI1_E24120p
YALI0E20295g,YALI1_E24128p
YALI0E20317r,YALI1_E24131r
YALI0E20361g,YALI1_E24149p
YALI0E20383g,YALI1_E24174p
,YALI1_E24180p
YALI0E20405g,YALI1_E24201p
YALI0E20427g,YALI1_E24245p
,YALI1_E24283p
YALI0E20449g,YALI1_E24287p
YALI0E20471g,YALI1_E24318p
YALI0E20493g,YALI1_E24343p
YALI0E20515g,YALI1_E24360p
,YALI1_E24383p
YALI0E20537g,YALI1_E24391p
YALI0E20559g,YALI1_E24428p
YALI0E20581g,YALI1_E24442p
,YALI1_E24451p
YALI0E20603g,YALI1_E24461p
YALI0E20625g,YALI1_E24479p
YALI0E20647g,YALI1_E24487p
YALI0E20669g,YALI1_E24513p
YALI0E20691g,YALI1_E24532p
YALI0E20713g,YALI1_E24567p
YALI0E20735g,YALI1_E24618p
YALI0E20757g,YALI1_E24633p
YALI0E20779g,YALI1_E24676p
,YALI1_E24689p
,YALI1_E24700p
,YALI1_E24713p
YALI0E20801g,YALI1_E24719p
YALI0E20823g,YALI1_E24735p
YALI0E20845g,YALI1_E24762p
YALI0E20867g,YALI1_E24793p
YALI0E20889g,YALI1_E24797p
,YALI1_E24812p
YALI0E20911g,YALI1_E24824p
,YALI1_E24847p
YALI0E20933g,YALI1_E24886p
YALI0E20955g,YALI1_E24894p
YALI0E20977g,YALI1_E24922p
YALI0E20999g,YALI1_E24956p
YALI0E21021g,YALI1_E25018p
YALI0E21043g,YALI1_E25063p
YALI0E21065g,YALI1_E25107p
,YALI1_E25126p
YALI0E21087g,YALI1_E25132p
YALI0E21109g,YALI1_E25163p
YALI0E21131g,YALI1_E25189p
YALI0E21153g,YALI1_E25211p
YALI0E21175g,YALI1_E25267p
YALI0E21197g,YALI1_E25290p
YALI0E21219g,YALI1_E25317p
YALI0E21241g,YALI1_E25364p
YALI0E21263r,YALI1_E25388r
YALI0E21307g,YALI1_E25400p
YALI0E21329g,YALI1_E25424p
YALI0E21351g,YALI1_E25443p
YALI0E21373g,YALI1_E25453p
YALI0E21395g,YALI1_E25485p
YALI0E21417g,YALI1_E25490p
YALI0E21439g,YALI1_E25518p
YALI0E21461r,YALI1_E25521r
YALI0E21472g,YALI1_E25537p
YALI0E21505g,YALI1_E25541p
YALI0E21527g,YALI1_E25549p
YALI0E21549g,YALI1_E25585p
YALI0E21560g,YALI1_E25587p
YALI0E21582g,YALI1_E25617p
,YALI1_E25622p
YALI0E21604g,YALI1_E25640p
YALI0E21626g,YALI1_E25671p
YALI0E21648g,YALI1_E25675p
YALI0E21670g,YALI1_E25692p
YALI0E21692g,YALI1_E25713p
YALI0E21714r,YALI1_E25724r
YALI0E21758g,YALI1_E25729p
YALI0E21780g,YALI1_E25761p
YALI0E21802g,YALI1_E25812p
YALI0E21824g,YALI1_E25826p
YALI0E21846g,YALI1_E25859p
YALI0E21868g,YALI1_E25866p
YALI0E21890g,YALI1_E25889p
YALI0E21912g,YALI1_E25905p
YALI0E21934g,YALI1_E25932p
YALI0E21956g,YALI1_E25955p
YALI0E21978g,YALI1_E25964p
YALI0E22000g,YALI1_E25995p
YALI0E22022g,YALI1_E25999p
YALI0E22044g,YALI1_E26021p
YALI0E22066g,YALI1_E26076p
YALI0E22088g,YALI1_E26094p
YALI0E22110r,YALI1_E26115r
YALI0E22132g,YALI1_E26118p
YALI0E22154r,YALI1_E26130r
YALI0E22198g,YALI1_E26181p
YALI0E22220g,YALI1_E26205p
YALI0E22242g,YALI1_E26223p
YALI0E22264g,YALI1_E26229p
YALI0E22286g,YALI1_E26257p
YALI0E22308r,YALI1_E26296r
YALI0E22330g,YALI1_E26320p
YALI0E22352g,YALI1_E26336p
YALI0E22374g,YALI1_E26377p
YALI0E22396g,YALI1_E26433p
,YALI1_E26450p
YALI0E22418g,YALI1_E26472p
YALI0E22440g,YALI1_E26492p
YALI0E22462g,YALI1_E26513p
YALI0E22484g,YALI1_E26525p
,YALI1_E26532p
YALI0E22506g,YALI1_E26551p
YALI0E22528r,YALI1_E26570r
YALI0E22550g,YALI1_E26592p
YALI0E22572g,YALI1_E26677p
YALI0E22605g,YALI1_E26742p
YALI0E22627g,YALI1_E26788p
,YALI1_E26790p
YALI0E22649g,YALI1_E26811p
YALI0E22671g,YALI1_E26860p
YALI0E22693r,YALI1_E26870r
YALI0E22715g,YALI1_E26872p
YALI0E22737g,YALI1_E26892p
YALI0E22759g,YALI1_E26900p
,YALI1_E26916p
YALI0E22781g,YALI1_E26930p
YALI0E22803g,YALI1_E26971p
YALI0E22825g,YALI1_E26987p
YALI0E22847g,YALI1_E27041p
YALI0E22880g,YALI1_E27059p
YALI0E22902g,YALI1_E27076p
YALI0E22913g,YALI1_E27077p
YALI0E22935g,YALI1_E27104p
YALI0E22957g,YALI1_E27113p
YALI0E22979g,YALI1_E27144p
YALI0E23001g,YALI1_E27161p
YALI0E23023g,YALI1_E27182p
YALI0E23045g,YALI1_E27196p
YALI0E23067g,YALI1_E27207p
YALI0E23089g,YALI1_E27218p
YALI0E23111g,YALI1_E27229p
YALI0E23133g,YALI1_E27243p
YALI0E23155g,YALI1_E27249p
YALI0E23177g,YALI1_E27273p
YALI0E23185g,YALI1_E27279p
YALI0E23192g,YALI1_E27313p
YALI0E23199g,YALI1_E27339p
YALI0E23221g,YALI1_E27367p
YALI0E23243g,YALI1_E27383p
YALI0E23265g,YALI1_E27406p
YALI0E23287g,YALI1_E27441p
YALI0E23320g,YALI1_E27469p
YALI0E23342g,YALI1_E27504p
YALI0E23364g,YALI1_E27532p
YALI0E23386g,YALI1_E27548p
YALI0E23408g,YALI1_E27556p
YALI0E23430g,YALI1_E27600p
,YALI1_E27604p
,YALI1_E27610p
,YALI1_E27622p
YALI0E23452g,YALI1_E27625p
YALI0E23474g,YALI1_E27649p
YALI0E23485r,YALI1_E27668r
YALI0E23496g,YALI1_E27697p
YALI0E23518g,YALI1_E27731p
,YALI1_E27756p
,YALI1_E27774p
YALI0E23540g,YALI1_E27791p
,YALI1_E27792p
,YALI1_E27805p
,YALI1_E27826p
,YALI1_E27834p
,YALI1_E27840p
,YALI1_E27846p
YALI0E23562g,YALI1_E27871p
YALI0E23584g,YALI1_E27880p
YALI0E23606g,YALI1_E27927p
,YALI1_E27930p
YALI0E23628g,YALI1_E27939p
,YALI1_E27976p
,YALI1_E27981p
YALI0E23650g,YALI1_E27997p
YALI0E23672g,YALI1_E28006p
YALI0E23694g,YALI1_E28033p
YALI0E23716g,YALI1_E28046p
,YALI1_E28052p
,YALI1_E28070p
YALI0E23738g,YALI1_E28097p
YALI0E23749g,YALI1_E28107p
YALI0E23760g,YALI1_E28130p
YALI0E23782g,YALI1_E28150p
YALI0E23793g,YALI1_E28156p
YALI0E23804g,YALI1_E28170p
YALI0E23826g,YALI1_E28213p
YALI0E23837r,YALI1_E28217r
,YALI1_E28224p
,YALI1_E28259p
YALI0E23859g,YALI1_E28300p
YALI0E23881r,YALI1_E28367r
,YALI1_E28397p
,YALI1_E28405p
,YALI1_E28425p
YALI0E23925g,YALI1_E28428p
,YALI1_E28439p
YALI0E23947g,YALI1_E28465p
YALI0E23969g,YALI1_E28490p
,YALI1_E28491p
,YALI1_E28504p
YALI0E23991g,YALI1_E28545p
YALI0E24013g,YALI1_E28575p
YALI0E24035g,YALI1_E28599p
YALI0E24057g,YALI1_E28631p
YALI0E24079g,YALI1_E28648p
YALI0E24101g,YALI1_E28680p
YALI0E24112r,YALI1_E28730r
YALI0E24123g,YALI1_E28736p
YALI0E24145g,YALI1_E28755p
YALI0E24167g,YALI1_E28779p
,YALI1_E28790p
YALI0E24189g,YALI1_E28808p
YALI0E24211g,YALI1_E28828p
,YALI1_E28855p
,YALI1_E28863p
,YALI1_E28879p
YALI0E24277g,YALI1_E28903p
YALI0E24277g,YALI1_E28919p
YALI0E24299g,YALI1_E28957p
YALI0E24321g,YALI1_E28964p
YALI0E24343g,YALI1_E28999p
YALI0E24365g,YALI1_E29005p
YALI0E24387g,YALI1_E29046p
,YALI1_E29065p
YALI0E24409g,YALI1_E29074p
YALI0E24431g,YALI1_E29085p
,YALI1_E29115p
YALI0E24453g,YALI1_E29137p
YALI0E24475g,YALI1_E29150p
YALI0E24497g,YALI1_E29179p
YALI0E24519g,YALI1_E29192p
,YALI1_E29197p
YALI0E24541g,YALI1_E29221p
YALI0E24563g,YALI1_E29235p
YALI0E24585g,YALI1_E29263p
YALI0E24607g,YALI1_E29319p
YALI0E24629g,YALI1_E29330p
YALI0E24651g,YALI1_E29433p
YALI0E24673g,YALI1_E29481p
YALI0E24695g,YALI1_E29512p
YALI0E24717g,YALI1_E29535p
YALI0E24739g,YALI1_E29557p
YALI0E24761g,YALI1_E29586p
YALI0E24783g,YALI1_E29611p
YALI0E24805g,YALI1_E29617p
YALI0E24827g,YALI1_E29642p
YALI0E24849g,YALI1_E29665p
YALI0E24871r,YALI1_E29678r
YALI0E24893g,YALI1_E29709p
YALI0E24915g,YALI1_E29719p
YALI0E24937g,YALI1_E29776p
,YALI1_E29792p
YALI0E24959g,YALI1_E29827p
YALI0E24981g,YALI1_E29840p
YALI0E25003g,YALI1_E29894p
,YALI1_E29900p
YALI0E25025g,YALI1_E29930p
,YALI1_E29939p
YALI0E25047g,YALI1_E29959p
YALI0E25069g,YALI1_E30014p
YALI0E25091g,YALI1_E30028p
YALI0E25113g,YALI1_E30053p
YALI0E25135g,YALI1_E30073p
,YALI1_E30074p
YALI0E25157r,YALI1_E30087r
YALI0E25179g,YALI1_E30109p
YALI0E25201g,YALI1_E30173p
YALI0E25223g,YALI1_E30234p
YALI0E25245r,YALI1_E30262r
YALI0E25289r,YALI1_E30267r
YALI0E25311r,YALI1_E30277r
YALI0E25355r,YALI1_E30280r
YALI0E25377r,YALI1_E30290r
YALI0E25421g,YALI1_E30290p
YALI0E25443g,YALI1_E30311p
YALI0E25465r,YALI1_E30323r
YALI0E25509r,YALI1_E30333r
,YALI1_E30335r
YALI0E25531g,YALI1_E30337p
YALI0E25564r,YALI1_E30343r
YALI0E25608g,YALI1_E30368p
YALI0E25630g,YALI1_E30373p
YALI0E25652g,YALI1_E30400p
YALI0E25674g,YALI1_E30431p
YALI0E25696g,YALI1_E30462p
YALI0E25718g,YALI1_E30479p
YALI0E25740g,YALI1_E30496p
YALI0E25762g,YALI1_E30520p
YALI0E25784g,YALI1_E30561p
YALI0E25806g,YALI1_E30590p
YALI0E25828g,YALI1_E30621p
YALI0E25845g,YALI1_E30639p
YALI0E25850g,YALI1_E30677p
YALI0E25872g,YALI1_E30707p
YALI0E25894g,YALI1_E30725p
YALI0E25916g,YALI1_E30743p
,YALI1_E30755t
YALI0E25960g,YALI1_E30759p
YALI0E25982g,YALI1_E30815p
,YALI1_E30849p
YALI0E26004g,YALI1_E30886p
YALI0E26026g,YALI1_E30914p
YALI0E26048g,YALI1_E30942p
YALI0E26059g,YALI1_E30943p
YALI0E26081g,YALI1_E30958p
YALI0E26103r,YALI1_E30980r
,YALI1_E31000p
YALI0E26125g,YALI1_E31005p
YALI0E26147g,YALI1_E31031p
YALI0E26169g,YALI1_E31034p
YALI0E26191g,YALI1_E31050p
YALI0E26213r,YALI1_E31072r
YALI0E26235g,YALI1_E31075p
YALI0E26257g,YALI1_E31131p
YALI0E26279g,YALI1_E31154p
,YALI1_E31174p
YALI0E26301g,YALI1_E31186p
YALI0E26323g,YALI1_E31194p
YALI0E26345g,YALI1_E31229p
YALI0E26367g,YALI1_E31248p
YALI0E26389g,YALI1_E31351p
YALI0E26400r,YALI1_E31361r
YALI0E26411r,YALI1_E31366r
YALI0E26433g,YALI1_E31369p
YALI0E26455g,YALI1_E31389p
YALI0E26477g,YALI1_E31396p
YALI0E26499g,YALI1_E31446p
YALI0E26521g,YALI1_E31461p
YALI0E26543g,YALI1_E31483p
YALI0E26565g,YALI1_E31498p
YALI0E26587g,YALI1_E31529p
,YALI1_E31540p
,YALI1_E31555p
YALI0E26609g,YALI1_E31565p
YALI0E26631g,YALI1_E31592p
YALI0E26653g,YALI1_E31646p
,YALI1_E31649p
YALI0E26686g,YALI1_E31679p
,YALI1_E31685p
YALI0E26763g,YALI1_E31697p
YALI0E26785g,YALI1_E31717p
YALI0E26807g,YALI1_E31724p
YALI0E26829g,YALI1_E31754p
YALI0E26851g,YALI1_E31772p
YALI0E26873g,YALI1_E31805p
YALI0E26895g,YALI1_E31827p
YALI0E26917g,YALI1_E31865p
YALI0E26939g,YALI1_E31891p
YALI0E26961g,YALI1_E31897p
YALI0E26983g,YALI1_E31919p
YALI0E27005g,YALI1_E31947p
YALI0E27027g,YALI1_E31974p
YALI0E27049g,YALI1_E31982p
YALI0E27071g,YALI1_E32033p
YALI0E27093g,YALI1_E32054p
YALI0E27115g,YALI1_E32077p
YALI0E27137g,YALI1_E32096p
YALI0E27159g,YALI1_E32118p
YALI0E27181g,YALI1_E32152p
YALI0E27203g,YALI1_E32180p
YALI0E27225g,YALI1_E32223p
YALI0E27247g,YALI1_E32241p
,YALI1_E32247p
YALI0E27269g,YALI1_E32269p
YALI0E27291g,YALI1_E32315p
YALI0E27313g,YALI1_E32324p
YALI0E27318r,YALI1_E32326r
YALI0E27324r,YALI1_E32327r
YALI0E27346g,YALI1_E32332p
YALI0E27368g,YALI1_E32357p
YALI0E27390g,YALI1_E32361p
YALI0E27412g,YALI1_E32396p
YALI0E27434g,YALI1_E32402p
YALI0E27456g,YALI1_E32411p
YALI0E27511g,YALI1_E32423p
YALI0E27533g,YALI1_E32445p
YALI0E27555g,YALI1_E32461p
YALI0E27588g,YALI1_E32489p
YALI0E27610r,YALI1_E32510r
YALI0E27616g,YALI1_E32512p
,YALI1_E32520p
YALI0E27632g,YALI1_E32568p
YALI0E27654g,YALI1_E32603p
YALI0E27676g,YALI1_E32622p
YALI0E27698g,YALI1_E32636p
YALI0E27715g,YALI1_E32664p
YALI0E27720g,YALI1_E32693p
YALI0E27742g,YALI1_E32722p
YALI0E27764g,YALI1_E32754p
YALI0E27786g,YALI1_E32776p
,YALI1_E32792p
YALI0E27808g,YALI1_E32816p
YALI0E27830g,YALI1_E32842p
YALI0E27852g,YALI1_E32868p
YALI0E27874g,YALI1_E32908p
,YALI1_E32931p
,YALI1_E32936p
YALI0E27896g,YALI1_E32946p
YALI0E27918g,YALI1_E33002p
YALI0E27940g,YALI1_E33024p
YALI0E27962g,YALI1_E33056p
,YALI1_E33072p
YALI0E27984g,YALI1_E33094p
YALI0E28006g,YALI1_E33112p
YALI0E28028r,YALI1_E33128r
YALI0E28072r,YALI1_E33129r
YALI0E28116r,YALI1_E33140r
YALI0E28153g,YALI1_E33150p
YALI0E28182g,YALI1_E33220p
YALI0E28204g,YALI1_E33234p
YALI0E28226g,YALI1_E33268p
,YALI1_E33278p
YALI0E28237g,YALI1_E33285p
YALI0E28248g,YALI1_E33302p
YALI0E28259g,YALI1_E33336p
,YALI1_E33337p
YALI0E28270g,YALI1_E33372p
YALI0E28292g,YALI1_E33400p
YALI0E28314g,YALI1_E33421p
YALI0E28336g,YALI1_E33459p
YALI0E28358g,YALI1_E33485p
YALI0E28371g,YALI1_E33527p
YALI0E28402g,YALI1_E33540p
YALI0E28424g,YALI1_E33570p
YALI0E28446g,YALI1_E33599p
YALI0E28468g,YALI1_E33633p
YALI0E28490g,YALI1_E33642p
YALI0E28512g,YALI1_E33675p
YALI0E28534g,YALI1_E33760p
,YALI1_E33777p
YALI0E28548g,YALI1_E33799p
YALI0E28556g,YALI1_E33829p
YALI0E28578g,YALI1_E33843p
YALI0E28600g,YALI1_E33858p
YALI0E28622g,YALI1_E33888p
YALI0E28644g,YALI1_E33934p
YALI0E28666g,YALI1_E33943p
YALI0E28699g,YALI1_E34015p
YALI0E28721g,YALI1_E34028p
YALI0E28743g,YALI1_E34042p
YALI0E28765r,YALI1_E34064r
YALI0E28787g,YALI1_E34072p
,YALI1_E34100p
YALI0E28809g,YALI1_E34116p
YALI0E28831g,YALI1_E34156p
YALI0E28853g,YALI1_E34163p
YALI0E28875g,YALI1_E34185p
YALI0E28897g,YALI1_E34205p
YALI0E28919g,YALI1_E34218p
YALI0E28930g,YALI1_E34222p
YALI0E28941g,YALI1_E34238p
YALI0E28963g,YALI1_E34269p
YALI0E28985g,YALI1_E34288p
YALI0E29007g,YALI1_E34290p
YALI0E29029g,YALI1_E34319p
YALI0E29051g,YALI1_E34322p
YALI0E29073g,YALI1_E34344p
YALI0E29095g,YALI1_E34367p
YALI0E29117g,YALI1_E34397p
YALI0E29139g,YALI1_E34408p
YALI0E29161g,YALI1_E34425p
YALI0E29205g,YALI1_E34494p
YALI0E29227g,YALI1_E34513p
YALI0E29249g,YALI1_E34525p
YALI0E29271g,YALI1_E34586p
YALI0E29293g,YALI1_E34621p
YALI0E29307g,YALI1_E34650p
YALI0E29315g,YALI1_E34686p
YALI0E29337g,YALI1_E34708p
YALI0E29359g,YALI1_E34711p
YALI0E29381g,YALI1_E34745p
YALI0E29403g,YALI1_E34784p
YALI0E29425g,YALI1_E34798p
,YALI1_E34826p
,YALI1_E34832p
,YALI1_E34842p
YALI0E29447g,YALI1_E34857p
YALI0E29469g,YALI1_E34870p
YALI0E29491g,YALI1_E34880p
YALI0E29506g,YALI1_E34933p
YALI0E29535g,YALI1_E34942p
YALI0E29557g,YALI1_E34979p
YALI0E29579g,YALI1_E35005p
,YALI1_E35012p
YALI0E29601g,YALI1_E35023p
YALI0E29623g,YALI1_E35027p
YALI0E29645g,YALI1_E35067p
YALI0E29667g,YALI1_E35082p
,YALI1_E35095p
,YALI1_E35109p
YALI0E29689g,YALI1_E35118p
YALI0E29711g,YALI1_E35168p
YALI0E29733g,YALI1_E35181p
YALI0E29755g,YALI1_E35221p
YALI0E29777g,YALI1_E35249p
YALI0E29799r,YALI1_E35260r
YALI0E29821r,YALI1_E35261r
YALI0E29843g,YALI1_E35265p
YALI0E29865g,YALI1_E35280p
YALI0E29887g,YALI1_E35305p
YALI0E29909g,YALI1_E35329p
YALI0E29931g,YALI1_E35384p
YALI0E29953g,YALI1_E35388p
YALI0E29975g,YALI1_E35410p
YALI0E29997g,YALI1_E35417p
YALI0E30019g,YALI1_E35440p
YALI0E30041r,YALI1_E35457r
YALI0E30085g,YALI1_E35478p
YALI0E30107g,YALI1_E35503p
YALI0E30129g,YALI1_E35520p
YALI0E30151g,YALI1_E35546p
YALI0E30173g,YALI1_E35559p
YALI0E30195r,YALI1_E35571r
YALI0E30217g,YALI1_E35580p
YALI0E30239r,YALI1_E35635r
YALI0E30250r,YALI1_E35636r
YALI0E30261g,YALI1_E35639p
YALI0E30283g,YALI1_E35652p
YALI0E30305g,YALI1_E35677p
YALI0E30327g,YALI1_E35689p
YALI0E30349g,YALI1_E35734p
YALI0E30371g,YALI1_E35753p
YALI0E30393g,YALI1_E35759p
YALI0E30415g,YALI1_E35780p
YALI0E30437r,YALI1_E35797r
YALI0E30459r,YALI1_E35798r
YALI0E30481g,YALI1_E35815p
YALI0E30503g,YALI1_E35831p
YALI0E30525g,YALI1_E35843p
,YALI1_E35870p
YALI0E30547g,YALI1_E35888p
YALI0E30569g,YALI1_E35934p
YALI0E30591g,YALI1_E35955p
YALI0E30602g,YALI1_E35963p
,YALI1_E35971p
YALI0E30613g,YALI1_E35982p
YALI0E30635g,YALI1_E35988p
YALI0E30657g,YALI1_E36036p
YALI0E30679g,YALI1_E36057p
YALI0E30701g,YALI1_E36079p
YALI0E30723g,YALI1_E36098p
YALI0E30745g,YALI1_E36103p
YALI0E30767g,YALI1_E36116p
YALI0E30789g,YALI1_E36140p
YALI0E30811g,YALI1_E36179p
YALI0E30833g,YALI1_E36206p
YALI0E30855g,YALI1_E36308p
,YALI1_E36309p
,YALI1_E36323p
YALI0E30877g,YALI1_E36334p
YALI0E30899g,YALI1_E36365p
YALI0E30921g,YALI1_E36395p
YALI0E30943g,YALI1_E36404p
,YALI1_E36409p
,YALI1_E36432p
YALI0E30965g,YALI1_E36437p
YALI0E30987g,YALI1_E36472p
YALI0E31009g,YALI1_E36477p
YALI0E31031g,YALI1_E36494p
YALI0E31064g,YALI1_E36540p
YALI0E31086g,YALI1_E36568p
YALI0E31108g,YALI1_E36619p
YALI0E31130g,YALI1_E36641p
YALI0E31152g,YALI1_E36682p
YALI0E31174g,YALI1_E36692p
YALI0E31196g,YALI1_E36758p
YALI0E31218g,YALI1_E36773p
YALI0E31240g,YALI1_E36789p
YALI0E31262g,YALI1_E36805p
YALI0E31273g,YALI1_E36837p
YALI0E31280g,YALI1_E36844p
YALI0E31288g,YALI1_E36847p
YALI0E31317g,YALI1_E36866p
YALI0E31339g,YALI1_E36887p
YALI0E31361g,YALI1_E36900p
,YALI1_E36913p
YALI0E31383g,YALI1_E36937p
YALI0E31405g,YALI1_E36984p
YALI0E31427g,YALI1_E37026p
,YALI1_E37033p
YALI0E31449g,YALI1_E37040p
YALI0E31471g,YALI1_E37063p
,YALI1_E37080p
,YALI1_E37083p
YALI0E31493g,YALI1_E37095p
YALI0E31515g,YALI1_E37118p
,YALI1_E37142p
YALI0E31537g,YALI1_E37157p
YALI0E31551g,YALI1_E37198p
YALI0E31559g,YALI1_E37234p
YALI0E31581g,YALI1_E37264p
,YALI1_E37295p
YALI0E31603g,YALI1_E37325p
YALI0E31625g,YALI1_E37387p
YALI0E31647g,YALI1_E37392p
YALI0E31669g,YALI1_E37419p
,YALI1_E37441p
YALI0E31691g,YALI1_E37455p
YALI0E31713g,YALI1_E37484p
YALI0E31735g,YALI1_E37494p
YALI0E31757g,YALI1_E37574p
YALI0E31766g,YALI1_E37603p
,YALI1_E37669p
,YALI1_E37678p
,YALI1_E37687p
YALI0E31772g,YALI1_E37716p
YALI0E31779g,YALI1_E37724p
YALI0E31793g,YALI1_E37749p
YALI0E31797g,YALI1_E37764p
YALI0E31823g,YALI1_E37792p
,YALI1_E37796p
YALI0E31845g,YALI1_E37812p
YALI0E31867g,YALI1_E37830p
YALI0E31889g,YALI1_E37863p
YALI0E31911g,YALI1_E37886p
YALI0E31933g,YALI1_E37895p
YALI0E31947r,YALI1_E37921r
YALI0E31955g,YALI1_E37930p
YALI0E31977g,YALI1_E37939p
YALI0E31999g,YALI1_E37950p
,YALI1_E37956p
YALI0E32035g,YALI1_E37982p
YALI0E32043g,YALI1_E38020p
YALI0E32065g,YALI1_E38034p
YALI0E32087g,YALI1_E38050p
YALI0E32109g,YALI1_E38056p
YALI0E32131g,YALI1_E38107p
YALI0E32153g,YALI1_E38113p
YALI0E32164g,YALI1_E38131p
YALI0E32175g,YALI1_E38136p
,YALI1_E38142p
YALI0E32197g,YALI1_E38164p
YALI0E32208g,YALI1_E38178p
YALI0E32219g,YALI1_E38193p
YALI0E32241g,YALI1_E38208p
YALI0E32263g,YALI1_E38218p
YALI0E32285g,YALI1_E38239p
YALI0E32307g,YALI1_E38243p
YALI0E32329g,YALI1_E38266p
YALI0E32351g,YALI1_E38308p
YALI0E32373g,YALI1_E38329p
YALI0E32395g,YALI1_E38349p
YALI0E32417g,YALI1_E38389p
YALI0E32439g,YALI1_E38443p
YALI0E32461g,YALI1_E38479p
YALI0E32483g,YALI1_E38491p
YALI0E32494g,YALI1_E38512p
YALI0E32505g,YALI1_E38526p
YALI0E32527g,YALI1_E38561p
YALI0E32542g,YALI1_E38593p
YALI0E32571g,YALI1_E38608p
YALI0E32593g,YALI1_E38640p
YALI0E32615g,YALI1_E38656p
YALI0E32637g,YALI1_E38677p
YALI0E32659g,YALI1_E38692p
YALI0E32681g,YALI1_E38701p
YALI0E32703g,YALI1_E38706p
YALI0E32725g,YALI1_E38744p
YALI0E32736g,YALI1_E38749p
YALI0E32747g,YALI1_E38766p
,YALI1_E38791p
YALI0E32769g,YALI1_E38810p
YALI0E32791g,YALI1_E38859p
YALI0E32813g,YALI1_E38896p
YALI0E32835g,YALI1_E38912p
YALI0E32857g,YALI1_E39057p
YALI0E32879g,YALI1_E39083p
YALI0E32901g,YALI1_E39128p
YALI0E32923r,YALI1_E39149r
YALI0E32967g,YALI1_E39171p
YALI0E32989g,YALI1_E39193p
YALI0E33011g,YALI1_E39210p
YALI0E33033g,YALI1_E39221p
YALI0E33055g,YALI1_E39228p
YALI0E33077g,YALI1_E39243p
YALI0E33099g,YALI1_E39248p
YALI0E33121g,YALI1_E39284p
YALI0E33143g,YALI1_E39295p
YALI0E33165g,YALI1_E39306p
YALI0E33187g,YALI1_E39333p
YALI0E33209g,YALI1_E39335p
YALI0E33231g,YALI1_E39378p
YALI0E33253g,YALI1_E39385p
YALI0E33275g,YALI1_E39395p
YALI0E33297g,YALI1_E39414p
YALI0E33319g,YALI1_E39433p
YALI0E33341g,YALI1_E39439p
YALI0E33363g,YALI1_E39466p
YALI0E33378g,YALI1_E39500p
YALI0E33377g,YALI1_E39500t
YALI0E33385g,YALI1_E39553p
YALI0E33407g,YALI1_E39570p
YALI0E33429g,YALI1_E39579p
YALI0E33451g,YALI1_E39618p
YALI0E33473g,YALI1_E39656p
YALI0E33495g,YALI1_E39676p
YALI0E33517g,YALI1_E39693p
YALI0E33539g,YALI1_E39796p
YALI0E33561g,YALI1_E39820p
YALI0E33583g,YALI1_E39848p
YALI0E33605g,YALI1_E39862p
YALI0E33627g,YALI1_E39886p
YALI0E33649g,YALI1_E39924p
YALI0E33671g,YALI1_E39934p
YALI0E33693g,YALI1_E39955p
YALI0E33715g,YALI1_E39983p
YALI0E33737g,YALI1_E39990p
YALI0E33759g,YALI1_E40032p
YALI0E33774g,YALI1_E40076p
YALI0E33803g,YALI1_E40089p
YALI0E33825g,YALI1_E40097p
YALI0E33847g,YALI1_E40144p
YALI0E33869g,YALI1_E40161p
YALI0E33913g,YALI1_E40251p
,YALI1_E40274p
YALI0E33935g,YALI1_E40282p
YALI0E33957g,YALI1_E40305p
YALI0E33979g,YALI1_E40324p
YALI0E34001g,YALI1_E40327p
YALI0E34037g,YALI1_E40361p
YALI0E34045g,YALI1_E40394p
YALI0E34067g,YALI1_E40422p
YALI0E34089g,YALI1_E40442p
YALI0E34111g,YALI1_E40467p
YALI0E34133g,YALI1_E40471p
YALI0E34155g,YALI1_E40502p
YALI0E34170g,YALI1_E40540p
YALI0E34199g,YALI1_E40571p
YALI0E34221g,YALI1_E40603p
YALI0E34243g,YALI1_E40640p
,YALI1_E40647p
YALI0E34265g,YALI1_E40671p
YALI0E34287g,YALI1_E40691p
YALI0E34309g,YALI1_E40718p
YALI0E34331g,YALI1_E40744p
YALI0E34353g,YALI1_E40754p
YALI0E34375g,YALI1_E40782p
YALI0E34397g,YALI1_E40785p
YALI0E34419g,YALI1_E40811p
YALI0E34441g,YALI1_E40818p
YALI0E34463g,YALI1_E40864p
YALI0E34485g,YALI1_E40915p
YALI0E34507g,YALI1_E40970p
,YALI1_E40972p
YALI0E34529g,YALI1_E40995p
YALI0E34540g,YALI1_E41014p
YALI0E34551g,YALI1_E41057p
YALI0E34573g,YALI1_E41061p
YALI0E34650g,YALI1_E41110p
YALI0E34672g,YALI1_E41148p
YALI0E34687g,YALI1_E41185p
YALI0E34727g,YALI1_E41206p
YALI0E34749g,YALI1_E41251p
YALI0E34771g,YALI1_E41276p
YALI0E34793g,YALI1_E41315p
YALI0E34815g,YALI1_E41325p
,YALI1_E41360p
YALI0E34826g,YALI1_E41367p
YALI0E34837g,YALI1_E41393p
YALI0E34852g,YALI1_E41399p
YALI0E34881g,YALI1_E41421p
YALI0E34903g,YALI1_E41436p
,YALI1_E41480p
,YALI1_E41498p
YALI0E34925g,YALI1_E41514p
YALI0E34947g,YALI1_E41569p
YALI0E35024g,YALI1_E41610p
YALI0E35046g,YALI1_E41647p
YALI0E35112g,YALI1_E41699p
,YALI1_E41734p
,YALI1_E41737p
YALI0E35156g,YALI1_E41754p
YALI0E35200g,YALI1_E41850p
YALI0E35222g,YALI1_E41893p
YALI0F00099r,YALI1_F00082r
,YALI1_F00099p
YALI0F00110g,YALI1_F00140p
YALI0F00132g,YALI1_F00155p
YALI0F00154g,YALI1_F00184p
YALI0F00176g,YALI1_F00207p
YALI0F00198g,YALI1_F00229p
YALI0F00220g,YALI1_F00261p
YALI0F00242g,YALI1_F00286p
YALI0F00264g,YALI1_F00288p
YALI0F00286g,YALI1_F00307p
YALI0F00308g,YALI1_F00366p
YALI0F00330g,YALI1_F00399p
,YALI1_F00400p
YALI0F00352g,YALI1_F00430p
YALI0F00374g,YALI1_F00436p
YALI0F00396g,YALI1_F00472p
YALI0F00418g,YALI1_F00504p
YALI0F00440g,YALI1_F00534p
YALI0F00462g,YALI1_F00616p
YALI0F00484g,YALI1_F00654p
,YALI1_F00728p
YALI0F00506g,YALI1_F00821p
YALI0F00528g,YALI1_F00866p
,YALI1_F00867p
YALI0F00550g,YALI1_F00894p
,YALI1_F00960p
YALI0F00594g,YALI1_F00976p
YALI0F00616g,YALI1_F00996p
YALI0F00638g,YALI1_F01020p
YALI0F00660g,YALI1_F01034p
YALI0F00682g,YALI1_F01078p
YALI0F00704g,YALI1_F01132p
YALI0F00726g,YALI1_F01157p
YALI0F00748g,YALI1_F01172p
YALI0F00770g,YALI1_F01234p
YALI0F00792g,YALI1_F01248p
YALI0F00814g,YALI1_F01275p
YALI0F00836g,YALI1_F01291p
,YALI1_F01324p
YALI0F00858g,YALI1_F01346p
,YALI1_F01369p
YALI0F00880g,YALI1_F01405p
YALI0F00902g,YALI1_F01430p
YALI0F00924g,YALI1_F01456p
YALI0F00946g,YALI1_F01486p
YALI0F00968g,YALI1_F01532p
YALI0F00990g,YALI1_F01614p
YALI0F01012g,YALI1_F01659p
YALI0F01034g,YALI1_F01696p
YALI0F01056g,YALI1_F01742p
YALI0F01078g,YALI1_F01755p
YALI0F01100g,YALI1_F01796p
YALI0F01122g,YALI1_F01838p
YALI0F01144g,YALI1_F01849p
YALI0F01166g,YALI1_F01897p
YALI0F01177r,YALI1_F01905r
YALI0F01188g,YALI1_F01929p
,YALI1_F01946p
YALI0F01210g,YALI1_F01981p
,YALI1_F02008p
YALI0F01232g,YALI1_F02047p
YALI0F01254g,YALI1_F02074p
YALI0F01276r,YALI1_F02100r
YALI0F01320g,YALI1_F02132p
YALI0F01342r,YALI1_F02155r
YALI0F01386g,YALI1_F02187p
YALI0F01408g,YALI1_F02199p
YALI0F01419r,YALI1_F02211r
YALI0F01430g,YALI1_F02238p
YALI0F01452g,YALI1_F02265p
,YALI1_F02266p
,YALI1_F02275p
,YALI1_F02289p
YALI0F01474g,YALI1_F02299p
YALI0F01496g,YALI1_F02309p
YALI0F01518g,YALI1_F02378p
,YALI1_F02389p
YALI0F01540g,YALI1_F02403p
YALI0F01562g,YALI1_F02434p
YALI0F01584g,YALI1_F02481p
YALI0F01606g,YALI1_F02508p
YALI0F01628g,YALI1_F02518p
YALI0F01650g,YALI1_F02545p
YALI0F01672g,YALI1_F02592p
YALI0F01694g,YALI1_F02655p
YALI0F01716g,YALI1_F02697p
,YALI1_F02701p
YALI0F01738g,YALI1_F02726p
YALI0F01771g,YALI1_F02758p
YALI0F01793g,YALI1_F02794p
YALI0F01815g,YALI1_F02855p
,YALI1_F02868p
YALI0F01837g,YALI1_F02903p
YALI0F01859g,YALI1_F02939p
YALI0F01881g,YALI1_F02942p
YALI0F01903g,YALI1_F02983p
,YALI1_F02993p
YALI0F01925g,YALI1_F03028p
YALI0F01947g,YALI1_F03075p
YALI0F01969g,YALI1_F03118p
YALI0F01991g,YALI1_F03120p
YALI0F02013g,YALI1_F03136p
YALI0F02035g,YALI1_F03153p
,YALI1_F03197p
,YALI1_F03205p
YALI0F02046g,YALI1_F03215p
YALI0F02057g,YALI1_F03269p
,YALI1_F03284p
YALI0F02079g,YALI1_F03337p
YALI0F02101g,YALI1_F03356p
YALI0F02123g,YALI1_F03371p
YALI0F02145g,YALI1_F03389p
YALI0F02167g,YALI1_F03407p
YALI0F02189g,YALI1_F03428p
YALI0F02211g,YALI1_F03452p
YALI0F02233g,YALI1_F03461p
YALI0F02255g,YALI1_F03481p
YALI0F02277g,YALI1_F03494p
,YALI1_F03495p
YALI0F02299g,YALI1_F03527p
YALI0F02321g,YALI1_F03529p
YALI0F02343g,YALI1_F03573p
YALI0F02365g,YALI1_F03604p
YALI0F02387g,YALI1_F03693p
YALI0F02409g,YALI1_F03722p
YALI0F02431g,YALI1_F03735p
YALI0F02453g,YALI1_F03765p
YALI0F02475g,YALI1_F03778p
YALI0F02497g,YALI1_F03803p
YALI0F02519g,YALI1_F03830p
YALI0F02563g,YALI1_F03842p
YALI0F02585g,YALI1_F03855p
YALI0F02607g,YALI1_F03883p
YALI0F02629g,YALI1_F03908p
YALI0F02651g,YALI1_F03909p
YALI0F02673g,YALI1_F03948p
YALI0F02695g,YALI1_F03973p
YALI0F02717g,YALI1_F03974p
YALI0F02739g,YALI1_F03992p
YALI0F02761g,YALI1_F04001p
YALI0F02783g,YALI1_F04027p
YALI0F02805g,YALI1_F04045p
YALI0F02827g,YALI1_F04070p
YALI0F02849g,YALI1_F04082p
YALI0F02871g,YALI1_F04106p
YALI0F02893g,YALI1_F04110p
YALI0F02915g,YALI1_F04130p
YALI0F02937g,YALI1_F04157p
YALI0F02959g,YALI1_F04185p
YALI0F02981g,YALI1_F04211p
YALI0F03003g,YALI1_F04236p
YALI0F03025g,YALI1_F04238p
YALI0F03047g,YALI1_F04259p
YALI0F03069g,YALI1_F04264p
YALI0F03091r,YALI1_F04285r
YALI0F03113g,YALI1_F04314p
YALI0F03135g,YALI1_F04345p
YALI0F03157g,YALI1_F04379p
YALI0F03179g,YALI1_F04433p
YALI0F03201g,YALI1_F04455p
YALI0F03223g,YALI1_F04497p
YALI0F03245g,YALI1_F04559t
YALI0F03256g,YALI1_F04580t
YALI0F03278g,YALI1_F04590t
YALI0F03300g,YALI1_F04594p
YALI0F03322g,YALI1_F04626p
YALI0F03344g,YALI1_F04643p
,YALI1_F04655p
YALI0F03366g,YALI1_F04690p
YALI0F03388g,YALI1_F04763p
YALI0F03410g,YALI1_F04818p
YALI0F03432g,YALI1_F04848p
,YALI1_F04849p
,YALI1_F04855p
,YALI1_F04860p
YALI0F03454g,YALI1_F04895p
YALI0F03476g,YALI1_F04920p
YALI0F03498g,YALI1_F04938p
YALI0F03520g,YALI1_F04980p
YALI0F03542g,YALI1_F05039p
,YALI1_F05088p
YALI0F03567g,YALI1_F05089p
,YALI1_F05118p
,YALI1_F05128p
YALI0F03575g,YALI1_F05137p
,YALI1_F05205p
YALI0F03597g,YALI1_F05220p
YALI0F03619g,YALI1_F05253p
,YALI1_F05290p
YALI0F03630g,YALI1_F05312p
,YALI1_F05313p
YALI0F03641g,YALI1_F05386p
,YALI1_F05403p
YALI0F03663g,YALI1_F05415p
YALI0F03685g,YALI1_F05448p
YALI0F03707g,YALI1_F05459p
YALI0F03729g,YALI1_F05480p
YALI0F03751g,YALI1_F05509p
,YALI1_F05543t
YALI0F03795g,YALI1_F05574p
,YALI1_F05575p
YALI0F03817g,YALI1_F05624p
YALI0F03839g,YALI1_F05661p
YALI0F03861g,YALI1_F05695p
YALI0F03883g,YALI1_F05781p
YALI0F03905g,YALI1_F05814p
YALI0F03927g,YALI1_F05871p
,YALI1_F05876p
,YALI1_F05887p
,YALI1_F05893p
,YALI1_F05900p
YALI0F03949g,YALI1_F05936p
YALI0F03971g,YALI1_F05958p
,YALI1_F05967p
YALI0F03993g,YALI1_F05979p
YALI0F04015g,YALI1_F06018p
YALI0F04037g,YALI1_F06035p
YALI0F04059g,YALI1_F06076p
YALI0F04081g,YALI1_F06109p
,YALI1_F06131p
,YALI1_F06164p
YALI0F04095g,YALI1_F06197p
,YALI1_F06198p
YALI0F04103g,YALI1_F06236p
YALI0F04114g,YALI1_F06244p
YALI0F04125g,YALI1_F06262p
,YALI1_F06289p
YALI0F04147g,YALI1_F06312p
YALI0F04169g,YALI1_F06351p
,YALI1_F06353p
YALI0F04191g,YALI1_F06393p
,YALI1_F06410p
,YALI1_F06426p
YALI0F04213g,YALI1_F06466p
,YALI1_F06489p
YALI0F04246r,YALI1_F06501r
YALI0F04268g,YALI1_F06544p
YALI0F04290g,YALI1_F06578p
YALI0F04312g,YALI1_F06628p
YALI0F04334g,YALI1_F06670p
YALI0F04356g,YALI1_F06708p
YALI0F04378g,YALI1_F06787p
YALI0F04400g,YALI1_F06797p
YALI0F04422g,YALI1_F06830p
YALI0F04444g,YALI1_F06858p
YALI0F04466g,YALI1_F06896p
YALI0F04488r,YALI1_F06899r
YALI0F04532g,YALI1_F06904p
YALI0F04543g,YALI1_F06941p
YALI0F04554g,YALI1_F06956p
YALI0F04576g,YALI1_F06991p
YALI0F04598g,YALI1_F07042p
,YALI1_F07055p
YALI0F04620g,YALI1_F07093p
YALI0F04642g,YALI1_F07135p
,YALI1_F07146p
,YALI1_F07150p
YALI0F04664g,YALI1_F07181p
YALI0F04686g,YALI1_F07246p
YALI0F04708g,YALI1_F07318p
YALI0F04730g,YALI1_F07344p
,YALI1_F07361p
YALI0F04752g,YALI1_F07376p
YALI0F04774g,YALI1_F07384p
YALI0F04796g,YALI1_F07401p
,YALI1_F07416p
YALI0F04818g,YALI1_F07429p
YALI0F04840r,YALI1_F07461r
YALI0F04884g,YALI1_F07504p
YALI0F04906g,YALI1_F07510p
YALI0F04928g,YALI1_F07557p
YALI0F04972g,YALI1_F07573p
YALI0F04994r,YALI1_F07588r
YALI0F05016g,YALI1_F07604p
YALI0F05038g,YALI1_F07630p
YALI0F05060g,YALI1_F07655p
YALI0F05082g,YALI1_F07675p
YALI0F05104g,YALI1_F07699p
YALI0F05126g,YALI1_F07747p
,YALI1_F07756p
,YALI1_F07762p
YALI0F05148g,YALI1_F07793p
YALI0F05170g,YALI1_F07819p
YALI0F05192g,YALI1_F07827p
YALI0F05214g,YALI1_F07847p
YALI0F05236g,YALI1_F07860p
YALI0F05258g,YALI1_F07881p
YALI0F05280g,YALI1_F07884p
YALI0F05302g,YALI1_F07907p
YALI0F05324g,YALI1_F07938p
,YALI1_F07980p
YALI0F05346g,YALI1_F07990p
,YALI1_F08031r
YALI0F05390g,YALI1_F08075p
,YALI1_F08097p
YALI0F05412g,YALI1_F08111p
YALI0F05434g,YALI1_F08146p
YALI0F05456g,YALI1_F08170p
YALI0F05478g,YALI1_F08183p
YALI0F05500g,YALI1_F08225p
YALI0F05522g,YALI1_F08260p
YALI0F05544g,YALI1_F08284p
YALI0F05566g,YALI1_F08292p
YALI0F05588g,YALI1_F08324p
YALI0F05610g,YALI1_F08349p
YALI0F05632g,YALI1_F08363p
YALI0F05654g,YALI1_F08392p
YALI0F05676g,YALI1_F08431p
YALI0F05698g,YALI1_F08454p
YALI0F05720g,YALI1_F08514p
YALI0F05742g,YALI1_F08544p
YALI0F05764g,YALI1_F08562p
YALI0F05786g,YALI1_F08585p
,YALI1_F08590p
,YALI1_F08597p
,YALI1_F08603p
YALI0F05803g,YALI1_F08635p
YALI0F05808g,YALI1_F08644p
YALI0F05830g,YALI1_F08650p
YALI0F05852g,YALI1_F08683p
YALI0F05874g,YALI1_F08705p
YALI0F05896g,YALI1_F08745p
YALI0F05918g,YALI1_F08757p
YALI0F05940g,YALI1_F08784p
YALI0F05962g,YALI1_F08845p
YALI0F05984g,YALI1_F08885p
YALI0F06006g,YALI1_F08930p
YALI0F06028g,YALI1_F08944p
YALI0F06050g,YALI1_F09003p
YALI0F06061g,YALI1_F09017p
YALI0F06072g,YALI1_F09051p
,YALI1_F09056p
YALI0F06094g,YALI1_F09088p
,YALI1_F09137p
,YALI1_F09155p
,YALI1_F09161p
YALI0F06116g,YALI1_F09177p
YALI0F06138g,YALI1_F09211p
YALI0F06160g,YALI1_F09230p
YALI0F06182g,YALI1_F09265p
YALI0F06204g,YALI1_F09282p
YALI0F06226g,YALI1_F09289p
YALI0F06248g,YALI1_F09314p
YALI0F06259g,YALI1_F09317p
YALI0F06270g,YALI1_F09335p
YALI0F06292g,YALI1_F09345p
YALI0F06314g,YALI1_F09361p
YALI0F06336g,YALI1_F09405p
YALI0F06358g,YALI1_F09433p
YALI0F06372g,YALI1_F09456p
YALI0F06380g,YALI1_F09481p
YALI0F06402g,YALI1_F09518p
YALI0F06424g,YALI1_F09542p
YALI0F06446g,YALI1_F09563p
YALI0F06468g,YALI1_F09598p
YALI0F06490g,YALI1_F09608p
YALI0F06512g,YALI1_F09627p
YALI0F06523r,YALI1_F09634r
,YALI1_F09671p
YALI0F06534g,YALI1_F09695p
YALI0F06556g,YALI1_F09720p
,YALI1_F09737p
YALI0F06578g,YALI1_F09747p
YALI0F06600g,YALI1_F09788p
YALI0F06622g,YALI1_F09802p
YALI0F06644g,YALI1_F09803p
YALI0F06666g,YALI1_F09833p
YALI0F06688g,YALI1_F09846p
YALI0F06710g,YALI1_F09856p
,YALI1_F09863p
YALI0F06732g,YALI1_F09896p
YALI0F06754g,YALI1_F09932p
YALI0F06776g,YALI1_F09965p
YALI0F06791g,YALI1_F09996p
YALI0F06820g,YALI1_F10110p
YALI0F06826g,YALI1_F10115p
YALI0F06842g,YALI1_F10122p
YALI0F06864g,YALI1_F10150p
YALI0F06886g,YALI1_F10184p
YALI0F06908g,YALI1_F10193p
,YALI1_F10213r
YALI0F06930r,YALI1_F10214r
YALI0F06974g,YALI1_F10224p
YALI0F06996r,YALI1_F10237r
YALI0F07018g,YALI1_F10253p
,YALI1_F10270p
,YALI1_F10285p
,YALI1_F10288p
YALI0F07040g,YALI1_F10296p
YALI0F07062g,YALI1_F10342p
,YALI1_F10375p
YALI0F07084g,YALI1_F10385p
YALI0F07106g,YALI1_F10486p
YALI0F07128g,YALI1_F10530p
YALI0F07150r,YALI1_F10538r
YALI0F07194g,YALI1_F10552p
YALI0F07205r,YALI1_F10558r
YALI0F07216g,YALI1_F10585p
YALI0F07238g,YALI1_F10616p
YALI0F07260g,YALI1_F10633p
YALI0F07282g,YALI1_F10652p
YALI0F07282g,YALI1_F10660p
YALI0F07315g,YALI1_F10671p
YALI0F07337g,YALI1_F10688p
YALI0F07359g,YALI1_F10713p
YALI0F07381g,YALI1_F10731p
YALI0F07403r,YALI1_F10757r
YALI0F07447g,YALI1_F10760p
YALI0F07469g,YALI1_F10774p
YALI0F07491g,YALI1_F10786p
YALI0F07513g,YALI1_F10839p
YALI0F07535g,YALI1_F10866p
,YALI1_F10867p
YALI0F07549r,YALI1_F10893r
YALI0F07557g,YALI1_F10900p
YALI0F07579g,YALI1_F10928p
YALI0F07601g,YALI1_F10938p
YALI0F07623g,YALI1_F10971p
YALI0F07645g,YALI1_F10977p
,YALI1_F10987p
YALI0F07667g,YALI1_F10990p
YALI0F07689g,YALI1_F11020p
YALI0F07711g,YALI1_F11049p
,YALI1_F11054p
YALI0F07733g,YALI1_F11080p
YALI0F07755g,YALI1_F11093p
YALI0F07777g,YALI1_F11141p
YALI0F07799g,YALI1_F11186p
YALI0F07821g,YALI1_F11199p
YALI0F07843g,YALI1_F11224p
YALI0F07865g,YALI1_F11243p
YALI0F07887g,YALI1_F11261p
YALI0F07909g,YALI1_F11277p
YALI0F07931g,YALI1_F11292p
YALI0F07953g,YALI1_F11308p
YALI0F07975g,YALI1_F11313p
YALI0F08019g,YALI1_F11330p
,YALI1_F11337p
YALI0F08041g,YALI1_F11363p
YALI0F08063g,YALI1_F11396p
YALI0F08085g,YALI1_F11417p
YALI0F08107g,YALI1_F11449p
YALI0F08129g,YALI1_F11481p
YALI0F08151g,YALI1_F11493p
YALI0F08158r,YALI1_F11511r
YALI0F08165g,YALI1_F11553p
YALI0F08173r,YALI1_F11572r
YALI0F08195g,YALI1_F11583p
YALI0F08217g,YALI1_F11605p
YALI0F08239r,YALI1_F11618r
YALI0F08283g,YALI1_F11635p
YALI0F08305g,YALI1_F11658p
YALI0F08327g,YALI1_F11689p
,YALI1_F11711p
YALI0F08349g,YALI1_F11729p
YALI0F08371g,YALI1_F11781p
YALI0F08393g,YALI1_F11787p
YALI0F08415g,YALI1_F11827p
YALI0F08437g,YALI1_F11855p
,YALI1_F11857p
,YALI1_F11866p
YALI0F08459g,YALI1_F11871p
YALI0F08481g,YALI1_F11878p
,YALI1_F11889p
YALI0F08503g,YALI1_F11905p
YALI0F08525g,YALI1_F11907p
,YALI1_F11916p
YALI0F08569g,YALI1_F11930p
YALI0F08591g,YALI1_F11956p
YALI0F08613g,YALI1_F12013p
YALI0F08635g,YALI1_F12033p
,YALI1_F12052p
YALI0F08657g,YALI1_F12080p
YALI0F08679g,YALI1_F12089p
YALI0F08701g,YALI1_F12138p
YALI0F08723g,YALI1_F12176p
YALI0F08745g,YALI1_F12190p
,YALI1_F12211p
YALI0F08789g,YALI1_F12254p
YALI0F08811g,YALI1_F12312p
,YALI1_F12318p
YALI0F08833g,YALI1_F12330p
YALI0F08855g,YALI1_F12365p
YALI0F08877g,YALI1_F12422p
,YALI1_F12430p
YALI0F08899g,YALI1_F12434p
YALI0F08921g,YALI1_F12478p
YALI0F08943g,YALI1_F12504p
,YALI1_F12520p
,YALI1_F12523p
YALI0F08965g,YALI1_F12535p
YALI0F08987g,YALI1_F12562p
,YALI1_F12570p
YALI0F09009g,YALI1_F12578p
YALI0F09031g,YALI1_F12616p
YALI0F09053g,YALI1_F12635p
YALI0F09075g,YALI1_F12649p
YALI0F09097g,YALI1_F12666p
YALI0F09119g,YALI1_F12712p
YALI0F09141g,YALI1_F12757p
,YALI1_F12801p
YALI0F09163g,YALI1_F12810p
YALI0F09185g,YALI1_F12842p
,YALI1_F12871p
YALI0F09229g,YALI1_F12874p
YALI0F09251g,YALI1_F12895p
YALI0F09273g,YALI1_F12917p
YALI0F09295g,YALI1_F12946p
YALI0F09317g,YALI1_F12951p
YALI0F09339g,YALI1_F12969p
YALI0F09361g,YALI1_F12983p
YALI0F09383g,YALI1_F13001p
YALI0F09405g,YALI1_F13017p
YALI0F09427g,YALI1_F13023p
YALI0F09449g,YALI1_F13039p
YALI0F09471g,YALI1_F13046p
YALI0F09493g,YALI1_F13072p
YALI0F09515g,YALI1_F13079p
YALI0F09537g,YALI1_F13088p
YALI0F09559g,YALI1_F13097p
YALI0F09581g,YALI1_F13134p
,YALI1_F13155p
YALI0F09603g,YALI1_F13170p
,YALI1_F13172p
,YALI1_F13185p
YALI0F09625g,YALI1_F13202p
YALI0F09647g,YALI1_F13211p
YALI0F09669g,YALI1_F13220p
YALI0F09691g,YALI1_F13268p
YALI0F09746g,YALI1_F13339p
,YALI1_F13355p
YALI0F09768g,YALI1_F13366p
YALI0F09790g,YALI1_F13373p
YALI0F09812g,YALI1_F13384p
YALI0F09834g,YALI1_F13395p
YALI0F09856g,YALI1_F13446p
YALI0F09878g,YALI1_F13452p
YALI0F09889r,YALI1_F13466r
YALI0F09900r,YALI1_F13467r
YALI0F09944g,YALI1_F13476p
YALI0F09966g,YALI1_F13505p
YALI0F09988g,YALI1_F13526p
YALI0F10010g,YALI1_F13550p
YALI0F10032g,YALI1_F13579p
YALI0F10054g,YALI1_F13597p
YALI0F10076g,YALI1_F13602p
YALI0F10098g,YALI1_F13644p
YALI0F10131g,YALI1_F13691p
YALI0F10145r,YALI1_F13709r
YALI0F10153g,YALI1_F13719p
YALI0F10175g,YALI1_F13793p
YALI0F10197g,YALI1_F13875p
YALI0F10219g,YALI1_F13908p
YALI0F10241g,YALI1_F13953p
YALI0F10263r,YALI1_F13971r
YALI0F10285g,YALI1_F14009p
YALI0F10307g,YALI1_F14024p
YALI0F10329r,YALI1_F14041r
YALI0F10373g,YALI1_F14072p
,YALI1_F14090p
YALI0F10395r,YALI1_F14097r
YALI0F10439g,YALI1_F14107p
YALI0F10461g,YALI1_F14136p
,YALI1_F14150p
,YALI1_F14160p
YALI0F10483g,YALI1_F14168p
YALI0F10505g,YALI1_F14175p
YALI0F10527g,YALI1_F14201p
,YALI1_F14207p
YALI0F10541g,YALI1_F14213p
YALI0F10549g,YALI1_F14239p
YALI0F10571r,YALI1_F14259r
YALI0F10593r,YALI1_F14278r
YALI0F10615g,YALI1_F14290p
YALI0F10637g,YALI1_F14303p
YALI0F10659g,YALI1_F14342p
YALI0F10681g,YALI1_F14351t
YALI0F10703g,YALI1_F14368p
YALI0F10725g,YALI1_F14374p
YALI0F10747g,YALI1_F14403p
YALI0F10769g,YALI1_F14409p
YALI0F10824g,YALI1_F14443p
,YALI1_F14448p
YALI0F10857g,YALI1_F14495p
YALI0F10879r,YALI1_F14519r
YALI0F10901g,YALI1_F14542p
YALI0F10923g,YALI1_F14583p
YALI0F10945g,YALI1_F14625p
YALI0F10967r,YALI1_F14630r
YALI0F11011g,YALI1_F14650p
,YALI1_F14656p
YALI0F11033g,YALI1_F14688p
YALI0F11055g,YALI1_F14712p
YALI0F11077g,YALI1_F14729p
YALI0F11099g,YALI1_F14746p
YALI0F11121g,YALI1_F14766p
YALI0F11143g,YALI1_F14793p
YALI0F11165g,YALI1_F14805p
YALI0F11187g,YALI1_F14827p
YALI0F11209g,YALI1_F14850p
YALI0F11231g,YALI1_F14882p
YALI0F11253g,YALI1_F14900p
YALI0F11275g,YALI1_F14933p
,YALI1_F14946p
YALI0F11297g,YALI1_F14958p
YALI0F11319g,YALI1_F15017p
YALI0F11363g,YALI1_F15038p
,YALI1_F15047p
,YALI1_F15053p
YALI0F11385g,YALI1_F15070p
YALI0F11407g,YALI1_F15108p
,YALI1_F15118p
YALI0F11429g,YALI1_F15141p
YALI0F11451r,YALI1_F15159r
YALI0F11473g,YALI1_F15186p
,YALI1_F15199p
YALI0F11487g,YALI1_F15218p
YALI0F11517g,YALI1_F15265p
,YALI1_F15286p
YALI0F11539g,YALI1_F15291p
YALI0F11561g,YALI1_F15311p
YALI0F11583g,YALI1_F15334p
YALI0F11605g,YALI1_F15352p
YALI0F11616g,YALI1_F15357p
YALI0F11627g,YALI1_F15367p
,YALI1_F15377p
,YALI1_F15387p
YALI0F11649g,YALI1_F15403p
YALI0F11671g,YALI1_F15418p
YALI0F11693g,YALI1_F15449p
YALI0F11715g,YALI1_F15466p
YALI0F11737g,YALI1_F15477p
YALI0F11759g,YALI1_F15517p
YALI0F11781g,YALI1_F15533p
YALI0F11803g,YALI1_F15568p
YALI0F11825g,YALI1_F15641p
YALI0F11847g,YALI1_F15692p
,YALI1_F15695p
YALI0F11869g,YALI1_F15708p
YALI0F11891g,YALI1_F15745p
YALI0F11913g,YALI1_F15769p
YALI0F11935g,YALI1_F15781p
YALI0F11957g,YALI1_F15793p
YALI0F11979g,YALI1_F15817p
YALI0F11979g,YALI1_F15827p
,YALI1_F15829p
,YALI1_F15835p
,YALI1_F15843p
,YALI1_F15847p
YALI0F12001g,YALI1_F15859p
YALI0F12023g,YALI1_F15878p
YALI0F12045g,YALI1_F15886p
,YALI1_F15891p
YALI0F12067g,YALI1_F15905p
YALI0F12089g,YALI1_F15961p
YALI0F12111g,YALI1_F15990p
YALI0F12133g,YALI1_F16005p
YALI0F12155g,YALI1_F16035p
YALI0F12177g,YALI1_F16045p
,YALI1_F16058p
YALI0F12199g,YALI1_F16069p
YALI0F12221g,YALI1_F16117p
YALI0F12243g,YALI1_F16158p
,YALI1_F16165p
,YALI1_F16177p
,YALI1_F16180p
,YALI1_F16199p
,YALI1_F16218p
,YALI1_F16225p
,YALI1_F16232p
,YALI1_F16234p
,YALI1_F16249p
YALI0F12287g,YALI1_F16270p
,YALI1_F16293p
,YALI1_F16348p
YALI0F12309s,YALI1_F16350p
,YALI1_F16366p
,YALI1_F16369p
,YALI1_F16373p
,YALI1_F16376p
,YALI1_F16417p
,YALI1_F16426p
,YALI1_F16431p
,YALI1_F16451p
,YALI1_F16459p
YALI0F12331g,YALI1_F16478p
,YALI1_F16527p
,YALI1_F16551p
YALI0F12353g,YALI1_F16568p
YALI0F12375g,YALI1_F16600p
YALI0F12397g,YALI1_F16614p
YALI0F12419r,YALI1_F16639r
,YALI1_F16649p
YALI0F12463g,YALI1_F16656p
YALI0F12485r,YALI1_F16687r
YALI0F12507g,YALI1_F16702p
YALI0F12518r,YALI1_F16709r
,YALI1_F16715p
YALI0F12529g,YALI1_F16717p
,YALI1_F16735p
YALI0F12551g,YALI1_F16743p
YALI0F12573g,YALI1_F16796p
,YALI1_F16817p
,YALI1_F16839p
,YALI1_F16844p
,YALI1_F16851p
YALI0F12595g,YALI1_F16856p
YALI0F12617g,YALI1_F16915p
YALI0F12639g,YALI1_F16984p
YALI0F12661g,YALI1_F17004p
YALI0F12683g,YALI1_F17025p
YALI0F12705g,YALI1_F17034p
YALI0F12727g,YALI1_F17066p
YALI0F12749g,YALI1_F17082p
,YALI1_F17087p
,YALI1_F17094p
YALI0F12771g,YALI1_F17103p
YALI0F12793g,YALI1_F17138p
YALI0F12815g,YALI1_F17203p
,YALI1_F17215p
YALI0F12837g,YALI1_F17265p
,YALI1_F17289p
,YALI1_F17302p
YALI0F12925g,YALI1_F17337p
,YALI1_F17358p
YALI0F12947g,YALI1_F17369p
YALI0F12969g,YALI1_F17383p
YALI0F12991g,YALI1_F17431p
,YALI1_F17444p
YALI0F13013g,YALI1_F17472p
,YALI1_F17473p
YALI0F13035g,YALI1_F17491p
YALI0F13057g,YALI1_F17496p
YALI0F13068g,YALI1_F17520p
YALI0F13079g,YALI1_F17522p
YALI0F13101g,YALI1_F17547p
YALI0F13123g,YALI1_F17549p
,YALI1_F17565p
YALI0F13145g,YALI1_F17569p
,YALI1_F17581p
YALI0F13167g,YALI1_F17603p
YALI0F13189g,YALI1_F17637p
YALI0F13211g,YALI1_F17657p
YALI0F13233g,YALI1_F17706p
YALI0F13255g,YALI1_F17709p
YALI0F13277g,YALI1_F17756p
YALI0F13299g,YALI1_F17788p
,YALI1_F17797p
YALI0F13321g,YALI1_F17805p
YALI0F13343g,YALI1_F17836p
YALI0F13354g,YALI1_F17907p
YALI0F13365g,YALI1_F17912p
YALI0F13387g,YALI1_F17930p
YALI0F13409g,YALI1_F17949p
YALI0F13431g,YALI1_F17953p
YALI0F13453g,YALI1_F17962p
YALI0F13475g,YALI1_F17988p
YALI0F13497g,YALI1_F18023p
YALI0F13519g,YALI1_F18081p
YALI0F13541g,YALI1_F18105p
YALI0F13563r,YALI1_F18114r
YALI0F13585g,YALI1_F18122p
YALI0F13607g,YALI1_F18152p
YALI0F13629g,YALI1_F18202p
,YALI1_F18226p
YALI0F13651g,YALI1_F18239p
YALI0F13673g,YALI1_F18276p
YALI0F13695g,YALI1_F18357p
YALI0F13717g,YALI1_F18381p
YALI0F13739g,YALI1_F18429p
YALI0F13761g,YALI1_F18459p
YALI0F13783g,YALI1_F18524p
YALI0F13805g,YALI1_F18550p
YALI0F13827t,YALI1_F18593t
,YALI1_F18622p
,YALI1_F18641p
,YALI1_F18664p
YALI0F13849g,YALI1_F18696p
YALI0F13893r,YALI1_F18725r
YALI0F13937g,YALI1_F18740p
YALI0F13959g,YALI1_F18766p
YALI0F13970r,YALI1_F18798r
,YALI1_F18812p
YALI0F13981g,YALI1_F18835p
YALI0F14003g,YALI1_F18857p
YALI0F14025g,YALI1_F18897p
YALI0F14047g,YALI1_F18920p
YALI0F14069g,YALI1_F18943p
YALI0F14091g,YALI1_F18947p
YALI0F14113g,YALI1_F18979p
YALI0F14135g,YALI1_F19007p
YALI0F14157g,YALI1_F19015p
YALI0F14179g,YALI1_F19047p
YALI0F14201g,YALI1_F19058p
YALI0F14223g,YALI1_F19090p
YALI0F14245g,YALI1_F19106p
YALI0F14267g,YALI1_F19126p
YALI0F14289g,YALI1_F19140p
YALI0F14311g,YALI1_F19153p
YALI0F14333g,YALI1_F19169p
YALI0F14355g,YALI1_F19180p
YALI0F14377g,YALI1_F19192p
YALI0F14399g,YALI1_F19216p
YALI0F14421g,YALI1_F19218p
YALI0F14443g,YALI1_F19244p
YALI0F14465g,YALI1_F19249p
YALI0F14487g,YALI1_F19268p
YALI0F14509g,YALI1_F19345p
YALI0F14531g,YALI1_F19370p
YALI0F14553g,YALI1_F19381p
,YALI1_F19418p
YALI0F14575g,YALI1_F19478p
YALI0F14597g,YALI1_F19500p
YALI0F14619g,YALI1_F19556p
YALI0F14641g,YALI1_F19579p
YALI0F14663g,YALI1_F19586p
YALI0F14685g,YALI1_F19610p
,YALI1_F19619p
YALI0F14707g,YALI1_F19635p
YALI0F14729g,YALI1_F19697p
YALI0F14751g,YALI1_F19717p
YALI0F14773g,YALI1_F19720p
YALI0F14795g,YALI1_F19746p
YALI0F14817g,YALI1_F19764p
YALI0F14839g,YALI1_F19805p
YALI0F14861g,YALI1_F19811p
YALI0F14883g,YALI1_F19841p
YALI0F14905g,YALI1_F19853p
YALI0F14927g,YALI1_F19899p
YALI0F14949g,YALI1_F19938p
YALI0F14971g,YALI1_F20010p
YALI0F14993g,YALI1_F20047p
YALI0F15015g,YALI1_F20059p
YALI0F15037g,YALI1_F20086p
YALI0F15059g,YALI1_F20123p
,YALI1_F20145p
YALI0F15081g,YALI1_F20168p
YALI0F15103g,YALI1_F20177p
,YALI1_F20182p
YALI0F15125g,YALI1_F20233p
,YALI1_F20234p
,YALI1_F20323p
YALI0F15147g,YALI1_F20330p
YALI0F15169g,YALI1_F20378p
,YALI1_F20381p
YALI0F15191g,YALI1_F20426p
YALI0F15213g,YALI1_F20457p
YALI0F15235g,YALI1_F20462p
,YALI1_F20547p
YALI0F15257g,YALI1_F20589p
YALI0F15279g,YALI1_F20600p
YALI0F15301r,YALI1_F20603r
YALI0F15323g,YALI1_F20616p
,YALI1_F20631p
YALI0F15345g,YALI1_F20637p
YALI0F15367g,YALI1_F20669p
YALI0F15389g,YALI1_F20712p
YALI0F15411g,YALI1_F20742p
YALI0F15433g,YALI1_F20788p
YALI0F15455r,YALI1_F20806r
YALI0F15477g,YALI1_F20820p
,YALI1_F20831p
YALI0F15499r,YALI1_F20858r
YALI0F15543g,YALI1_F20885p
YALI0F15565r,YALI1_F20897r
YALI0F15587g,YALI1_F20914p
,YALI1_F20931p
YALI0F15609g,YALI1_F20943p
YALI0F15631g,YALI1_F20965p
YALI0F15653g,YALI1_F21002p
YALI0F15675g,YALI1_F21056p
YALI0F15686r,YALI1_F21145r
YALI0F15697g,YALI1_F21174p
YALI0F15719g,YALI1_F21192p
YALI0F15741g,YALI1_F21210p
,YALI1_F21213p
YALI0F15763g,YALI1_F21224p
YALI0F15785g,YALI1_F21261p
YALI0F15796r,YALI1_F21267r
YALI0F15807g,YALI1_F21279p
YALI0F15829g,YALI1_F21315p
YALI0F15851g,YALI1_F21322p
YALI0F15873g,YALI1_F21362p
YALI0F15895g,YALI1_F21381p
YALI0F15917g,YALI1_F21396p
YALI0F15939g,YALI1_F21426p
YALI0F15961g,YALI1_F21453p
YALI0F15983g,YALI1_F21467p
YALI0F16005g,YALI1_F21482p
YALI0F16027g,YALI1_F21504p
YALI0F16049g,YALI1_F21540p
YALI0F16071g,YALI1_F21547p
YALI0F16093g,YALI1_F21567p
YALI0F16115g,YALI1_F21583p
YALI0F16137g,YALI1_F21612p
YALI0F16159g,YALI1_F21647p
,YALI1_F21673p
,YALI1_F21676p
YALI0F16181g,YALI1_F21690p
YALI0F16203g,YALI1_F21698p
YALI0F16225g,YALI1_F21728p
YALI0F16247r,YALI1_F21749r
YALI0F16291g,YALI1_F21769p
YALI0F16313g,YALI1_F21778p
YALI0F16335g,YALI1_F21804p
YALI0F16357g,YALI1_F21813p
YALI0F16379g,YALI1_F21850p
YALI0F16401g,YALI1_F21875p
YALI0F16423g,YALI1_F21908p
YALI0F16452r,YALI1_F21945r
YALI0F16467g,YALI1_F21974p
YALI0F16489g,YALI1_F21989p
YALI0F16511g,YALI1_F22073p
YALI0F16533r,YALI1_F22096r
YALI0F16577g,YALI1_F22115p
YALI0F16599g,YALI1_F22171p
YALI0F16621g,YALI1_F22172p
YALI0F16643g,YALI1_F22219p
YALI0F16665g,YALI1_F22241p
YALI0F16687g,YALI1_F22299p
YALI0F16709g,YALI1_F22321p
YALI0F16720r,YALI1_F22359r
YALI0F16731g,YALI1_F22376p
YALI0F16753g,YALI1_F22402p
YALI0F16775r,YALI1_F22414r
YALI0F16819g,YALI1_F22436p
YALI0F16852g,YALI1_F22481p
,YALI1_F22504p
YALI0F16874g,YALI1_F22525p
YALI0F16885r,YALI1_F22548r
YALI0F16896g,YALI1_F22568p
,YALI1_F22578p
YALI0F16918g,YALI1_F22674p
,YALI1_F22701p
YALI0F16940g,YALI1_F22750p
YALI0F16962g,YALI1_F22784p
YALI0F16984g,YALI1_F22794p
YALI0F17006g,YALI1_F22836p
YALI0F17028g,YALI1_F22841p
YALI0F17050g,YALI1_F22858p
YALI0F17072g,YALI1_F22867p
YALI0F17094r,YALI1_F22880r
YALI0F17116g,YALI1_F22883p
YALI0F17138g,YALI1_F22908p
YALI0F17160g,YALI1_F22915p
YALI0F17182g,YALI1_F22935p
,YALI1_F22940p
YALI0F17204g,YALI1_F22957p
YALI0F17226g,YALI1_F22978p
YALI0F17248g,YALI1_F22993p
YALI0F17270g,YALI1_F23024p
YALI0F17292g,YALI1_F23047p
YALI0F17314g,YALI1_F23071p
YALI0F17336g,YALI1_F23095p
YALI0F17358g,YALI1_F23109p
YALI0F17380g,YALI1_F23133p
YALI0F17402g,YALI1_F23157p
YALI0F17424g,YALI1_F23191p
,YALI1_F23201p
YALI0F17446g,YALI1_F23214p
YALI0F17468g,YALI1_F23270p
,YALI1_F23315p
YALI0F17490g,YALI1_F23331p
YALI0F17512g,YALI1_F23351p
YALI0F17534g,YALI1_F23364p
YALI0F17556g,YALI1_F23368p
YALI0F17578g,YALI1_F23391p
YALI0F17600g,YALI1_F23399p
YALI0F17622g,YALI1_F23414p
YALI0F17644g,YALI1_F23441p
YALI0F17666g,YALI1_F23446p
YALI0F17688g,YALI1_F23474p
YALI0F17710g,YALI1_F23484p
YALI0F17732g,YALI1_F23529p
YALI0F17754g,YALI1_F23551p
,YALI1_F23560p
YALI0F17776g,YALI1_F23595p
YALI0F17798g,YALI1_F23616p
YALI0F17820g,YALI1_F23664p
YALI0F17842g,YALI1_F23706p
YALI0F17864g,YALI1_F23719p
YALI0F17886g,YALI1_F23784p
YALI0F17897g,YALI1_F23819p
YALI0F17908g,YALI1_F23833p
YALI0F17930r,YALI1_F23849r
YALI0F17974g,YALI1_F23867p
YALI0F17996g,YALI1_F23922p
,YALI1_F23925p
YALI0F18018g,YALI1_F23963p
YALI0F18040g,YALI1_F23988p
YALI0F18051r,YALI1_F23999r
YALI0F18062r,YALI1_F24000r
YALI0F18084g,YALI1_F24031p
YALI0F18106g,YALI1_F24079p
YALI0F18128g,YALI1_F24099p
,YALI1_F24115p
YALI0F18150g,YALI1_F24126p
YALI0F18172g,YALI1_F24130p
YALI0F18194g,YALI1_F24151p
YALI0F18216g,YALI1_F24171p
YALI0F18238g,YALI1_F24173p
,YALI1_F24197p
YALI0F18260g,YALI1_F24228p
YALI0F18282g,YALI1_F24247p
YALI0F18304g,YALI1_F24270p
YALI0F18326g,YALI1_F24301p
YALI0F18348g,YALI1_F24332p
YALI0F18359g,YALI1_F24343p
YALI0F18370g,YALI1_F24359p
YALI0F18392g,YALI1_F24401p
YALI0F18403g,YALI1_F24408p
YALI0F18414g,YALI1_F24413p
YALI0F18436g,YALI1_F24469p
,YALI1_F24478p
,YALI1_F24486p
,YALI1_F24489p
,YALI1_F24509p
,YALI1_F24511p
,YALI1_F24517p
,YALI1_F24525p
YALI0F18458g,YALI1_F24564p
,YALI1_F24578p
,YALI1_F24615p
YALI0F18480g,YALI1_F24635p
,YALI1_F24649p
YALI0F18502g,YALI1_F24667p
YALI0F18524g,YALI1_F24699p
YALI0F18546g,YALI1_F24708p
YALI0F18568g,YALI1_F24742p
YALI0F18590g,YALI1_F24773p
YALI0F18612g,YALI1_F24798p
YALI0F18634g,YALI1_F24826p
YALI0F18656g,YALI1_F24864p
YALI0F18678g,YALI1_F24881p
YALI0F18700g,YALI1_F24905p
YALI0F18722g,YALI1_F24929p
YALI0F18744g,YALI1_F24963p
YALI0F18766g,YALI1_F25001p
YALI0F18788g,YALI1_F25035p
YALI0F18810g,YALI1_F25066p
YALI0F18832g,YALI1_F25079p
YALI0F18854g,YALI1_F25110p
YALI0F18876g,YALI1_F25164p
YALI0F18898g,YALI1_F25182p
YALI0F18920g,YALI1_F25212p
YALI0F18942g,YALI1_F25254p
,YALI1_F25289p
YALI0F18964g,YALI1_F25309p
YALI0F18986r,YALI1_F25348r
YALI0F19030g,YALI1_F25382p
,YALI1_F25388p
,YALI1_F25413p
YALI0F19052g,YALI1_F25444p
YALI0F19074g,YALI1_F25485p
YALI0F19096g,YALI1_F25496p
YALI0F19118g,YALI1_F25535p
YALI0F19118g,YALI1_F25546p
YALI0F19140g,YALI1_F25556p
YALI0F19162g,YALI1_F25570p
YALI0F19184g,YALI1_F25587p
YALI0F19206g,YALI1_F25614p
YALI0F19228g,YALI1_F25649p
YALI0F19250g,YALI1_F25650p
,YALI1_F25663p
YALI0F19272g,YALI1_F25671p
YALI0F19294r,YALI1_F25691r
YALI0F19316g,YALI1_F25701p
YALI0F19316g,YALI1_F25708p
YALI0F19360g,YALI1_F25771p
,YALI1_F25783p
YALI0F19382g,YALI1_F25792p
YALI0F19404g,YALI1_F25852p
,YALI1_F25865p
YALI0F19426g,YALI1_F25885p
YALI0F19448g,YALI1_F25908p
YALI0F19470g,YALI1_F25924p
YALI0F19492g,YALI1_F25941p
YALI0F19514g,YALI1_F25951p
YALI0F19536g,YALI1_F25984p
,YALI1_F25987p
YALI0F19558g,YALI1_F25999p
YALI0F19580g,YALI1_F26012p
YALI0F19602g,YALI1_F26039p
YALI0F19624g,YALI1_F26058p
YALI0F19646g,YALI1_F26108p
YALI0F19668g,YALI1_F26127p
YALI0F19690g,YALI1_F26142p
YALI0F19712g,YALI1_F26167p
YALI0F19734g,YALI1_F26186p
YALI0F19756g,YALI1_F26216p
YALI0F19778g,YALI1_F26234p
YALI0F19800g,YALI1_F26313p
YALI0F19822g,YALI1_F26367p
YALI0F19844g,YALI1_F26399p
YALI0F19866g,YALI1_F26427p
,YALI1_F26474p
YALI0F19888g,YALI1_F26519p
YALI0F19910g,YALI1_F26574p
YALI0F19932r,YALI1_F26593r
YALI0F19954r,YALI1_F26594r
YALI0F19976g,YALI1_F26612p
YALI0F19998g,YALI1_F26620p
YALI0F20020g,YALI1_F26654p
YALI0F20042g,YALI1_F26692p
YALI0F20064r,YALI1_F26708r
YALI0F20086g,YALI1_F26711p
YALI0F20108g,YALI1_F26726p
YALI0F20130g,YALI1_F26737p
YALI0F20152g,YALI1_F26757p
,YALI1_F26780p
YALI0F20174g,YALI1_F26793p
YALI0F20196g,YALI1_F26860p
YALI0F20218g,YALI1_F26873p
YALI0F20240g,YALI1_F26915p
YALI0F20262g,YALI1_F26924p
YALI0F20284g,YALI1_F26957p
YALI0F20306g,YALI1_F26967p
YALI0F20328g,YALI1_F27002p
YALI0F20350g,YALI1_F27017p
YALI0F20372g,YALI1_F27041p
YALI0F20394g,YALI1_F27099p
YALI0F20416g,YALI1_F27101p
YALI0F20438g,YALI1_F27132p
YALI0F20460g,YALI1_F27141p
YALI0F20482g,YALI1_F27175p
YALI0F20504g,YALI1_F27211p
YALI0F20526g,YALI1_F27237p
YALI0F20548g,YALI1_F27304p
YALI0F20570g,YALI1_F27343p
YALI0F20592g,YALI1_F27356p
YALI0F20614g,YALI1_F27395p
YALI0F20636g,YALI1_F27465p
YALI0F20658g,YALI1_F27470p
YALI0F20680g,YALI1_F27529p
YALI0F20702g,YALI1_F27556p
YALI0F20724g,YALI1_F27574p
YALI0F20746g,YALI1_F27663p
YALI0F20768g,YALI1_F27667p
YALI0F20790g,YALI1_F27686p
YALI0F20812g,YALI1_F27692p
,YALI1_F27701p
YALI0F20834g,YALI1_F27716p
YALI0F20856g,YALI1_F27731p
YALI0F20878g,YALI1_F27758p
YALI0F20900g,YALI1_F27761p
YALI0F20922g,YALI1_F27791p
,YALI1_F27798p
YALI0F20944g,YALI1_F27812p
YALI0F20966g,YALI1_F27834p
YALI0F20988g,YALI1_F27871p
YALI0F21010g,YALI1_F27904p
YALI0F21032g,YALI1_F27929p
YALI0F21054g,YALI1_F27945p
YALI0F21087g,YALI1_F27968p
YALI0F21109g,YALI1_F27989p
YALI0F21131g,YALI1_F28015p
YALI0F21153g,YALI1_F28025p
YALI0F21175g,YALI1_F28031p
YALI0F21197g,YALI1_F28064p
YALI0F21219g,YALI1_F28092p
YALI0F21241g,YALI1_F28107p
YALI0F21263g,YALI1_F28112p
,YALI1_F28123p
YALI0F21285g,YALI1_F28132p
YALI0F21307g,YALI1_F28144p
YALI0F21329g,YALI1_F28146p
YALI0F21362g,YALI1_F28202p
YALI0F21373g,YALI1_F28212p
YALI0F21384g,YALI1_F28222p
YALI0F21406g,YALI1_F28274p
YALI0F21428g,YALI1_F28333p
YALI0F21450g,YALI1_F28393p
YALI0F21483g,YALI1_F28453p
YALI0F21494g,YALI1_F28459p
YALI0F21505g,YALI1_F28467p
YALI0F21527g,YALI1_F28485p
YALI0F21549g,YALI1_F28490p
YALI0F21571r,YALI1_F28505r
YALI0F21615g,YALI1_F28537p
YALI0F21637g,YALI1_F28550p
YALI0F21659g,YALI1_F28590p
,YALI1_F28611p
YALI0F21681g,YALI1_F28633p
YALI0F21703g,YALI1_F28686t
YALI0F03245g:2,YALI1_F28739t
YALI0F21725g,YALI1_F28744p
YALI0F21747g,YALI1_F28765p
YALI0F21769g,YALI1_F28807p
YALI0F21791g,YALI1_F28833p
YALI0F21813g,YALI1_F28868p
YALI0F21835g,YALI1_F28897p
YALI0F21857g,YALI1_F28915p
,YALI1_F28934p
YALI0F21879g,YALI1_F28943p
YALI0F21901g,YALI1_F28967p
YALI0F21923g,YALI1_F28995p
,YALI1_F28998p
YALI0F21945g,YALI1_F29038p
YALI0F21967g,YALI1_F29078p
YALI0F21989g,YALI1_F29127p
YALI0F22011g,YALI1_F29139p
YALI0F22033g,YALI1_F29168p
YALI0F22055g,YALI1_F29192p
YALI0F22077g,YALI1_F29196p
YALI0F22099g,YALI1_F29253p
YALI0F22121g,YALI1_F29301p
YALI0F22136g,YALI1_F29317p
YALI0F22165g,YALI1_F29356p
,YALI1_F29380p
YALI0F22187g,YALI1_F29395p
YALI0F22209g,YALI1_F29424p
YALI0F22231g,YALI1_F29483p
YALI0F22253r,YALI1_F29522r
YALI0F22297g,YALI1_F29540p
YALI0F22319g,YALI1_F29596p
YALI0F22341g,YALI1_F29604p
YALI0F22363g,YALI1_F29635p
YALI0F22367g,YALI1_F29640p
YALI0F22421g,YALI1_F29652p
YALI0F22429g,YALI1_F29670p
YALI0F22451g,YALI1_F29691p
YALI0F22473g,YALI1_F29704p
YALI0F22495g,YALI1_F29727p
YALI0F22517g,YALI1_F29751p
YALI0F22539g,YALI1_F29765p
YALI0F22561g,YALI1_F29798p
YALI0F22583g,YALI1_F29828p
YALI0F22605g,YALI1_F29836p
YALI0F22627g,YALI1_F29852p
YALI0F22649g,YALI1_F29867p
YALI0F22671g,YALI1_F29876p
YALI0F22693g,YALI1_F29905p
YALI0F22715g,YALI1_F29911p
YALI0F22737g,YALI1_F29937p
YALI0F22759g,YALI1_F29944p
YALI0F22781g,YALI1_F29987p
YALI0F22803g,YALI1_F30004p
YALI0F22825g,YALI1_F30034p
YALI0F22847g,YALI1_F30061p
,YALI1_F30086p
YALI0F22891r,YALI1_F30094r
YALI0F22935g,YALI1_F30106p
YALI0F22957g,YALI1_F30116p
YALI0F22979r,YALI1_F30144r
YALI0F23023g,YALI1_F30179p
YALI0F23045g,YALI1_F30254p
YALI0F23067g,YALI1_F30289p
,YALI1_F30296p
,YALI1_F30314p
YALI0F23089g,YALI1_F30317p
YALI0F23111g,YALI1_F30340p
YALI0F23133g,YALI1_F30367p
YALI0F23155r,YALI1_F30372r
YALI0F23177g,YALI1_F30395p
,YALI1_F30416p
YALI0F23199g,YALI1_F30431p
YALI0F23221g,YALI1_F30459p
YALI0F23243g,YALI1_F30479p
YALI0F23265g,YALI1_F30496p
YALI0F23287g,YALI1_F30520p
YALI0F23309g,YALI1_F30559p
YALI0F23331r,YALI1_F30571r
YALI0F23353g,YALI1_F30593p
YALI0F23375g,YALI1_F30641p
YALI0F23397g,YALI1_F30647p
YALI0F23441g,YALI1_F30703p
YALI0F23463g,YALI1_F30754p
YALI0F23485g,YALI1_F30789p
YALI0F23507g,YALI1_F30841p
YALI0F23529g,YALI1_F30852p
YALI0F23551g,YALI1_F30877p
YALI0F23573g,YALI1_F30903p
YALI0F23595g,YALI1_F31001p
YALI0F23617r,YALI1_F31034r
YALI0F23639g,YALI1_F31053p
YALI0F23661g,YALI1_F31070p
YALI0F23683g,YALI1_F31102p
YALI0F23705g,YALI1_F31126p
YALI0F23727g,YALI1_F31135p
YALI0F23749g,YALI1_F31153p
,YALI1_F31183p
YALI0F23771r,YALI1_F31186r
YALI0F23793g,YALI1_F31215p
YALI0F23815g,YALI1_F31255p
YALI0F23837g,YALI1_F31283p
YALI0F23859g,YALI1_F31292p
YALI0F23873r,YALI1_F31353r
YALI0F23881g,YALI1_F31359p
,YALI1_F31361r
YALI0F23903g,YALI1_F31381p
YALI0F23947g,YALI1_F31405p
YALI0F23969g,YALI1_F31416p
YALI0F23991g,YALI1_F31432p
YALI0F24013g,YALI1_F31439p
YALI0F24035g,YALI1_F31463p
YALI0F24057g,YALI1_F31482p
YALI0F24072g,YALI1_F31493p
YALI0F24101g,YALI1_F31512p
YALI0F24123g,YALI1_F31531p
YALI0F24145g,YALI1_F31568p
YALI0F24167g,YALI1_F31587p
YALI0F24189g,YALI1_F31639p
YALI0F24211r,YALI1_F31648r
YALI0F24255g,YALI1_F31672p
YALI0F24277g,YALI1_F31687p
YALI0F24299g,YALI1_F31689p
YALI0F24321g,YALI1_F31725p
YALI0F24343g,YALI1_F31733p
YALI0F24365g,YALI1_F31744p
YALI0F24387g,YALI1_F31760p
YALI0F24409g,YALI1_F31798p
YALI0F24431g,YALI1_F31822p
YALI0F24453g,YALI1_F31832p
YALI0F24475g,YALI1_F31854p
YALI0F24497g,YALI1_F31866p
YALI0F24519g,YALI1_F31875p
YALI0F24541g,YALI1_F31902p
YALI0F24563g,YALI1_F31934p
YALI0F24585g,YALI1_F31947p
YALI0F24607r,YALI1_F31974r
YALI0F24651g,YALI1_F32002p
YALI0F24673g,YALI1_F32010p
YALI0F24695g,YALI1_F32043p
,YALI1_F32056p
,YALI1_F32064p
YALI0F24717g,YALI1_F32067p
YALI0F24739g,YALI1_F32090p
YALI0F24761g,YALI1_F32120p
YALI0F24783g,YALI1_F32167p
YALI0F24805r,YALI1_F32170r
YALI0F24849r,YALI1_F32177r
YALI0F24871g,YALI1_F32204p
YALI0F24893g,YALI1_F32232p
YALI0F24915g,YALI1_F32251p
YALI0F24937g,YALI1_F32287p
YALI0F24959g,YALI1_F32305p
YALI0F24981g,YALI1_F32312p
YALI0F25003g,YALI1_F32330p
YALI0F25025g,YALI1_F32342p
YALI0F25047g,YALI1_F32363p
YALI0F25069g,YALI1_F32387p
YALI0F25091g,YALI1_F32399p
YALI0F25113g,YALI1_F32441p
,YALI1_F32460p
YALI0F25135g,YALI1_F32476p
YALI0F25157g,YALI1_F32498p
YALI0F25179g,YALI1_F32512p
YALI0F25201g,YALI1_F32534p
YALI0F25223g,YALI1_F32546p
YALI0F25245g,YALI1_F32554p
YALI0F25267g,YALI1_F32565p
YALI0F25289g,YALI1_F32597p
YALI0F25311r,YALI1_F32618r
YALI0F25333g,YALI1_F32638p
YALI0F25355r,YALI1_F32649r
YALI0F25399g,YALI1_F32659p
YALI0F25421g,YALI1_F32675p
,YALI1_F32685p
YALI0F25443g,YALI1_F32688p
,YALI1_F32698p
YALI0F25465g,YALI1_F32716p
YALI0F25487g,YALI1_F32744p
YALI0F25509g,YALI1_F32764p
YALI0F25531g,YALI1_F32792p
,YALI1_F32816p
YALI0F25553g,YALI1_F32841p
YALI0F25575g,YALI1_F32880p
,YALI1_F32901p
YALI0F25597g,YALI1_F32910p
YALI0F25619g,YALI1_F32948p
YALI0F25641g,YALI1_F32969p
YALI0F25663g,YALI1_F32989p
,YALI1_F33002p
YALI0F25685g,YALI1_F33008p
YALI0F25707g,YALI1_F33061p
YALI0F25729g,YALI1_F33103p
,YALI1_F33113p
YALI0F25751g,YALI1_F33123p
YALI0F25773g,YALI1_F33143p
YALI0F25795g,YALI1_F33189p
YALI0F25817g,YALI1_F33246p
YALI0F25839g,YALI1_F33273p
YALI0F25861g,YALI1_F33301p
,YALI1_F33321p
YALI0F25883g,YALI1_F33331p
YALI0F25905g,YALI1_F33345p
YALI0F25927g,YALI1_F33367p
YALI0F25938r,YALI1_F33372r
YALI0F25949r,YALI1_F33373r
YALI0F25993g,YALI1_F33381p
YALI0F26015g,YALI1_F33403p
YALI0F26037g,YALI1_F33426p
YALI0F26059g,YALI1_F33445p
,YALI1_F33473p
,YALI1_F33513p
YALI0F26081g,YALI1_F33524p
YALI0F26103g,YALI1_F33572p
YALI0F26125g,YALI1_F33579p
YALI0F26136g,YALI1_F33587p
YALI0F26147g,YALI1_F33594p
YALI0F26156g,YALI1_F33603p
YALI0F26169g,YALI1_F33618p
,YALI1_F33669p
YALI0F26191g,YALI1_F33681p
YALI0F26213g,YALI1_F33704p
YALI0F26235r,YALI1_F33708r
YALI0F26279g,YALI1_F33714p
YALI0F26301g,YALI1_F33732p
YALI0F26323g,YALI1_F33754p
YALI0F26345g,YALI1_F33764p
YALI0F26367g,YALI1_F33790p
YALI0F26389g,YALI1_F33791p
YALI0F26411g,YALI1_F33812p
YALI0F26433g,YALI1_F33819p
YALI0F26455g,YALI1_F33861p
YALI0F26477g,YALI1_F33881p
,YALI1_F33885p
YALI0F26499g,YALI1_F33925p
YALI0F26521g,YALI1_F33951p
YALI0F26543g,YALI1_F33973p
YALI0F26565g,YALI1_F34000p
YALI0F26587g,YALI1_F34029p
YALI0F26609g,YALI1_F34051p
YALI0F26631g,YALI1_F34057p
YALI0F26653g,YALI1_F34083p
YALI0F26675g,YALI1_F34095p
YALI0F26697g,YALI1_F34105p
YALI0F26719g,YALI1_F34127p
YALI0F26730r,YALI1_F34131r
YALI0F26741r,YALI1_F34132r
YALI0F26763g,YALI1_F34141p
YALI0F26785g,YALI1_F34187p
YALI0F26807g,YALI1_F34202p
,YALI1_F34221r
YALI0F26829r,YALI1_F34222r
YALI0F26873g,YALI1_F34236p
YALI0F26895g,YALI1_F34264p
YALI0F26917g,YALI1_F34281p
YALI0F26939r,YALI1_F34291r
YALI0F26950r,YALI1_F34292r
YALI0F26961g,YALI1_F34304p
YALI0F26983g,YALI1_F34324p
YALI0F27005g,YALI1_F34351p
YALI0F27027g,YALI1_F34387p
YALI0F27049g,YALI1_F34397p
YALI0F27071g,YALI1_F34429p
YALI0F27093g,YALI1_F34472p
YALI0F27115r,YALI1_F34488r
YALI0F27159g,YALI1_F34497p
YALI0F27181g,YALI1_F34521p
YALI0F27203g,YALI1_F34556p
,YALI1_F34557p
YALI0F27225g,YALI1_F34610p
YALI0F27247g,YALI1_F34625p
YALI0F27269g,YALI1_F34631p
YALI0F27291g,YALI1_F34661p
YALI0F27313g,YALI1_F34675p
,YALI1_F34692p
YALI0F27335g,YALI1_F34712p
YALI0F27357g,YALI1_F34729p
,YALI1_F34737p
YALI0F27379g,YALI1_F34749p
YALI0F27401g,YALI1_F34779p
YALI0F27423g,YALI1_F34798p
YALI0F27445g,YALI1_F34818p
YALI0F27467g,YALI1_F34862p
YALI0F27489g,YALI1_F34870p
YALI0F27511g,YALI1_F34895p
YALI0F27533g,YALI1_F34928p
YALI0F27555g,YALI1_F34933p
YALI0F27577g,YALI1_F34963p
YALI0F27599g,YALI1_F35003p
,YALI1_F35015p
YALI0F27621g,YALI1_F35029p
YALI0F27643g,YALI1_F35061p
YALI0F27654g,YALI1_F35092p
YALI0F27665g,YALI1_F35109p
YALI0F27687g,YALI1_F35163p
,YALI1_F35191p
YALI0F27709g,YALI1_F35219p
YALI0F27731g,YALI1_F35274p
YALI0F27753g,YALI1_F35329p
YALI0F27775g,YALI1_F35406p
YALI0F27797g,YALI1_F35417p
YALI0F27819g,YALI1_F35441p
YALI0F27841g,YALI1_F35476p
YALI0F27863g,YALI1_F35489p
,YALI1_F35508p
YALI0F27885g,YALI1_F35542p
,YALI1_F35549p
,YALI1_F35554p
YALI0F27907g,YALI1_F35578p
YALI0F27929g,YALI1_F35591p
YALI0F27951g,YALI1_F35603p
YALI0F27973g,YALI1_F35610p
,YALI1_F35647p
YALI0F27995g,YALI1_F35656p
YALI0F28017g,YALI1_F35690p
YALI0F28039g,YALI1_F35714p
YALI0F28061g,YALI1_F35746p
YALI0F28083g,YALI1_F35753p
YALI0F28105g,YALI1_F35776p
YALI0F28127g,YALI1_F35791p
YALI0F28149g,YALI1_F35822p
,YALI1_F35829p
YALI0F28171g,YALI1_F35836p
YALI0F28193g,YALI1_F35868p
,YALI1_F35882p
,YALI1_F35894p
YALI0F28215g,YALI1_F35907p
YALI0F28237r,YALI1_F35929r
YALI0F28281g,YALI1_F35938p
YALI0F28303g,YALI1_F35983p
YALI0F28325g,YALI1_F36033p
YALI0F28347g,YALI1_F36059p
YALI0F28369g,YALI1_F36094p
YALI0F28391g,YALI1_F36127p
YALI0F28413g,YALI1_F36132p
YALI0F28435g,YALI1_F36152p
YALI0F28457g,YALI1_F36178p
YALI0F28479g,YALI1_F36204p
YALI0F28501g,YALI1_F36233p
YALI0F28523g,YALI1_F36259p
YALI0F28545g,YALI1_F36267p
YALI0F28567g,YALI1_F36290p
YALI0F28589g,YALI1_F36321p
YALI0F28611g,YALI1_F36332p
YALI0F28633g,YALI1_F36344p
YALI0F28655g,YALI1_F36415p
YALI0F28677g,YALI1_F36492p
YALI0F28699g,YALI1_F36552p
YALI0F28721r,YALI1_F36571r
YALI0F28765g,YALI1_F36584p
YALI0F28787r,YALI1_F36598r
YALI0F28831g,YALI1_F36610p
YALI0F28853r,YALI1_F36640r
YALI0F28875r,YALI1_F36643r
,YALI1_F36649p
YALI0F28941r,YALI1_F36664r
YALI0F28985r,YALI1_F36666r
,YALI1_F36678p
YALI0F29029r,YALI1_F36692r
YALI0F29073g,YALI1_F36706p
YALI0F29095g,YALI1_F36710p
YALI0F29117r,YALI1_F36720r
YALI0F29139g,YALI1_F36733p
YALI0F29161g,YALI1_F36742p
YALI0F29183g,YALI1_F36760p
,YALI1_F36781p
YALI0F29205g,YALI1_F36794p
YALI0F29227g,YALI1_F36805p
YALI0F29249g,YALI1_F36882p
YALI0F29271r,YALI1_F36917r
YALI0F29315g,YALI1_F36930p
,YALI1_F36936p
,YALI1_F36945p
YALI0F29337g,YALI1_F36966p
YALI0F29359g,YALI1_F36996p
YALI0F29381g,YALI1_F37011p
YALI0F29403r,YALI1_F37030r
YALI0F29447r,YALI1_F37044r
YALI0F29491g,YALI1_F37068p
,YALI1_F37097p
YALI0F29513g,YALI1_F37100p
,YALI1_F37171p
YALI0F29535r,YALI1_F37182r
YALI0F29579r,YALI1_F37187r
YALI0F29623g,YALI1_F37194p
YALI0F29645g,YALI1_F37213p
YALI0F29667g,YALI1_F37234p
YALI0F29678g,YALI1_F37248p
YALI0F29689g,YALI1_F37255p
,YALI1_F37264p
YALI0F29711g,YALI1_F37272p
YALI0F29733r,YALI1_F37294r
YALI0F29777r,YALI1_F37301r
YALI0F29821g,YALI1_F37320p
YALI0F29843g,YALI1_F37354p
YALI0F29865g,YALI1_F37400p
YALI0F29887g,YALI1_F37435p
YALI0F29909g,YALI1_F37463p
YALI0F29931g,YALI1_F37481p
YALI0F29975g,YALI1_F37498p
YALI0F29997g,YALI1_F37508p
YALI0F30004g,YALI1_F37528p
YALI0F30011g,YALI1_F37540p
,YALI1_F37551p
YALI0F30019g,YALI1_F37559p
YALI0F30041g,YALI1_F37627p
YALI0F30063g,YALI1_F37658p
YALI0F30085g,YALI1_F37685p
YALI0F30107g,YALI1_F37694p
YALI0F30129g,YALI1_F37714p
YALI0F30151g,YALI1_F37734p
YALI0F30173g,YALI1_F37742p
YALI0F30195g,YALI1_F37770p
YALI0F30217g,YALI1_F37775p
YALI0F30239g,YALI1_F37808p
YALI0F30261g,YALI1_F37828p
YALI0F30283g,YALI1_F37878p
YALI0F30305g,YALI1_F37890p
YALI0F30327g,YALI1_F37892p
YALI0F30349g,YALI1_F37916p
YALI0F30371g,YALI1_F37929p
YALI0F30393g,YALI1_F37963p
YALI0F30415g,YALI1_F37986p
YALI0F30426g,YALI1_F37998p
YALI0F30437g,YALI1_F38013p
,YALI1_F38056p
YALI0F30459g,YALI1_F38088p
YALI0F30481g,YALI1_F38116p
YALI0F30503g,YALI1_F38140p
YALI0F30525g,YALI1_F38161p
YALI0F30547g,YALI1_F38191p
YALI0F30569g,YALI1_F38220p
YALI0F30591g,YALI1_F38248p
YALI0F30613g,YALI1_F38263p
YALI0F30635g,YALI1_F38280p
YALI0F30657g,YALI1_F38296p
YALI0F30679g,YALI1_F38317p
YALI0F30701g,YALI1_F38339p
YALI0F30723g,YALI1_F38344p
YALI0F30745g,YALI1_F38386p
YALI0F30767g,YALI1_F38432p
YALI0F30789g,YALI1_F38450p
YALI0F30811g,YALI1_F38466p
YALI0F30833g,YALI1_F38476p
YALI0F30855g,YALI1_F38522p
YALI0F30877g,YALI1_F38526p
YALI0F30899g,YALI1_F38538p
YALI0F30921g,YALI1_F38551p
YALI0F30943g,YALI1_F38595p
YALI0F30965g,YALI1_F38614p
YALI0F30987g,YALI1_F38629p
YALI0F31009g,YALI1_F38670p
YALI0F31020g,YALI1_F38680p
YALI0F31031g,YALI1_F38684p
YALI0F31053g,YALI1_F38756p
YALI0F31075g,YALI1_F38776p
YALI0F31097g,YALI1_F38806p
YALI0F31119g,YALI1_F38820p
YALI0F31141g,YALI1_F38856p
YALI0F31163g,YALI1_F38859p
,YALI1_F38864p
YALI0F31185g,YALI1_F38869p
YALI0F31207g,YALI1_F38882p
YALI0F31229g,YALI1_F38918p
YALI0F31251g,YALI1_F38954p
YALI0F31273g,YALI1_F38986p
YALI0F31295g,YALI1_F38998p
YALI0F31317g,YALI1_F39001p
YALI0F31339g,YALI1_F39009p
YALI0F31361g,YALI1_F39022p
YALI0F31383g,YALI1_F39041p
YALI0F31405g,YALI1_F39051p
YALI0F31427g,YALI1_F39058p
YALI0F31449g,YALI1_F39106p
YALI0F31471g,YALI1_F39108p
YALI0F31493g,YALI1_F39128p
YALI0F31515g,YALI1_F39159p
YALI0F31537g,YALI1_F39164p
YALI0F31548g,YALI1_F39176p
YALI0F31559g,YALI1_F39183p
YALI0F31581g,YALI1_F39199p
YALI0F31603g,YALI1_F39236p
YALI0F31625g,YALI1_F39242p
YALI0F31647g,YALI1_F39261p
YALI0F31669g,YALI1_F39272p
YALI0F31691g,YALI1_F39291p
YALI0F31713g,YALI1_F39314p
YALI0F31735g,YALI1_F39330p
YALI0F31757g,YALI1_F39375p
YALI0F31779r,YALI1_F39376r
YALI0F31812t,YALI1_F39382t
YALI0F31845g,YALI1_F39426p
YALI0F31867g,YALI1_F39457p
,YALI1_F39494p
YALI0F31911g,YALI1_F39527p
YALI0F31933g,YALI1_F39550p
YALI0F31955g,YALI1_F39557p
YALI0F31977g,YALI1_F39603p
YALI0F31999g,YALI1_F39620p
YALI0F32021g,YALI1_F39645p
YALI0F32043g,YALI1_F39665p
,YALI1_F39743p
,YALI1_F39785p
YALI0F32065g,YALI1_F39789p
YALI0F32087r,YALI1_F39816r
YALI0F32131g,YALI1_F39844p
YALI0F32153g,YALI1_F39885p
YALI0F32175g,YALI1_F39891p
,YALI1_F39923p
YALIfMr30,YALI1_M00010r
YALIfMt32,YALI1_M00030r
YALIfMt33,YALI1_M00031r
YALIfMt34,YALI1_M00032r
YALIfMt35,YALI1_M00033r
YALIfMt50,YALI1_M00124r
YALIfMt36,YALI1_M00035r
YALIfMt38,YALI1_M00039r
YALIfMt39,YALI1_M00040r
YALIfMt40,YALI1_M00043r
YALIfMt41,YALI1_M00044r
YALIfMt42,YALI1_M00045r
YALIfMt43,YALI1_M00046r
YALIfMt44,YALI1_M00050r
YALIfMt45,YALI1_M00054r
YALIfMp01,YALI1_M00056p
YALIfMp02,YALI1_M00064p
YALIfMt46,YALI1_M00085r
YALIfMt47,YALI1_M00089r
YALIfMt47,YALI1_M00090r
YALIfMr31,YALI1_M00093r
YALIfMt48,YALI1_M00109r
YALIfMt48,YALI1_M00110p
YALIfMt49,YALI1_M00121r
YALIfMp03,YALI1_M00131p
,YALI1_M00131p-i1
,YALI1_M00131p-i2
,YALI1_M00131p-i3
,YALI1_M00131p-i4
,YALI1_M00131p-i5
,YALI1_M00131p-i6
,YALI1_M00131p-i7
YALIfMp03,YALI1_M00260p
YALIfMp03,YALI1_M00267p
YALIfMp14,YALI1_M00277p
,YALI1_M00277p-i1
YALIfMp16,YALI1_M00296p
YALIfMt51,YALI1_M00312r
YALIfMt52,YALI1_M00314r
YALIfMt53,YALI1_M00316r
YALIfMp17,YALI1_M00318p
YALIfMp18,YALI1_M00325p
YALIfMp19,YALI1_M00335p
YALIfMp20,YALI1_M00338p
,YALI1_M00338p-i1
,YALI1_M00338p-i2
YALIfMt55,YALI1_M00387r
YALIfMt56,YALI1_M00388r
YALIfMp23,YALI1_M00390p
,YALI1_M00390p-i1
,YALI1_M00390p-i2
,YALI1_M00390p-i3
,YALI1_M00390p-i4
,YALI1_M00390p-i5
YALIfMp28,YALI1_M00458p
YALIfMp29,YALI1_M00472p