YALI0_ID,UniProt_ID
YALI0E06831g,Q6C6R8
YALI0D26015g,Q6C7R4
YALI0B10758g,Q6CF29
YALI0B03982g,Q6CFT7
YALI0A08077g,Q6CHJ9
YALI0E32164g,B5FVG3
YALI0F27093g,Q6C079
YALI0F21945g,Q6C0T3
YALI0F20306g,Q6C105
YALI0F16379g,Q6C1G8
YALI0F15477g,Q6C1K4
YALI0F09746g,Q6C292
YALI0F06402g,Q6C2N4
YALI0F04818g,Q6C2V4
YALI0F04774g,Q6C2V6
YALI0F04664g,Q6C2W1
YALI0F03179g,Q6C326
YALI0F02893g,Q6C338
YALI0F01122g,Q6C3B2
YALI0E24893g,Q6C4P0
YALI0E16038g,Q6C5Q7
YALI0E09493g,Q6C6H5
YALI0D26103g,Q6C7R2
YALI0D23969g,Q6C7Z9
YALI0D22022g,Q6C877
YALI0D21604g,Q6C893
YALI0D20768g,Q6C8C6
YALI0D20196g,Q6C8F0
YALI0D17490g,Q6C8S0
YALI0D16863g,Q6C8U8
YALI0D15246g,Q6C910
YALI0D12584g,Q6C9B1
YALI0D10571g,Q6C9K1
YALI0D03480g,Q6CAE7
YALI0C23144g,Q6CAZ5
YALI0C00495g,Q6CDH4
YALI0B19998g,Q6CDZ4
YALI0B18722g,Q6CE42
YALI0B18700g,Q6CE43
YALI0B16544g,Q6CED4
YALI0B14553g,Q6CEM3
YALI0B13464g,Q6CES1
YALI0B12892g,Q6CEU3
YALI0B11726g,Q6CEZ1
YALI0B05126g,Q6CFP4
YALI0A01353g,Q6CI63
YALI0B11913g,B5FVB3
YALI0B21527g,B5FVB8
YALI0E04169g,B5FVH1
YALI0F13354g,B5RSL5
YALI0A10659g,F2Z5Z3
YALI0C22770g,F2Z617
YALI0D26315g,F2Z640
YALI0E01056g,F2Z650
YALI0B20372g,F2Z660
YALI0B22308g,F2Z672
YALI0D08228g,F2Z694
YALI0F19712g,F2Z695
YALI0A10395g,F2Z6B9
YALI0D04422g,F2Z6C9
YALI0E15378g,F2Z6I5
YALI0A09042g,F2Z6J4
YALI0F31977g,Q6BZP6
YALI0F31383g,Q6BZR9
YALI0F31119g,Q6BZT1
YALI0F31009g,Q6BZT6
YALI0F30987g,Q6BZT7
YALI0F30745g,Q6BZU8
YALI0F30283g,Q6BZW9
YALI0F30019g,Q6BZY1
YALI0F29205g,Q6C002
YALI0F28831g,Q6C008
YALI0F28765g,Q6C009
YALI0F28655g,Q6C012
YALI0F28501g,Q6C019
YALI0F28039g,Q6C038
YALI0F27665g,Q6C055
YALI0F26521g,Q6C0A1
YALI0F26499g,Q6C0A2
YALI0F24783g,Q6C0G9
YALI0F24475g,Q6C0I1
YALI0F24255g,Q6C0J1
YALI0F23463g,Q6C0M3
YALI0F23397g,Q6C0M6
YALI0F23177g,Q6C0N5
YALI0F22517g,Q6C0Q9
YALI0F22495g,Q6C0R0
YALI0F20790g,Q6C0Y3
YALI0F20746g,Q6C0Y5
YALI0F20636g,Q6C0Z0
YALI0F20196g,Q6C110
YALI0F19910g,Q6C120
YALI0F17974g,Q6C1A4
YALI0F17270g,Q6C1D4
YALI0F17116g,Q6C1E1
YALI0F16709g,Q6C1F6
YALI0F16049g,Q6C1I1
YALI0F15983g,Q6C1I4
YALI0F15829g,Q6C1J1
YALI0F14927g,Q6C1M7
YALI0F14179g,Q6C1R1
YALI0F13937g,Q6C1S2
YALI0F13299g,Q6C1U5
YALI0F12749g,Q6C1X0
YALI0F12551g,Q6C1X9
YALI0F10098g,Q6C278
YALI0F09603g,Q6C297
YALI0F09559g,Q6C299
YALI0F09339g,Q6C2B0
YALI0F09273g,Q6C2B3
YALI0F09141g,Q6C2B9
YALI0F08921g,Q6C2C9
YALI0F08459g,Q6C2F0
YALI0F08305g,Q6C2F7
YALI0F07084g,Q6C2K6
YALI0F06644g,Q6C2M3
YALI0F05940g,Q6C2Q6
YALI0F05764g,Q6C2R5
YALI0F05610g,Q6C2S2
YALI0F05082g,Q6C2U5
YALI0F03641g,Q6C305
YALI0F02849g,Q6C340
YALI0F02805g,Q6C342
YALI0F02673g,Q6C348
YALI0F02629g,Q6C350
YALI0F01232g,Q6C3A7
YALI0F01034g,Q6C3B6
YALI0F00836g,Q6C3C5
YALI0F00154g,Q6C3F6
YALI0E34980g,Q6C3G7
YALI0E34749g,Q6C3H7
YALI0E34551g,Q6C3I4
YALI0E34111g,Q6C3K3
YALI0E33407g,Q6C3N3
YALI0E33377g,Q6C3N5
YALI0E33253g,Q6C3P2
YALI0E33165g,Q6C3P6
YALI0E32857g,Q6C3Q8
YALI0E32769g,Q6C3R2
YALI0E31779g,Q6C3V9
YALI0E31009g,Q6C3Z7
YALI0E29579g,Q6C454
YALI0E28237g,Q6C4B5
YALI0E27962g,Q6C4C2
YALI0E27940g,Q6C4C3
YALI0E27049g,Q6C4G2
YALI0E26829g,Q6C4H2
YALI0E26235g,Q6C4J6
YALI0E26059g,Q6C4K2
YALI0E25069g,Q6C4N2
YALI0E24761g,Q6C4P5
YALI0E24673g,Q6C4P9
YALI0E24497g,Q6C4Q7
YALI0E24013g,Q6C4S9
YALI0E23496g,Q6C4V0
YALI0E23408g,Q6C4V4
YALI0E22781g,Q6C4Y2
YALI0E21626g,Q6C525
YALI0E20955g,Q6C552
YALI0E20867g,Q6C556
YALI0E20361g,Q6C579
YALI0E20031g,Q6C592
YALI0E19360g,Q6C5C0
YALI0E19338g,Q6C5C1
YALI0E19008g,Q6C5D3
YALI0E18634g,Q6C5F0
YALI0E17479g,Q6C5J7
YALI0E17105g,Q6C5L2
YALI0E16346g,Q6C5P5
YALI0E15840g,Q6C5R4
YALI0E15730g,Q6C5R8
YALI0E15642g,Q6C5S2
YALI0E15620g,Q6C5S3
YALI0E15488g,Q6C5S9
YALI0E15268g,Q6C5T7
YALI0E15224g,Q6C5T9
YALI0E14256g,Q6C5X6
YALI0E14014g,Q6C5Y7
YALI0E13486g,Q6C609
YALI0E13376g,Q6C613
YALI0E13123g,Q6C624
YALI0E12683g,Q6C638
YALI0E12441g,Q6C649
YALI0E11869g,Q6C675
YALI0E10747g,Q6C6B9
YALI0E09449g,Q6C6H7
YALI0E09012g,Q6C6J7
YALI0E08822g,Q6C6K6
YALI0E08756g,Q6C6K7
YALI0E07788g,Q6C6N9
YALI0E07491g,Q6C6P8
YALI0E06479g,Q6C6T4
YALI0E06457g,Q6C6T5
YALI0E05753g,Q6C6W3
YALI0E04807g,Q6C704
YALI0E04719g,Q6C708
YALI0E04444g,Q6C721
YALI0E03806g,Q6C748
YALI0E03630g,Q6C755
YALI0D27148g,Q6C7L3
YALI0D23661g,Q6C813
YALI0D23595g,Q6C816
YALI0D23397g,Q6C823
YALI0D23265g,Q6C829
YALI0D22484g,Q6C859
YALI0D21530g,Q6C897
YALI0D20174g,Q6C8F1
YALI0D19470g,Q6C8H9
YALI0D19118g,Q6C8J5
YALI0D18381g,Q6C8M9
YALI0D17424g,Q6C8S3
YALI0D17204g,Q6C8T1
YALI0D17138g,Q6C8T4
YALI0D17072g,Q6C8T8
YALI0D15708g,Q6C8Y9
YALI0D14542g,Q6C936
YALI0D14322g,Q6C946
YALI0D14102g,Q6C948
YALI0D13706g,Q6C963
YALI0D13596g,Q6C968
YALI0D13112g,Q6C985
YALI0D12925g,Q6C995
YALI0D12452g,Q6C9B7
YALI0D12210g,Q6C9C9
YALI0D11968g,Q6C9D9
YALI0D11814g,Q6C9E6
YALI0D11770g,Q6C9E8
YALI0D11704g,Q6C9F1
YALI0D11374g,Q6C9G6
YALI0D11176g,Q6C9H5
YALI0D10549g,Q6C9K2
YALI0D10307g,Q6C9K9
YALI0D10104g,Q6C9L7
YALI0D09955g,Q6C9M4
YALI0D09669g,Q6C9N7
YALI0D08514g,Q6C9T5
YALI0D07920g,Q6C9V8
YALI0D07700g,Q6C9W9
YALI0D07414g,Q6C9Y2
YALI0D06776g,Q6CA11
YALI0D06039g,Q6CA43
YALI0D05071g,Q6CA82
YALI0D04873g,Q6CA91
YALI0D04851g,Q6CA92
YALI0D04741g,Q6CA97
YALI0D03718g,Q6CAD6
YALI0D03135g,Q6CAF8
YALI0D02607g,Q6CAI0
YALI0D02101g,Q6CAK0
YALI0D01265g,Q6CAN4
YALI0D01089g,Q6CAP2
YALI0D00605g,Q6CAR4
YALI0C24101g,Q6CAV2
YALI0C23969g,Q6CAV8
YALI0C23364g,Q6CAY4
YALI0C22792g,Q6CB09
YALI0C22550g,Q6CB20
YALI0C22385g,Q6CB28
YALI0C21648g,Q6CB61
YALI0C21087g,Q6CB88
YALI0C20933g,Q6CB95
YALI0C19041g,Q6CBG6
YALI0C18799g,Q6CBH1
YALI0C18205g,Q6CBJ6
YALI0C17941g,Q6CBK6
YALI0C17347g,Q6CBM2
YALI0C15554g,Q6CBT9
YALI0C14960g,Q6CBW4
YALI0C14344g,Q6CBY8
YALI0C12859g,Q6CC36
YALI0C11880g,Q6CC71
YALI0C11363g,Q6CC93
YALI0C10945g,Q6CCB1
YALI0C10648g,Q6CCC5
YALI0C09680g,Q6CCG0
YALI0C08305g,Q6CCL9
YALI0C08074g,Q6CCN0
YALI0C07436g,Q6CCQ7
YALI0C07128g,Q6CCR8
YALI0C06061g,Q6CCW1
YALI0C05951g,Q6CCW6
YALI0C04774g,Q6CD10
YALI0C01617g,Q6CDC7
YALI0C00891g,Q6CDF7
YALI0C00253g,Q6CDI5
YALI0B23056g,Q6CDL3
YALI0B22946g,Q6CDL8
YALI0B22506g,Q6CDN8
YALI0B22066g,Q6CDQ7
YALI0B21516g,Q6CDS7
YALI0B21098g,Q6CDU6
YALI0B20416g,Q6CDX7
YALI0B20196g,Q6CDY7
YALI0B19976g,Q6CDZ5
YALI0B19580g,Q6CE11
YALI0B19382g,Q6CE16
YALI0B18348g,Q6CE59
YALI0B17886g,Q6CE77
YALI0B17622g,Q6CE89
YALI0B17402g,Q6CE97
YALI0B17358g,Q6CE99
YALI0B17072g,Q6CEB0
YALI0B16698g,Q6CEC7
YALI0B16588g,Q6CED2
YALI0B16434g,Q6CED9
YALI0B16368g,Q6CEE2
YALI0B16324g,Q6CEE3
YALI0B16258g,Q6CEE6
YALI0B15884g,Q6CEG2
YALI0B15598g,Q6CEH4
YALI0B15510g,Q6CEH8
YALI0B15304g,Q6CEI8
YALI0B15224g,Q6CEJ2
YALI0B15180g,Q6CEJ4
YALI0B15125g,Q6CEJ7
YALI0B14949g,Q6CEK5
YALI0B14927g,Q6CEK6
YALI0B14751g,Q6CEL4
YALI0B14509g,Q6CEM5
YALI0B14487g,Q6CEM6
YALI0B13552g,Q6CER7
YALI0B12628g,Q6CEV3
YALI0B11594g,Q6CEZ5
YALI0B11352g,Q6CF06
YALI0B11286g,Q6CF09
YALI0B11022g,Q6CF19
YALI0B10560g,Q6CF36
YALI0B10516g,Q6CF38
YALI0B09669g,Q6CF73
YALI0B09053g,Q6CF95
YALI0B08250g,Q6CFC9
YALI0B07557g,Q6CFF3
YALI0B07381g,Q6CFF9
YALI0B06831g,Q6CFH9
YALI0B06446g,Q6CFJ4
YALI0B06303g,Q6CFJ9
YALI0B05940g,Q6CFL1
YALI0B05368g,Q6CFN6
YALI0B04752g,Q6CFQ6
YALI0B04180g,Q6CFS9
YALI0B03718g,Q6CFU4
YALI0B02816g,Q6CFX3
YALI0B02574g,Q6CFY2
YALI0B02376g,Q6CFY9
YALI0B02244g,Q6CFZ4
YALI0B01980g,Q6CG06
YALI0B01870g,Q6CG09
YALI0B01386g,Q6CG28
YALI0A20768g,Q6CGB0
YALI0A20372g,Q6CGC9
YALI0A19756g,Q6CGF6
YALI0A19030g,Q6CGI5
YALI0A18227g,Q6CGL9
YALI0A18062g,Q6CGM4
YALI0A17127g,Q6CGR2
YALI0A15972g,Q6CGV1
YALI0A15950g,Q6CGV2
YALI0A14784g,Q6CGZ0
YALI0A12353g,Q6CH50
YALI0A11539g,Q6CH79
YALI0A11099g,Q6CH93
YALI0A10879g,Q6CHA1
YALI0A10615g,Q6CHB1
YALI0A10571g,Q6CHB3
YALI0A10310g,Q6CHC2
YALI0A09900g,Q6CHD8
YALI0A08426g,Q6CHI6
YALI0A05423g,Q6CHS5
YALI0A05247g,Q6CHT2
YALI0A04961g,Q6CHU2
YALI0A04675g,Q6CHV1
YALI0A03927g,Q6CHW9
YALI0A03597g,Q6CHY1
YALI0A03245g,Q6CHY9
YALI0A03025g,Q6CHZ7
YALI0A02541g,Q6CI15
YALI0A02453g,Q6CI19
YALI0A01023g,Q6CI72
YALI0A00803g,Q6CI82
YALI0E06519g,W0TYM1
YALI0D22770g,W0TYN3
YALI0B01224g,W0TYP5
YALI0B01771g,B5FVA8
YALI0B03575g,B5FVB0
YALI0B04851g,B5FVB1
YALI0B17303g,B5FVB5
YALI0B20911g,B5FVB7
YALI0C21789g,B5FVD3
YALI0D03949g,B5FVD7
YALI0D05697g,B5FVE0
YALI0D06578g,B5FVE1
YALI0D08635g,B5FVE3
YALI0D10274g,B5FVE5
YALI0D11125g,B5FVE6
YALI0D11627g,B5FVE7
YALI0D23386g,B5FVE9
YALI0E23793g,B5FVF4
YALI0E28930g,B5FVF8
YALI0E31766g,B5FVG1
YALI0E32736g,B5FVG6
YALI0E34826g,B5FVG8
YALI0A09933g,B5RSK0
YALI0A20867g,B5RSK4
YALI0F18359g,B5RSL7
YALI0F26156g,B5RSM2
YALI0F30426g,B5RSM6
YALI0A21076g,B5U8Q6
YALI0B13838g,F2Z5W7
YALI0C01023g,F2Z5X4
YALI0A09108g,F2Z5Y6
YALI0E34287g,F2Z5Z4
YALI0B07667g,F2Z5Z5
YALI0A09262g,F2Z604
YALI0E02222g,F2Z612
YALI0E34309g,F2Z620
YALI0B01848g,F2Z623
YALI0E27654g,F2Z627
YALI0C23859g,F2Z630
YALI0F13629g,F2Z643
YALI0E25845g,F2Z658
YALI0F24563g,F2Z686
YALI0C22616g,F2Z697
YALI0A15488g,F2Z6A4
YALI0A18722g,F2Z6B2
YALI0F23375g,F2Z6C2
YALI0A09284g,F2Z6D0
YALI0E23474g,F2Z6D5
YALI0B11330g,F2Z6G2
YALI0F27643g,F2Z6H1
YALI0B13816g,F2Z6H3
YALI0A14542g,F2Z6H7
YALI0C12122g,F2Z6I4
YALI0F01320g,F2Z6J3
YALI0F32043g,Q6BZP3
YALI0F32021g,Q6BZP4
YALI0F31845g,Q6BZQ2
YALI0F31735g,Q6BZQ3
YALI0F31471g,Q6BZR5
YALI0F31317g,Q6BZS2
YALI0F31273g,Q6BZS4
YALI0F31229g,Q6BZS6
YALI0F31207g,Q6BZS7
YALI0F31163g,Q6BZS9
YALI0F31141g,Q6BZT0
YALI0F31053g,Q6BZT4
YALI0F30833g,Q6BZU4
YALI0F30679g,Q6BZV1
YALI0F30525g,Q6BZV8
YALI0F30481g,Q6BZW0
YALI0F30393g,Q6BZW4
YALI0F30349g,Q6BZW6
YALI0F30261g,Q6BZX0
YALI0F30217g,Q6BZX2
YALI0F30129g,Q6BZX6
YALI0F30085g,Q6BZX8
YALI0F30063g,Q6BZX9
YALI0F29843g,Q6BZY8
YALI0F29337g,Q6BZZ9
YALI0F29161g,Q6C004
YALI0F28523g,Q6C018
YALI0F28413g,Q6C023
YALI0F28281g,Q6C029
YALI0F28061g,Q6C037
YALI0F28017g,Q6C039
YALI0F27995g,Q6C040
YALI0F27973g,Q6C041
YALI0F27863g,Q6C046
YALI0F27819g,Q6C048
YALI0F27775g,Q6C050
YALI0F27511g,Q6C062
YALI0F27357g,Q6C069
YALI0F27313g,Q6C071
YALI0F27225g,Q6C075
YALI0F27181g,Q6C077
YALI0F27159g,Q6C078
YALI0F27071g,Q6C080
YALI0F27049g,Q6C081
YALI0F27027g,Q6C082
YALI0F26873g,Q6C088
YALI0F26807g,Q6C089
YALI0F26719g,Q6C092
YALI0F26653g,Q6C095
YALI0F26587g,Q6C098
YALI0F26543g,Q6C0A0
YALI0F26455g,Q6C0A4
YALI0F26323g,Q6C0B0
YALI0F26301g,Q6C0B1
YALI0F26191g,Q6C0B4
YALI0F26103g,Q6C0B8
YALI0F25839g,Q6C0C7
YALI0F25817g,Q6C0C8
YALI0F25773g,Q6C0D0
YALI0F25729g,Q6C0D2
YALI0F25553g,Q6C0E0
YALI0F25531g,Q6C0E1
YALI0F25509g,Q6C0E2
YALI0F25333g,Q6C0E8
YALI0F25289g,Q6C0E9
YALI0F25267g,Q6C0F0
YALI0F25091g,Q6C0F8
YALI0F25069g,Q6C0F9
YALI0F25047g,Q6C0G0
YALI0F24959g,Q6C0G4
YALI0F24915g,Q6C0G6
YALI0F24893g,Q6C0G7
YALI0F24695g,Q6C0H3
YALI0F24673g,Q6C0H4
YALI0F24651g,Q6C0H5
YALI0F24585g,Q6C0H6
YALI0F24453g,Q6C0I2
YALI0F24387g,Q6C0I5
YALI0F24321g,Q6C0I8
YALI0F24299g,Q6C0I9
YALI0F24277g,Q6C0J0
YALI0F24013g,Q6C0K0
YALI0F23947g,Q6C0K3
YALI0F23903g,Q6C0K5
YALI0F23793g,Q6C0L0
YALI0F23573g,Q6C0L8
YALI0F23507g,Q6C0M1
YALI0F23485g,Q6C0M2
YALI0F23287g,Q6C0N0
YALI0F23243g,Q6C0N2
YALI0F23221g,Q6C0N3
YALI0F23111g,Q6C0N7
YALI0F23067g,Q6C0N9
YALI0F23045g,Q6C0P0
YALI0F22935g,Q6C0P3
YALI0F22803g,Q6C0P6
YALI0F22781g,Q6C0P7
YALI0F22605g,Q6C0Q5
YALI0F22363g,Q6C0R6
YALI0F22341g,Q6C0R7
YALI0F22136g,Q6C0S4
YALI0F21967g,Q6C0T2
YALI0F21901g,Q6C0T5
YALI0F21879g,Q6C0T6
YALI0F21857g,Q6C0T7
YALI0F21769g,Q6C0U1
YALI0F21725g,Q6C0U3
YALI0F21659g,Q6C0U6
YALI0F21406g,Q6C0V4
YALI0F21329g,Q6C0V8
YALI0F21307g,Q6C0V9
YALI0F21263g,Q6C0W1
YALI0F21219g,Q6C0W3
YALI0F21153g,Q6C0W6
YALI0F20900g,Q6C0X8
YALI0F20878g,Q6C0X9
YALI0F20834g,Q6C0Y1
YALI0F20768g,Q6C0Y4
YALI0F20702g,Q6C0Y7
YALI0F20658g,Q6C0Y9
YALI0F20350g,Q6C103
YALI0F20328g,Q6C104
YALI0F20284g,Q6C106
YALI0F20240g,Q6C108
YALI0F20218g,Q6C109
YALI0F20174g,Q6C111
YALI0F20108g,Q6C114
YALI0F20020g,Q6C117
YALI0F19976g,Q6C119
YALI0F19778g,Q6C126
YALI0F19668g,Q6C131
YALI0F19602g,Q6C134
YALI0F19558g,Q6C136
YALI0F19514g,Q6C138
YALI0F19470g,Q6C140
YALI0F19426g,Q6C142
YALI0F19404g,Q6C143
YALI0F19382g,Q6C144
YALI0F19360g,Q6C145
YALI0F19272g,Q6C148
YALI0F19250g,Q6C149
YALI0F19228g,Q6C150
YALI0F19184g,Q6C152
YALI0F19074g,Q6C157
YALI0F19052g,Q6C158
YALI0F18788g,Q6C168
YALI0F18722g,Q6C171
YALI0F18700g,Q6C172
YALI0F18634g,Q6C175
YALI0F18612g,Q6C176
YALI0F18524g,Q6C180
YALI0F18502g,Q6C181
YALI0F18480g,Q6C182
YALI0F18414g,Q6C185
YALI0F18216g,Q6C194
YALI0F18106g,Q6C199
YALI0F18084g,Q6C1A0
YALI0F18040g,Q6C1A1
YALI0F17996g,Q6C1A3
YALI0F17886g,Q6C1A6
YALI0F17842g,Q6C1A8
YALI0F17820g,Q6C1A9
YALI0F17710g,Q6C1B4
YALI0F17666g,Q6C1B6
YALI0F17644g,Q6C1B7
YALI0F17622g,Q6C1B8
YALI0F17534g,Q6C1C2
YALI0F17512g,Q6C1C3
YALI0F17490g,Q6C1C4
YALI0F17380g,Q6C1C9
YALI0F17358g,Q6C1D0
YALI0F17314g,Q6C1D2
YALI0F17072g,Q6C1E2
YALI0F17050g,Q6C1E3
YALI0F16940g,Q6C1E8
YALI0F16896g,Q6C1F0
YALI0F16753g,Q6C1F4
YALI0F16665g,Q6C1F8
YALI0F16599g,Q6C1G1
YALI0F16577g,Q6C1G2
YALI0F16489g,Q6C1G4
YALI0F16467g,Q6C1G5
YALI0F16423g,Q6C1G6
YALI0F16401g,Q6C1G7
YALI0F16335g,Q6C1H0
YALI0F16313g,Q6C1H1
YALI0F16291g,Q6C1H2
YALI0F16203g,Q6C1H4
YALI0F16181g,Q6C1H5
YALI0F16027g,Q6C1I2
YALI0F15895g,Q6C1I8
YALI0F15807g,Q6C1J2
YALI0F15785g,Q6C1J3
YALI0F15697g,Q6C1J7
YALI0F15587g,Q6C1K2
YALI0F15389g,Q6C1K7
YALI0F15367g,Q6C1K8
YALI0F15279g,Q6C1L1
YALI0F15191g,Q6C1L5
YALI0F15169g,Q6C1L6
YALI0F15147g,Q6C1L7
YALI0F14861g,Q6C1N0
YALI0F14795g,Q6C1N3
YALI0F14773g,Q6C1N4
YALI0F14729g,Q6C1N6
YALI0F14707g,Q6C1N7
YALI0F14597g,Q6C1P2
YALI0F14553g,Q6C1P4
YALI0F14487g,Q6C1P7
YALI0F14443g,Q6C1P9
YALI0F14421g,Q6C1Q0
YALI0F14355g,Q6C1Q3
YALI0F14223g,Q6C1Q9
YALI0F14135g,Q6C1R3
YALI0F14113g,Q6C1R4
YALI0F14069g,Q6C1R6
YALI0F14047g,Q6C1R7
YALI0F14025g,Q6C1R8
YALI0F13783g,Q6C1S4
YALI0F13519g,Q6C1T5
YALI0F13475g,Q6C1T7
YALI0F13453g,Q6C1T8
YALI0F13409g,Q6C1U0
YALI0F13343g,Q6C1U3
YALI0F13321g,Q6C1U4
YALI0F13277g,Q6C1U6
YALI0F13255g,Q6C1U7
YALI0F13211g,Q6C1U9
YALI0F13123g,Q6C1V4
YALI0F12969g,Q6C1W0
YALI0F12925g,Q6C1W2
YALI0F12815g,Q6C1W7
YALI0F12683g,Q6C1X3
YALI0F12617g,Q6C1X6
YALI0F12463g,Q6C1Y2
YALI0F12353g,Q6C1Y5
YALI0F12331g,Q6C1Y6
YALI0F12199g,Q6C1Z1
YALI0F12155g,Q6C1Z3
YALI0F12089g,Q6C1Z6
YALI0F11935g,Q6C203
YALI0F11869g,Q6C206
YALI0F11825g,Q6C208
YALI0F11803g,Q6C209
YALI0F11759g,Q6C211
YALI0F11627g,Q6C217
YALI0F11583g,Q6C219
YALI0F11561g,Q6C220
YALI0F11517g,Q6C222
YALI0F11473g,Q6C224
YALI0F11231g,Q6C234
YALI0F11033g,Q6C243
YALI0F10923g,Q6C246
YALI0F10703g,Q6C256
YALI0F10659g,Q6C258
YALI0F10549g,Q6C261
YALI0F10541g,Q6C262
YALI0F10505g,Q6C264
YALI0F10307g,Q6C269
YALI0F10197g,Q6C273
YALI0F10010g,Q6C282
YALI0F09966g,Q6C284
YALI0F09856g,Q6C287
YALI0F09834g,Q6C288
YALI0F09790g,Q6C290
YALI0F09768g,Q6C291
YALI0F09669g,Q6C294
YALI0F09405g,Q6C2A7
YALI0F09383g,Q6C2A8
YALI0F09295g,Q6C2B2
YALI0F09251g,Q6C2B4
YALI0F09229g,Q6C2B5
YALI0F09163g,Q6C2B8
YALI0F09009g,Q6C2C5
YALI0F08899g,Q6C2D0
YALI0F08833g,Q6C2D3
YALI0F08789g,Q6C2D5
YALI0F08745g,Q6C2D7
YALI0F08415g,Q6C2F2
YALI0F08283g,Q6C2F8
YALI0F08195g,Q6C2G0
YALI0F08165g,Q6C2G1
YALI0F08151g,Q6C2G2
YALI0F07821g,Q6C2H6
YALI0F07755g,Q6C2H9
YALI0F07733g,Q6C2I0
YALI0F07711g,Q6C2I1
YALI0F07623g,Q6C2I5
YALI0F07601g,Q6C2I6
YALI0F07557g,Q6C2I8
YALI0F07469g,Q6C2J2
YALI0F07381g,Q6C2J4
YALI0F07359g,Q6C2J5
YALI0F07337g,Q6C2J6
YALI0F07040g,Q6C2K8
YALI0F06791g,Q6C2L6
YALI0F06776g,Q6C2L7
YALI0F06754g,Q6C2L8
YALI0F06710g,Q6C2M0
YALI0F06578g,Q6C2M6
YALI0F06512g,Q6C2M9
YALI0F06468g,Q6C2N1
YALI0F06372g,Q6C2N6
YALI0F06314g,Q6C2N9
YALI0F06292g,Q6C2P0
YALI0F06226g,Q6C2P3
YALI0F06182g,Q6C2P5
YALI0F06160g,Q6C2P6
YALI0F06138g,Q6C2P7
YALI0F06116g,Q6C2P8
YALI0F06050g,Q6C2Q1
YALI0F05962g,Q6C2Q5
YALI0F05874g,Q6C2Q9
YALI0F05632g,Q6C2S1
YALI0F05566g,Q6C2S4
YALI0F05544g,Q6C2S5
YALI0F05500g,Q6C2S7
YALI0F05478g,Q6C2S8
YALI0F05434g,Q6C2T0
YALI0F05258g,Q6C2T7
YALI0F05038g,Q6C2U7
YALI0F04796g,Q6C2V5
YALI0F04708g,Q6C2V9
YALI0F04576g,Q6C2W5
YALI0F04532g,Q6C2W7
YALI0F04444g,Q6C2W9
YALI0F04378g,Q6C2X2
YALI0F04356g,Q6C2X3
YALI0F04312g,Q6C2X5
YALI0F04169g,Q6C2Y0
YALI0F04147g,Q6C2Y1
YALI0F04103g,Q6C2Y3
YALI0F04095g,Q6C2Y4
YALI0F04015g,Q6C2Y8
YALI0F03993g,Q6C2Y9
YALI0F03751g,Q6C300
YALI0F03597g,Q6C307
YALI0F03575g,Q6C308
YALI0F03567g,Q6C309
YALI0F03542g,Q6C310
YALI0F03454g,Q6C314
YALI0F03366g,Q6C318
YALI0F03201g,Q6C325
YALI0F03113g,Q6C329
YALI0F03025g,Q6C332
YALI0F02981g,Q6C334
YALI0F02937g,Q6C336
YALI0F02871g,Q6C339
YALI0F02783g,Q6C343
YALI0F02607g,Q6C351
YALI0F02585g,Q6C352
YALI0F02563g,Q6C353
YALI0F02475g,Q6C355
YALI0F02453g,Q6C356
YALI0F02431g,Q6C357
YALI0F02409g,Q6C358
YALI0F02387g,Q6C359
YALI0F02365g,Q6C360
YALI0F02321g,Q6C362
YALI0F02299g,Q6C363
YALI0F02189g,Q6C368
YALI0F02167g,Q6C369
YALI0F02101g,Q6C372
YALI0F02035g,Q6C375
YALI0F01947g,Q6C379
YALI0F01903g,Q6C381
YALI0F01881g,Q6C382
YALI0F01859g,Q6C383
YALI0F01793g,Q6C386
YALI0F01771g,Q6C387
YALI0F01716g,Q6C389
YALI0F01672g,Q6C391
YALI0F01606g,Q6C394
YALI0F01584g,Q6C395
YALI0F01496g,Q6C399
YALI0F01386g,Q6C3A4
YALI0F01210g,Q6C3A8
YALI0F00902g,Q6C3C2
YALI0F00880g,Q6C3C3
YALI0F00858g,Q6C3C4
YALI0F00792g,Q6C3C7
YALI0F00682g,Q6C3D2
YALI0F00484g,Q6C3E1
YALI0F00462g,Q6C3E2
YALI0F00418g,Q6C3E4
YALI0F00374g,Q6C3E6
YALI0F00198g,Q6C3F4
YALI0F00176g,Q6C3F5
YALI0E35222g,Q6C3F9
YALI0E35112g,Q6C3G3
YALI0E35046g,Q6C3G5
YALI0E34881g,Q6C3H1
YALI0E34852g,Q6C3H2
YALI0E34793g,Q6C3H5
YALI0E34687g,Q6C3H9
YALI0E34331g,Q6C3J4
YALI0E34265g,Q6C3J7
YALI0E34170g,Q6C3K0
YALI0E34155g,Q6C3K1
YALI0E34067g,Q6C3K5
YALI0E34001g,Q6C3K8
YALI0E33957g,Q6C3L0
YALI0E33935g,Q6C3L1
YALI0E33774g,Q6C3L7
YALI0E33759g,Q6C3L8
YALI0E33715g,Q6C3M0
YALI0E33649g,Q6C3M2
YALI0E33539g,Q6C3M7
YALI0E33517g,Q6C3M8
YALI0E33363g,Q6C3N7
YALI0E33121g,Q6C3P8
YALI0E33077g,Q6C3Q0
YALI0E33033g,Q6C3Q2
YALI0E32542g,Q6C3S2
YALI0E32505g,Q6C3S4
YALI0E32351g,Q6C3T1
YALI0E32153g,Q6C3U0
YALI0E32109g,Q6C3U2
YALI0E32065g,Q6C3U4
YALI0E31691g,Q6C3W3
YALI0E31625g,Q6C3W6
YALI0E31603g,Q6C3W7
YALI0E31551g,Q6C3X1
YALI0E31537g,Q6C3X2
YALI0E31471g,Q6C3X5
YALI0E31405g,Q6C3X8
YALI0E31361g,Q6C3Y0
YALI0E31339g,Q6C3Y1
YALI0E31317g,Q6C3Y2
YALI0E31262g,Q6C3Y5
YALI0E31196g,Q6C3Y8
YALI0E30943g,Q6C400
YALI0E30921g,Q6C401
YALI0E30899g,Q6C402
YALI0E30789g,Q6C407
YALI0E30723g,Q6C410
YALI0E30547g,Q6C418
YALI0E30481g,Q6C421
YALI0E30217g,Q6C430
YALI0E30173g,Q6C431
YALI0E30151g,Q6C432
YALI0E30129g,Q6C433
YALI0E29975g,Q6C438
YALI0E29843g,Q6C444
YALI0E29733g,Q6C447
YALI0E29667g,Q6C450
YALI0E29645g,Q6C451
YALI0E29557g,Q6C455
YALI0E29535g,Q6C456
YALI0E29307g,Q6C467
YALI0E29293g,Q6C468
YALI0E29271g,Q6C469
YALI0E29249g,Q6C470
YALI0E29205g,Q6C472
YALI0E29161g,Q6C473
YALI0E29139g,Q6C474
YALI0E28941g,Q6C483
YALI0E28919g,Q6C484
YALI0E28743g,Q6C491
YALI0E28600g,Q6C497
YALI0E28468g,Q6C4A4
YALI0E28371g,Q6C4A8
YALI0E28358g,Q6C4A9
YALI0E28248g,Q6C4B4
YALI0E28153g,Q6C4B9
YALI0E27852g,Q6C4C7
YALI0E27830g,Q6C4C8
YALI0E27786g,Q6C4D0
YALI0E27742g,Q6C4D2
YALI0E27676g,Q6C4D6
YALI0E27632g,Q6C4D8
YALI0E27533g,Q6C4E0
YALI0E27412g,Q6C4E6
YALI0E27346g,Q6C4E9
YALI0E27269g,Q6C4F2
YALI0E27203g,Q6C4F5
YALI0E27181g,Q6C4F6
YALI0E27005g,Q6C4G4
YALI0E26961g,Q6C4G6
YALI0E26719g,Q6C4H7
YALI0E26609g,Q6C4I0
YALI0E26345g,Q6C4J1
YALI0E26323g,Q6C4J2
YALI0E26301g,Q6C4J3
YALI0E26081g,Q6C4K1
YALI0E26026g,Q6C4K4
YALI0E26004g,Q6C4K5
YALI0E25982g,Q6C4K6
YALI0E25872g,Q6C4L0
YALI0E25740g,Q6C4L7
YALI0E25652g,Q6C4M1
YALI0E25201g,Q6C4M7
YALI0E25113g,Q6C4N0
YALI0E25091g,Q6C4N1
YALI0E24959g,Q6C4N7
YALI0E24717g,Q6C4P7
YALI0E24607g,Q6C4Q2
YALI0E24563g,Q6C4Q4
YALI0E24431g,Q6C4R0
YALI0E24299g,Q6C4R6
YALI0E24057g,Q6C4S7
YALI0E24035g,Q6C4S8
YALI0E23947g,Q6C4T2
YALI0E23859g,Q6C4T4
YALI0E23738g,Q6C4T9
YALI0E23694g,Q6C4U1
YALI0E23342g,Q6C4V7
YALI0E23287g,Q6C4W0
YALI0E23265g,Q6C4W1
YALI0E23243g,Q6C4W2
YALI0E23133g,Q6C4W7
YALI0E23045g,Q6C4X1
YALI0E23001g,Q6C4X3
YALI0E22979g,Q6C4X4
YALI0E22935g,Q6C4X6
YALI0E22913g,Q6C4X7
YALI0E22649g,Q6C4Y7
YALI0E22462g,Q6C4Z3
YALI0E22374g,Q6C4Z7
YALI0E22198g,Q6C504
YALI0E22044g,Q6C508
YALI0E21956g,Q6C512
YALI0E21934g,Q6C513
YALI0E21868g,Q6C516
YALI0E21846g,Q6C517
YALI0E21692g,Q6C522
YALI0E21670g,Q6C523
YALI0E21648g,Q6C524
YALI0E21417g,Q6C533
YALI0E21373g,Q6C535
YALI0E21351g,Q6C536
YALI0E21307g,Q6C538
YALI0E21197g,Q6C541
YALI0E21175g,Q6C542
YALI0E21153g,Q6C543
YALI0E21131g,Q6C544
YALI0E21109g,Q6C545
YALI0E21043g,Q6C548
YALI0E21021g,Q6C549
YALI0E20977g,Q6C551
YALI0E20823g,Q6C558
YALI0E20757g,Q6C561
YALI0E20735g,Q6C562
YALI0E20691g,Q6C564
YALI0E20625g,Q6C567
YALI0E20603g,Q6C568
YALI0E20449g,Q6C575
YALI0E20207g,Q6C584
YALI0E20163g,Q6C586
YALI0E20119g,Q6C588
YALI0E20053g,Q6C590
YALI0E19987g,Q6C594
YALI0E19767g,Q6C5A1
YALI0E19679g,Q6C5A5
YALI0E19514g,Q6C5B3
YALI0E19448g,Q6C5B6
YALI0E19206g,Q6C5C6
YALI0E19052g,Q6C5D1
YALI0E18964g,Q6C5D5
YALI0E18942g,Q6C5D6
YALI0E18898g,Q6C5D8
YALI0E18876g,Q6C5D9
YALI0E18832g,Q6C5E1
YALI0E18744g,Q6C5E5
YALI0E18678g,Q6C5E8
YALI0E18524g,Q6C5F5
YALI0E18480g,Q6C5F7
YALI0E18282g,Q6C5G4
YALI0E18238g,Q6C5G6
YALI0E18117g,Q6C5H0
YALI0E18095g,Q6C5H1
YALI0E17985g,Q6C5H6
YALI0E17919g,Q6C5H9
YALI0E17875g,Q6C5I1
YALI0E17831g,Q6C5I3
YALI0E17809g,Q6C5I4
YALI0E17765g,Q6C5I6
YALI0E17721g,Q6C5I8
YALI0E17633g,Q6C5J2
YALI0E17413g,Q6C5K0
YALI0E17347g,Q6C5K3
YALI0E17303g,Q6C5K5
YALI0E17193g,Q6C5K8
YALI0E16951g,Q6C5L7
YALI0E16929g,Q6C5L8
YALI0E16797g,Q6C5M4
YALI0E16775g,Q6C5M5
YALI0E16709g,Q6C5M8
YALI0E16643g,Q6C5N1
YALI0E16500g,Q6C5N8
YALI0E16368g,Q6C5P4
YALI0E16294g,Q6C5P7
YALI0E16236g,Q6C5Q0
YALI0E16192g,Q6C5Q2
YALI0E16170g,Q6C5Q3
YALI0E16060g,Q6C5Q6
YALI0E16016g,Q6C5Q8
YALI0E15818g,Q6C5R5
YALI0E15708g,Q6C5R9
YALI0E15598g,Q6C5S4
YALI0E15400g,Q6C5T1
YALI0E15334g,Q6C5T4
YALI0E15125g,Q6C5U4
YALI0E15081g,Q6C5U6
YALI0E14949g,Q6C5V2
YALI0E14927g,Q6C5V3
YALI0E14795g,Q6C5V6
YALI0E14751g,Q6C5V8
YALI0E14619g,Q6C5W4
YALI0E14597g,Q6C5W5
YALI0E14509g,Q6C5W7
YALI0E14465g,Q6C5W9
YALI0E14443g,Q6C5X0
YALI0E14322g,Q6C5X5
YALI0E14190g,Q6C5X9
YALI0E14102g,Q6C5Y3
YALI0E14036g,Q6C5Y6
YALI0E13948g,Q6C5Z0
YALI0E13926g,Q6C5Z1
YALI0E13904g,Q6C5Z2
YALI0E13728g,Q6C5Z8
YALI0E13662g,Q6C601
YALI0E13530g,Q6C607
YALI0E13420g,Q6C612
YALI0E13299g,Q6C616
YALI0E13277g,Q6C617
YALI0E13255g,Q6C618
YALI0E13101g,Q6C625
YALI0E12595g,Q6C642
YALI0E12551g,Q6C644
YALI0E12485g,Q6C647
YALI0E12243g,Q6C657
YALI0E12221g,Q6C658
YALI0E12089g,Q6C664
YALI0E12081g,Q6C665
YALI0E12001g,Q6C669
YALI0E11825g,Q6C677
YALI0E11737g,Q6C679
YALI0E11671g,Q6C682
YALI0E11627g,Q6C684
YALI0E11495g,Q6C690
YALI0E11385g,Q6C695
YALI0E11363g,Q6C696
YALI0E11187g,Q6C6A0
YALI0E11077g,Q6C6A5
YALI0E10923g,Q6C6B1
YALI0E10879g,Q6C6B3
YALI0E10857g,Q6C6B4
YALI0E10813g,Q6C6B6
YALI0E10769g,Q6C6B8
YALI0E10725g,Q6C6C0
YALI0E10637g,Q6C6C3
YALI0E10417g,Q6C6D3
YALI0E10395g,Q6C6D4
YALI0E10307g,Q6C6D8
YALI0E10263g,Q6C6E0
YALI0E10175g,Q6C6E4
YALI0E10144g,Q6C6E6
YALI0E10131g,Q6C6E7
YALI0E10087g,Q6C6E9
YALI0E10065g,Q6C6F0
YALI0E09933g,Q6C6F6
YALI0E09911g,Q6C6F7
YALI0E09889g,Q6C6F8
YALI0E09845g,Q6C6G0
YALI0E09823g,Q6C6G1
YALI0E09603g,Q6C6H1
YALI0E09405g,Q6C6H9
YALI0E09276g,Q6C6I4
YALI0E09196g,Q6C6I8
YALI0E09108g,Q6C6J2
YALI0E09015g,Q6C6J6
YALI0E08969g,Q6C6J9
YALI0E08844g,Q6C6K5
YALI0E08646g,Q6C6K8
YALI0E08617g,Q6C6K9
YALI0E08536g,Q6C6L3
YALI0E08096g,Q6C6M7
YALI0E07942g,Q6C6N4
YALI0E07766g,Q6C6P0
YALI0E07601g,Q6C6P3
YALI0E07535g,Q6C6P6
YALI0E07315g,Q6C6Q2
YALI0E07139g,Q6C6Q8
YALI0E07117g,Q6C6Q9
YALI0E07073g,Q6C6R1
YALI0E06919g,Q6C6R4
YALI0E06897g,Q6C6R5
YALI0E06853g,Q6C6R7
YALI0E06765g,Q6C6S1
YALI0E06743g,Q6C6S2
YALI0E06567g,Q6C6T0
YALI0E06501g,Q6C6T3
YALI0E06435g,Q6C6T6
YALI0E06347g,Q6C6U0
YALI0E06215g,Q6C6U2
YALI0E06193g,Q6C6U3
YALI0E06039g,Q6C6V0
YALI0E06017g,Q6C6V1
YALI0E05929g,Q6C6V5
YALI0E05841g,Q6C6V9
YALI0E05797g,Q6C6W1
YALI0E05775g,Q6C6W2
YALI0E05665g,Q6C6W7
YALI0E05621g,Q6C6W9
YALI0E05555g,Q6C6X2
YALI0E05423g,Q6C6X8
YALI0E05401g,Q6C6X9
YALI0E05269g,Q6C6Y5
YALI0E05247g,Q6C6Y6
YALI0E05203g,Q6C6Y8
YALI0E05137g,Q6C6Z1
YALI0E05049g,Q6C6Z5
YALI0E05027g,Q6C6Z6
YALI0E05005g,Q6C6Z7
YALI0E04983g,Q6C6Z8
YALI0E04939g,Q6C700
YALI0E04246g,Q6C730
YALI0E04114g,Q6C734
YALI0E04048g,Q6C737
YALI0E03894g,Q6C744
YALI0E03366g,Q6C766
YALI0E03278g,Q6C770
YALI0E03234g,Q6C772
YALI0E03212g,Q6C773
YALI0E03190g,Q6C774
YALI0E03168g,Q6C775
YALI0E03146g,Q6C776
YALI0E03124g,Q6C777
YALI0E03058g,Q6C780
YALI0E03036g,Q6C781
YALI0E02816g,Q6C787
YALI0E02794g,Q6C788
YALI0E02750g,Q6C790
YALI0E02706g,Q6C792
YALI0E02618g,Q6C796
YALI0E02508g,Q6C7A1
YALI0E02376g,Q6C7A5
YALI0E02332g,Q6C7A7
YALI0E02310g,Q6C7A8
YALI0E02288g,Q6C7A9
YALI0E02266g,Q6C7B0
YALI0E02156g,Q6C7B5
YALI0E02090g,Q6C7B8
YALI0E02002g,Q6C7C2
YALI0E01936g,Q6C7C5
YALI0E01892g,Q6C7C7
YALI0E01496g,Q6C7E4
YALI0E01452g,Q6C7E6
YALI0E01254g,Q6C7F4
YALI0E01166g,Q6C7F8
YALI0E00880g,Q6C7H1
YALI0E00836g,Q6C7H3
YALI0E00748g,Q6C7H7
YALI0E00726g,Q6C7H8
YALI0E00660g,Q6C7I1
YALI0E00638g,Q6C7I2
YALI0E00594g,Q6C7I4
YALI0E00418g,Q6C7J1
YALI0E00242g,Q6C7J7
YALI0E00220g,Q6C7J8
YALI0E00198g,Q6C7J9
YALI0E00176g,Q6C7K0
YALI0E00154g,Q6C7K1
YALI0E00110g,Q6C7K3
YALI0D27346g,Q6C7K4
YALI0D27192g,Q6C7L1
YALI0D27170g,Q6C7L2
YALI0D27104g,Q6C7L5
YALI0D27038g,Q6C7L8
YALI0D26994g,Q6C7M0
YALI0D26972g,Q6C7M1
YALI0D26928g,Q6C7M3
YALI0D26884g,Q6C7M5
YALI0D26862g,Q6C7M6
YALI0D26818g,Q6C7M8
YALI0D26730g,Q6C7N2
YALI0D26642g,Q6C7N6
YALI0D26620g,Q6C7N7
YALI0D26598g,Q6C7N8
YALI0D26510g,Q6C7P2
YALI0D26389g,Q6C7P8
YALI0D26367g,Q6C7P9
YALI0D26301g,Q6C7Q3
YALI0D26147g,Q6C7R0
YALI0D26081g,Q6C7R3
YALI0D25938g,Q6C7R6
YALI0D25894g,Q6C7R8
YALI0D25872g,Q6C7R9
YALI0D25828g,Q6C7S1
YALI0D25762g,Q6C7S4
YALI0D25740g,Q6C7S5
YALI0D25652g,Q6C7S9
YALI0D25630g,Q6C7T0
YALI0D25564g,Q6C7T3
YALI0D25454g,Q6C7T8
YALI0D25278g,Q6C7U4
YALI0D25234g,Q6C7U6
YALI0D25168g,Q6C7U9
YALI0D24629g,Q6C7X2
YALI0D24431g,Q6C7Y1
YALI0D24409g,Q6C7Y2
YALI0D24387g,Q6C7Y3
YALI0D24233g,Q6C7Y9
YALI0D24211g,Q6C7Z0
YALI0D24145g,Q6C7Z3
YALI0D24079g,Q6C7Z6
YALI0D23881g,Q6C803
YALI0D23815g,Q6C806
YALI0D23793g,Q6C807
YALI0D23705g,Q6C811
YALI0D23683g,Q6C812
YALI0D23639g,Q6C814
YALI0D23617g,Q6C815
YALI0D23573g,Q6C817
YALI0D23441g,Q6C821
YALI0D23353g,Q6C825
YALI0D23331g,Q6C826
YALI0D23309g,Q6C827
YALI0D23287g,Q6C828
YALI0D23001g,Q6C839
YALI0D22957g,Q6C841
YALI0D22913g,Q6C843
YALI0D22891g,Q6C844
YALI0D22660g,Q6C851
YALI0D22594g,Q6C854
YALI0D22520g,Q6C857
YALI0D22396g,Q6C863
YALI0D22352g,Q6C864
YALI0D22330g,Q6C865
YALI0D22308g,Q6C866
YALI0D22264g,Q6C868
YALI0D22220g,Q6C870
YALI0D22110g,Q6C873
YALI0D22066g,Q6C875
YALI0D21934g,Q6C881
YALI0D21890g,Q6C883
YALI0D21362g,Q6C8A4
YALI0D21208g,Q6C8A8
YALI0D21142g,Q6C8B1
YALI0D21120g,Q6C8B2
YALI0D21032g,Q6C8B5
YALI0D20966g,Q6C8B8
YALI0D20724g,Q6C8C7
YALI0D20680g,Q6C8C9
YALI0D20592g,Q6C8D3
YALI0D20570g,Q6C8D4
YALI0D20504g,Q6C8D7
YALI0D20482g,Q6C8D8
YALI0D20460g,Q6C8D9
YALI0D20416g,Q6C8E1
YALI0D20394g,Q6C8E2
YALI0D20328g,Q6C8E4
YALI0D20240g,Q6C8E7
YALI0D20152g,Q6C8F2
YALI0D19910g,Q6C8G3
YALI0D19888g,Q6C8G4
YALI0D19844g,Q6C8G6
YALI0D19580g,Q6C8H4
YALI0D19492g,Q6C8H8
YALI0D19206g,Q6C8J1
YALI0D19140g,Q6C8J4
YALI0D19096g,Q6C8J6
YALI0D18942g,Q6C8K3
YALI0D18920g,Q6C8K4
YALI0D18744g,Q6C8L2
YALI0D18678g,Q6C8L5
YALI0D18458g,Q6C8M5
YALI0D18337g,Q6C8N1
YALI0D18271g,Q6C8N4
YALI0D17930g,Q6C8Q1
YALI0D17886g,Q6C8Q2
YALI0D17864g,Q6C8Q3
YALI0D17842g,Q6C8Q4
YALI0D17732g,Q6C8Q9
YALI0D17556g,Q6C8R7
YALI0D17402g,Q6C8S4
YALI0D17116g,Q6C8T5
YALI0D17086g,Q6C8T7
YALI0D17028g,Q6C8U0
YALI0D16984g,Q6C8U2
YALI0D16929g,Q6C8U5
YALI0D16885g,Q6C8U7
YALI0D16841g,Q6C8U9
YALI0D16753g,Q6C8V3
YALI0D16709g,Q6C8V4
YALI0D16687g,Q6C8V5
YALI0D16643g,Q6C8V7
YALI0D16401g,Q6C8W3
YALI0D16335g,Q6C8W6
YALI0D16291g,Q6C8W8
YALI0D15928g,Q6C8Y1
YALI0D15752g,Q6C8Y8
YALI0D15620g,Q6C8Z3
YALI0D15598g,Q6C8Z4
YALI0D15510g,Q6C8Z8
YALI0D15444g,Q6C901
YALI0D15400g,Q6C903
YALI0D15334g,Q6C906
YALI0D15312g,Q6C907
YALI0D15268g,Q6C909
YALI0D14916g,Q6C923
YALI0D14894g,Q6C924
YALI0D14850g,Q6C926
YALI0D14762g,Q6C928
YALI0D14630g,Q6C932
YALI0D14520g,Q6C937
YALI0D14410g,Q6C942
YALI0D14300g,Q6C947
YALI0D14080g,Q6C949
YALI0D14058g,Q6C950
YALI0D13904g,Q6C954
YALI0D13838g,Q6C957
YALI0D13794g,Q6C959
YALI0D13728g,Q6C962
YALI0D13442g,Q6C975
YALI0D13134g,Q6C984
YALI0D13090g,Q6C987
YALI0D13068g,Q6C988
YALI0D13046g,Q6C989
YALI0D12859g,Q6C998
YALI0D12837g,Q6C999
YALI0D12705g,Q6C9A5
YALI0D12606g,Q6C9B0
YALI0D12364g,Q6C9C2
YALI0D12188g,Q6C9D0
YALI0D12166g,Q6C9D1
YALI0D12144g,Q6C9D2
YALI0D12012g,Q6C9D7
YALI0D11836g,Q6C9E5
YALI0D11572g,Q6C9F7
YALI0D11528g,Q6C9F9
YALI0D11418g,Q6C9G4
YALI0D11396g,Q6C9G5
YALI0D11308g,Q6C9G9
YALI0D11220g,Q6C9H3
YALI0D11132g,Q6C9H6
YALI0D11110g,Q6C9H7
YALI0D11000g,Q6C9I2
YALI0D10967g,Q6C9I4
YALI0D10879g,Q6C9I8
YALI0D10835g,Q6C9J0
YALI0D10593g,Q6C9K0
YALI0D10505g,Q6C9K4
YALI0D10329g,Q6C9K8
YALI0D10285g,Q6C9L0
YALI0D10234g,Q6C9L2
YALI0D10131g,Q6C9L5
YALI0D09999g,Q6C9M2
YALI0D09933g,Q6C9M5
YALI0D09735g,Q6C9N4
YALI0D09713g,Q6C9N5
YALI0D09691g,Q6C9N6
YALI0D09625g,Q6C9N9
YALI0D09603g,Q6C9P0
YALI0D09361g,Q6C9P6
YALI0D09163g,Q6C9Q5
YALI0D09119g,Q6C9Q7
YALI0D09042g,Q6C9R1
YALI0D08998g,Q6C9R3
YALI0D08954g,Q6C9R5
YALI0D08932g,Q6C9R6
YALI0D08822g,Q6C9S1
YALI0D08756g,Q6C9S4
YALI0D08712g,Q6C9S6
YALI0D08690g,Q6C9S7
YALI0D08580g,Q6C9T2
YALI0D08448g,Q6C9T8
YALI0D08382g,Q6C9U1
YALI0D08338g,Q6C9U3
YALI0D08206g,Q6C9U9
YALI0D08184g,Q6C9V0
YALI0D08162g,Q6C9V1
YALI0D08052g,Q6C9V4
YALI0D07986g,Q6C9V5
YALI0D07788g,Q6C9W5
YALI0D07744g,Q6C9W7
YALI0D07722g,Q6C9W8
YALI0D07612g,Q6C9X3
YALI0D07590g,Q6C9X4
YALI0D07524g,Q6C9X7
YALI0D07502g,Q6C9X8
YALI0D07436g,Q6C9Y1
YALI0D07304g,Q6C9Y7
YALI0D07282g,Q6C9Y8
YALI0D07216g,Q6C9Z1
YALI0D07150g,Q6C9Z4
YALI0D07128g,Q6C9Z5
YALI0D07084g,Q6C9Z7
YALI0D07018g,Q6CA00
YALI0D06974g,Q6CA02
YALI0D06930g,Q6CA04
YALI0D06908g,Q6CA05
YALI0D06798g,Q6CA10
YALI0D06754g,Q6CA12
YALI0D06589g,Q6CA20
YALI0D06545g,Q6CA22
YALI0D06523g,Q6CA23
YALI0D06501g,Q6CA24
YALI0D06413g,Q6CA28
YALI0D06325g,Q6CA32
YALI0D06303g,Q6CA33
YALI0D06281g,Q6CA34
YALI0D06259g,Q6CA35
YALI0D06237g,Q6CA36
YALI0D06017g,Q6CA44
YALI0D05995g,Q6CA45
YALI0D05819g,Q6CA52
YALI0D05775g,Q6CA54
YALI0D05511g,Q6CA66
YALI0D05379g,Q6CA70
YALI0D05335g,Q6CA72
YALI0D05291g,Q6CA74
YALI0D05181g,Q6CA78
YALI0D05093g,Q6CA81
YALI0D05041g,Q6CA84
YALI0D05005g,Q6CA85
YALI0D04829g,Q6CA93
YALI0D04466g,Q6CAA6
YALI0D04444g,Q6CAA7
YALI0D04378g,Q6CAB0
YALI0D04334g,Q6CAB2
YALI0D04246g,Q6CAB6
YALI0D04224g,Q6CAB7
YALI0D04158g,Q6CAC0
YALI0D04114g,Q6CAC2
YALI0D03619g,Q6CAE1
YALI0D03575g,Q6CAE3
YALI0D03531g,Q6CAE5
YALI0D03509g,Q6CAE6
YALI0D03333g,Q6CAF2
YALI0D03267g,Q6CAF4
YALI0D03179g,Q6CAF6
YALI0D03157g,Q6CAF7
YALI0D03069g,Q6CAG1
YALI0D02871g,Q6CAG8
YALI0D02827g,Q6CAH0
YALI0D02805g,Q6CAH1
YALI0D02629g,Q6CAH9
YALI0D02563g,Q6CAI2
YALI0D02497g,Q6CAI4
YALI0D02475g,Q6CAI5
YALI0D02365g,Q6CAI9
YALI0D02321g,Q6CAJ1
YALI0D02145g,Q6CAJ8
YALI0D02079g,Q6CAK1
YALI0D02024g,Q6CAK4
YALI0D01694g,Q6CAL6
YALI0D01628g,Q6CAL7
YALI0D01606g,Q6CAL8
YALI0D01573g,Q6CAM0
YALI0D01485g,Q6CAM4
YALI0D01353g,Q6CAN0
YALI0D01331g,Q6CAN1
YALI0D01309g,Q6CAN2
YALI0D01199g,Q6CAN7
YALI0D01177g,Q6CAN8
YALI0D01155g,Q6CAN9
YALI0D01111g,Q6CAP1
YALI0D01045g,Q6CAP4
YALI0D00759g,Q6CAQ7
YALI0D00627g,Q6CAR3
YALI0D00583g,Q6CAR5
YALI0D00429g,Q6CAS1
YALI0D00275g,Q6CAS8
YALI0D00231g,Q6CAT0
YALI0D00176g,Q6CAT3
YALI0D00132g,Q6CAT5
YALI0C24354g,Q6CAU0
YALI0C24277g,Q6CAU4
YALI0C24255g,Q6CAU5
YALI0C24145g,Q6CAV0
YALI0C24057g,Q6CAV4
YALI0C23947g,Q6CAV9
YALI0C23749g,Q6CAW8
YALI0C23661g,Q6CAX2
YALI0C23408g,Q6CAY2
YALI0C23386g,Q6CAY3
YALI0C23232g,Q6CAZ0
YALI0C23210g,Q6CAZ2
YALI0C23188g,Q6CAZ3
YALI0C23166g,Q6CAZ4
YALI0C23078g,Q6CAZ8
YALI0C23034g,Q6CB00
YALI0C22682g,Q6CB14
YALI0C22528g,Q6CB21
YALI0C22319g,Q6CB31
YALI0C22275g,Q6CB33
YALI0C22253g,Q6CB34
YALI0C22165g,Q6CB38
YALI0C22066g,Q6CB43
YALI0C22000g,Q6CB46
YALI0C21956g,Q6CB48
YALI0C21934g,Q6CB49
YALI0C21846g,Q6CB53
YALI0C21802g,Q6CB55
YALI0C21780g,Q6CB56
YALI0C21758g,Q6CB57
YALI0C21692g,Q6CB59
YALI0C21626g,Q6CB62
YALI0C21604g,Q6CB63
YALI0C21582g,Q6CB64
YALI0C21560g,Q6CB65
YALI0C21494g,Q6CB68
YALI0C21362g,Q6CB74
YALI0C21340g,Q6CB75
YALI0C21043g,Q6CB90
YALI0C20999g,Q6CB92
YALI0C20889g,Q6CB97
YALI0C20757g,Q6CBA1
YALI0C20691g,Q6CBA4
YALI0C20449g,Q6CBA9
YALI0C20405g,Q6CBB1
YALI0C20273g,Q6CBB7
YALI0C20207g,Q6CBC1
YALI0C20075g,Q6CBC5
YALI0C19712g,Q6CBD9
YALI0C19382g,Q6CBF1
YALI0C19151g,Q6CBG1
YALI0C19129g,Q6CBG2
YALI0C19085g,Q6CBG4
YALI0C18997g,Q6CBG8
YALI0C18975g,Q6CBG9
YALI0C18623g,Q6CBH9
YALI0C18535g,Q6CBI1
YALI0C18513g,Q6CBI2
YALI0C18469g,Q6CBI4
YALI0C18447g,Q6CBI5
YALI0C18425g,Q6CBI6
YALI0C18403g,Q6CBI7
YALI0C18359g,Q6CBI9
YALI0C18315g,Q6CBJ1
YALI0C18227g,Q6CBJ5
YALI0C18161g,Q6CBJ8
YALI0C18073g,Q6CBK2
YALI0C18051g,Q6CBK3
YALI0C17897g,Q6CBK8
YALI0C17831g,Q6CBL1
YALI0C17391g,Q6CBM0
YALI0C17325g,Q6CBM3
YALI0C17061g,Q6CBN1
YALI0C16995g,Q6CBN4
YALI0C16907g,Q6CBN8
YALI0C16863g,Q6CBP0
YALI0C16819g,Q6CBP2
YALI0C16687g,Q6CBP8
YALI0C16665g,Q6CBP9
YALI0C16621g,Q6CBQ1
YALI0C16566g,Q6CBQ3
YALI0C16478g,Q6CBQ7
YALI0C16434g,Q6CBQ9
YALI0C16412g,Q6CBR0
YALI0C16390g,Q6CBR1
YALI0C16203g,Q6CBR7
YALI0C15873g,Q6CBS8
YALI0C15807g,Q6CBT1
YALI0C15653g,Q6CBT5
YALI0C15532g,Q6CBU0
YALI0C15356g,Q6CBU7
YALI0C15290g,Q6CBV0
YALI0C15224g,Q6CBV3
YALI0C14938g,Q6CBW5
YALI0C14828g,Q6CBW7
YALI0C14806g,Q6CBW8
YALI0C14190g,Q6CBZ2
YALI0C14036g,Q6CBZ7
YALI0C13904g,Q6CC02
YALI0C13882g,Q6CC03
YALI0C13530g,Q6CC15
YALI0C13354g,Q6CC22
YALI0C13310g,Q6CC24
YALI0C13112g,Q6CC27
YALI0C13090g,Q6CC28
YALI0C12918g,Q6CC34
YALI0C12793g,Q6CC37
YALI0C12771g,Q6CC38
YALI0C12661g,Q6CC41
YALI0C12639g,Q6CC42
YALI0C12474g,Q6CC50
YALI0C12430g,Q6CC52
YALI0C12386g,Q6CC54
YALI0C12276g,Q6CC57
YALI0C12254g,Q6CC58
YALI0C12144g,Q6CC63
YALI0C12056g,Q6CC66
YALI0C11803g,Q6CC75
YALI0C11649g,Q6CC80
YALI0C11583g,Q6CC83
YALI0C11429g,Q6CC90
YALI0C11407g,Q6CC91
YALI0C11297g,Q6CC96
YALI0C11033g,Q6CCA7
YALI0C10989g,Q6CCA9
YALI0C10901g,Q6CCB3
YALI0C10846g,Q6CCB6
YALI0C10780g,Q6CCB9
YALI0C10604g,Q6CCC7
YALI0C10472g,Q6CCD2
YALI0C10230g,Q6CCD9
YALI0C10098g,Q6CCE3
YALI0C10054g,Q6CCE5
YALI0C10032g,Q6CCE6
YALI0C09988g,Q6CCE8
YALI0C09933g,Q6CCF1
YALI0C09904g,Q6CCF2
YALI0C09889g,Q6CCF3
YALI0C09757g,Q6CCF8
YALI0C09658g,Q6CCG1
YALI0C09636g,Q6CCG2
YALI0C09548g,Q6CCG6
YALI0C09438g,Q6CCH1
YALI0C09350g,Q6CCH4
YALI0C09218g,Q6CCI0
YALI0C08987g,Q6CCI8
YALI0C08960g,Q6CCJ0
YALI0C08899g,Q6CCJ3
YALI0C08877g,Q6CCJ4
YALI0C08811g,Q6CCJ7
YALI0C08782g,Q6CCJ8
YALI0C08723g,Q6CCK1
YALI0C08591g,Q6CCK7
YALI0C08547g,Q6CCK9
YALI0C08220g,Q6CCM4
YALI0C08118g,Q6CCM8
YALI0C08052g,Q6CCN1
YALI0C07953g,Q6CCN4
YALI0C07821g,Q6CCP0
YALI0C07700g,Q6CCP5
YALI0C07590g,Q6CCQ0
YALI0C07568g,Q6CCQ1
YALI0C07524g,Q6CCQ3
YALI0C07502g,Q6CCQ4
YALI0C07326g,Q6CCR0
YALI0C07304g,Q6CCR1
YALI0C07282g,Q6CCR2
YALI0C07172g,Q6CCR6
YALI0C07150g,Q6CCR7
YALI0C07018g,Q6CCS1
YALI0C06952g,Q6CCS4
YALI0C06886g,Q6CCS7
YALI0C06776g,Q6CCT2
YALI0C06644g,Q6CCT6
YALI0C06460g,Q6CCU4
YALI0C06446g,Q6CCU5
YALI0C06303g,Q6CCV0
YALI0C06149g,Q6CCV7
YALI0C06039g,Q6CCW2
YALI0C05995g,Q6CCW4
YALI0C05775g,Q6CCX4
YALI0C05753g,Q6CCX5
YALI0C05621g,Q6CCY1
YALI0C05533g,Q6CCY5
YALI0C05489g,Q6CCY7
YALI0C05346g,Q6CCZ2
YALI0C05302g,Q6CCZ4
YALI0C05258g,Q6CCZ6
YALI0C05038g,Q6CD04
YALI0C04818g,Q6CD08
YALI0C04587g,Q6CD14
YALI0C04521g,Q6CD17
YALI0C04433g,Q6CD21
YALI0C04411g,Q6CD22
YALI0C04345g,Q6CD25
YALI0C04180g,Q6CD33
YALI0C04158g,Q6CD34
YALI0C04004g,Q6CD41
YALI0C03982g,Q6CD42
YALI0C03784g,Q6CD49
YALI0C03762g,Q6CD50
YALI0C03674g,Q6CD53
YALI0C03377g,Q6CD67
YALI0C03355g,Q6CD68
YALI0C03333g,Q6CD69
YALI0C03069g,Q6CD77
YALI0C03003g,Q6CD80
YALI0C02937g,Q6CD83
YALI0C02717g,Q6CD92
YALI0C02563g,Q6CD97
YALI0C02475g,Q6CDA1
YALI0C02431g,Q6CDA3
YALI0C02409g,Q6CDA4
YALI0C01859g,Q6CDB9
YALI0C01716g,Q6CDC5
YALI0C01573g,Q6CDC9
YALI0C01419g,Q6CDD2
YALI0C01411g,Q6CDD3
YALI0C01287g,Q6CDD9
YALI0C01243g,Q6CDE1
YALI0C01111g,Q6CDE7
YALI0C00913g,Q6CDF6
YALI0C00803g,Q6CDG1
YALI0C00759g,Q6CDG3
YALI0C00693g,Q6CDG6
YALI0C00671g,Q6CDG7
YALI0C00561g,Q6CDH2
YALI0C00429g,Q6CDH7
YALI0C00363g,Q6CDI0
YALI0C00231g,Q6CDI6
YALI0C00187g,Q6CDI8
YALI0C00165g,Q6CDI9
YALI0B23408g,Q6CDJ7
YALI0B23298g,Q6CDK2
YALI0B23188g,Q6CDK7
YALI0B23144g,Q6CDK9
YALI0B23078g,Q6CDL2
YALI0B22814g,Q6CDM4
YALI0B22638g,Q6CDN2
YALI0B22594g,Q6CDN4
YALI0B22550g,Q6CDN6
YALI0B22528g,Q6CDN7
YALI0B22440g,Q6CDP1
YALI0B22396g,Q6CDP3
YALI0B22374g,Q6CDP4
YALI0B22242g,Q6CDP9
YALI0B22154g,Q6CDQ3
YALI0B21978g,Q6CDQ9
YALI0B21824g,Q6CDR6
YALI0B21494g,Q6CDS8
YALI0B21428g,Q6CDT1
YALI0B21406g,Q6CDT2
YALI0B21340g,Q6CDT5
YALI0B21186g,Q6CDU2
YALI0B21142g,Q6CDU4
YALI0B21076g,Q6CDU7
YALI0B21054g,Q6CDU8
YALI0B20988g,Q6CDV1
YALI0B20900g,Q6CDV5
YALI0B20812g,Q6CDV9
YALI0B20768g,Q6CDW1
YALI0B20724g,Q6CDW3
YALI0B20702g,Q6CDW4
YALI0B20658g,Q6CDW6
YALI0B20526g,Q6CDX2
YALI0B20482g,Q6CDX4
YALI0B20460g,Q6CDX5
YALI0B20438g,Q6CDX6
YALI0B20394g,Q6CDX8
YALI0B20306g,Q6CDY2
YALI0B20240g,Q6CDY5
YALI0B20174g,Q6CDY8
YALI0B20020g,Q6CDZ3
YALI0B19624g,Q6CE09
YALI0B19360g,Q6CE17
YALI0B19338g,Q6CE18
YALI0B19206g,Q6CE22
YALI0B18898g,Q6CE35
YALI0B18788g,Q6CE39
YALI0B18759g,Q6CE40
YALI0B18656g,Q6CE45
YALI0B18414g,Q6CE56
YALI0B18304g,Q6CE61
YALI0B18062g,Q6CE71
YALI0B17996g,Q6CE74
YALI0B17864g,Q6CE78
YALI0B17842g,Q6CE79
YALI0B17798g,Q6CE81
YALI0B17710g,Q6CE85
YALI0B17666g,Q6CE87
YALI0B17380g,Q6CE98
YALI0B17336g,Q6CEA0
YALI0B17270g,Q6CEA3
YALI0B17204g,Q6CEA6
YALI0B16984g,Q6CEB4
YALI0B16918g,Q6CEB7
YALI0B16822g,Q6CEC1
YALI0B16764g,Q6CEC4
YALI0B16720g,Q6CEC6
YALI0B16610g,Q6CED1
YALI0B16566g,Q6CED3
YALI0B16522g,Q6CED5
YALI0B16280g,Q6CEE5
YALI0B16214g,Q6CEE8
YALI0B16126g,Q6CEF2
YALI0B16060g,Q6CEF5
YALI0B16038g,Q6CEF6
YALI0B15906g,Q6CEG1
YALI0B15840g,Q6CEG4
YALI0B15774g,Q6CEG7
YALI0B15752g,Q6CEG8
YALI0B15708g,Q6CEG9
YALI0B15642g,Q6CEH2
YALI0B15378g,Q6CEI4
YALI0B15356g,Q6CEI5
YALI0B15334g,Q6CEI6
YALI0B15268g,Q6CEJ0
YALI0B15246g,Q6CEJ1
YALI0B15081g,Q6CEJ9
YALI0B15015g,Q6CEK2
YALI0B14905g,Q6CEK7
YALI0B14861g,Q6CEK9
YALI0B14839g,Q6CEL0
YALI0B14773g,Q6CEL3
YALI0B14663g,Q6CEL8
YALI0B14641g,Q6CEL9
YALI0B14597g,Q6CEM1
YALI0B14531g,Q6CEM4
YALI0B14465g,Q6CEM7
YALI0B14443g,Q6CEM8
YALI0B14399g,Q6CEN0
YALI0B14355g,Q6CEN2
YALI0B14333g,Q6CEN3
YALI0B14289g,Q6CEN5
YALI0B14267g,Q6CEN6
YALI0B14245g,Q6CEN7
YALI0B14201g,Q6CEN9
YALI0B14146g,Q6CEP2
YALI0B14124g,Q6CEP3
YALI0B14080g,Q6CEP5
YALI0B14058g,Q6CEP6
YALI0B14014g,Q6CEP8
YALI0B13970g,Q6CEQ0
YALI0B13904g,Q6CEQ3
YALI0B13882g,Q6CEQ4
YALI0B13794g,Q6CEQ8
YALI0B13750g,Q6CER0
YALI0B13728g,Q6CER1
YALI0B13706g,Q6CER2
YALI0B13662g,Q6CER4
YALI0B13530g,Q6CER8
YALI0B13398g,Q6CES4
YALI0B13376g,Q6CES5
YALI0B13310g,Q6CES8
YALI0B13178g,Q6CET2
YALI0B13156g,Q6CET3
YALI0B13134g,Q6CET4
YALI0B13112g,Q6CET5
YALI0B13090g,Q6CET6
YALI0B13046g,Q6CET8
YALI0B12870g,Q6CEU4
YALI0B12826g,Q6CEU6
YALI0B12804g,Q6CEU7
YALI0B12716g,Q6CEV1
YALI0B12518g,Q6CEV8
YALI0B12496g,Q6CEV9
YALI0B12474g,Q6CEW0
YALI0B12452g,Q6CEW1
YALI0B12210g,Q6CEX2
YALI0B12188g,Q6CEX3
YALI0B12078g,Q6CEX7
YALI0B11968g,Q6CEY0
YALI0B11946g,Q6CEY1
YALI0B11880g,Q6CEY4
YALI0B11572g,Q6CEZ6
YALI0B11550g,Q6CEZ7
YALI0B11396g,Q6CF04
YALI0B11374g,Q6CF05
YALI0B11066g,Q6CF17
YALI0B10978g,Q6CF21
YALI0B10934g,Q6CF23
YALI0B10846g,Q6CF26
YALI0B10780g,Q6CF28
YALI0B10736g,Q6CF30
YALI0B10714g,Q6CF31
YALI0B10538g,Q6CF37
YALI0B10494g,Q6CF39
YALI0B10362g,Q6CF45
YALI0B10340g,Q6CF46
YALI0B10318g,Q6CF47
YALI0B10296g,Q6CF48
YALI0B10241g,Q6CF51
YALI0B10219g,Q6CF52
YALI0B10197g,Q6CF53
YALI0B10065g,Q6CF59
YALI0B10021g,Q6CF61
YALI0B09889g,Q6CF65
YALI0B09845g,Q6CF67
YALI0B09713g,Q6CF72
YALI0B09647g,Q6CF74
YALI0B09625g,Q6CF75
YALI0B09603g,Q6CF76
YALI0B09515g,Q6CF80
YALI0B09273g,Q6CF88
YALI0B09163g,Q6CF91
YALI0B09009g,Q6CF97
YALI0B08965g,Q6CF99
YALI0B08943g,Q6CFA0
YALI0B08921g,Q6CFA1
YALI0B08844g,Q6CFA5
YALI0B08778g,Q6CFA8
YALI0B08756g,Q6CFA9
YALI0B08624g,Q6CFB4
YALI0B08558g,Q6CFB5
YALI0B08536g,Q6CFB6
YALI0B08514g,Q6CFB7
YALI0B08338g,Q6CFC5
YALI0B08140g,Q6CFD3
YALI0B07579g,Q6CFF2
YALI0B07513g,Q6CFF5
YALI0B07447g,Q6CFF6
YALI0B07425g,Q6CFF7
YALI0B07293g,Q6CFG1
YALI0B06963g,Q6CFH3
YALI0B06897g,Q6CFH6
YALI0B06710g,Q6CFI5
YALI0B06600g,Q6CFI8
YALI0B06578g,Q6CFI9
YALI0B06534g,Q6CFJ1
YALI0B06369g,Q6CFJ7
YALI0B06248g,Q6CFK2
YALI0B06006g,Q6CFK9
YALI0B05918g,Q6CFL2
YALI0B05786g,Q6CFL8
YALI0B05720g,Q6CFM1
YALI0B05610g,Q6CFM6
YALI0B05566g,Q6CFM7
YALI0B05522g,Q6CFM9
YALI0B05500g,Q6CFN0
YALI0B05280g,Q6CFN9
YALI0B05236g,Q6CFP1
YALI0B05104g,Q6CFP5
YALI0B04840g,Q6CFQ4
YALI0B04774g,Q6CFQ5
YALI0B04378g,Q6CFS0
YALI0B04334g,Q6CFS2
YALI0B04312g,Q6CFS3
YALI0B04246g,Q6CFS6
YALI0B04202g,Q6CFS8
YALI0B04026g,Q6CFT6
YALI0B03960g,Q6CFT8
YALI0B03916g,Q6CFU0
YALI0B03630g,Q6CFU6
YALI0B03564g,Q6CFU7
YALI0B03498g,Q6CFV0
YALI0B03476g,Q6CFV1
YALI0B03410g,Q6CFV2
YALI0B03344g,Q6CFV5
YALI0B03322g,Q6CFV6
YALI0B02970g,Q6CFW7
YALI0B02860g,Q6CFX0
YALI0B02838g,Q6CFX2
YALI0B02728g,Q6CFX7
YALI0B02706g,Q6CFX8
YALI0B02684g,Q6CFX9
YALI0B02552g,Q6CFY3
YALI0B02544g,Q6CFY4
YALI0B02332g,Q6CFZ0
YALI0B02266g,Q6CFZ3
YALI0B02178g,Q6CFZ7
YALI0B01672g,Q6CG17
YALI0B01540g,Q6CG23
YALI0B01474g,Q6CG24
YALI0B01408g,Q6CG27
YALI0B01364g,Q6CG29
YALI0B01342g,Q6CG30
YALI0B01298g,Q6CG32
YALI0B01078g,Q6CG40
YALI0B01034g,Q6CG42
YALI0B00990g,Q6CG44
YALI0B00880g,Q6CG49
YALI0B00836g,Q6CG51
YALI0B00660g,Q6CG59
YALI0B00638g,Q6CG60
YALI0B00616g,Q6CG61
YALI0B00418g,Q6CG68
YALI0B00396g,Q6CG69
YALI0B00374g,Q6CG70
YALI0B00308g,Q6CG71
YALI0B00220g,Q6CG74
YALI0B00132g,Q6CG77
YALI0A21417g,Q6CG81
YALI0A21197g,Q6CG90
YALI0A21153g,Q6CG92
YALI0A20944g,Q6CGA2
YALI0A20922g,Q6CGA3
YALI0A20702g,Q6CGB3
YALI0A20680g,Q6CGB4
YALI0A20614g,Q6CGB7
YALI0A20592g,Q6CGB8
YALI0A20570g,Q6CGB9
YALI0A20518g,Q6CGC2
YALI0A20482g,Q6CGC4
YALI0A20438g,Q6CGC6
YALI0A20273g,Q6CGD4
YALI0A20152g,Q6CGD8
YALI0A20130g,Q6CGD9
YALI0A20108g,Q6CGE0
YALI0A19778g,Q6CGF5
YALI0A19712g,Q6CGF8
YALI0A19646g,Q6CGG1
YALI0A19580g,Q6CGG4
YALI0A19492g,Q6CGG8
YALI0A19470g,Q6CGG9
YALI0A19228g,Q6CGH6
YALI0A19162g,Q6CGH9
YALI0A19074g,Q6CGI3
YALI0A19052g,Q6CGI4
YALI0A18986g,Q6CGI7
YALI0A18810g,Q6CGJ3
YALI0A18788g,Q6CGJ4
YALI0A18744g,Q6CGJ6
YALI0A18656g,Q6CGK0
YALI0A18590g,Q6CGK3
YALI0A18315g,Q6CGL5
YALI0A18183g,Q6CGM1
YALI0A18007g,Q6CGM7
YALI0A17941g,Q6CGN0
YALI0A17919g,Q6CGN1
YALI0A17600g,Q6CGP1
YALI0A17512g,Q6CGP5
YALI0A17490g,Q6CGP6
YALI0A17468g,Q6CGP7
YALI0A17380g,Q6CGQ0
YALI0A17336g,Q6CGQ2
YALI0A17314g,Q6CGQ3
YALI0A17292g,Q6CGQ4
YALI0A16863g,Q6CGR6
YALI0A16819g,Q6CGR8
YALI0A16797g,Q6CGR9
YALI0A16775g,Q6CGS0
YALI0A16610g,Q6CGS5
YALI0A16588g,Q6CGS6
YALI0A16489g,Q6CGT0
YALI0A16445g,Q6CGT2
YALI0A16379g,Q6CGT5
YALI0A16291g,Q6CGT7
YALI0A16148g,Q6CGU6
YALI0A15147g,Q6CGX5
YALI0A15059g,Q6CGX9
YALI0A14806g,Q6CGY9
YALI0A14707g,Q6CGZ4
YALI0A14630g,Q6CGZ7
YALI0A13585g,Q6CH20
YALI0A13519g,Q6CH23
YALI0A13387g,Q6CH25
YALI0A13057g,Q6CH35
YALI0A12969g,Q6CH38
YALI0A12705g,Q6CH42
YALI0A12683g,Q6CH43
YALI0A12573g,Q6CH46
YALI0A12111g,Q6CH59
YALI0A12067g,Q6CH61
YALI0A12045g,Q6CH62
YALI0A12001g,Q6CH64
YALI0A11869g,Q6CH67
YALI0A11781g,Q6CH71
YALI0A11517g,Q6CH80
YALI0A11473g,Q6CH81
YALI0A11143g,Q6CH91
YALI0A10989g,Q6CH96
YALI0A10945g,Q6CH98
YALI0A10725g,Q6CHA6
YALI0A10637g,Q6CHB0
YALI0A10549g,Q6CHB4
YALI0A10362g,Q6CHC0
YALI0A10296g,Q6CHC3
YALI0A10252g,Q6CHC5
YALI0A10098g,Q6CHD2
YALI0A10032g,Q6CHD4
YALI0A09878g,Q6CHD9
YALI0A09856g,Q6CHE0
YALI0A09834g,Q6CHE1
YALI0A09812g,Q6CHE2
YALI0A09680g,Q6CHE7
YALI0A09592g,Q6CHF1
YALI0A09427g,Q6CHF9
YALI0A08646g,Q6CHH9
YALI0A08360g,Q6CHI8
YALI0A08239g,Q6CHJ2
YALI0A08151g,Q6CHJ6
YALI0A08041g,Q6CHK1
YALI0A07142g,Q6CHM5
YALI0A07084g,Q6CHM8
YALI0A06655g,Q6CHP7
YALI0A06589g,Q6CHQ0
YALI0A06523g,Q6CHQ1
YALI0A06479g,Q6CHQ3
YALI0A06105g,Q6CHQ9
YALI0A05995g,Q6CHR4
YALI0A05533g,Q6CHS4
YALI0A05379g,Q6CHS7
YALI0A05357g,Q6CHS8
YALI0A05181g,Q6CHT5
YALI0A04983g,Q6CHU1
YALI0A04939g,Q6CHU3
YALI0A04917g,Q6CHU4
YALI0A04741g,Q6CHU8
YALI0A04697g,Q6CHV0
YALI0A04345g,Q6CHW0
YALI0A03905g,Q6CHX0
YALI0A03861g,Q6CHX2
YALI0A03839g,Q6CHX3
YALI0A03773g,Q6CHX5
YALI0A03575g,Q6CHY2
YALI0A03553g,Q6CHY3
YALI0A03113g,Q6CHZ4
YALI0A02959g,Q6CI00
YALI0A02915g,Q6CI02
YALI0A02871g,Q6CI04
YALI0A02563g,Q6CI14
YALI0A02409g,Q6CI21
YALI0A02354g,Q6CI24
YALI0A02310g,Q6CI26
YALI0A02222g,Q6CI30
YALI0A02134g,Q6CI34
YALI0A02112g,Q6CI35
YALI0A02068g,Q6CI37
YALI0A02002g,Q6CI40
YALI0A01870g,Q6CI44
YALI0A01738g,Q6CI49
YALI0A01562g,Q6CI53
YALI0A01331g,Q6CI64
YALI0A01133g,Q6CI67
YALI0A00913g,Q6CI77
YALI0A00891g,Q6CI78
YALI0A00825g,Q6CI81
YALI0A00638g,Q6CI87
YALI0A00616g,Q6CI88
YALI0A00506g,Q6CI93
YALI0A00352g,Q6CI99
YALI0A00264g,Q6CIA2
YALI0A00132g,Q6CIA7
YALI0E22847g,W0TYM4
YALI0E11355g,W0TYM5
YALI0E33693g,W0TYM7
YALI0D21684g,W0TYN1
YALI0B10824g,W0TYN9
YALI0B07183g,W0TYP0
YALI0B12122g,W0TYP3
YALI0B03146g,W0TYP6
YALI0B05148g,W0TYP7
YALI0B09295g,W0TYP8
YALI0B15722g,W0TYQ0
YALI0A06215g,W0TYQ1
YALI0A14839g,W0TYQ2
YALI0A01602g,W0TYQ3
YALI0A19404g,W0TYQ4
YALI0B23111g,B5FVA7
YALI0B02409g,B5FVA9
YALI0B06105g,B5FVB2
YALI0B17061g,B5FVB4
YALI0B18298g,B5FVB6
YALI0B22125g,B5FVB9
YALI0C00550g,B5FVC0
YALI0C05500g,B5FVC1
YALI0C06853g,B5FVC2
YALI0C10135g,B5FVC3
YALI0C15230g,B5FVC4
YALI0C15237g,B5FVC5
YALI0C15323g,B5FVC6
YALI0C15345g,B5FVC7
YALI0C19096g,B5FVD0
YALI0C20060g,B5FVD1
YALI0C20066g,B5FVD2
YALI0C22394g,B5FVD4
YALI0C22719g,B5FVD5
YALI0C23379g,B5FVD6
YALI0D04884g,B5FVD8
YALI0D05676g,B5FVD9
YALI0D07535g,B5FVE2
YALI0D09333g,B5FVE4
YALI0D21593g,B5FVE8
YALI0D24849g,B5FVF0
YALI0E23185g,B5FVF1
YALI0E23192g,B5FVF2
YALI0E23749g,B5FVF3
YALI0E26686g,B5FVF5
YALI0E27616g,B5FVF6
YALI0E28259g,B5FVF7
YALI0E30602g,B5FVF9
YALI0E31280g,B5FVG0
YALI0E31772g,B5FVG2
YALI0E32208g,B5FVG4
YALI0E32494g,B5FVG5
YALI0E34540g,B5FVG7
YALI0E02343g,B5FVG9
YALI0E08085g,B5FVH2
YALI0E08387g,B5FVH3
YALI0E08392g,B5FVH4
YALI0E11330g,B5FVH5
YALI0E12276g,B5FVH6
YALI0E12628g,B5FVH7
YALI0E15136g,B5FVH9
YALI0E21472g,B5FVI1
YALI0A01452g,B5RSJ5
YALI0A09438g,B5RSJ8
YALI0A09845g,B5RSJ9
YALI0A15433g,B5RSK1
YALI0A16868g,B5RSK2
YALI0A17946g,B5RSK3
YALI0F02046g,B5RSK5
YALI0F03630g,B5RSK6
YALI0F04114g,B5RSK7
YALI0F04543g,B5RSK8
YALI0F06061g,B5RSK9
YALI0F06259g,B5RSL0
YALI0F06826g,B5RSL1
YALI0F11616g,B5RSL2
YALI0F13068g,B5RSL3
YALI0F13079g,B5RSL4
YALI0F17897g,B5RSL6
YALI0F18403g,B5RSL8
YALI0F21373g,B5RSL9
YALI0F21494g,B5RSM0
YALI0F29678g,B5RSM3
YALI0F30004g,B5RSM4
YALI0F30011g,B5RSM5
YALI0F31020g,B5RSM7
YALI0F31548g,B5RSM8
YALI0B21582g,F2Z5Y0
YALI0C05665g,F2Z5Y1
YALI0C02387g,F2Z5Y4
YALI0D04026g,F2Z5Z1
YALI0B09361g,F2Z5Z7
YALI0F00924g,F2Z619
YALI0A09449g,F2Z624
YALI0F17248g,F2Z626
YALI0A09196g,F2Z645
YALI0D25080g,F2Z651
YALI0A08998g,F2Z653
YALI0E29095g,F2Z673
YALI0E04400g,F2Z675
YALI0A20350g,F2Z685
YALI0E18788g,F2Z693
YALI0E29887g,F2Z6A9
YALI0C07480g,F2Z6B8
YALI0D00737g,F2Z6C0
YALI0F07260g,F2Z6C7
YALI0B22660g,F2Z6D3
YALI0F02123g,F2Z6D7
YALI0E02640g,F2Z6D8
YALI0A09383g,F2Z6D9
YALI0D05467g,F2Z6F1
YALI0B14377g,F2Z6F8
YALI0A09471g,F2Z6G8
YALI0D11858g,F2Z6I0
YALI0F32175g,Q6BZN9
YALI0F32153g,Q6BZP0
YALI0F32131g,Q6BZP1
YALI0F32065g,Q6BZP2
YALI0F31955g,Q6BZP7
YALI0F31933g,Q6BZP8
YALI0F31867g,Q6BZQ1
YALI0F31713g,Q6BZQ4
YALI0F31647g,Q6BZQ7
YALI0F31625g,Q6BZQ8
YALI0F31581g,Q6BZR0
YALI0F31559g,Q6BZR1
YALI0F31537g,Q6BZR2
YALI0F31515g,Q6BZR3
YALI0F31449g,Q6BZR6
YALI0F31427g,Q6BZR7
YALI0F31405g,Q6BZR8
YALI0F31361g,Q6BZS0
YALI0F31339g,Q6BZS1
YALI0F31295g,Q6BZS3
YALI0F31251g,Q6BZS5
YALI0F31185g,Q6BZS8
YALI0F31097g,Q6BZT2
YALI0F30965g,Q6BZT8
YALI0F30943g,Q6BZT9
YALI0F30921g,Q6BZU0
YALI0F30899g,Q6BZU1
YALI0F30855g,Q6BZU3
YALI0F30811g,Q6BZU5
YALI0F30789g,Q6BZU6
YALI0F30723g,Q6BZU9
YALI0F30701g,Q6BZV0
YALI0F30657g,Q6BZV2
YALI0F30635g,Q6BZV3
YALI0F30613g,Q6BZV4
YALI0F30591g,Q6BZV5
YALI0F30569g,Q6BZV6
YALI0F30547g,Q6BZV7
YALI0F30503g,Q6BZV9
YALI0F30459g,Q6BZW1
YALI0F30437g,Q6BZW2
YALI0F30371g,Q6BZW5
YALI0F30327g,Q6BZW7
YALI0F30239g,Q6BZX1
YALI0F30195g,Q6BZX3
YALI0F30107g,Q6BZX7
YALI0F30041g,Q6BZY0
YALI0F29997g,Q6BZY2
YALI0F29975g,Q6BZY3
YALI0F29909g,Q6BZY5
YALI0F29887g,Q6BZY6
YALI0F29865g,Q6BZY7
YALI0F29821g,Q6BZY9
YALI0F29711g,Q6BZZ0
YALI0F29667g,Q6BZZ2
YALI0F29645g,Q6BZZ3
YALI0F29623g,Q6BZZ4
YALI0F29513g,Q6BZZ5
YALI0F29381g,Q6BZZ7
YALI0F29359g,Q6BZZ8
YALI0F29249g,Q6C000
YALI0F29227g,Q6C001
YALI0F29183g,Q6C003
YALI0F29139g,Q6C005
YALI0F29095g,Q6C006
YALI0F28699g,Q6C010
YALI0F28677g,Q6C011
YALI0F28633g,Q6C013
YALI0F28611g,Q6C014
YALI0F28589g,Q6C015
YALI0F28567g,Q6C016
YALI0F28545g,Q6C017
YALI0F28479g,Q6C020
YALI0F28369g,Q6C025
YALI0F28347g,Q6C026
YALI0F28325g,Q6C027
YALI0F28303g,Q6C028
YALI0F28193g,Q6C031
YALI0F28171g,Q6C032
YALI0F28149g,Q6C033
YALI0F28127g,Q6C034
YALI0F28105g,Q6C035
YALI0F27951g,Q6C042
YALI0F27929g,Q6C043
YALI0F27885g,Q6C045
YALI0F27841g,Q6C047
YALI0F27797g,Q6C049
YALI0F27753g,Q6C051
YALI0F27731g,Q6C052
YALI0F27709g,Q6C053
YALI0F27687g,Q6C054
YALI0F27621g,Q6C057
YALI0F27599g,Q6C058
YALI0F27577g,Q6C059
YALI0F27489g,Q6C063
YALI0F27467g,Q6C064
YALI0F27445g,Q6C065
YALI0F27423g,Q6C066
YALI0F27401g,Q6C067
YALI0F27379g,Q6C068
YALI0F27291g,Q6C072
YALI0F27269g,Q6C073
YALI0F27203g,Q6C076
YALI0F27005g,Q6C083
YALI0F26983g,Q6C084
YALI0F26961g,Q6C085
YALI0F26917g,Q6C086
YALI0F26895g,Q6C087
YALI0F26785g,Q6C090
YALI0F26763g,Q6C091
YALI0F26675g,Q6C094
YALI0F26631g,Q6C096
YALI0F26565g,Q6C099
YALI0F26477g,Q6C0A3
YALI0F26433g,Q6C0A5
YALI0F26411g,Q6C0A6
YALI0F26389g,Q6C0A7
YALI0F26367g,Q6C0A8
YALI0F26345g,Q6C0A9
YALI0F26279g,Q6C0B2
YALI0F26213g,Q6C0B3
YALI0F26125g,Q6C0B7
YALI0F26081g,Q6C0B9
YALI0F26059g,Q6C0C0
YALI0F26037g,Q6C0C1
YALI0F26015g,Q6C0C2
YALI0F25993g,Q6C0C3
YALI0F25861g,Q6C0C6
YALI0F25795g,Q6C0C9
YALI0F25751g,Q6C0D1
YALI0F25707g,Q6C0D3
YALI0F25685g,Q6C0D4
YALI0F25663g,Q6C0D5
YALI0F25641g,Q6C0D6
YALI0F25619g,Q6C0D7
YALI0F25597g,Q6C0D8
YALI0F25575g,Q6C0D9
YALI0F25487g,Q6C0E3
YALI0F25465g,Q6C0E4
YALI0F25443g,Q6C0E5
YALI0F25399g,Q6C0E7
YALI0F25245g,Q6C0F1
YALI0F25223g,Q6C0F2
YALI0F25201g,Q6C0F3
YALI0F25179g,Q6C0F4
YALI0F25157g,Q6C0F5
YALI0F25113g,Q6C0F7
YALI0F25025g,Q6C0G1
YALI0F25003g,Q6C0G2
YALI0F24937g,Q6C0G5
YALI0F24871g,Q6C0G8
YALI0F24761g,Q6C0H0
YALI0F24739g,Q6C0H1
YALI0F24717g,Q6C0H2
YALI0F24541g,Q6C0H8
YALI0F24519g,Q6C0H9
YALI0F24431g,Q6C0I3
YALI0F24409g,Q6C0I4
YALI0F24365g,Q6C0I6
YALI0F24343g,Q6C0I7
YALI0F24189g,Q6C0J2
YALI0F24167g,Q6C0J3
YALI0F24145g,Q6C0J4
YALI0F24123g,Q6C0J5
YALI0F24101g,Q6C0J6
YALI0F24072g,Q6C0J7
YALI0F24057g,Q6C0J8
YALI0F24035g,Q6C0J9
YALI0F23969g,Q6C0K2
YALI0F23881g,Q6C0K6
YALI0F23859g,Q6C0K7
YALI0F23837g,Q6C0K8
YALI0F23749g,Q6C0L1
YALI0F23705g,Q6C0L3
YALI0F23683g,Q6C0L4
YALI0F23661g,Q6C0L5
YALI0F23551g,Q6C0L9
YALI0F23529g,Q6C0M0
YALI0F23353g,Q6C0M8
YALI0F23265g,Q6C0N1
YALI0F23199g,Q6C0N4
YALI0F23133g,Q6C0N6
YALI0F23089g,Q6C0N8
YALI0F23023g,Q6C0P1
YALI0F22957g,Q6C0P2
YALI0F22847g,Q6C0P4
YALI0F22825g,Q6C0P5
YALI0F22759g,Q6C0P8
YALI0F22715g,Q6C0Q0
YALI0F22693g,Q6C0Q1
YALI0F22649g,Q6C0Q3
YALI0F22627g,Q6C0Q4
YALI0F22583g,Q6C0Q6
YALI0F22561g,Q6C0Q7
YALI0F22473g,Q6C0R1
YALI0F22451g,Q6C0R2
YALI0F22429g,Q6C0R3
YALI0F22421g,Q6C0R4
YALI0F22319g,Q6C0R8
YALI0F22297g,Q6C0R9
YALI0F22231g,Q6C0S0
YALI0F22209g,Q6C0S1
YALI0F22187g,Q6C0S2
YALI0F22165g,Q6C0S3
YALI0F22121g,Q6C0S5
YALI0F22099g,Q6C0S6
YALI0F22077g,Q6C0S7
YALI0F22033g,Q6C0S9
YALI0F22011g,Q6C0T0
YALI0F21989g,Q6C0T1
YALI0F21923g,Q6C0T4
YALI0F21835g,Q6C0T8
YALI0F21813g,Q6C0T9
YALI0F21703g,Q6C0U4
YALI0F21681g,Q6C0U5
YALI0F21637g,Q6C0U7
YALI0F21549g,Q6C0U9
YALI0F21483g,Q6C0V2
YALI0F21428g,Q6C0V3
YALI0F21384g,Q6C0V5
YALI0F21362g,Q6C0V6
YALI0F21285g,Q6C0W0
YALI0F21241g,Q6C0W2
YALI0F21197g,Q6C0W4
YALI0F21175g,Q6C0W5
YALI0F21109g,Q6C0W8
YALI0F21087g,Q6C0W9
YALI0F20988g,Q6C0X4
YALI0F20966g,Q6C0X5
YALI0F20944g,Q6C0X6
YALI0F20922g,Q6C0X7
YALI0F20812g,Q6C0Y2
YALI0F20724g,Q6C0Y6
YALI0F20680g,Q6C0Y8
YALI0F20614g,Q6C0Z1
YALI0F20592g,Q6C0Z2
YALI0F20548g,Q6C0Z4
YALI0F20526g,Q6C0Z5
YALI0F20482g,Q6C0Z7
YALI0F20460g,Q6C0Z8
YALI0F20438g,Q6C0Z9
YALI0F20372g,Q6C102
YALI0F20152g,Q6C112
YALI0F20130g,Q6C113
YALI0F20086g,Q6C115
YALI0F19998g,Q6C118
YALI0F19888g,Q6C121
YALI0F19866g,Q6C122
YALI0F19844g,Q6C123
YALI0F19822g,Q6C124
YALI0F19800g,Q6C125
YALI0F19756g,Q6C127
YALI0F19734g,Q6C128
YALI0F19690g,Q6C130
YALI0F19646g,Q6C132
YALI0F19624g,Q6C133
YALI0F19580g,Q6C135
YALI0F19536g,Q6C137
YALI0F19492g,Q6C139
YALI0F19316g,Q6C147
YALI0F19206g,Q6C151
YALI0F19162g,Q6C153
YALI0F19140g,Q6C154
YALI0F19118g,Q6C155
YALI0F19096g,Q6C156
YALI0F19030g,Q6C159
YALI0F18964g,Q6C160
YALI0F18920g,Q6C162
YALI0F18898g,Q6C163
YALI0F18876g,Q6C164
YALI0F18854g,Q6C165
YALI0F18832g,Q6C166
YALI0F18810g,Q6C167
YALI0F18744g,Q6C170
YALI0F18678g,Q6C173
YALI0F18656g,Q6C174
YALI0F18590g,Q6C177
YALI0F18568g,Q6C178
YALI0F18546g,Q6C179
YALI0F18458g,Q6C183
YALI0F18436g,Q6C184
YALI0F18326g,Q6C189
YALI0F18304g,Q6C190
YALI0F18282g,Q6C191
YALI0F18260g,Q6C192
YALI0F18172g,Q6C196
YALI0F18150g,Q6C197
YALI0F18128g,Q6C198
YALI0F18018g,Q6C1A2
YALI0F17908g,Q6C1A5
YALI0F17864g,Q6C1A7
YALI0F17798g,Q6C1B0
YALI0F17754g,Q6C1B2
YALI0F17732g,Q6C1B3
YALI0F17600g,Q6C1B9
YALI0F17578g,Q6C1C0
YALI0F17556g,Q6C1C1
YALI0F17468g,Q6C1C5
YALI0F17446g,Q6C1C6
YALI0F17424g,Q6C1C7
YALI0F17402g,Q6C1C8
YALI0F17336g,Q6C1D1
YALI0F17292g,Q6C1D3
YALI0F17226g,Q6C1D6
YALI0F17204g,Q6C1D7
YALI0F17182g,Q6C1D8
YALI0F17160g,Q6C1D9
YALI0F17006g,Q6C1E5
YALI0F16984g,Q6C1E6
YALI0F16962g,Q6C1E7
YALI0F16918g,Q6C1E9
YALI0F16874g,Q6C1F1
YALI0F16852g,Q6C1F2
YALI0F16731g,Q6C1F5
YALI0F16687g,Q6C1F7
YALI0F16643g,Q6C1F9
YALI0F16621g,Q6C1G0
YALI0F16511g,Q6C1G3
YALI0F16357g,Q6C1G9
YALI0F16225g,Q6C1H3
YALI0F16159g,Q6C1H6
YALI0F16137g,Q6C1H7
YALI0F16093g,Q6C1H9
YALI0F16071g,Q6C1I0
YALI0F15961g,Q6C1I5
YALI0F15939g,Q6C1I6
YALI0F15917g,Q6C1I7
YALI0F15873g,Q6C1I9
YALI0F15851g,Q6C1J0
YALI0F15763g,Q6C1J4
YALI0F15741g,Q6C1J5
YALI0F15719g,Q6C1J6
YALI0F15675g,Q6C1J8
YALI0F15653g,Q6C1J9
YALI0F15631g,Q6C1K0
YALI0F15609g,Q6C1K1
YALI0F15543g,Q6C1K3
YALI0F15433g,Q6C1K5
YALI0F15411g,Q6C1K6
YALI0F15345g,Q6C1K9
YALI0F15323g,Q6C1L0
YALI0F15257g,Q6C1L2
YALI0F15125g,Q6C1L8
YALI0F15103g,Q6C1L9
YALI0F15081g,Q6C1M0
YALI0F15059g,Q6C1M1
YALI0F15037g,Q6C1M2
YALI0F15015g,Q6C1M3
YALI0F14993g,Q6C1M4
YALI0F14971g,Q6C1M5
YALI0F14949g,Q6C1M6
YALI0F14905g,Q6C1M8
YALI0F14883g,Q6C1M9
YALI0F14817g,Q6C1N2
YALI0F14751g,Q6C1N5
YALI0F14685g,Q6C1N8
YALI0F14663g,Q6C1N9
YALI0F14641g,Q6C1P0
YALI0F14619g,Q6C1P1
YALI0F14575g,Q6C1P3
YALI0F14531g,Q6C1P5
YALI0F14509g,Q6C1P6
YALI0F14465g,Q6C1P8
YALI0F14399g,Q6C1Q1
YALI0F14377g,Q6C1Q2
YALI0F14333g,Q6C1Q4
YALI0F14311g,Q6C1Q5
YALI0F14289g,Q6C1Q6
YALI0F14267g,Q6C1Q7
YALI0F14245g,Q6C1Q8
YALI0F14201g,Q6C1R0
YALI0F14157g,Q6C1R2
YALI0F14091g,Q6C1R5
YALI0F14003g,Q6C1R9
YALI0F13981g,Q6C1S0
YALI0F13959g,Q6C1S1
YALI0F13805g,Q6C1S3
YALI0F13761g,Q6C1S5
YALI0F13739g,Q6C1S6
YALI0F13717g,Q6C1S7
YALI0F13695g,Q6C1S8
YALI0F13673g,Q6C1S9
YALI0F13651g,Q6C1T0
YALI0F13607g,Q6C1T2
YALI0F13585g,Q6C1T3
YALI0F13497g,Q6C1T6
YALI0F13431g,Q6C1T9
YALI0F13387g,Q6C1U1
YALI0F13365g,Q6C1U2
YALI0F13233g,Q6C1U8
YALI0F13167g,Q6C1V1
YALI0F13145g,Q6C1V3
YALI0F13035g,Q6C1V7
YALI0F13013g,Q6C1V8
YALI0F12991g,Q6C1V9
YALI0F12947g,Q6C1W1
YALI0F12837g,Q6C1W6
YALI0F12793g,Q6C1W8
YALI0F12727g,Q6C1X1
YALI0F12705g,Q6C1X2
YALI0F12661g,Q6C1X4
YALI0F12595g,Q6C1X7
YALI0F12573g,Q6C1X8
YALI0F12529g,Q6C1Y0
YALI0F12507g,Q6C1Y1
YALI0F12375g,Q6C1Y4
YALI0F12287g,Q6C1Y7
YALI0F12243g,Q6C1Y9
YALI0F12221g,Q6C1Z0
YALI0F12177g,Q6C1Z2
YALI0F12133g,Q6C1Z4
YALI0F12111g,Q6C1Z5
YALI0F12067g,Q6C1Z7
YALI0F12045g,Q6C1Z8
YALI0F12023g,Q6C1Z9
YALI0F12001g,Q6C200
YALI0F11979g,Q6C201
YALI0F11913g,Q6C204
YALI0F11891g,Q6C205
YALI0F11847g,Q6C207
YALI0F11781g,Q6C210
YALI0F11737g,Q6C212
YALI0F11715g,Q6C213
YALI0F11693g,Q6C214
YALI0F11671g,Q6C215
YALI0F11605g,Q6C218
YALI0F11539g,Q6C221
YALI0F11487g,Q6C223
YALI0F11429g,Q6C225
YALI0F11407g,Q6C226
YALI0F11385g,Q6C227
YALI0F11363g,Q6C228
YALI0F11319g,Q6C230
YALI0F11297g,Q6C231
YALI0F11275g,Q6C232
YALI0F11209g,Q6C235
YALI0F11187g,Q6C236
YALI0F11165g,Q6C237
YALI0F11099g,Q6C240
YALI0F11077g,Q6C241
YALI0F11055g,Q6C242
YALI0F11011g,Q6C244
YALI0F10945g,Q6C245
YALI0F10901g,Q6C247
YALI0F10824g,Q6C250
YALI0F10747g,Q6C254
YALI0F10637g,Q6C259
YALI0F10615g,Q6C260
YALI0F10527g,Q6C263
YALI0F10461g,Q6C266
YALI0F10439g,Q6C267
YALI0F10373g,Q6C268
YALI0F10285g,Q6C270
YALI0F10241g,Q6C271
YALI0F10219g,Q6C272
YALI0F10175g,Q6C274
YALI0F10153g,Q6C275
YALI0F10131g,Q6C276
YALI0F10076g,Q6C279
YALI0F10054g,Q6C280
YALI0F10032g,Q6C281
YALI0F09988g,Q6C283
YALI0F09944g,Q6C285
YALI0F09878g,Q6C286
YALI0F09812g,Q6C289
YALI0F09691g,Q6C293
YALI0F09647g,Q6C295
YALI0F09625g,Q6C296
YALI0F09581g,Q6C298
YALI0F09537g,Q6C2A0
YALI0F09515g,Q6C2A1
YALI0F09493g,Q6C2A2
YALI0F09449g,Q6C2A4
YALI0F09427g,Q6C2A5
YALI0F09361g,Q6C2A9
YALI0F09317g,Q6C2B1
YALI0F09119g,Q6C2C0
YALI0F09097g,Q6C2C1
YALI0F09075g,Q6C2C2
YALI0F09053g,Q6C2C3
YALI0F09031g,Q6C2C4
YALI0F08987g,Q6C2C6
YALI0F08965g,Q6C2C7
YALI0F08943g,Q6C2C8
YALI0F08877g,Q6C2D1
YALI0F08855g,Q6C2D2
YALI0F08811g,Q6C2D4
YALI0F08723g,Q6C2D8
YALI0F08679g,Q6C2E0
YALI0F08657g,Q6C2E1
YALI0F08591g,Q6C2E4
YALI0F08569g,Q6C2E5
YALI0F08525g,Q6C2E7
YALI0F08503g,Q6C2E8
YALI0F08437g,Q6C2F1
YALI0F08327g,Q6C2F6
YALI0F08217g,Q6C2F9
YALI0F08129g,Q6C2G3
YALI0F08107g,Q6C2G4
YALI0F08085g,Q6C2G5
YALI0F08063g,Q6C2G6
YALI0F08041g,Q6C2G7
YALI0F08019g,Q6C2G8
YALI0F07975g,Q6C2G9
YALI0F07953g,Q6C2H0
YALI0F07931g,Q6C2H1
YALI0F07909g,Q6C2H2
YALI0F07887g,Q6C2H3
YALI0F07843g,Q6C2H5
YALI0F07799g,Q6C2H7
YALI0F07777g,Q6C2H8
YALI0F07689g,Q6C2I2
YALI0F07667g,Q6C2I3
YALI0F07645g,Q6C2I4
YALI0F07579g,Q6C2I7
YALI0F07535g,Q6C2I9
YALI0F07513g,Q6C2J0
YALI0F07447g,Q6C2J3
YALI0F07315g,Q6C2J7
YALI0F07238g,Q6C2K1
YALI0F07216g,Q6C2K2
YALI0F07194g,Q6C2K3
YALI0F07128g,Q6C2K4
YALI0F07106g,Q6C2K5
YALI0F07062g,Q6C2K7
YALI0F07018g,Q6C2K9
YALI0F06974g,Q6C2L0
YALI0F06908g,Q6C2L1
YALI0F06886g,Q6C2L2
YALI0F06864g,Q6C2L3
YALI0F06842g,Q6C2L4
YALI0F06820g,Q6C2L5
YALI0F06732g,Q6C2L9
YALI0F06688g,Q6C2M1
YALI0F06666g,Q6C2M2
YALI0F06622g,Q6C2M4
YALI0F06600g,Q6C2M5
YALI0F06556g,Q6C2M7
YALI0F06534g,Q6C2M8
YALI0F06490g,Q6C2N0
YALI0F06424g,Q6C2N3
YALI0F06380g,Q6C2N5
YALI0F06336g,Q6C2N8
YALI0F06270g,Q6C2P1
YALI0F06204g,Q6C2P4
YALI0F06094g,Q6C2P9
YALI0F06072g,Q6C2Q0
YALI0F06028g,Q6C2Q2
YALI0F06006g,Q6C2Q3
YALI0F05984g,Q6C2Q4
YALI0F05896g,Q6C2Q8
YALI0F05852g,Q6C2R0
YALI0F05830g,Q6C2R1
YALI0F05808g,Q6C2R2
YALI0F05803g,Q6C2R3
YALI0F05786g,Q6C2R4
YALI0F05742g,Q6C2R6
YALI0F05720g,Q6C2R7
YALI0F05654g,Q6C2S0
YALI0F05522g,Q6C2S6
YALI0F05412g,Q6C2T1
YALI0F05346g,Q6C2T3
YALI0F05302g,Q6C2T5
YALI0F05280g,Q6C2T6
YALI0F05170g,Q6C2U1
YALI0F05148g,Q6C2U2
YALI0F05126g,Q6C2U3
YALI0F05104g,Q6C2U4
YALI0F05060g,Q6C2U6
YALI0F05016g,Q6C2U8
YALI0F04972g,Q6C2U9
YALI0F04906g,Q6C2V2
YALI0F04884g,Q6C2V3
YALI0F04752g,Q6C2V7
YALI0F04686g,Q6C2W0
YALI0F04642g,Q6C2W2
YALI0F04620g,Q6C2W3
YALI0F04598g,Q6C2W4
YALI0F04554g,Q6C2W6
YALI0F04466g,Q6C2W8
YALI0F04400g,Q6C2X1
YALI0F04334g,Q6C2X4
YALI0F04290g,Q6C2X6
YALI0F04268g,Q6C2X7
YALI0F04213g,Q6C2X8
YALI0F04191g,Q6C2X9
YALI0F04125g,Q6C2Y2
YALI0F04081g,Q6C2Y5
YALI0F04037g,Q6C2Y7
YALI0F03971g,Q6C2Z0
YALI0F03949g,Q6C2Z1
YALI0F03905g,Q6C2Z3
YALI0F03883g,Q6C2Z4
YALI0F03861g,Q6C2Z5
YALI0F03795g,Q6C2Z8
YALI0F03729g,Q6C301
YALI0F03707g,Q6C302
YALI0F03685g,Q6C303
YALI0F03663g,Q6C304
YALI0F03619g,Q6C306
YALI0F03520g,Q6C311
YALI0F03498g,Q6C312
YALI0F03476g,Q6C313
YALI0F03410g,Q6C316
YALI0F03388g,Q6C317
YALI0F03344g,Q6C319
YALI0F03322g,Q6C320
YALI0F03300g,Q6C321
YALI0F03157g,Q6C327
YALI0F03135g,Q6C328
YALI0F03069g,Q6C330
YALI0F03003g,Q6C333
YALI0F02959g,Q6C335
YALI0F02915g,Q6C337
YALI0F02761g,Q6C344
YALI0F02739g,Q6C345
YALI0F02717g,Q6C346
YALI0F02651g,Q6C349
YALI0F02343g,Q6C361
YALI0F02277g,Q6C364
YALI0F02255g,Q6C365
YALI0F02233g,Q6C366
YALI0F02211g,Q6C367
YALI0F02079g,Q6C373
YALI0F02057g,Q6C374
YALI0F02013g,Q6C376
YALI0F01991g,Q6C377
YALI0F01969g,Q6C378
YALI0F01925g,Q6C380
YALI0F01837g,Q6C384
YALI0F01815g,Q6C385
YALI0F01738g,Q6C388
YALI0F01694g,Q6C390
YALI0F01650g,Q6C392
YALI0F01628g,Q6C393
YALI0F01562g,Q6C396
YALI0F01540g,Q6C397
YALI0F01518g,Q6C398
YALI0F01474g,Q6C3A0
YALI0F01452g,Q6C3A1
YALI0F01430g,Q6C3A2
YALI0F01408g,Q6C3A3
YALI0F01254g,Q6C3A6
YALI0F01188g,Q6C3A9
YALI0F01100g,Q6C3B3
YALI0F01078g,Q6C3B4
YALI0F01056g,Q6C3B5
YALI0F00990g,Q6C3B8
YALI0F00968g,Q6C3B9
YALI0F00946g,Q6C3C0
YALI0F00814g,Q6C3C6
YALI0F00770g,Q6C3C8
YALI0F00726g,Q6C3D0
YALI0F00704g,Q6C3D1
YALI0F00660g,Q6C3D3
YALI0F00638g,Q6C3D4
YALI0F00616g,Q6C3D5
YALI0F00594g,Q6C3D6
YALI0F00550g,Q6C3D8
YALI0F00528g,Q6C3D9
YALI0F00440g,Q6C3E3
YALI0F00352g,Q6C3E7
YALI0F00330g,Q6C3E8
YALI0F00308g,Q6C3E9
YALI0F00286g,Q6C3F0
YALI0F00264g,Q6C3F1
YALI0F00242g,Q6C3F2
YALI0F00220g,Q6C3F3
YALI0F00132g,Q6C3F7
YALI0F00110g,Q6C3F8
YALI0E35200g,Q6C3G0
YALI0E35156g,Q6C3G2
YALI0E35024g,Q6C3G6
YALI0E34947g,Q6C3G8
YALI0E34925g,Q6C3G9
YALI0E34903g,Q6C3H0
YALI0E34837g,Q6C3H3
YALI0E34815g,Q6C3H4
YALI0E34771g,Q6C3H6
YALI0E34727g,Q6C3H8
YALI0E34672g,Q6C3I0
YALI0E34650g,Q6C3I1
YALI0E34573g,Q6C3I3
YALI0E34529g,Q6C3I5
YALI0E34507g,Q6C3I6
YALI0E34485g,Q6C3I7
YALI0E34463g,Q6C3I8
YALI0E34441g,Q6C3I9
YALI0E34419g,Q6C3J0
YALI0E34397g,Q6C3J1
YALI0E34243g,Q6C3J8
YALI0E34221g,Q6C3J9
YALI0E34089g,Q6C3K4
YALI0E34045g,Q6C3K6
YALI0E33979g,Q6C3K9
YALI0E33891g,Q6C3L2
YALI0E33869g,Q6C3L3
YALI0E33825g,Q6C3L5
YALI0E33803g,Q6C3L6
YALI0E33737g,Q6C3L9
YALI0E33671g,Q6C3M1
YALI0E33605g,Q6C3M4
YALI0E33583g,Q6C3M5
YALI0E33561g,Q6C3M6
YALI0E33473g,Q6C3N0
YALI0E33451g,Q6C3N1
YALI0E33429g,Q6C3N2
YALI0E33385g,Q6C3N4
YALI0E33341g,Q6C3N8
YALI0E33319g,Q6C3N9
YALI0E33297g,Q6C3P0
YALI0E33231g,Q6C3P3
YALI0E33187g,Q6C3P5
YALI0E33143g,Q6C3P7
YALI0E33099g,Q6C3P9
YALI0E33055g,Q6C3Q1
YALI0E33011g,Q6C3Q3
YALI0E32989g,Q6C3Q4
YALI0E32967g,Q6C3Q5
YALI0E32901g,Q6C3Q6
YALI0E32879g,Q6C3Q7
YALI0E32813g,Q6C3R0
YALI0E32791g,Q6C3R1
YALI0E32725g,Q6C3R4
YALI0E32681g,Q6C3R6
YALI0E32659g,Q6C3R7
YALI0E32637g,Q6C3R8
YALI0E32615g,Q6C3R9
YALI0E32593g,Q6C3S0
YALI0E32527g,Q6C3S3
YALI0E32483g,Q6C3S5
YALI0E32461g,Q6C3S6
YALI0E32439g,Q6C3S7
YALI0E32417g,Q6C3S8
YALI0E32395g,Q6C3S9
YALI0E32329g,Q6C3T2
YALI0E32307g,Q6C3T3
YALI0E32285g,Q6C3T4
YALI0E32263g,Q6C3T5
YALI0E32241g,Q6C3T6
YALI0E32219g,Q6C3T7
YALI0E32197g,Q6C3T8
YALI0E32175g,Q6C3T9
YALI0E32087g,Q6C3U3
YALI0E32043g,Q6C3U5
YALI0E32035g,Q6C3U6
YALI0E31999g,Q6C3U8
YALI0E31977g,Q6C3U9
YALI0E31955g,Q6C3V0
YALI0E31933g,Q6C3V1
YALI0E31911g,Q6C3V2
YALI0E31889g,Q6C3V3
YALI0E31845g,Q6C3V5
YALI0E31823g,Q6C3V6
YALI0E31793g,Q6C3V8
YALI0E31757g,Q6C3W0
YALI0E31735g,Q6C3W1
YALI0E31713g,Q6C3W2
YALI0E31669g,Q6C3W4
YALI0E31647g,Q6C3W5
YALI0E31581g,Q6C3W8
YALI0E31559g,Q6C3W9
YALI0E31515g,Q6C3X3
YALI0E31493g,Q6C3X4
YALI0E31383g,Q6C3X9
YALI0E31288g,Q6C3Y3
YALI0E31273g,Q6C3Y4
YALI0E31240g,Q6C3Y6
YALI0E31218g,Q6C3Y7
YALI0E31174g,Q6C3Y9
YALI0E31152g,Q6C3Z0
YALI0E31130g,Q6C3Z1
YALI0E31108g,Q6C3Z2
YALI0E31086g,Q6C3Z3
YALI0E31064g,Q6C3Z4
YALI0E31031g,Q6C3Z6
YALI0E30987g,Q6C3Z8
YALI0E30877g,Q6C403
YALI0E30855g,Q6C404
YALI0E30833g,Q6C405
YALI0E30811g,Q6C406
YALI0E30767g,Q6C408
YALI0E30745g,Q6C409
YALI0E30701g,Q6C411
YALI0E30679g,Q6C412
YALI0E30657g,Q6C413
YALI0E30613g,Q6C415
YALI0E30591g,Q6C416
YALI0E30525g,Q6C419
YALI0E30503g,Q6C420
YALI0E30415g,Q6C422
YALI0E30371g,Q6C424
YALI0E30349g,Q6C425
YALI0E30327g,Q6C426
YALI0E30283g,Q6C428
YALI0E30261g,Q6C429
YALI0E30107g,Q6C434
YALI0E30019g,Q6C436
YALI0E29997g,Q6C437
YALI0E29953g,Q6C439
YALI0E29931g,Q6C440
YALI0E29909g,Q6C441
YALI0E29777g,Q6C445
YALI0E29755g,Q6C446
YALI0E29711g,Q6C448
YALI0E29601g,Q6C453
YALI0E29491g,Q6C458
YALI0E29469g,Q6C459
YALI0E29447g,Q6C460
YALI0E29425g,Q6C461
YALI0E29381g,Q6C463
YALI0E29359g,Q6C464
YALI0E29337g,Q6C465
YALI0E29315g,Q6C466
YALI0E29227g,Q6C471
YALI0E29117g,Q6C475
YALI0E29073g,Q6C477
YALI0E29051g,Q6C478
YALI0E29029g,Q6C479
YALI0E29007g,Q6C480
YALI0E28985g,Q6C481
YALI0E28897g,Q6C485
YALI0E28875g,Q6C486
YALI0E28853g,Q6C487
YALI0E28831g,Q6C488
YALI0E28809g,Q6C489
YALI0E28787g,Q6C490
YALI0E28721g,Q6C492
YALI0E28699g,Q6C493
YALI0E28666g,Q6C494
YALI0E28644g,Q6C495
YALI0E28622g,Q6C496
YALI0E28578g,Q6C498
YALI0E28556g,Q6C499
YALI0E28548g,Q6C4A0
YALI0E28534g,Q6C4A1
YALI0E28512g,Q6C4A2
YALI0E28446g,Q6C4A5
YALI0E28424g,Q6C4A6
YALI0E28402g,Q6C4A7
YALI0E28336g,Q6C4B0
YALI0E28314g,Q6C4B1
YALI0E28292g,Q6C4B2
YALI0E28270g,Q6C4B3
YALI0E28226g,Q6C4B6
YALI0E28204g,Q6C4B7
YALI0E28182g,Q6C4B8
YALI0E28006g,Q6C4C0
YALI0E27984g,Q6C4C1
YALI0E27918g,Q6C4C4
YALI0E27896g,Q6C4C5
YALI0E27874g,Q6C4C6
YALI0E27764g,Q6C4D1
YALI0E27720g,Q6C4D3
YALI0E27698g,Q6C4D5
YALI0E27588g,Q6C4D9
YALI0E27511g,Q6C4E1
YALI0E27434g,Q6C4E5
YALI0E27390g,Q6C4E7
YALI0E27368g,Q6C4E8
YALI0E27313g,Q6C4F0
YALI0E27291g,Q6C4F1
YALI0E27247g,Q6C4F3
YALI0E27225g,Q6C4F4
YALI0E27159g,Q6C4F7
YALI0E27115g,Q6C4F9
YALI0E27093g,Q6C4G0
YALI0E27027g,Q6C4G3
YALI0E26983g,Q6C4G5
YALI0E26939g,Q6C4G7
YALI0E26917g,Q6C4G8
YALI0E26895g,Q6C4G9
YALI0E26873g,Q6C4H0
YALI0E26807g,Q6C4H3
YALI0E26785g,Q6C4H4
YALI0E26763g,Q6C4H5
YALI0E26653g,Q6C4H8
YALI0E26631g,Q6C4H9
YALI0E26587g,Q6C4I1
YALI0E26565g,Q6C4I2
YALI0E26543g,Q6C4I3
YALI0E26521g,Q6C4I4
YALI0E26499g,Q6C4I5
YALI0E26433g,Q6C4I8
YALI0E26279g,Q6C4J4
YALI0E26257g,Q6C4J5
YALI0E26191g,Q6C4J7
YALI0E26169g,Q6C4J8
YALI0E26147g,Q6C4J9
YALI0E26125g,Q6C4K0
YALI0E25960g,Q6C4K7
YALI0E25916g,Q6C4K8
YALI0E25894g,Q6C4K9
YALI0E25850g,Q6C4L1
YALI0E25828g,Q6C4L3
YALI0E25806g,Q6C4L4
YALI0E25784g,Q6C4L5
YALI0E25762g,Q6C4L6
YALI0E25718g,Q6C4L8
YALI0E25696g,Q6C4L9
YALI0E25674g,Q6C4M0
YALI0E25630g,Q6C4M2
YALI0E25608g,Q6C4M3
YALI0E25531g,Q6C4M4
YALI0E25443g,Q6C4M5
YALI0E25223g,Q6C4M6
YALI0E25179g,Q6C4M8
YALI0E25047g,Q6C4N3
YALI0E25025g,Q6C4N4
YALI0E25003g,Q6C4N5
YALI0E24981g,Q6C4N6
YALI0E24937g,Q6C4N8
YALI0E24915g,Q6C4N9
YALI0E24849g,Q6C4P1
YALI0E24827g,Q6C4P2
YALI0E24805g,Q6C4P3
YALI0E24783g,Q6C4P4
YALI0E24739g,Q6C4P6
YALI0E24695g,Q6C4P8
YALI0E24629g,Q6C4Q1
YALI0E24585g,Q6C4Q3
YALI0E24541g,Q6C4Q5
YALI0E24475g,Q6C4Q8
YALI0E24387g,Q6C4R2
YALI0E24343g,Q6C4R4
YALI0E24277g,Q6C4R7
YALI0E24211g,Q6C4S0
YALI0E24189g,Q6C4S1
YALI0E24167g,Q6C4S2
YALI0E24145g,Q6C4S3
YALI0E24123g,Q6C4S4
YALI0E24101g,Q6C4S5
YALI0E24079g,Q6C4S6
YALI0E23991g,Q6C4T0
YALI0E23969g,Q6C4T1
YALI0E23925g,Q6C4T3
YALI0E23826g,Q6C4T5
YALI0E23804g,Q6C4T6
YALI0E23782g,Q6C4T7
YALI0E23760g,Q6C4T8
YALI0E23716g,Q6C4U0
YALI0E23672g,Q6C4U2
YALI0E23650g,Q6C4U3
YALI0E23628g,Q6C4U4
YALI0E23606g,Q6C4U5
YALI0E23540g,Q6C4U8
YALI0E23518g,Q6C4U9
YALI0E23452g,Q6C4V2
YALI0E23430g,Q6C4V3
YALI0E23386g,Q6C4V5
YALI0E23364g,Q6C4V6
YALI0E23320g,Q6C4V8
YALI0E23221g,Q6C4W3
YALI0E23199g,Q6C4W4
YALI0E23111g,Q6C4W8
YALI0E23089g,Q6C4W9
YALI0E23023g,Q6C4X2
YALI0E22902g,Q6C4X8
YALI0E22825g,Q6C4Y0
YALI0E22803g,Q6C4Y1
YALI0E22759g,Q6C4Y3
YALI0E22671g,Q6C4Y6
YALI0E22627g,Q6C4Y8
YALI0E22605g,Q6C4Y9
YALI0E22550g,Q6C4Z0
YALI0E22506g,Q6C4Z1
YALI0E22484g,Q6C4Z2
YALI0E22440g,Q6C4Z4
YALI0E22418g,Q6C4Z5
YALI0E22396g,Q6C4Z6
YALI0E22352g,Q6C4Z8
YALI0E22330g,Q6C4Z9
YALI0E22286g,Q6C500
YALI0E22264g,Q6C501
YALI0E22242g,Q6C502
YALI0E22132g,Q6C505
YALI0E22088g,Q6C506
YALI0E22066g,Q6C507
YALI0E22022g,Q6C509
YALI0E22000g,Q6C510
YALI0E21978g,Q6C511
YALI0E21890g,Q6C515
YALI0E21824g,Q6C518
YALI0E21758g,Q6C521
YALI0E21604g,Q6C526
YALI0E21582g,Q6C527
YALI0E21560g,Q6C528
YALI0E21549g,Q6C529
YALI0E21527g,Q6C530
YALI0E21439g,Q6C532
YALI0E21395g,Q6C534
YALI0E21241g,Q6C539
YALI0E21219g,Q6C540
YALI0E21087g,Q6C546
YALI0E21065g,Q6C547
YALI0E20999g,Q6C550
YALI0E20911g,Q6C554
YALI0E20845g,Q6C557
YALI0E20801g,Q6C559
YALI0E20779g,Q6C560
YALI0E20713g,Q6C563
YALI0E20669g,Q6C565
YALI0E20647g,Q6C566
YALI0E20581g,Q6C569
YALI0E20559g,Q6C570
YALI0E20537g,Q6C571
YALI0E20515g,Q6C572
YALI0E20493g,Q6C573
YALI0E20471g,Q6C574
YALI0E20427g,Q6C576
YALI0E20405g,Q6C577
YALI0E20383g,Q6C578
YALI0E20295g,Q6C580
YALI0E20273g,Q6C581
YALI0E20251g,Q6C582
YALI0E20229g,Q6C583
YALI0E20185g,Q6C585
YALI0E20141g,Q6C587
YALI0E20097g,Q6C589
YALI0E20009g,Q6C593
YALI0E19965g,Q6C595
YALI0E19943g,Q6C596
YALI0E19921g,Q6C597
YALI0E19899g,Q6C598
YALI0E19811g,Q6C599
YALI0E19789g,Q6C5A0
YALI0E19745g,Q6C5A2
YALI0E19723g,Q6C5A3
YALI0E19701g,Q6C5A4
YALI0E19657g,Q6C5A6
YALI0E19635g,Q6C5A7
YALI0E19613g,Q6C5A8
YALI0E19558g,Q6C5B1
YALI0E19536g,Q6C5B2
YALI0E19492g,Q6C5B4
YALI0E19470g,Q6C5B5
YALI0E19426g,Q6C5B7
YALI0E19404g,Q6C5B8
YALI0E19382g,Q6C5B9
YALI0E19294g,Q6C5C2
YALI0E19272g,Q6C5C3
YALI0E19250g,Q6C5C4
YALI0E19228g,Q6C5C5
YALI0E19184g,Q6C5C7
YALI0E19162g,Q6C5C8
YALI0E19140g,Q6C5C9
YALI0E19030g,Q6C5D2
YALI0E18986g,Q6C5D4
YALI0E18920g,Q6C5D7
YALI0E18854g,Q6C5E0
YALI0E18810g,Q6C5E2
YALI0E18766g,Q6C5E4
YALI0E18722g,Q6C5E6
YALI0E18700g,Q6C5E7
YALI0E18656g,Q6C5E9
YALI0E18590g,Q6C5F2
YALI0E18546g,Q6C5F4
YALI0E18502g,Q6C5F6
YALI0E18458g,Q6C5F8
YALI0E18436g,Q6C5F9
YALI0E18348g,Q6C5G1
YALI0E18326g,Q6C5G2
YALI0E18216g,Q6C5G7
YALI0E18194g,Q6C5G8
YALI0E18139g,Q6C5G9
YALI0E18073g,Q6C5H2
YALI0E18051g,Q6C5H3
YALI0E18007g,Q6C5H5
YALI0E17963g,Q6C5H7
YALI0E17941g,Q6C5H8
YALI0E17897g,Q6C5I0
YALI0E17853g,Q6C5I2
YALI0E17743g,Q6C5I7
YALI0E17699g,Q6C5I9
YALI0E17677g,Q6C5J0
YALI0E17655g,Q6C5J1
YALI0E17611g,Q6C5J3
YALI0E17589g,Q6C5J4
YALI0E17567g,Q6C5J5
YALI0E17545g,Q6C5J6
YALI0E17457g,Q6C5J8
YALI0E17435g,Q6C5J9
YALI0E17281g,Q6C5K6
YALI0E17215g,Q6C5K7
YALI0E17171g,Q6C5K9
YALI0E17149g,Q6C5L0
YALI0E17127g,Q6C5L1
YALI0E17083g,Q6C5L3
YALI0E17017g,Q6C5L4
YALI0E16973g,Q6C5L6
YALI0E16907g,Q6C5L9
YALI0E16885g,Q6C5M0
YALI0E16863g,Q6C5M1
YALI0E16841g,Q6C5M2
YALI0E16819g,Q6C5M3
YALI0E16753g,Q6C5M6
YALI0E16731g,Q6C5M7
YALI0E16687g,Q6C5M9
YALI0E16665g,Q6C5N0
YALI0E16621g,Q6C5N2
YALI0E16577g,Q6C5N4
YALI0E16555g,Q6C5N5
YALI0E16533g,Q6C5N6
YALI0E16478g,Q6C5N9
YALI0E16434g,Q6C5P1
YALI0E16390g,Q6C5P3
YALI0E16324g,Q6C5P6
YALI0E16280g,Q6C5P8
YALI0E16214g,Q6C5Q1
YALI0E16148g,Q6C5Q4
YALI0E16126g,Q6C5Q5
YALI0E15994g,Q6C5Q9
YALI0E15928g,Q6C5R0
YALI0E15906g,Q6C5R1
YALI0E15862g,Q6C5R3
YALI0E15796g,Q6C5R6
YALI0E15752g,Q6C5R7
YALI0E15664g,Q6C5S1
YALI0E15576g,Q6C5S5
YALI0E15554g,Q6C5S6
YALI0E15532g,Q6C5S7
YALI0E15510g,Q6C5S8
YALI0E15466g,Q6C5T0
YALI0E15356g,Q6C5T3
YALI0E15312g,Q6C5T5
YALI0E15290g,Q6C5T6
YALI0E15246g,Q6C5T8
YALI0E15202g,Q6C5U0
YALI0E15180g,Q6C5U1
YALI0E15147g,Q6C5U3
YALI0E15103g,Q6C5U5
YALI0E15059g,Q6C5U7
YALI0E15015g,Q6C5U9
YALI0E14993g,Q6C5V0
YALI0E14971g,Q6C5V1
YALI0E14839g,Q6C5V4
YALI0E14817g,Q6C5V5
YALI0E14729g,Q6C5V9
YALI0E14707g,Q6C5W0
YALI0E14663g,Q6C5W2
YALI0E14641g,Q6C5W3
YALI0E14575g,Q6C5W6
YALI0E14487g,Q6C5W8
YALI0E14366g,Q6C5X3
YALI0E14344g,Q6C5X4
YALI0E14234g,Q6C5X7
YALI0E14212g,Q6C5X8
YALI0E14168g,Q6C5Y0
YALI0E14146g,Q6C5Y1
YALI0E14124g,Q6C5Y2
YALI0E14080g,Q6C5Y4
YALI0E14058g,Q6C5Y5
YALI0E13970g,Q6C5Y9
YALI0E13882g,Q6C5Z3
YALI0E13860g,Q6C5Z4
YALI0E13794g,Q6C5Z5
YALI0E13750g,Q6C5Z7
YALI0E13684g,Q6C600
YALI0E13640g,Q6C602
YALI0E13596g,Q6C604
YALI0E13574g,Q6C605
YALI0E13552g,Q6C606
YALI0E13508g,Q6C608
YALI0E13464g,Q6C610
YALI0E13442g,Q6C611
YALI0E13343g,Q6C614
YALI0E13321g,Q6C615
YALI0E13211g,Q6C620
YALI0E13189g,Q6C621
YALI0E13167g,Q6C622
YALI0E13145g,Q6C623
YALI0E13035g,Q6C628
YALI0E12991g,Q6C630
YALI0E12969g,Q6C631
YALI0E12947g,Q6C632
YALI0E12881g,Q6C633
YALI0E12859g,Q6C634
YALI0E12837g,Q6C635
YALI0E12727g,Q6C636
YALI0E12705g,Q6C637
YALI0E12661g,Q6C639
YALI0E12639g,Q6C640
YALI0E12617g,Q6C641
YALI0E12573g,Q6C643
YALI0E12529g,Q6C645
YALI0E12507g,Q6C646
YALI0E12463g,Q6C648
YALI0E12419g,Q6C650
YALI0E12397g,Q6C651
YALI0E12375g,Q6C652
YALI0E12353g,Q6C653
YALI0E12331g,Q6C654
YALI0E12309g,Q6C655
YALI0E12199g,Q6C659
YALI0E12177g,Q6C660
YALI0E12155g,Q6C661
YALI0E12111g,Q6C663
YALI0E12067g,Q6C666
YALI0E12045g,Q6C667
YALI0E11979g,Q6C670
YALI0E11957g,Q6C671
YALI0E11935g,Q6C672
YALI0E11891g,Q6C674
YALI0E11847g,Q6C676
YALI0E11803g,Q6C678
YALI0E11715g,Q6C680
YALI0E11693g,Q6C681
YALI0E11649g,Q6C683
YALI0E11605g,Q6C685
YALI0E11583g,Q6C686
YALI0E11561g,Q6C687
YALI0E11539g,Q6C688
YALI0E11517g,Q6C689
YALI0E11473g,Q6C691
YALI0E11451g,Q6C692
YALI0E11429g,Q6C693
YALI0E11407g,Q6C694
YALI0E11341g,Q6C697
YALI0E11319g,Q6C698
YALI0E11209g,Q6C699
YALI0E11165g,Q6C6A1
YALI0E11143g,Q6C6A2
YALI0E11121g,Q6C6A3
YALI0E11055g,Q6C6A7
YALI0E11033g,Q6C6A8
YALI0E11011g,Q6C6A9
YALI0E10989g,Q6C6B0
YALI0E10901g,Q6C6B2
YALI0E10835g,Q6C6B5
YALI0E10791g,Q6C6B7
YALI0E10681g,Q6C6C1
YALI0E10615g,Q6C6C4
YALI0E10593g,Q6C6C5
YALI0E10549g,Q6C6C7
YALI0E10527g,Q6C6C8
YALI0E10505g,Q6C6C9
YALI0E10483g,Q6C6D0
YALI0E10439g,Q6C6D2
YALI0E10373g,Q6C6D5
YALI0E10329g,Q6C6D7
YALI0E10241g,Q6C6E1
YALI0E10219g,Q6C6E2
YALI0E10197g,Q6C6E3
YALI0E10153g,Q6C6E5
YALI0E10109g,Q6C6E8
YALI0E10043g,Q6C6F1
YALI0E10021g,Q6C6F2
YALI0E09999g,Q6C6F3
YALI0E09977g,Q6C6F4
YALI0E09955g,Q6C6F5
YALI0E09867g,Q6C6F9
YALI0E09801g,Q6C6G2
YALI0E09779g,Q6C6G3
YALI0E09757g,Q6C6G4
YALI0E09735g,Q6C6G5
YALI0E09713g,Q6C6G6
YALI0E09691g,Q6C6G7
YALI0E09669g,Q6C6G8
YALI0E09647g,Q6C6G9
YALI0E09625g,Q6C6H0
YALI0E09581g,Q6C6H2
YALI0E09559g,Q6C6H3
YALI0E09515g,Q6C6H4
YALI0E09427g,Q6C6H8
YALI0E09372g,Q6C6I0
YALI0E09306g,Q6C6I2
YALI0E09262g,Q6C6I5
YALI0E09218g,Q6C6I7
YALI0E09174g,Q6C6I9
YALI0E09152g,Q6C6J0
YALI0E09130g,Q6C6J1
YALI0E09064g,Q6C6J3
YALI0E09042g,Q6C6J4
YALI0E09020g,Q6C6J5
YALI0E08998g,Q6C6J8
YALI0E08954g,Q6C6K0
YALI0E08932g,Q6C6K1
YALI0E08910g,Q6C6K2
YALI0E08888g,Q6C6K3
YALI0E08866g,Q6C6K4
YALI0E08602g,Q6C6L0
YALI0E08558g,Q6C6L2
YALI0E08514g,Q6C6L4
YALI0E08492g,Q6C6L5
YALI0E08470g,Q6C6L6
YALI0E08448g,Q6C6L7
YALI0E08382g,Q6C6L8
YALI0E08360g,Q6C6L9
YALI0E08316g,Q6C6M1
YALI0E08250g,Q6C6M2
YALI0E08228g,Q6C6M3
YALI0E08206g,Q6C6M4
YALI0E08162g,Q6C6M6
YALI0E08074g,Q6C6M8
YALI0E08052g,Q6C6M9
YALI0E08008g,Q6C6N1
YALI0E07986g,Q6C6N2
YALI0E07964g,Q6C6N3
YALI0E07920g,Q6C6N5
YALI0E07898g,Q6C6N6
YALI0E07832g,Q6C6N7
YALI0E07810g,Q6C6N8
YALI0E07744g,Q6C6P1
YALI0E07623g,Q6C6P2
YALI0E07579g,Q6C6P4
YALI0E07557g,Q6C6P5
YALI0E07513g,Q6C6P7
YALI0E07425g,Q6C6P9
YALI0E07381g,Q6C6Q0
YALI0E07337g,Q6C6Q1
YALI0E07293g,Q6C6Q3
YALI0E07271g,Q6C6Q4
YALI0E07205g,Q6C6Q5
YALI0E07183g,Q6C6Q6
YALI0E07095g,Q6C6R0
YALI0E07051g,Q6C6R2
YALI0E06941g,Q6C6R3
YALI0E06875g,Q6C6R6
YALI0E06809g,Q6C6R9
YALI0E06787g,Q6C6S0
YALI0E06699g,Q6C6S4
YALI0E06677g,Q6C6S5
YALI0E06655g,Q6C6S6
YALI0E06633g,Q6C6S7
YALI0E06611g,Q6C6S8
YALI0E06589g,Q6C6S9
YALI0E06413g,Q6C6T7
YALI0E06391g,Q6C6T8
YALI0E06369g,Q6C6T9
YALI0E06171g,Q6C6U4
YALI0E06149g,Q6C6U5
YALI0E06127g,Q6C6U6
YALI0E06105g,Q6C6U7
YALI0E06083g,Q6C6U8
YALI0E05995g,Q6C6V2
YALI0E05973g,Q6C6V3
YALI0E05951g,Q6C6V4
YALI0E05907g,Q6C6V6
YALI0E05885g,Q6C6V7
YALI0E05819g,Q6C6W0
YALI0E05731g,Q6C6W4
YALI0E05709g,Q6C6W5
YALI0E05687g,Q6C6W6
YALI0E05643g,Q6C6W8
YALI0E05599g,Q6C6X0
YALI0E05577g,Q6C6X1
YALI0E05511g,Q6C6X4
YALI0E05489g,Q6C6X5
YALI0E05445g,Q6C6X7
YALI0E05379g,Q6C6Y0
YALI0E05357g,Q6C6Y1
YALI0E05335g,Q6C6Y2
YALI0E05313g,Q6C6Y3
YALI0E05225g,Q6C6Y7
YALI0E05181g,Q6C6Y9
YALI0E05159g,Q6C6Z0
YALI0E05093g,Q6C6Z3
YALI0E05071g,Q6C6Z4
YALI0E04961g,Q6C6Z9
YALI0E04873g,Q6C701
YALI0E04851g,Q6C702
YALI0E04763g,Q6C706
YALI0E04741g,Q6C707
YALI0E04664g,Q6C711
YALI0E04620g,Q6C713
YALI0E04598g,Q6C714
YALI0E04554g,Q6C716
YALI0E04532g,Q6C717
YALI0E04510g,Q6C718
YALI0E04488g,Q6C719
YALI0E04466g,Q6C720
YALI0E04422g,Q6C722
YALI0E04378g,Q6C724
YALI0E04334g,Q6C726
YALI0E04312g,Q6C727
YALI0E04290g,Q6C728
YALI0E04268g,Q6C729
YALI0E04224g,Q6C731
YALI0E04202g,Q6C732
YALI0E04136g,Q6C733
YALI0E04092g,Q6C735
YALI0E04070g,Q6C736
YALI0E04026g,Q6C738
YALI0E04004g,Q6C739
YALI0E03938g,Q6C742
YALI0E03916g,Q6C743
YALI0E03872g,Q6C745
YALI0E03850g,Q6C746
YALI0E03762g,Q6C750
YALI0E03740g,Q6C751
YALI0E03718g,Q6C752
YALI0E03696g,Q6C753
YALI0E03674g,Q6C754
YALI0E03608g,Q6C756
YALI0E03586g,Q6C757
YALI0E03564g,Q6C758
YALI0E03542g,Q6C759
YALI0E03520g,Q6C760
YALI0E03498g,Q6C761
YALI0E03476g,Q6C762
YALI0E03432g,Q6C763
YALI0E03388g,Q6C765
YALI0E03344g,Q6C767
YALI0E03322g,Q6C768
YALI0E03300g,Q6C769
YALI0E03256g,Q6C771
YALI0E03102g,Q6C778
YALI0E03080g,Q6C779
YALI0E03014g,Q6C782
YALI0E02860g,Q6C785
YALI0E02838g,Q6C786
YALI0E02596g,Q6C797
YALI0E02574g,Q6C798
YALI0E02530g,Q6C7A0
YALI0E02442g,Q6C7A2
YALI0E02420g,Q6C7A3
YALI0E02398g,Q6C7A4
YALI0E02244g,Q6C7B1
YALI0E02200g,Q6C7B3
YALI0E02178g,Q6C7B4
YALI0E02134g,Q6C7B6
YALI0E02112g,Q6C7B7
YALI0E02024g,Q6C7C1
YALI0E01958g,Q6C7C4
YALI0E01914g,Q6C7C6
YALI0E01870g,Q6C7C8
YALI0E01760g,Q6C7D3
YALI0E01738g,Q6C7D4
YALI0E01694g,Q6C7D5
YALI0E01628g,Q6C7D8
YALI0E01606g,Q6C7D9
YALI0E01584g,Q6C7E0
YALI0E01562g,Q6C7E1
YALI0E01540g,Q6C7E2
YALI0E01518g,Q6C7E3
YALI0E01474g,Q6C7E5
YALI0E01430g,Q6C7E7
YALI0E01408g,Q6C7E8
YALI0E01386g,Q6C7E9
YALI0E01364g,Q6C7F0
YALI0E01320g,Q6C7F1
YALI0E01276g,Q6C7F3
YALI0E01232g,Q6C7F5
YALI0E01210g,Q6C7F6
YALI0E01144g,Q6C7F9
YALI0E01100g,Q6C7G1
YALI0E01034g,Q6C7G4
YALI0E01012g,Q6C7G5
YALI0E00990g,Q6C7G6
YALI0E00968g,Q6C7G7
YALI0E00924g,Q6C7G9
YALI0E00902g,Q6C7H0
YALI0E00858g,Q6C7H2
YALI0E00792g,Q6C7H5
YALI0E00704g,Q6C7H9
YALI0E00682g,Q6C7I0
YALI0E00616g,Q6C7I3
YALI0E00572g,Q6C7I5
YALI0E00550g,Q6C7I6
YALI0E00528g,Q6C7I7
YALI0E00506g,Q6C7I8
YALI0E00484g,Q6C7I9
YALI0E00462g,Q6C7J0
YALI0E00396g,Q6C7J2
YALI0E00330g,Q6C7J3
YALI0E00308g,Q6C7J4
YALI0E00286g,Q6C7J5
YALI0E00264g,Q6C7J6
YALI0E00132g,Q6C7K2
YALI0D27302g,Q6C7K6
YALI0D27280g,Q6C7K7
YALI0D27236g,Q6C7K9
YALI0D27214g,Q6C7L0
YALI0D27060g,Q6C7L7
YALI0D27016g,Q6C7L9
YALI0D26950g,Q6C7M2
YALI0D26840g,Q6C7M7
YALI0D26752g,Q6C7N1
YALI0D26664g,Q6C7N5
YALI0D26576g,Q6C7N9
YALI0D26554g,Q6C7P0
YALI0D26532g,Q6C7P1
YALI0D26488g,Q6C7P3
YALI0D26466g,Q6C7P4
YALI0D26444g,Q6C7P5
YALI0D26433g,Q6C7P6
YALI0D26411g,Q6C7P7
YALI0D26323g,Q6C7Q1
YALI0D26257g,Q6C7Q5
YALI0D26213g,Q6C7Q7
YALI0D26191g,Q6C7Q8
YALI0D26169g,Q6C7Q9
YALI0D26125g,Q6C7R1
YALI0D25916g,Q6C7R7
YALI0D25850g,Q6C7S0
YALI0D25806g,Q6C7S2
YALI0D25784g,Q6C7S3
YALI0D25696g,Q6C7S7
YALI0D25674g,Q6C7S8
YALI0D25608g,Q6C7T1
YALI0D25586g,Q6C7T2
YALI0D25542g,Q6C7T4
YALI0D25520g,Q6C7T5
YALI0D25498g,Q6C7T6
YALI0D25476g,Q6C7T7
YALI0D25344g,Q6C7U2
YALI0D25322g,Q6C7U3
YALI0D25256g,Q6C7U5
YALI0D25146g,Q6C7V0
YALI0D25124g,Q6C7V1
YALI0D25102g,Q6C7V2
YALI0D25014g,Q6C7V6
YALI0D24992g,Q6C7V7
YALI0D24970g,Q6C7V8
YALI0D24860g,Q6C7W3
YALI0D24830g,Q6C7W5
YALI0D24816g,Q6C7W6
YALI0D24772g,Q6C7W7
YALI0D24728g,Q6C7W9
YALI0D24651g,Q6C7X0
YALI0D24607g,Q6C7X3
YALI0D24585g,Q6C7X4
YALI0D24563g,Q6C7X5
YALI0D24541g,Q6C7X6
YALI0D24519g,Q6C7X7
YALI0D24475g,Q6C7X9
YALI0D24453g,Q6C7Y0
YALI0D24365g,Q6C7Y4
YALI0D24321g,Q6C7Y6
YALI0D24299g,Q6C7Y7
YALI0D24277g,Q6C7Y8
YALI0D24189g,Q6C7Z1
YALI0D24167g,Q6C7Z2
YALI0D24123g,Q6C7Z4
YALI0D24101g,Q6C7Z5
YALI0D24057g,Q6C7Z7
YALI0D24035g,Q6C7Z8
YALI0D23947g,Q6C800
YALI0D23925g,Q6C801
YALI0D23903g,Q6C802
YALI0D23837g,Q6C805
YALI0D23771g,Q6C808
YALI0D23749g,Q6C809
YALI0D23727g,Q6C810
YALI0D23485g,Q6C819
YALI0D23463g,Q6C820
YALI0D23419g,Q6C822
YALI0D23375g,Q6C824
YALI0D23221g,Q6C831
YALI0D23199g,Q6C832
YALI0D23177g,Q6C833
YALI0D23155g,Q6C834
YALI0D23067g,Q6C836
YALI0D23045g,Q6C837
YALI0D22979g,Q6C840
YALI0D22869g,Q6C845
YALI0D22825g,Q6C847
YALI0D22803g,Q6C848
YALI0D22748g,Q6C849
YALI0D22682g,Q6C850
YALI0D22638g,Q6C852
YALI0D22616g,Q6C853
YALI0D22550g,Q6C856
YALI0D22506g,Q6C858
YALI0D22462g,Q6C860
YALI0D22440g,Q6C861
YALI0D22418g,Q6C862
YALI0D22286g,Q6C867
YALI0D22242g,Q6C869
YALI0D22154g,Q6C871
YALI0D22088g,Q6C874
YALI0D22044g,Q6C876
YALI0D22000g,Q6C878
YALI0D21978g,Q6C879
YALI0D21802g,Q6C886
YALI0D21769g,Q6C887
YALI0D21747g,Q6C888
YALI0D21725g,Q6C889
YALI0D21648g,Q6C891
YALI0D21626g,Q6C892
YALI0D21582g,Q6C894
YALI0D21560g,Q6C895
YALI0D21538g,Q6C896
YALI0D21494g,Q6C898
YALI0D21472g,Q6C899
YALI0D21450g,Q6C8A0
YALI0D21428g,Q6C8A1
YALI0D21406g,Q6C8A2
YALI0D21318g,Q6C8A6
YALI0D21230g,Q6C8A7
YALI0D21186g,Q6C8A9
YALI0D21164g,Q6C8B0
YALI0D21098g,Q6C8B3
YALI0D21076g,Q6C8B4
YALI0D21010g,Q6C8B6
YALI0D20944g,Q6C8B9
YALI0D20922g,Q6C8C0
YALI0D20900g,Q6C8C1
YALI0D20878g,Q6C8C2
YALI0D20856g,Q6C8C3
YALI0D20834g,Q6C8C4
YALI0D20702g,Q6C8C8
YALI0D20658g,Q6C8D0
YALI0D20614g,Q6C8D2
YALI0D20548g,Q6C8D5
YALI0D20526g,Q6C8D6
YALI0D20438g,Q6C8E0
YALI0D20350g,Q6C8E3
YALI0D20306g,Q6C8E5
YALI0D20262g,Q6C8E6
YALI0D20218g,Q6C8E8
YALI0D20108g,Q6C8F4
YALI0D20064g,Q6C8F6
YALI0D20020g,Q6C8F8
YALI0D19998g,Q6C8F9
YALI0D19976g,Q6C8G0
YALI0D19954g,Q6C8G1
YALI0D19932g,Q6C8G2
YALI0D19866g,Q6C8G5
YALI0D19822g,Q6C8G7
YALI0D19778g,Q6C8G8
YALI0D19756g,Q6C8G9
YALI0D19734g,Q6C8H0
YALI0D19646g,Q6C8H1
YALI0D19602g,Q6C8H3
YALI0D19558g,Q6C8H5
YALI0D19536g,Q6C8H6
YALI0D19448g,Q6C8I0
YALI0D19426g,Q6C8I1
YALI0D19382g,Q6C8I3
YALI0D19360g,Q6C8I4
YALI0D19338g,Q6C8I5
YALI0D19316g,Q6C8I6
YALI0D19294g,Q6C8I7
YALI0D19272g,Q6C8I8
YALI0D19250g,Q6C8I9
YALI0D19228g,Q6C8J0
YALI0D19184g,Q6C8J2
YALI0D19074g,Q6C8J7
YALI0D19052g,Q6C8J8
YALI0D19030g,Q6C8J9
YALI0D19008g,Q6C8K0
YALI0D18986g,Q6C8K1
YALI0D18964g,Q6C8K2
YALI0D18898g,Q6C8K5
YALI0D18876g,Q6C8K6
YALI0D18854g,Q6C8K7
YALI0D18832g,Q6C8K8
YALI0D18810g,Q6C8K9
YALI0D18788g,Q6C8L0
YALI0D18766g,Q6C8L1
YALI0D18722g,Q6C8L3
YALI0D18700g,Q6C8L4
YALI0D18656g,Q6C8L6
YALI0D18634g,Q6C8L7
YALI0D18590g,Q6C8L9
YALI0D18568g,Q6C8M0
YALI0D18546g,Q6C8M1
YALI0D18502g,Q6C8M3
YALI0D18480g,Q6C8M4
YALI0D18436g,Q6C8M6
YALI0D18359g,Q6C8N0
YALI0D18315g,Q6C8N2
YALI0D18293g,Q6C8N3
YALI0D18249g,Q6C8N5
YALI0D18194g,Q6C8N8
YALI0D18150g,Q6C8P0
YALI0D18128g,Q6C8P1
YALI0D18106g,Q6C8P2
YALI0D18084g,Q6C8P3
YALI0D18062g,Q6C8P4
YALI0D18040g,Q6C8P5
YALI0D18018g,Q6C8P6
YALI0D17996g,Q6C8P7
YALI0D17988g,Q6C8P8
YALI0D17974g,Q6C8P9
YALI0D17952g,Q6C8Q0
YALI0D17820g,Q6C8Q5
YALI0D17798g,Q6C8Q6
YALI0D17776g,Q6C8Q7
YALI0D17754g,Q6C8Q8
YALI0D17710g,Q6C8R0
YALI0D17688g,Q6C8R1
YALI0D17666g,Q6C8R2
YALI0D17644g,Q6C8R3
YALI0D17622g,Q6C8R4
YALI0D17578g,Q6C8R6
YALI0D17534g,Q6C8R8
YALI0D17512g,Q6C8R9
YALI0D17468g,Q6C8S1
YALI0D17446g,Q6C8S2
YALI0D17380g,Q6C8S5
YALI0D17314g,Q6C8S6
YALI0D17292g,Q6C8S7
YALI0D17270g,Q6C8S8
YALI0D17248g,Q6C8S9
YALI0D17226g,Q6C8T0
YALI0D17182g,Q6C8T2
YALI0D17094g,Q6C8T6
YALI0D17050g,Q6C8T9
YALI0D16962g,Q6C8U3
YALI0D16940g,Q6C8U4
YALI0D16907g,Q6C8U6
YALI0D16819g,Q6C8V0
YALI0D16775g,Q6C8V2
YALI0D16665g,Q6C8V6
YALI0D16599g,Q6C8V8
YALI0D16489g,Q6C8V9
YALI0D16467g,Q6C8W0
YALI0D16445g,Q6C8W1
YALI0D16423g,Q6C8W2
YALI0D16313g,Q6C8W7
YALI0D16269g,Q6C8W9
YALI0D16247g,Q6C8X0
YALI0D16225g,Q6C8X1
YALI0D16203g,Q6C8X2
YALI0D16181g,Q6C8X3
YALI0D16159g,Q6C8X4
YALI0D16137g,Q6C8X5
YALI0D15972g,Q6C8Y0
YALI0D15906g,Q6C8Y2
YALI0D15862g,Q6C8Y3
YALI0D15840g,Q6C8Y4
YALI0D15818g,Q6C8Y5
YALI0D15796g,Q6C8Y6
YALI0D15686g,Q6C8Z0
YALI0D15664g,Q6C8Z1
YALI0D15642g,Q6C8Z2
YALI0D15576g,Q6C8Z5
YALI0D15554g,Q6C8Z6
YALI0D15532g,Q6C8Z7
YALI0D15488g,Q6C8Z9
YALI0D15466g,Q6C900
YALI0D15422g,Q6C902
YALI0D15378g,Q6C904
YALI0D15356g,Q6C905
YALI0D15224g,Q6C911
YALI0D15180g,Q6C913
YALI0D15158g,Q6C914
YALI0D15136g,Q6C915
YALI0D15114g,Q6C916
YALI0D15092g,Q6C917
YALI0D15070g,Q6C918
YALI0D15048g,Q6C919
YALI0D15026g,Q6C920
YALI0D15004g,Q6C921
YALI0D14872g,Q6C925
YALI0D14784g,Q6C927
YALI0D14674g,Q6C930
YALI0D14608g,Q6C933
YALI0D14586g,Q6C934
YALI0D14564g,Q6C935
YALI0D14476g,Q6C939
YALI0D14454g,Q6C940
YALI0D14432g,Q6C941
YALI0D14388g,Q6C943
YALI0D14366g,Q6C944
YALI0D14344g,Q6C945
YALI0D13992g,Q6C951
YALI0D13970g,Q6C952
YALI0D13882g,Q6C955
YALI0D13860g,Q6C956
YALI0D13772g,Q6C960
YALI0D13684g,Q6C964
YALI0D13662g,Q6C965
YALI0D13640g,Q6C966
YALI0D13618g,Q6C967
YALI0D13574g,Q6C969
YALI0D13552g,Q6C970
YALI0D13530g,Q6C971
YALI0D13508g,Q6C972
YALI0D13486g,Q6C973
YALI0D13464g,Q6C974
YALI0D13288g,Q6C976
YALI0D13266g,Q6C977
YALI0D13255g,Q6C978
YALI0D13200g,Q6C981
YALI0D13156g,Q6C983
YALI0D13104g,Q6C986
YALI0D13024g,Q6C990
YALI0D12969g,Q6C993
YALI0D12815g,Q6C9A0
YALI0D12793g,Q6C9A1
YALI0D12771g,Q6C9A2
YALI0D12749g,Q6C9A3
YALI0D12727g,Q6C9A4
YALI0D12683g,Q6C9A6
YALI0D12661g,Q6C9A7
YALI0D12628g,Q6C9A9
YALI0D12562g,Q6C9B2
YALI0D12540g,Q6C9B3
YALI0D12518g,Q6C9B4
YALI0D12496g,Q6C9B5
YALI0D12474g,Q6C9B6
YALI0D12430g,Q6C9B8
YALI0D12408g,Q6C9B9
YALI0D12386g,Q6C9C1
YALI0D12342g,Q6C9C3
YALI0D12276g,Q6C9C6
YALI0D12254g,Q6C9C7
YALI0D12232g,Q6C9C8
YALI0D12122g,Q6C9D3
YALI0D12100g,Q6C9D4
YALI0D12078g,Q6C9D5
YALI0D12056g,Q6C9D6
YALI0D11990g,Q6C9D8
YALI0D11924g,Q6C9E1
YALI0D11880g,Q6C9E3
YALI0D11748g,Q6C9E9
YALI0D11726g,Q6C9F0
YALI0D11682g,Q6C9F2
YALI0D11660g,Q6C9F3
YALI0D11638g,Q6C9F4
YALI0D11616g,Q6C9F5
YALI0D11594g,Q6C9F6
YALI0D11484g,Q6C9G1
YALI0D11440g,Q6C9G3
YALI0D11352g,Q6C9G7
YALI0D11286g,Q6C9H0
YALI0D11264g,Q6C9H1
YALI0D11198g,Q6C9H4
YALI0D11088g,Q6C9H8
YALI0D11066g,Q6C9H9
YALI0D11044g,Q6C9I0
YALI0D11022g,Q6C9I1
YALI0D10989g,Q6C9I3
YALI0D10945g,Q6C9I5
YALI0D10857g,Q6C9I9
YALI0D10813g,Q6C9J1
YALI0D10791g,Q6C9J2
YALI0D10769g,Q6C9J3
YALI0D10747g,Q6C9J4
YALI0D10725g,Q6C9J5
YALI0D10703g,Q6C9J6
YALI0D10681g,Q6C9J7
YALI0D10659g,Q6C9J8
YALI0D10615g,Q6C9J9
YALI0D10527g,Q6C9K3
YALI0D10483g,Q6C9K5
YALI0D10461g,Q6C9K6
YALI0D10417g,Q6C9K7
YALI0D10263g,Q6C9L1
YALI0D10175g,Q6C9L3
YALI0D10153g,Q6C9L4
YALI0D10109g,Q6C9L6
YALI0D10087g,Q6C9L8
YALI0D10065g,Q6C9L9
YALI0D10043g,Q6C9M0
YALI0D10021g,Q6C9M1
YALI0D09977g,Q6C9M3
YALI0D09889g,Q6C9M7
YALI0D09801g,Q6C9N1
YALI0D09757g,Q6C9N3
YALI0D09647g,Q6C9N8
YALI0D09493g,Q6C9P1
YALI0D09471g,Q6C9P2
YALI0D09427g,Q6C9P4
YALI0D09383g,Q6C9P5
YALI0D09339g,Q6C9P7
YALI0D09317g,Q6C9P8
YALI0D09295g,Q6C9P9
YALI0D09229g,Q6C9Q2
YALI0D09207g,Q6C9Q3
YALI0D09185g,Q6C9Q4
YALI0D09141g,Q6C9Q6
YALI0D09064g,Q6C9R0
YALI0D09020g,Q6C9R2
YALI0D08976g,Q6C9R4
YALI0D08910g,Q6C9R7
YALI0D08888g,Q6C9R8
YALI0D08844g,Q6C9S0
YALI0D08800g,Q6C9S2
YALI0D08778g,Q6C9S3
YALI0D08734g,Q6C9S5
YALI0D08668g,Q6C9S8
YALI0D08646g,Q6C9S9
YALI0D08602g,Q6C9T1
YALI0D08536g,Q6C9T4
YALI0D08492g,Q6C9T6
YALI0D08470g,Q6C9T7
YALI0D08419g,Q6C9T9
YALI0D08404g,Q6C9U0
YALI0D08360g,Q6C9U2
YALI0D08316g,Q6C9U4
YALI0D08294g,Q6C9U5
YALI0D08250g,Q6C9U7
YALI0D08140g,Q6C9V2
YALI0D08118g,Q6C9V3
YALI0D07964g,Q6C9V6
YALI0D07942g,Q6C9V7
YALI0D07898g,Q6C9V9
YALI0D07876g,Q6C9W1
YALI0D07854g,Q6C9W2
YALI0D07832g,Q6C9W3
YALI0D07810g,Q6C9W4
YALI0D07766g,Q6C9W6
YALI0D07656g,Q6C9X1
YALI0D07634g,Q6C9X2
YALI0D07568g,Q6C9X5
YALI0D07546g,Q6C9X6
YALI0D07480g,Q6C9X9
YALI0D07458g,Q6C9Y0
YALI0D07392g,Q6C9Y3
YALI0D07348g,Q6C9Y5
YALI0D07260g,Q6C9Y9
YALI0D07238g,Q6C9Z0
YALI0D07106g,Q6C9Z6
YALI0D07062g,Q6C9Z8
YALI0D07040g,Q6C9Z9
YALI0D06996g,Q6CA01
YALI0D06952g,Q6CA03
YALI0D06864g,Q6CA07
YALI0D06820g,Q6CA09
YALI0D06732g,Q6CA13
YALI0D06710g,Q6CA14
YALI0D06688g,Q6CA15
YALI0D06655g,Q6CA17
YALI0D06633g,Q6CA18
YALI0D06611g,Q6CA19
YALI0D06567g,Q6CA21
YALI0D06479g,Q6CA25
YALI0D06435g,Q6CA27
YALI0D06391g,Q6CA29
YALI0D06369g,Q6CA30
YALI0D06347g,Q6CA31
YALI0D06215g,Q6CA37
YALI0D06193g,Q6CA38
YALI0D06171g,Q6CA39
YALI0D06149g,Q6CA40
YALI0D06083g,Q6CA41
YALI0D06061g,Q6CA42
YALI0D05929g,Q6CA49
YALI0D05863g,Q6CA50
YALI0D05841g,Q6CA51
YALI0D05753g,Q6CA55
YALI0D05731g,Q6CA56
YALI0D05687g,Q6CA58
YALI0D05665g,Q6CA59
YALI0D05621g,Q6CA61
YALI0D05599g,Q6CA62
YALI0D05577g,Q6CA63
YALI0D05547g,Q6CA64
YALI0D05533g,Q6CA65
YALI0D05401g,Q6CA69
YALI0D05357g,Q6CA71
YALI0D05313g,Q6CA73
YALI0D05269g,Q6CA75
YALI0D05247g,Q6CA76
YALI0D05203g,Q6CA77
YALI0D05137g,Q6CA80
YALI0D05049g,Q6CA83
YALI0D04939g,Q6CA88
YALI0D04917g,Q6CA89
YALI0D04895g,Q6CA90
YALI0D04807g,Q6CA94
YALI0D04785g,Q6CA95
YALI0D04763g,Q6CA96
YALI0D04719g,Q6CA98
YALI0D04697g,Q6CA99
YALI0D04576g,Q6CAA2
YALI0D04554g,Q6CAA3
YALI0D04510g,Q6CAA4
YALI0D04400g,Q6CAA9
YALI0D04356g,Q6CAB1
YALI0D04312g,Q6CAB3
YALI0D04290g,Q6CAB4
YALI0D04180g,Q6CAB9
YALI0D04136g,Q6CAC1
YALI0D04092g,Q6CAC3
YALI0D04070g,Q6CAC4
YALI0D03982g,Q6CAC8
YALI0D03938g,Q6CAD0
YALI0D03784g,Q6CAD3
YALI0D03762g,Q6CAD4
YALI0D03740g,Q6CAD5
YALI0D03696g,Q6CAD7
YALI0D03663g,Q6CAD9
YALI0D03641g,Q6CAE0
YALI0D03597g,Q6CAE2
YALI0D03355g,Q6CAF1
YALI0D03311g,Q6CAF3
YALI0D03245g,Q6CAF5
YALI0D03113g,Q6CAF9
YALI0D03091g,Q6CAG0
YALI0D02995g,Q6CAG2
YALI0D02981g,Q6CAG3
YALI0D02937g,Q6CAG5
YALI0D02915g,Q6CAG6
YALI0D02893g,Q6CAG7
YALI0D02783g,Q6CAH2
YALI0D02761g,Q6CAH3
YALI0D02739g,Q6CAH4
YALI0D02695g,Q6CAH6
YALI0D02673g,Q6CAH7
YALI0D02651g,Q6CAH8
YALI0D02585g,Q6CAI1
YALI0D02519g,Q6CAI3
YALI0D02453g,Q6CAI6
YALI0D02387g,Q6CAI8
YALI0D02343g,Q6CAJ0
YALI0D02299g,Q6CAJ2
YALI0D02277g,Q6CAJ3
YALI0D02255g,Q6CAJ4
YALI0D02233g,Q6CAJ5
YALI0D02189g,Q6CAJ6
YALI0D02167g,Q6CAJ7
YALI0D02123g,Q6CAJ9
YALI0D02068g,Q6CAK2
YALI0D02046g,Q6CAK3
YALI0D02002g,Q6CAK5
YALI0D01980g,Q6CAK6
YALI0D01958g,Q6CAK7
YALI0D01936g,Q6CAK8
YALI0D01914g,Q6CAK9
YALI0D01892g,Q6CAL0
YALI0D01804g,Q6CAL1
YALI0D01782g,Q6CAL2
YALI0D01760g,Q6CAL3
YALI0D01738g,Q6CAL4
YALI0D01716g,Q6CAL5
YALI0D01551g,Q6CAM1
YALI0D01529g,Q6CAM2
YALI0D01507g,Q6CAM3
YALI0D01463g,Q6CAM5
YALI0D01441g,Q6CAM6
YALI0D01419g,Q6CAM7
YALI0D01375g,Q6CAM9
YALI0D01287g,Q6CAN3
YALI0D01243g,Q6CAN5
YALI0D01221g,Q6CAN6
YALI0D01133g,Q6CAP0
YALI0D01023g,Q6CAP5
YALI0D01001g,Q6CAP6
YALI0D00979g,Q6CAP7
YALI0D00957g,Q6CAP8
YALI0D00913g,Q6CAQ0
YALI0D00869g,Q6CAQ2
YALI0D00847g,Q6CAQ3
YALI0D00825g,Q6CAQ4
YALI0D00803g,Q6CAQ5
YALI0D00781g,Q6CAQ6
YALI0D00693g,Q6CAR0
YALI0D00671g,Q6CAR1
YALI0D00649g,Q6CAR2
YALI0D00539g,Q6CAR7
YALI0D00495g,Q6CAR8
YALI0D00473g,Q6CAR9
YALI0D00451g,Q6CAS0
YALI0D00407g,Q6CAS2
YALI0D00385g,Q6CAS3
YALI0D00363g,Q6CAS4
YALI0D00341g,Q6CAS5
YALI0D00319g,Q6CAS6
YALI0D00297g,Q6CAS7
YALI0D00253g,Q6CAS9
YALI0D00220g,Q6CAT1
YALI0D00198g,Q6CAT2
YALI0D00154g,Q6CAT4
YALI0D00110g,Q6CAT6
YALI0C24420g,Q6CAT7
YALI0C24398g,Q6CAT8
YALI0C24376g,Q6CAT9
YALI0C24332g,Q6CAU1
YALI0C24321g,Q6CAU2
YALI0C24299g,Q6CAU3
YALI0C24233g,Q6CAU6
YALI0C24211g,Q6CAU7
YALI0C24189g,Q6CAU8
YALI0C24123g,Q6CAV1
YALI0C24079g,Q6CAV3
YALI0C24035g,Q6CAV5
YALI0C24013g,Q6CAV6
YALI0C23925g,Q6CAW0
YALI0C23903g,Q6CAW1
YALI0C23881g,Q6CAW2
YALI0C23837g,Q6CAW4
YALI0C23771g,Q6CAW7
YALI0C23727g,Q6CAW9
YALI0C23705g,Q6CAX0
YALI0C23540g,Q6CAX6
YALI0C23518g,Q6CAX7
YALI0C23496g,Q6CAX8
YALI0C23474g,Q6CAX9
YALI0C23452g,Q6CAY0
YALI0C23430g,Q6CAY1
YALI0C23342g,Q6CAY5
YALI0C23298g,Q6CAY7
YALI0C23276g,Q6CAY8
YALI0C23254g,Q6CAY9
YALI0C23224g,Q6CAZ1
YALI0C23122g,Q6CAZ6
YALI0C23100g,Q6CAZ7
YALI0C23056g,Q6CAZ9
YALI0C22990g,Q6CB01
YALI0C22968g,Q6CB02
YALI0C22946g,Q6CB03
YALI0C22924g,Q6CB04
YALI0C22880g,Q6CB06
YALI0C22858g,Q6CB07
YALI0C22836g,Q6CB08
YALI0C22748g,Q6CB11
YALI0C22726g,Q6CB12
YALI0C22660g,Q6CB15
YALI0C22638g,Q6CB16
YALI0C22594g,Q6CB18
YALI0C22572g,Q6CB19
YALI0C22506g,Q6CB22
YALI0C22462g,Q6CB24
YALI0C22363g,Q6CB29
YALI0C22297g,Q6CB32
YALI0C22231g,Q6CB35
YALI0C22209g,Q6CB36
YALI0C22143g,Q6CB39
YALI0C22121g,Q6CB40
YALI0C22088g,Q6CB42
YALI0C22044g,Q6CB44
YALI0C22022g,Q6CB45
YALI0C21978g,Q6CB47
YALI0C21912g,Q6CB50
YALI0C21736g,Q6CB58
YALI0C21670g,Q6CB60
YALI0C21538g,Q6CB66
YALI0C21516g,Q6CB67
YALI0C21450g,Q6CB70
YALI0C21428g,Q6CB71
YALI0C21406g,Q6CB72
YALI0C21384g,Q6CB73
YALI0C21318g,Q6CB76
YALI0C21296g,Q6CB77
YALI0C21274g,Q6CB78
YALI0C21252g,Q6CB79
YALI0C21219g,Q6CB81
YALI0C21186g,Q6CB83
YALI0C21131g,Q6CB86
YALI0C21109g,Q6CB87
YALI0C21065g,Q6CB89
YALI0C21021g,Q6CB91
YALI0C20977g,Q6CB93
YALI0C20955g,Q6CB94
YALI0C20911g,Q6CB96
YALI0C20823g,Q6CB98
YALI0C20801g,Q6CB99
YALI0C20779g,Q6CBA0
YALI0C20713g,Q6CBA3
YALI0C20669g,Q6CBA5
YALI0C20647g,Q6CBA6
YALI0C20625g,Q6CBA7
YALI0C20471g,Q6CBA8
YALI0C20383g,Q6CBB2
YALI0C20361g,Q6CBB3
YALI0C20339g,Q6CBB4
YALI0C20295g,Q6CBB6
YALI0C20265g,Q6CBB8
YALI0C20251g,Q6CBB9
YALI0C20229g,Q6CBC0
YALI0C20141g,Q6CBC2
YALI0C20097g,Q6CBC4
YALI0C20053g,Q6CBC6
YALI0C19987g,Q6CBC7
YALI0C19965g,Q6CBC8
YALI0C19943g,Q6CBC9
YALI0C19866g,Q6CBD2
YALI0C19844g,Q6CBD3
YALI0C19822g,Q6CBD4
YALI0C19800g,Q6CBD5
YALI0C19778g,Q6CBD6
YALI0C19756g,Q6CBD7
YALI0C19734g,Q6CBD8
YALI0C19690g,Q6CBE0
YALI0C19682g,Q6CBE1
YALI0C19668g,Q6CBE2
YALI0C19646g,Q6CBE3
YALI0C19602g,Q6CBE5
YALI0C19580g,Q6CBE6
YALI0C19558g,Q6CBE7
YALI0C19448g,Q6CBE8
YALI0C19426g,Q6CBE9
YALI0C19404g,Q6CBF0
YALI0C19360g,Q6CBF2
YALI0C19338g,Q6CBF3
YALI0C19283g,Q6CBF6
YALI0C19261g,Q6CBF7
YALI0C19239g,Q6CBF8
YALI0C19217g,Q6CBF9
YALI0C19195g,Q6CBG0
YALI0C19107g,Q6CBG3
YALI0C19063g,Q6CBG5
YALI0C19019g,Q6CBG7
YALI0C18821g,Q6CBH0
YALI0C18777g,Q6CBH2
YALI0C18733g,Q6CBH4
YALI0C18711g,Q6CBH5
YALI0C18667g,Q6CBH7
YALI0C18645g,Q6CBH8
YALI0C18491g,Q6CBI3
YALI0C18293g,Q6CBJ2
YALI0C18263g,Q6CBJ3
YALI0C18249g,Q6CBJ4
YALI0C18183g,Q6CBJ7
YALI0C18139g,Q6CBJ9
YALI0C18117g,Q6CBK0
YALI0C18029g,Q6CBK4
YALI0C17963g,Q6CBK5
YALI0C17919g,Q6CBK7
YALI0C17875g,Q6CBK9
YALI0C17853g,Q6CBL0
YALI0C17655g,Q6CBL2
YALI0C17633g,Q6CBL3
YALI0C17589g,Q6CBL4
YALI0C17567g,Q6CBL5
YALI0C17545g,Q6CBL6
YALI0C17501g,Q6CBL7
YALI0C17369g,Q6CBM1
YALI0C17303g,Q6CBM4
YALI0C17281g,Q6CBM5
YALI0C17237g,Q6CBM6
YALI0C17215g,Q6CBM7
YALI0C17193g,Q6CBM8
YALI0C17105g,Q6CBM9
YALI0C17083g,Q6CBN0
YALI0C17039g,Q6CBN2
YALI0C17017g,Q6CBN3
YALI0C16951g,Q6CBN6
YALI0C16929g,Q6CBN7
YALI0C16841g,Q6CBP1
YALI0C16797g,Q6CBP3
YALI0C16753g,Q6CBP5
YALI0C16731g,Q6CBP6
YALI0C16709g,Q6CBP7
YALI0C16643g,Q6CBQ0
YALI0C16599g,Q6CBQ2
YALI0C16544g,Q6CBQ4
YALI0C16522g,Q6CBQ5
YALI0C16500g,Q6CBQ6
YALI0C16368g,Q6CBR2
YALI0C16346g,Q6CBR3
YALI0C16269g,Q6CBR4
YALI0C16247g,Q6CBR5
YALI0C16225g,Q6CBR6
YALI0C16181g,Q6CBR8
YALI0C16148g,Q6CBS0
YALI0C16126g,Q6CBS1
YALI0C16049g,Q6CBS2
YALI0C16005g,Q6CBS4
YALI0C15939g,Q6CBS5
YALI0C15917g,Q6CBS6
YALI0C15829g,Q6CBT0
YALI0C15785g,Q6CBT2
YALI0C15741g,Q6CBT3
YALI0C15719g,Q6CBT4
YALI0C15609g,Q6CBT6
YALI0C15576g,Q6CBT8
YALI0C15488g,Q6CBU1
YALI0C15466g,Q6CBU2
YALI0C15444g,Q6CBU3
YALI0C15422g,Q6CBU4
YALI0C15400g,Q6CBU5
YALI0C15378g,Q6CBU6
YALI0C15334g,Q6CBU8
YALI0C15304g,Q6CBU9
YALI0C15268g,Q6CBV1
YALI0C15246g,Q6CBV2
YALI0C15202g,Q6CBV4
YALI0C15136g,Q6CBV7
YALI0C15114g,Q6CBV8
YALI0C15092g,Q6CBV9
YALI0C15048g,Q6CBW1
YALI0C15026g,Q6CBW2
YALI0C15004g,Q6CBW3
YALI0C14872g,Q6CBW6
YALI0C14784g,Q6CBW9
YALI0C14762g,Q6CBX0
YALI0C14740g,Q6CBX1
YALI0C14696g,Q6CBX3
YALI0C14674g,Q6CBX4
YALI0C14652g,Q6CBX5
YALI0C14630g,Q6CBX6
YALI0C14608g,Q6CBX7
YALI0C14586g,Q6CBX8
YALI0C14564g,Q6CBX9
YALI0C14542g,Q6CBY0
YALI0C14520g,Q6CBY1
YALI0C14498g,Q6CBY2
YALI0C14476g,Q6CBY3
YALI0C14410g,Q6CBY6
YALI0C14388g,Q6CBY7
YALI0C14322g,Q6CBY9
YALI0C14234g,Q6CBZ1
YALI0C14168g,Q6CBZ3
YALI0C14146g,Q6CBZ4
YALI0C14124g,Q6CBZ5
YALI0C14058g,Q6CBZ6
YALI0C14014g,Q6CBZ8
YALI0C13992g,Q6CBZ9
YALI0C13970g,Q6CC00
YALI0C13926g,Q6CC01
YALI0C13860g,Q6CC04
YALI0C13838g,Q6CC05
YALI0C13794g,Q6CC07
YALI0C13750g,Q6CC08
YALI0C13728g,Q6CC09
YALI0C13706g,Q6CC10
YALI0C13596g,Q6CC12
YALI0C13574g,Q6CC13
YALI0C13552g,Q6CC14
YALI0C13508g,Q6CC16
YALI0C13442g,Q6CC19
YALI0C13420g,Q6CC20
YALI0C13332g,Q6CC23
YALI0C13244g,Q6CC25
YALI0C13178g,Q6CC26
YALI0C13024g,Q6CC29
YALI0C13002g,Q6CC30
YALI0C12980g,Q6CC31
YALI0C12947g,Q6CC33
YALI0C12881g,Q6CC35
YALI0C12727g,Q6CC40
YALI0C12617g,Q6CC43
YALI0C12595g,Q6CC44
YALI0C12573g,Q6CC45
YALI0C12551g,Q6CC46
YALI0C12518g,Q6CC48
YALI0C12496g,Q6CC49
YALI0C12408g,Q6CC53
YALI0C12364g,Q6CC55
YALI0C12342g,Q6CC56
YALI0C12232g,Q6CC59
YALI0C12210g,Q6CC60
YALI0C12188g,Q6CC61
YALI0C12166g,Q6CC62
YALI0C12100g,Q6CC65
YALI0C12034g,Q6CC67
YALI0C12012g,Q6CC68
YALI0C11968g,Q6CC69
YALI0C11858g,Q6CC72
YALI0C11836g,Q6CC73
YALI0C11825g,Q6CC74
YALI0C11781g,Q6CC76
YALI0C11693g,Q6CC78
YALI0C11627g,Q6CC81
YALI0C11539g,Q6CC85
YALI0C11517g,Q6CC86
YALI0C11495g,Q6CC87
YALI0C11473g,Q6CC88
YALI0C11451g,Q6CC89
YALI0C11341g,Q6CC94
YALI0C11319g,Q6CC95
YALI0C11275g,Q6CC97
YALI0C11253g,Q6CC98
YALI0C11209g,Q6CCA0
YALI0C11165g,Q6CCA1
YALI0C11077g,Q6CCA5
YALI0C11055g,Q6CCA6
YALI0C11011g,Q6CCA8
YALI0C10923g,Q6CCB2
YALI0C10824g,Q6CCB7
YALI0C10802g,Q6CCB8
YALI0C10758g,Q6CCC0
YALI0C10736g,Q6CCC1
YALI0C10714g,Q6CCC2
YALI0C10692g,Q6CCC3
YALI0C10670g,Q6CCC4
YALI0C10626g,Q6CCC6
YALI0C10538g,Q6CCC9
YALI0C10516g,Q6CCD0
YALI0C10494g,Q6CCD1
YALI0C10450g,Q6CCD3
YALI0C10428g,Q6CCD4
YALI0C10311g,Q6CCD6
YALI0C10274g,Q6CCD7
YALI0C10252g,Q6CCD8
YALI0C10208g,Q6CCE0
YALI0C10142g,Q6CCE1
YALI0C10120g,Q6CCE2
YALI0C10076g,Q6CCE4
YALI0C10010g,Q6CCE7
YALI0C09966g,Q6CCE9
YALI0C09845g,Q6CCF4
YALI0C09823g,Q6CCF5
YALI0C09779g,Q6CCF7
YALI0C09735g,Q6CCF9
YALI0C09614g,Q6CCG3
YALI0C09592g,Q6CCG4
YALI0C09570g,Q6CCG5
YALI0C09526g,Q6CCG7
YALI0C09504g,Q6CCG8
YALI0C09482g,Q6CCG9
YALI0C09394g,Q6CCH2
YALI0C09372g,Q6CCH3
YALI0C09328g,Q6CCH5
YALI0C09284g,Q6CCH6
YALI0C09262g,Q6CCH7
YALI0C09240g,Q6CCH8
YALI0C09232g,Q6CCH9
YALI0C09185g,Q6CCI2
YALI0C09163g,Q6CCI3
YALI0C09119g,Q6CCI5
YALI0C09031g,Q6CCI6
YALI0C09009g,Q6CCI7
YALI0C08965g,Q6CCI9
YALI0C08943g,Q6CCJ1
YALI0C08921g,Q6CCJ2
YALI0C08855g,Q6CCJ5
YALI0C08833g,Q6CCJ6
YALI0C08767g,Q6CCJ9
YALI0C08745g,Q6CCK0
YALI0C08679g,Q6CCK3
YALI0C08657g,Q6CCK4
YALI0C08635g,Q6CCK5
YALI0C08613g,Q6CCK6
YALI0C08569g,Q6CCK8
YALI0C08481g,Q6CCL0
YALI0C08473g,Q6CCL1
YALI0C08459g,Q6CCL2
YALI0C08437g,Q6CCL3
YALI0C08415g,Q6CCL4
YALI0C08393g,Q6CCL5
YALI0C08371g,Q6CCL6
YALI0C08349g,Q6CCL7
YALI0C08327g,Q6CCL8
YALI0C08283g,Q6CCM0
YALI0C08228g,Q6CCM3
YALI0C08206g,Q6CCM5
YALI0C08184g,Q6CCM6
YALI0C08140g,Q6CCM7
YALI0C08096g,Q6CCM9
YALI0C08030g,Q6CCN2
YALI0C07975g,Q6CCN3
YALI0C07931g,Q6CCN5
YALI0C07909g,Q6CCN6
YALI0C07887g,Q6CCN7
YALI0C07865g,Q6CCN8
YALI0C07843g,Q6CCN9
YALI0C07777g,Q6CCP1
YALI0C07744g,Q6CCP3
YALI0C07722g,Q6CCP4
YALI0C07678g,Q6CCP6
YALI0C07656g,Q6CCP7
YALI0C07634g,Q6CCP8
YALI0C07612g,Q6CCP9
YALI0C07546g,Q6CCQ2
YALI0C07414g,Q6CCQ8
YALI0C07348g,Q6CCQ9
YALI0C07260g,Q6CCR3
YALI0C07238g,Q6CCR4
YALI0C07194g,Q6CCR5
YALI0C07062g,Q6CCR9
YALI0C07040g,Q6CCS0
YALI0C06996g,Q6CCS2
YALI0C06974g,Q6CCS3
YALI0C06930g,Q6CCS5
YALI0C06908g,Q6CCS6
YALI0C06864g,Q6CCS8
YALI0C06842g,Q6CCS9
YALI0C06820g,Q6CCT0
YALI0C06754g,Q6CCT3
YALI0C06732g,Q6CCT4
YALI0C06710g,Q6CCT5
YALI0C06622g,Q6CCT7
YALI0C06600g,Q6CCT8
YALI0C06578g,Q6CCT9
YALI0C06556g,Q6CCU0
YALI0C06534g,Q6CCU1
YALI0C06512g,Q6CCU2
YALI0C06424g,Q6CCU6
YALI0C06325g,Q6CCU9
YALI0C06281g,Q6CCV1
YALI0C06259g,Q6CCV2
YALI0C06237g,Q6CCV3
YALI0C06193g,Q6CCV5
YALI0C06171g,Q6CCV6
YALI0C06127g,Q6CCV8
YALI0C06105g,Q6CCV9
YALI0C06017g,Q6CCW3
YALI0C05973g,Q6CCW5
YALI0C05929g,Q6CCW7
YALI0C05907g,Q6CCW8
YALI0C05885g,Q6CCW9
YALI0C05863g,Q6CCX0
YALI0C05841g,Q6CCX1
YALI0C05819g,Q6CCX2
YALI0C05797g,Q6CCX3
YALI0C05731g,Q6CCX6
YALI0C05709g,Q6CCX7
YALI0C05687g,Q6CCX8
YALI0C05643g,Q6CCY0
YALI0C05577g,Q6CCY3
YALI0C05555g,Q6CCY4
YALI0C05511g,Q6CCY6
YALI0C05467g,Q6CCY8
YALI0C05324g,Q6CCZ3
YALI0C05236g,Q6CCZ7
YALI0C05148g,Q6CCZ9
YALI0C05126g,Q6CD00
YALI0C05104g,Q6CD01
YALI0C05082g,Q6CD02
YALI0C05060g,Q6CD03
YALI0C04928g,Q6CD05
YALI0C04906g,Q6CD06
YALI0C04884g,Q6CD07
YALI0C04796g,Q6CD09
YALI0C04730g,Q6CD11
YALI0C04620g,Q6CD12
YALI0C04565g,Q6CD15
YALI0C04543g,Q6CD16
YALI0C04499g,Q6CD18
YALI0C04477g,Q6CD19
YALI0C04455g,Q6CD20
YALI0C04389g,Q6CD23
YALI0C04323g,Q6CD26
YALI0C04301g,Q6CD27
YALI0C04279g,Q6CD28
YALI0C04257g,Q6CD29
YALI0C04235g,Q6CD30
YALI0C04213g,Q6CD31
YALI0C04136g,Q6CD35
YALI0C04114g,Q6CD36
YALI0C04092g,Q6CD37
YALI0C04070g,Q6CD38
YALI0C04048g,Q6CD39
YALI0C04026g,Q6CD40
YALI0C03916g,Q6CD43
YALI0C03894g,Q6CD44
YALI0C03872g,Q6CD45
YALI0C03850g,Q6CD46
YALI0C03828g,Q6CD47
YALI0C03806g,Q6CD48
YALI0C03718g,Q6CD51
YALI0C03696g,Q6CD52
YALI0C03652g,Q6CD54
YALI0C03630g,Q6CD55
YALI0C03586g,Q6CD57
YALI0C03564g,Q6CD58
YALI0C03542g,Q6CD59
YALI0C03520g,Q6CD60
YALI0C03465g,Q6CD63
YALI0C03443g,Q6CD64
YALI0C03399g,Q6CD66
YALI0C03267g,Q6CD70
YALI0C03245g,Q6CD71
YALI0C03223g,Q6CD72
YALI0C03201g,Q6CD73
YALI0C03179g,Q6CD74
YALI0C03135g,Q6CD75
YALI0C03091g,Q6CD76
YALI0C03047g,Q6CD78
YALI0C03025g,Q6CD79
YALI0C02981g,Q6CD81
YALI0C02959g,Q6CD82
YALI0C02915g,Q6CD84
YALI0C02893g,Q6CD85
YALI0C02871g,Q6CD86
YALI0C02849g,Q6CD87
YALI0C02827g,Q6CD88
YALI0C02805g,Q6CD89
YALI0C02783g,Q6CD90
YALI0C02761g,Q6CD91
YALI0C02651g,Q6CD93
YALI0C02629g,Q6CD94
YALI0C02607g,Q6CD95
YALI0C02585g,Q6CD96
YALI0C02541g,Q6CD98
YALI0C02519g,Q6CD99
YALI0C02497g,Q6CDA0
YALI0C02453g,Q6CDA2
YALI0C02365g,Q6CDA6
YALI0C02343g,Q6CDA7
YALI0C02321g,Q6CDA8
YALI0C02255g,Q6CDA9
YALI0C02233g,Q6CDB0
YALI0C02211g,Q6CDB1
YALI0C02167g,Q6CDB2
YALI0C02057g,Q6CDB3
YALI0C01991g,Q6CDB4
YALI0C01969g,Q6CDB5
YALI0C01947g,Q6CDB6
YALI0C01925g,Q6CDB7
YALI0C01903g,Q6CDB8
YALI0C01826g,Q6CDC1
YALI0C01782g,Q6CDC2
YALI0C01760g,Q6CDC3
YALI0C01738g,Q6CDC4
YALI0C01694g,Q6CDC6
YALI0C01595g,Q6CDC8
YALI0C01463g,Q6CDD1
YALI0C01397g,Q6CDD4
YALI0C01375g,Q6CDD5
YALI0C01331g,Q6CDD7
YALI0C01309g,Q6CDD8
YALI0C01221g,Q6CDE2
YALI0C01199g,Q6CDE3
YALI0C01177g,Q6CDE4
YALI0C01155g,Q6CDE5
YALI0C01089g,Q6CDE8
YALI0C01067g,Q6CDE9
YALI0C01045g,Q6CDF0
YALI0C01001g,Q6CDF2
YALI0C00979g,Q6CDF3
YALI0C00957g,Q6CDF4
YALI0C00869g,Q6CDF8
YALI0C00847g,Q6CDF9
YALI0C00825g,Q6CDG0
YALI0C00781g,Q6CDG2
YALI0C00649g,Q6CDG8
YALI0C00627g,Q6CDG9
YALI0C00583g,Q6CDH1
YALI0C00473g,Q6CDH5
YALI0C00451g,Q6CDH6
YALI0C00385g,Q6CDH9
YALI0C00341g,Q6CDI1
YALI0C00319g,Q6CDI2
YALI0C00297g,Q6CDI3
YALI0C00275g,Q6CDI4
YALI0C00209g,Q6CDI7
YALI0C00110g,Q6CDJ2
YALI0B23496g,Q6CDJ3
YALI0B23474g,Q6CDJ4
YALI0B23452g,Q6CDJ5
YALI0B23430g,Q6CDJ6
YALI0B23364g,Q6CDJ9
YALI0B23254g,Q6CDK4
YALI0B23232g,Q6CDK5
YALI0B23210g,Q6CDK6
YALI0B23166g,Q6CDK8
YALI0B23100g,Q6CDL1
YALI0B23034g,Q6CDL4
YALI0B23012g,Q6CDL5
YALI0B22990g,Q6CDL6
YALI0B22968g,Q6CDL7
YALI0B22880g,Q6CDM1
YALI0B22858g,Q6CDM2
YALI0B22836g,Q6CDM3
YALI0B22792g,Q6CDM5
YALI0B22770g,Q6CDM6
YALI0B22748g,Q6CDM7
YALI0B22726g,Q6CDM8
YALI0B22704g,Q6CDM9
YALI0B22682g,Q6CDN0
YALI0B22616g,Q6CDN3
YALI0B22484g,Q6CDN9
YALI0B22462g,Q6CDP0
YALI0B22418g,Q6CDP2
YALI0B22330g,Q6CDP5
YALI0B22286g,Q6CDP7
YALI0B22264g,Q6CDP8
YALI0B22220g,Q6CDQ0
YALI0B22198g,Q6CDQ1
YALI0B22176g,Q6CDQ2
YALI0B22132g,Q6CDQ4
YALI0B22110g,Q6CDQ5
YALI0B22088g,Q6CDQ6
YALI0B22000g,Q6CDQ8
YALI0B21912g,Q6CDR2
YALI0B21890g,Q6CDR3
YALI0B21868g,Q6CDR4
YALI0B21780g,Q6CDR7
YALI0B21714g,Q6CDR8
YALI0B21692g,Q6CDR9
YALI0B21670g,Q6CDS0
YALI0B21662g,Q6CDS1
YALI0B21626g,Q6CDS2
YALI0B21604g,Q6CDS3
YALI0B21560g,Q6CDS5
YALI0B21472g,Q6CDS9
YALI0B21450g,Q6CDT0
YALI0B21384g,Q6CDT3
YALI0B21362g,Q6CDT4
YALI0B21318g,Q6CDT6
YALI0B21296g,Q6CDT7
YALI0B21274g,Q6CDT8
YALI0B21252g,Q6CDT9
YALI0B21230g,Q6CDU0
YALI0B21208g,Q6CDU1
YALI0B21164g,Q6CDU3
YALI0B21120g,Q6CDU5
YALI0B21032g,Q6CDU9
YALI0B21010g,Q6CDV0
YALI0B20966g,Q6CDV2
YALI0B20944g,Q6CDV3
YALI0B20834g,Q6CDV8
YALI0B20790g,Q6CDW0
YALI0B20746g,Q6CDW2
YALI0B20680g,Q6CDW5
YALI0B20636g,Q6CDW7
YALI0B20614g,Q6CDW8
YALI0B20592g,Q6CDW9
YALI0B20504g,Q6CDX3
YALI0B20350g,Q6CDY0
YALI0B20328g,Q6CDY1
YALI0B20284g,Q6CDY3
YALI0B20262g,Q6CDY4
YALI0B20218g,Q6CDY6
YALI0B20108g,Q6CDY9
YALI0B20086g,Q6CDZ0
YALI0B20064g,Q6CDZ1
YALI0B20042g,Q6CDZ2
YALI0B19910g,Q6CDZ6
YALI0B19888g,Q6CDZ7
YALI0B19866g,Q6CDZ8
YALI0B19844g,Q6CDZ9
YALI0B19800g,Q6CE01
YALI0B19778g,Q6CE02
YALI0B19756g,Q6CE03
YALI0B19734g,Q6CE04
YALI0B19712g,Q6CE05
YALI0B19646g,Q6CE08
YALI0B19602g,Q6CE10
YALI0B19492g,Q6CE13
YALI0B19470g,Q6CE14
YALI0B19448g,Q6CE15
YALI0B19316g,Q6CE19
YALI0B19250g,Q6CE20
YALI0B19228g,Q6CE21
YALI0B19184g,Q6CE23
YALI0B19162g,Q6CE24
YALI0B19118g,Q6CE25
YALI0B19096g,Q6CE26
YALI0B19074g,Q6CE27
YALI0B19052g,Q6CE28
YALI0B19030g,Q6CE29
YALI0B19008g,Q6CE30
YALI0B18986g,Q6CE31
YALI0B18964g,Q6CE32
YALI0B18942g,Q6CE33
YALI0B18920g,Q6CE34
YALI0B18876g,Q6CE36
YALI0B18854g,Q6CE37
YALI0B18744g,Q6CE41
YALI0B18678g,Q6CE44
YALI0B18634g,Q6CE46
YALI0B18612g,Q6CE47
YALI0B18568g,Q6CE49
YALI0B18546g,Q6CE50
YALI0B18524g,Q6CE51
YALI0B18502g,Q6CE52
YALI0B18480g,Q6CE53
YALI0B18458g,Q6CE54
YALI0B18436g,Q6CE55
YALI0B18392g,Q6CE57
YALI0B18370g,Q6CE58
YALI0B18282g,Q6CE62
YALI0B18260g,Q6CE63
YALI0B18238g,Q6CE64
YALI0B18216g,Q6CE65
YALI0B18194g,Q6CE66
YALI0B18172g,Q6CE67
YALI0B18150g,Q6CE68
YALI0B18084g,Q6CE70
YALI0B18040g,Q6CE72
YALI0B18018g,Q6CE73
YALI0B17930g,Q6CE75
YALI0B17908g,Q6CE76
YALI0B17776g,Q6CE82
YALI0B17754g,Q6CE83
YALI0B17732g,Q6CE84
YALI0B17556g,Q6CE90
YALI0B17534g,Q6CE91
YALI0B17490g,Q6CE93
YALI0B17468g,Q6CE94
YALI0B17446g,Q6CE95
YALI0B17314g,Q6CEA1
YALI0B17292g,Q6CEA2
YALI0B17182g,Q6CEA7
YALI0B17160g,Q6CEA8
YALI0B17138g,Q6CEA9
YALI0B17050g,Q6CEB1
YALI0B17028g,Q6CEB2
YALI0B17006g,Q6CEB3
YALI0B16962g,Q6CEB5
YALI0B16940g,Q6CEB6
YALI0B16874g,Q6CEB9
YALI0B16852g,Q6CEC0
YALI0B16808g,Q6CEC2
YALI0B16786g,Q6CEC3
YALI0B16742g,Q6CEC5
YALI0B16676g,Q6CEC8
YALI0B16632g,Q6CED0
YALI0B16500g,Q6CED6
YALI0B16478g,Q6CED7
YALI0B16456g,Q6CED8
YALI0B16412g,Q6CEE0
YALI0B16302g,Q6CEE4
YALI0B16170g,Q6CEF0
YALI0B16148g,Q6CEF1
YALI0B16082g,Q6CEF4
YALI0B16016g,Q6CEF7
YALI0B15994g,Q6CEF8
YALI0B15972g,Q6CEF9
YALI0B15950g,Q6CEG0
YALI0B15862g,Q6CEG3
YALI0B15818g,Q6CEG5
YALI0B15686g,Q6CEH0
YALI0B15664g,Q6CEH1
YALI0B15620g,Q6CEH3
YALI0B15576g,Q6CEH5
YALI0B15554g,Q6CEH6
YALI0B15532g,Q6CEH7
YALI0B15488g,Q6CEH9
YALI0B15466g,Q6CEI0
YALI0B15422g,Q6CEI2
YALI0B15400g,Q6CEI3
YALI0B15312g,Q6CEI7
YALI0B15202g,Q6CEJ3
YALI0B15103g,Q6CEJ8
YALI0B15037g,Q6CEK1
YALI0B14993g,Q6CEK3
YALI0B14971g,Q6CEK4
YALI0B14817g,Q6CEL1
YALI0B14795g,Q6CEL2
YALI0B14729g,Q6CEL5
YALI0B14707g,Q6CEL6
YALI0B14685g,Q6CEL7
YALI0B14619g,Q6CEM0
YALI0B14575g,Q6CEM2
YALI0B14421g,Q6CEM9
YALI0B14311g,Q6CEN4
YALI0B14223g,Q6CEN8
YALI0B14179g,Q6CEP0
YALI0B14102g,Q6CEP4
YALI0B14036g,Q6CEP7
YALI0B13992g,Q6CEP9
YALI0B13948g,Q6CEQ1
YALI0B13926g,Q6CEQ2
YALI0B13860g,Q6CEQ5
YALI0B13772g,Q6CEQ9
YALI0B13618g,Q6CER6
YALI0B13486g,Q6CES0
YALI0B13442g,Q6CES2
YALI0B13354g,Q6CES6
YALI0B13332g,Q6CES7
YALI0B13288g,Q6CES9
YALI0B13222g,Q6CET0
YALI0B13200g,Q6CET1
YALI0B12980g,Q6CET9
YALI0B12936g,Q6CEU1
YALI0B12914g,Q6CEU2
YALI0B12848g,Q6CEU5
YALI0B12760g,Q6CEU9
YALI0B12738g,Q6CEV0
YALI0B12606g,Q6CEV4
YALI0B12562g,Q6CEV6
YALI0B12540g,Q6CEV7
YALI0B12430g,Q6CEW2
YALI0B12408g,Q6CEW3
YALI0B12386g,Q6CEW4
YALI0B12364g,Q6CEW5
YALI0B12342g,Q6CEW6
YALI0B12298g,Q6CEW8
YALI0B12254g,Q6CEX1
YALI0B12144g,Q6CEX5
YALI0B12100g,Q6CEX6
YALI0B12056g,Q6CEX8
YALI0B12034g,Q6CEX9
YALI0B11924g,Q6CEY2
YALI0B11902g,Q6CEY3
YALI0B11858g,Q6CEY5
YALI0B11836g,Q6CEY6
YALI0B11792g,Q6CEY8
YALI0B11770g,Q6CEY9
YALI0B11748g,Q6CEZ0
YALI0B11704g,Q6CEZ2
YALI0B11682g,Q6CEZ3
YALI0B11660g,Q6CEZ4
YALI0B11528g,Q6CEZ8
YALI0B11506g,Q6CEZ9
YALI0B11484g,Q6CF00
YALI0B11462g,Q6CF01
YALI0B11418g,Q6CF03
YALI0B11308g,Q6CF08
YALI0B11264g,Q6CF10
YALI0B11242g,Q6CF11
YALI0B11220g,Q6CF12
YALI0B11198g,Q6CF13
YALI0B11176g,Q6CF14
YALI0B11132g,Q6CF15
YALI0B11088g,Q6CF16
YALI0B10956g,Q6CF22
YALI0B10890g,Q6CF25
YALI0B10802g,Q6CF27
YALI0B10692g,Q6CF32
YALI0B10626g,Q6CF33
YALI0B10604g,Q6CF34
YALI0B10428g,Q6CF42
YALI0B10406g,Q6CF43
YALI0B10384g,Q6CF44
YALI0B10175g,Q6CF54
YALI0B10153g,Q6CF55
YALI0B10131g,Q6CF56
YALI0B10109g,Q6CF57
YALI0B10087g,Q6CF58
YALI0B09999g,Q6CF62
YALI0B09991g,Q6CF63
YALI0B09955g,Q6CF64
YALI0B09867g,Q6CF66
YALI0B09812g,Q6CF68
YALI0B09757g,Q6CF70
YALI0B09735g,Q6CF71
YALI0B09581g,Q6CF77
YALI0B09537g,Q6CF79
YALI0B09471g,Q6CF81
YALI0B09449g,Q6CF82
YALI0B09427g,Q6CF83
YALI0B09383g,Q6CF84
YALI0B09339g,Q6CF86
YALI0B09317g,Q6CF87
YALI0B09251g,Q6CF89
YALI0B09229g,Q6CF90
YALI0B09141g,Q6CF92
YALI0B09119g,Q6CF93
YALI0B09075g,Q6CF94
YALI0B09031g,Q6CF96
YALI0B08987g,Q6CF98
YALI0B08899g,Q6CFA2
YALI0B08866g,Q6CFA4
YALI0B08800g,Q6CFA7
YALI0B08748g,Q6CFB0
YALI0B08734g,Q6CFB1
YALI0B08712g,Q6CFB2
YALI0B08690g,Q6CFB3
YALI0B08492g,Q6CFB8
YALI0B08470g,Q6CFB9
YALI0B08448g,Q6CFC0
YALI0B08426g,Q6CFC1
YALI0B08404g,Q6CFC2
YALI0B08382g,Q6CFC3
YALI0B08360g,Q6CFC4
YALI0B08316g,Q6CFC6
YALI0B08294g,Q6CFC7
YALI0B08272g,Q6CFC8
YALI0B08228g,Q6CFD0
YALI0B08096g,Q6CFD5
YALI0B08074g,Q6CFD6
YALI0B08052g,Q6CFD7
YALI0B08008g,Q6CFD9
YALI0B07920g,Q6CFE0
YALI0B07898g,Q6CFE1
YALI0B07777g,Q6CFE3
YALI0B07755g,Q6CFE4
YALI0B07733g,Q6CFE5
YALI0B07711g,Q6CFE6
YALI0B07645g,Q6CFE9
YALI0B07623g,Q6CFF0
YALI0B07601g,Q6CFF1
YALI0B07535g,Q6CFF4
YALI0B07403g,Q6CFF8
YALI0B07359g,Q6CFG0
YALI0B07271g,Q6CFG2
YALI0B07227g,Q6CFG4
YALI0B07205g,Q6CFG5
YALI0B07117g,Q6CFG7
YALI0B07073g,Q6CFG8
YALI0B07051g,Q6CFG9
YALI0B07029g,Q6CFH0
YALI0B07007g,Q6CFH1
YALI0B06985g,Q6CFH2
YALI0B06919g,Q6CFH5
YALI0B06875g,Q6CFH7
YALI0B06853g,Q6CFH8
YALI0B06809g,Q6CFI0
YALI0B06787g,Q6CFI1
YALI0B06776g,Q6CFI2
YALI0B06732g,Q6CFI4
YALI0B06688g,Q6CFI6
YALI0B06666g,Q6CFI7
YALI0B06490g,Q6CFJ3
YALI0B06413g,Q6CFJ5
YALI0B06391g,Q6CFJ6
YALI0B06347g,Q6CFJ8
YALI0B06160g,Q6CFK4
YALI0B06138g,Q6CFK5
YALI0B06094g,Q6CFK7
YALI0B06028g,Q6CFK8
YALI0B05962g,Q6CFL0
YALI0B05896g,Q6CFL3
YALI0B05874g,Q6CFL4
YALI0B05852g,Q6CFL5
YALI0B05830g,Q6CFL6
YALI0B05808g,Q6CFL7
YALI0B05764g,Q6CFL9
YALI0B05742g,Q6CFM0
YALI0B05698g,Q6CFM2
YALI0B05676g,Q6CFM3
YALI0B05632g,Q6CFM5
YALI0B05544g,Q6CFM8
YALI0B05478g,Q6CFN1
YALI0B05456g,Q6CFN2
YALI0B05434g,Q6CFN3
YALI0B05412g,Q6CFN4
YALI0B05390g,Q6CFN5
YALI0B05346g,Q6CFN7
YALI0B05302g,Q6CFN8
YALI0B05258g,Q6CFP0
YALI0B05214g,Q6CFP2
YALI0B05038g,Q6CFP6
YALI0B04994g,Q6CFP7
YALI0B04972g,Q6CFP8
YALI0B04950g,Q6CFP9
YALI0B04906g,Q6CFQ1
YALI0B04884g,Q6CFQ2
YALI0B04862g,Q6CFQ3
YALI0B04708g,Q6CFQ7
YALI0B04642g,Q6CFQ8
YALI0B04620g,Q6CFQ9
YALI0B04554g,Q6CFR2
YALI0B04510g,Q6CFR4
YALI0B04488g,Q6CFR5
YALI0B04466g,Q6CFR6
YALI0B04444g,Q6CFR7
YALI0B04422g,Q6CFR8
YALI0B04400g,Q6CFR9
YALI0B04356g,Q6CFS1
YALI0B04290g,Q6CFS4
YALI0B04158g,Q6CFT0
YALI0B04114g,Q6CFT2
YALI0B04092g,Q6CFT3
YALI0B04048g,Q6CFT5
YALI0B03938g,Q6CFT9
YALI0B03850g,Q6CFU1
YALI0B03762g,Q6CFU3
YALI0B03542g,Q6CFU8
YALI0B03520g,Q6CFU9
YALI0B03366g,Q6CFV4
YALI0B03300g,Q6CFV7
YALI0B03278g,Q6CFV8
YALI0B03212g,Q6CFV9
YALI0B03190g,Q6CFW0
YALI0B03124g,Q6CFW1
YALI0B03102g,Q6CFW2
YALI0B03058g,Q6CFW3
YALI0B03014g,Q6CFW5
YALI0B02882g,Q6CFW9
YALI0B02794g,Q6CFX4
YALI0B02750g,Q6CFX6
YALI0B02662g,Q6CFY0
YALI0B02596g,Q6CFY1
YALI0B02464g,Q6CFY5
YALI0B02442g,Q6CFY6
YALI0B02420g,Q6CFY7
YALI0B02398g,Q6CFY8
YALI0B02310g,Q6CFZ1
YALI0B02222g,Q6CFZ5
YALI0B02200g,Q6CFZ6
YALI0B02156g,Q6CFZ8
YALI0B02112g,Q6CG00
YALI0B02090g,Q6CG01
YALI0B02046g,Q6CG03
YALI0B02024g,Q6CG04
YALI0B02002g,Q6CG05
YALI0B01914g,Q6CG07
YALI0B01892g,Q6CG08
YALI0B01804g,Q6CG12
YALI0B01782g,Q6CG13
YALI0B01738g,Q6CG14
YALI0B01716g,Q6CG15
YALI0B01694g,Q6CG16
YALI0B01650g,Q6CG18
YALI0B01628g,Q6CG19
YALI0B01584g,Q6CG21
YALI0B01562g,Q6CG22
YALI0B01452g,Q6CG25
YALI0B01430g,Q6CG26
YALI0B01320g,Q6CG31
YALI0B01276g,Q6CG33
YALI0B01254g,Q6CG34
YALI0B01210g,Q6CG35
YALI0B01188g,Q6CG36
YALI0B01144g,Q6CG38
YALI0B01100g,Q6CG39
YALI0B01056g,Q6CG41
YALI0B01012g,Q6CG43
YALI0B00968g,Q6CG45
YALI0B00924g,Q6CG47
YALI0B00858g,Q6CG50
YALI0B00814g,Q6CG52
YALI0B00770g,Q6CG54
YALI0B00748g,Q6CG55
YALI0B00682g,Q6CG58
YALI0B00594g,Q6CG62
YALI0B00572g,Q6CG63
YALI0B00550g,Q6CG64
YALI0B00528g,Q6CG65
YALI0B00462g,Q6CG66
YALI0B00440g,Q6CG67
YALI0B00286g,Q6CG72
YALI0B00264g,Q6CG73
YALI0B00198g,Q6CG75
YALI0B00154g,Q6CG76
YALI0B00110g,Q6CG78
YALI0A21461g,Q6CG79
YALI0A21439g,Q6CG80
YALI0A21395g,Q6CG82
YALI0A21373g,Q6CG83
YALI0A21351g,Q6CG84
YALI0A21307g,Q6CG86
YALI0A21285g,Q6CG87
YALI0A21241g,Q6CG89
YALI0A21175g,Q6CG91
YALI0A21131g,Q6CG93
YALI0A21120g,Q6CG94
YALI0A21098g,Q6CG95
YALI0A21010g,Q6CG99
YALI0A20988g,Q6CGA0
YALI0A20966g,Q6CGA1
YALI0A20900g,Q6CGA4
YALI0A20834g,Q6CGA7
YALI0A20812g,Q6CGA8
YALI0A20790g,Q6CGA9
YALI0A20746g,Q6CGB1
YALI0A20658g,Q6CGB5
YALI0A20636g,Q6CGB6
YALI0A20548g,Q6CGC0
YALI0A20526g,Q6CGC1
YALI0A20504g,Q6CGC3
YALI0A20460g,Q6CGC5
YALI0A20416g,Q6CGC7
YALI0A20394g,Q6CGC8
YALI0A20207g,Q6CGD5
YALI0A20174g,Q6CGD7
YALI0A20064g,Q6CGE2
YALI0A19998g,Q6CGE5
YALI0A19932g,Q6CGE8
YALI0A19910g,Q6CGE9
YALI0A19888g,Q6CGF0
YALI0A19866g,Q6CGF1
YALI0A19844g,Q6CGF2
YALI0A19822g,Q6CGF3
YALI0A19800g,Q6CGF4
YALI0A19734g,Q6CGF7
YALI0A19690g,Q6CGF9
YALI0A19668g,Q6CGG0
YALI0A19624g,Q6CGG2
YALI0A19558g,Q6CGG5
YALI0A19536g,Q6CGG6
YALI0A19514g,Q6CGG7
YALI0A19448g,Q6CGH0
YALI0A19426g,Q6CGH1
YALI0A19360g,Q6CGH2
YALI0A19338g,Q6CGH3
YALI0A19272g,Q6CGH4
YALI0A19250g,Q6CGH5
YALI0A19206g,Q6CGH7
YALI0A19184g,Q6CGH8
YALI0A19140g,Q6CGI0
YALI0A19118g,Q6CGI1
YALI0A19096g,Q6CGI2
YALI0A19008g,Q6CGI6
YALI0A18964g,Q6CGI8
YALI0A18942g,Q6CGI9
YALI0A18920g,Q6CGJ0
YALI0A18898g,Q6CGJ1
YALI0A18832g,Q6CGJ2
YALI0A18700g,Q6CGJ8
YALI0A18678g,Q6CGJ9
YALI0A18634g,Q6CGK1
YALI0A18612g,Q6CGK2
YALI0A18546g,Q6CGK5
YALI0A18524g,Q6CGK6
YALI0A18447g,Q6CGK9
YALI0A18425g,Q6CGL0
YALI0A18403g,Q6CGL1
YALI0A18381g,Q6CGL2
YALI0A18359g,Q6CGL3
YALI0A18293g,Q6CGL6
YALI0A18271g,Q6CGL7
YALI0A18249g,Q6CGL8
YALI0A18161g,Q6CGM2
YALI0A18040g,Q6CGM5
YALI0A18029g,Q6CGM6
YALI0A17985g,Q6CGM8
YALI0A17963g,Q6CGM9
YALI0A17897g,Q6CGN2
YALI0A17875g,Q6CGN3
YALI0A17853g,Q6CGN4
YALI0A17831g,Q6CGN5
YALI0A17809g,Q6CGN6
YALI0A17776g,Q6CGN9
YALI0A17666g,Q6CGP0
YALI0A17578g,Q6CGP2
YALI0A17556g,Q6CGP3
YALI0A17534g,Q6CGP4
YALI0A17446g,Q6CGP8
YALI0A17358g,Q6CGQ1
YALI0A17281g,Q6CGQ5
YALI0A17259g,Q6CGQ6
YALI0A17237g,Q6CGQ7
YALI0A17215g,Q6CGQ8
YALI0A17193g,Q6CGQ9
YALI0A17171g,Q6CGR0
YALI0A17149g,Q6CGR1
YALI0A17039g,Q6CGR4
YALI0A17020g,Q6CGR5
YALI0A16841g,Q6CGR7
YALI0A16720g,Q6CGS3
YALI0A16566g,Q6CGS7
YALI0A16511g,Q6CGS9
YALI0A16467g,Q6CGT1
YALI0A16423g,Q6CGT3
YALI0A16401g,Q6CGT4
YALI0A16313g,Q6CGT6
YALI0A16214g,Q6CGU2
YALI0A16170g,Q6CGU5
YALI0A16082g,Q6CGU7
YALI0A16038g,Q6CGU9
YALI0A16016g,Q6CGV0
YALI0A15906g,Q6CGV3
YALI0A15796g,Q6CGV5
YALI0A15774g,Q6CGV6
YALI0A15752g,Q6CGV7
YALI0A15708g,Q6CGV8
YALI0A15686g,Q6CGV9
YALI0A15642g,Q6CGW0
YALI0A15598g,Q6CGW2
YALI0A15576g,Q6CGW3
YALI0A15554g,Q6CGW4
YALI0A15466g,Q6CGW6
YALI0A15444g,Q6CGW7
YALI0A15422g,Q6CGW8
YALI0A15400g,Q6CGW9
YALI0A15378g,Q6CGX0
YALI0A15345g,Q6CGX2
YALI0A15257g,Q6CGX3
YALI0A15169g,Q6CGX4
YALI0A15125g,Q6CGX6
YALI0A15103g,Q6CGX7
YALI0A15081g,Q6CGX8
YALI0A14949g,Q6CGY3
YALI0A14927g,Q6CGY4
YALI0A14905g,Q6CGY5
YALI0A14883g,Q6CGY6
YALI0A14861g,Q6CGY7
YALI0A14762g,Q6CGZ1
YALI0A14740g,Q6CGZ2
YALI0A14608g,Q6CGZ8
YALI0A14586g,Q6CGZ9
YALI0A14564g,Q6CH00
YALI0A14520g,Q6CH02
YALI0A14476g,Q6CH04
YALI0A14454g,Q6CH05
YALI0A14388g,Q6CH06
YALI0A14366g,Q6CH07
YALI0A14322g,Q6CH08
YALI0A14256g,Q6CH09
YALI0A14234g,Q6CH10
YALI0A14212g,Q6CH11
YALI0A14157g,Q6CH12
YALI0A14069g,Q6CH13
YALI0A13937g,Q6CH14
YALI0A13915g,Q6CH15
YALI0A13849g,Q6CH16
YALI0A13695g,Q6CH17
YALI0A13673g,Q6CH18
YALI0A13607g,Q6CH19
YALI0A13563g,Q6CH21
YALI0A13541g,Q6CH22
YALI0A13497g,Q6CH24
YALI0A13321g,Q6CH26
YALI0A13299g,Q6CH27
YALI0A13255g,Q6CH29
YALI0A13233g,Q6CH30
YALI0A13101g,Q6CH33
YALI0A13079g,Q6CH34
YALI0A13035g,Q6CH36
YALI0A13013g,Q6CH37
YALI0A12925g,Q6CH39
YALI0A12837g,Q6CH40
YALI0A12815g,Q6CH41
YALI0A12617g,Q6CH44
YALI0A12507g,Q6CH47
YALI0A12441g,Q6CH48
YALI0A12419g,Q6CH49
YALI0A12287g,Q6CH51
YALI0A12265g,Q6CH52
YALI0A12243g,Q6CH53
YALI0A12221g,Q6CH54
YALI0A12199g,Q6CH55
YALI0A12177g,Q6CH56
YALI0A12155g,Q6CH57
YALI0A11935g,Q6CH65
YALI0A11891g,Q6CH66
YALI0A11847g,Q6CH68
YALI0A11803g,Q6CH70
YALI0A11759g,Q6CH72
YALI0A11737g,Q6CH73
YALI0A11671g,Q6CH74
YALI0A11649g,Q6CH75
YALI0A11627g,Q6CH76
YALI0A11605g,Q6CH77
YALI0A11561g,Q6CH78
YALI0A11407g,Q6CH82
YALI0A11220g,Q6CH87
YALI0A11198g,Q6CH88
YALI0A11121g,Q6CH92
YALI0A11077g,Q6CH94
YALI0A11011g,Q6CH95
YALI0A10967g,Q6CH97
YALI0A10901g,Q6CHA0
YALI0A10769g,Q6CHA4
YALI0A10747g,Q6CHA5
YALI0A10703g,Q6CHA7
YALI0A10681g,Q6CHA8
YALI0A10593g,Q6CHB2
YALI0A10483g,Q6CHB6
YALI0A10439g,Q6CHB8
YALI0A10318g,Q6CHC1
YALI0A10274g,Q6CHC4
YALI0A10230g,Q6CHC6
YALI0A10208g,Q6CHC7
YALI0A10186g,Q6CHC8
YALI0A10164g,Q6CHC9
YALI0A10142g,Q6CHD0
YALI0A10120g,Q6CHD1
YALI0A10010g,Q6CHD5
YALI0A09922g,Q6CHD7
YALI0A09790g,Q6CHE3
YALI0A09702g,Q6CHE6
YALI0A09658g,Q6CHE8
YALI0A09614g,Q6CHF0
YALI0A09559g,Q6CHF3
YALI0A09537g,Q6CHF4
YALI0A09515g,Q6CHF5
YALI0A09405g,Q6CHG0
YALI0A09086g,Q6CHG8
YALI0A09064g,Q6CHG9
YALI0A09020g,Q6CHH1
YALI0A08888g,Q6CHH4
YALI0A08866g,Q6CHH5
YALI0A08800g,Q6CHH6
YALI0A08734g,Q6CHH7
YALI0A08668g,Q6CHH8
YALI0A08624g,Q6CHI0
YALI0A08558g,Q6CHI2
YALI0A08536g,Q6CHI3
YALI0A08448g,Q6CHI5
YALI0A08404g,Q6CHI7
YALI0A08338g,Q6CHI9
YALI0A08327g,Q6CHJ0
YALI0A08261g,Q6CHJ1
YALI0A08217g,Q6CHJ3
YALI0A08195g,Q6CHJ4
YALI0A08165g,Q6CHJ5
YALI0A08019g,Q6CHK2
YALI0A07997g,Q6CHK3
YALI0A07887g,Q6CHK4
YALI0A07865g,Q6CHK5
YALI0A07843g,Q6CHK6
YALI0A07821g,Q6CHK7
YALI0A07777g,Q6CHK9
YALI0A07755g,Q6CHL0
YALI0A07733g,Q6CHL1
YALI0A07711g,Q6CHL2
YALI0A07689g,Q6CHL3
YALI0A07667g,Q6CHL4
YALI0A07645g,Q6CHL5
YALI0A07623g,Q6CHL6
YALI0A07601g,Q6CHL7
YALI0A07579g,Q6CHL8
YALI0A07557g,Q6CHL9
YALI0A07447g,Q6CHM0
YALI0A07425g,Q6CHM1
YALI0A07403g,Q6CHM2
YALI0A07249g,Q6CHM3
YALI0A07128g,Q6CHM6
YALI0A07106g,Q6CHM7
YALI0A07062g,Q6CHM9
YALI0A06996g,Q6CHN1
YALI0A06974g,Q6CHN2
YALI0A06952g,Q6CHN3
YALI0A06930g,Q6CHN4
YALI0A06886g,Q6CHN6
YALI0A06831g,Q6CHN9
YALI0A06809g,Q6CHP0
YALI0A06765g,Q6CHP2
YALI0A06743g,Q6CHP3
YALI0A06721g,Q6CHP4
YALI0A06677g,Q6CHP6
YALI0A06633g,Q6CHP8
YALI0A06501g,Q6CHQ2
YALI0A06457g,Q6CHQ4
YALI0A06435g,Q6CHQ5
YALI0A06369g,Q6CHQ6
YALI0A06347g,Q6CHQ7
YALI0A06171g,Q6CHQ8
YALI0A06061g,Q6CHR1
YALI0A06039g,Q6CHR2
YALI0A06017g,Q6CHR3
YALI0A05973g,Q6CHR5
YALI0A05951g,Q6CHR6
YALI0A05929g,Q6CHR7
YALI0A05885g,Q6CHR8
YALI0A05775g,Q6CHS0
YALI0A05665g,Q6CHS1
YALI0A05577g,Q6CHS2
YALI0A05555g,Q6CHS3
YALI0A05291g,Q6CHT1
YALI0A05225g,Q6CHT3
YALI0A05203g,Q6CHT4
YALI0A05159g,Q6CHT6
YALI0A05115g,Q6CHT8
YALI0A05027g,Q6CHT9
YALI0A05005g,Q6CHU0
YALI0A04873g,Q6CHU6
YALI0A04785g,Q6CHU7
YALI0A04719g,Q6CHU9
YALI0A04653g,Q6CHV2
YALI0A04631g,Q6CHV3
YALI0A04609g,Q6CHV4
YALI0A04587g,Q6CHV5
YALI0A04521g,Q6CHV6
YALI0A04499g,Q6CHV7
YALI0A04455g,Q6CHV8
YALI0A04323g,Q6CHW1
YALI0A04301g,Q6CHW2
YALI0A04279g,Q6CHW3
YALI0A04191g,Q6CHW4
YALI0A04059g,Q6CHW5
YALI0A03993g,Q6CHW6
YALI0A03971g,Q6CHW7
YALI0A03949g,Q6CHW8
YALI0A03883g,Q6CHX1
YALI0A03817g,Q6CHX4
YALI0A03751g,Q6CHX6
YALI0A03685g,Q6CHX7
YALI0A03663g,Q6CHX8
YALI0A03641g,Q6CHX9
YALI0A03531g,Q6CHY4
YALI0A03509g,Q6CHY5
YALI0A03421g,Q6CHY7
YALI0A03399g,Q6CHY8
YALI0A03201g,Q6CHZ1
YALI0A03179g,Q6CHZ2
YALI0A03135g,Q6CHZ3
YALI0A03091g,Q6CHZ5
YALI0A03069g,Q6CHZ6
YALI0A03003g,Q6CHZ8
YALI0A02981g,Q6CHZ9
YALI0A02937g,Q6CI01
YALI0A02893g,Q6CI03
YALI0A02849g,Q6CI05
YALI0A02783g,Q6CI06
YALI0A02717g,Q6CI07
YALI0A02673g,Q6CI09
YALI0A02651g,Q6CI10
YALI0A02629g,Q6CI11
YALI0A02607g,Q6CI12
YALI0A02497g,Q6CI17
YALI0A02475g,Q6CI18
YALI0A02431g,Q6CI20
YALI0A02332g,Q6CI25
YALI0A02288g,Q6CI27
YALI0A02266g,Q6CI28
YALI0A02244g,Q6CI29
YALI0A02200g,Q6CI31
YALI0A02178g,Q6CI32
YALI0A02156g,Q6CI33
YALI0A02090g,Q6CI36
YALI0A02046g,Q6CI38
YALI0A02024g,Q6CI39
YALI0A01980g,Q6CI41
YALI0A01958g,Q6CI42
YALI0A01892g,Q6CI43
YALI0A01848g,Q6CI45
YALI0A01826g,Q6CI46
YALI0A01782g,Q6CI47
YALI0A01760g,Q6CI48
YALI0A01716g,Q6CI50
YALI0A01650g,Q6CI51
YALI0A01540g,Q6CI54
YALI0A01485g,Q6CI57
YALI0A01463g,Q6CI58
YALI0A01441g,Q6CI59
YALI0A01419g,Q6CI60
YALI0A01397g,Q6CI61
YALI0A01265g,Q6CI65
YALI0A01155g,Q6CI66
YALI0A01111g,Q6CI68
YALI0A01089g,Q6CI69
YALI0A01067g,Q6CI70
YALI0A01045g,Q6CI71
YALI0A01001g,Q6CI73
YALI0A00979g,Q6CI74
YALI0A00957g,Q6CI75
YALI0A00935g,Q6CI76
YALI0A00869g,Q6CI79
YALI0A00847g,Q6CI80
YALI0A00781g,Q6CI83
YALI0A00759g,Q6CI84
YALI0A00682g,Q6CI85
YALI0A00660g,Q6CI86
YALI0A00594g,Q6CI89
YALI0A00572g,Q6CI90
YALI0A00550g,Q6CI91
YALI0A00528g,Q6CI92
YALI0A00440g,Q6CI94
YALI0A00418g,Q6CI95
YALI0A00396g,Q6CI96
YALI0A00374g,Q6CI97
YALI0A00369g,Q6CI98
YALI0A00330g,Q6CIA0
YALI0A00286g,Q6CIA1
YALI0A00212g,Q6CIA3
YALI0A00198g,Q6CIA4
YALI0A00176g,Q6CIA5
YALI0A00154g,Q6CIA6
YALI0A00110g,Q6CIA8
YALI0F21450g,W0TYL8
YALI0F13849g,W0TYL9
YALI0E04158g,W0TYM0
YALI0E09086g,W0TYM2
YALI0E18161g,W0TYM3
YALI0E22572g,W0TYM6
YALI0E33913g,W0TYM8
YALI0E34199g,W0TYM9
YALI0C01441g,W0TYN0
YALI0C01507g,W0TYN2
YALI0C06391g,W0TYN4
YALI0B03234g,W0TYN5
YALI0B04004g,W0TYN6
YALI0B04796g,W0TYN7
YALI0B07095g,W0TYN8
YALI0B01760g,W0TYP1
YALI0B11154g,W0TYP2
YALI0B03080g,W0TYP4
YALI0B09977g,W0TYP9
YALI0A19316g,W0TYQ5
