YALI1,YALI2
YALI1_A00058g,YALI2_A00002g
YALI1_A00102g,YALI2_A00003g
YALI1_A00148g,YALI2_A00004g
YALI1_A00204g,YALI2_A00005g
YALI1_A00241g,YALI2_A00692g
YALI1_A00252g,YALI2_A00006g
YALI1_A00309g,YALI2_A00691g
YALI1_A00325g,YALI2_A00007g
YALI1_A00375g,YALI2_A00690g
YALI1_A00406g,YALI2_A00008g
YALI1_A00447g,YALI2_A00689g
YALI1_A00468g,YALI2_A00688g
YALI1_A00504g,YALI2_A00687g
YALI1_A00538g,YALI2_A00686g
YALI1_A00558g,YALI2_A00009g
YALI1_A00601g,YALI2_A00010g
YALI1_A00661g,YALI2_A00685g
YALI1_A00683g,YALI2_A00011g
YALI1_A00715g,YALI2_A00684g
YALI1_A00746g,YALI2_A00683g
YALI1_A00789g,YALI2_A00682g
YALI1_A00801g,YALI2_A00012g
YALI1_A00829g,YALI2_A00681g
YALI1_A00867g,YALI2_A00013g
YALI1_A00947g,YALI2_A00014g
YALI1_A00983g,YALI2_A00679g
YALI1_A01061g,YALI2_A00678g
YALI1_A01074g,YALI2_A00015g
YALI1_A01093g,YALI2_A00016g
YALI1_A01122g,YALI2_A00677g
YALI1_A01143g,YALI2_A00676g
YALI1_A01173g,YALI2_A00675g
YALI1_A01198g,YALI2_A00017g
YALI1_A01249g,YALI2_A00674g
YALI1_A01267g,YALI2_A00018g
YALI1_A01298g,YALI2_A00019g
YALI1_A01394g,YALI2_A00020g
YALI1_A01468g,YALI2_A00021g
YALI1_A01505g,YALI2_A00673g
YALI1_A01537g,YALI2_A00022g
YALI1_A01577g,YALI2_A00672g
YALI1_A01602g,YALI2_A00671g
YALI1_A01628g,YALI2_A00023g
YALI1_A01670g,YALI2_A00024g
YALI1_A01717g,YALI2_A00670g
YALI1_A01766g,YALI2_A00669g
YALI1_A01777g,YALI2_A00668g
YALI1_A01794g,YALI2_A00025g
YALI1_A01824g,YALI2_A00667g
YALI1_A01842g,YALI2_A00026g
YALI1_A01864g,YALI2_A00666g
YALI1_A01888g,YALI2_A00665g
YALI1_A01905g,YALI2_A00664g
YALI1_A02037g,YALI2_A00663g
YALI1_A02075g,YALI2_A00662g
YALI1_A02083g,YALI2_A00661g
YALI1_A02096g,YALI2_A00031g
YALI1_A02131g,YALI2_A00660g
YALI1_A02150g,YALI2_A00032g
YALI1_A02198g,YALI2_A00033g
YALI1_A02263g,YALI2_A00034g
YALI1_A02335g,YALI2_A00035g
YALI1_A02365g,YALI2_A00036g
YALI1_A02394g,YALI2_A00037g
YALI1_A02426g,YALI2_A00659g
YALI1_A02443g,YALI2_A00658g
YALI1_A02461g,YALI2_A00657g
YALI1_A02470g,YALI2_A00038g
YALI1_A02499g,YALI2_A00039g
YALI1_A02546g,YALI2_A00656g
YALI1_A02552g,YALI2_A00040g
YALI1_A02561g,YALI2_A00655g
YALI1_A02568g,YALI2_A00041g
YALI1_A02615g,YALI2_A00654g
YALI1_A02653g,YALI2_A00042g
YALI1_A02682g,YALI2_A00043g
YALI1_A02728g,YALI2_A00044g
YALI1_A02775g,YALI2_A00045g
YALI1_A02813g,YALI2_A00653g
YALI1_A02833g,YALI2_A00046g
YALI1_A02875g,YALI2_A00048g
YALI1_A02895g,YALI2_A00049g
YALI1_A02947g,YALI2_A00652g
YALI1_A02974g,YALI2_A00651g
YALI1_A02998g,YALI2_A00050g
YALI1_A03029g,YALI2_A00051g
YALI1_A03069g,YALI2_A00650g
YALI1_A03081g,YALI2_A00649g
YALI1_A03091g,YALI2_A00052g
YALI1_A03116g,YALI2_A00648g
YALI1_A03137g,YALI2_A00647g
YALI1_A03153g,YALI2_A00053g
YALI1_A03170g,YALI2_A00054g
YALI1_A03183g,YALI2_A00055g
YALI1_A03210g,YALI2_A00646g
YALI1_A03258g,YALI2_A00645g
YALI1_A03278g,YALI2_A00056g
YALI1_A03289g,YALI2_A00644g
YALI1_A03300g,YALI2_A00057g
YALI1_A03322g,YALI2_A00058g
YALI1_A03351g,YALI2_A00643g
YALI1_A03356g,YALI2_A00059g
YALI1_A03396g,YALI2_A00642g
YALI1_A03402g,YALI2_A00060g
YALI1_A03422g,YALI2_A00641g
YALI1_A03450g,YALI2_A00061g
YALI1_A03487g,YALI2_A00640g
YALI1_A03512g,YALI2_A00062g
YALI1_A03549g,YALI2_A00639g
YALI1_A03567g,YALI2_A00063g
YALI1_A03624g,YALI2_A00637g
YALI1_A03669g,YALI2_A00636g
YALI1_A03688g,YALI2_A00635g
YALI1_A03721g,YALI2_A00634g
YALI1_A03757g,YALI2_A00633g
YALI1_A03763g,YALI2_A00064g
YALI1_A03803g,YALI2_A00632g
YALI1_A03809g,YALI2_A00065g
YALI1_A03837g,YALI2_A00631g
YALI1_A03857g,YALI2_A00066g
YALI1_A03883g,YALI2_A00630g
YALI1_A03900g,YALI2_A00067g
YALI1_A03907g,YALI2_A00068g
YALI1_A03937g,YALI2_A00069g
YALI1_A03964g,YALI2_A00629g
YALI1_A04006g,YALI2_A00070g
YALI1_A04022g,YALI2_A00071g
YALI1_A04071g,YALI2_A00628g
YALI1_A04109g,YALI2_A00627g
YALI1_A04119g,YALI2_A00072g
YALI1_A04178g,YALI2_A00073g
YALI1_A04261g,YALI2_A00074g
YALI1_A04309g,YALI2_A00075g
YALI1_A04332g,YALI2_A00626g
YALI1_A04341g,YALI2_A00076g
YALI1_A04415g,YALI2_A00625g
YALI1_A04462g,YALI2_A00624g
YALI1_A04495g,YALI2_A00623g
YALI1_A04533g,YALI2_A00622g
YALI1_A04561g,YALI2_A00621g
YALI1_A04576g,YALI2_A00620g
YALI1_A04620g,YALI2_A00078g
YALI1_A04653g,YALI2_A00079g
YALI1_A04676g,YALI2_A00080g
YALI1_A04715g,YALI2_A00081g
YALI1_A04742g,YALI2_A00082g
YALI1_A04795g,YALI2_A00619g
YALI1_A04815g,YALI2_A00618g
YALI1_A04817g,YALI2_A00083g
YALI1_A04848g,YALI2_A00617g
YALI1_A04893g,YALI2_A00084g
YALI1_A04927g,YALI2_A00616g
YALI1_A04976g,YALI2_A00615g
YALI1_A05003g,YALI2_A00086g
YALI1_A05031g,YALI2_A00614g
YALI1_A05052g,YALI2_A00087g
YALI1_A05091g,YALI2_A00613g
YALI1_A05116g,YALI2_A00088g
YALI1_A05143g,YALI2_A00611g
YALI1_A05168g,YALI2_A00610g
YALI1_A05210g,YALI2_A00609g
YALI1_A05220g,YALI2_A00608g
YALI1_A05229g,YALI2_A00089g
YALI1_A05254g,YALI2_A00607g
YALI1_A05259g,YALI2_A00090g
YALI1_A05335g,YALI2_A00606g
YALI1_A05407g,YALI2_A00091g
YALI1_A05459g,YALI2_A00605g
YALI1_A05473g,YALI2_A00092g
YALI1_A05491g,YALI2_A00604g
YALI1_A05527g,YALI2_A00093g
YALI1_A05571g,YALI2_A00603g
YALI1_A05605g,YALI2_A00094g
YALI1_A05662g,YALI2_A00602g
YALI1_A05701g,YALI2_A00601g
YALI1_A05774g,YALI2_A00600g
YALI1_A05795g,YALI2_A00599g
YALI1_A05821g,YALI2_A00095g
YALI1_A05884g,YALI2_A00598g
YALI1_A05904g,YALI2_A00597g
YALI1_A05987g,YALI2_A00595g
YALI1_A06052g,YALI2_A00096g
YALI1_A06073g,YALI2_A00594g
YALI1_A06099g,YALI2_A00593g
YALI1_A06116g,YALI2_A00097g
YALI1_A06128g,YALI2_A00098g
YALI1_A06149g,YALI2_A00099g
YALI1_A06169g,YALI2_A00592g
YALI1_A06229g,YALI2_A00100g
YALI1_A06287g,YALI2_A00590g
YALI1_A06361g,YALI2_A00589g
YALI1_A06381g,YALI2_A00588g
YALI1_A06396g,YALI2_A00101g
YALI1_A06416g,YALI2_A00586g
YALI1_A06434g,YALI2_A00585g
YALI1_A06453g,YALI2_A00584g
YALI1_A06473g,YALI2_A00102g
YALI1_A06488g,YALI2_A00583g
YALI1_A06530g,YALI2_A00582g
YALI1_A06591g,YALI2_A00581g
YALI1_A06594g,YALI2_A00103g
YALI1_A06612g,YALI2_A00580g
YALI1_A06640g,YALI2_A00104g
YALI1_A06666g,YALI2_A00579g
YALI1_A06672g,YALI2_A00105g
YALI1_A06721g,YALI2_A00106g
YALI1_A06743g,YALI2_A00578g
YALI1_A06778g,YALI2_A00107g
YALI1_A06873g,YALI2_A00576g
YALI1_A06958g,YALI2_A00108g
YALI1_A06989g,YALI2_A00575g
YALI1_A07014g,YALI2_A00574g
YALI1_A07051g,YALI2_A00109g
YALI1_A07103g,YALI2_A00573g
YALI1_A07137g,YALI2_A00572g
YALI1_A07201g,YALI2_A00110g
YALI1_A07267g,YALI2_A00571g
YALI1_A07290g,YALI2_A00111g
YALI1_A07309g,YALI2_A00570g
YALI1_A07318g,YALI2_A00112g
YALI1_A07326g,YALI2_A00113g
YALI1_A07349g,YALI2_A00569g
YALI1_A07381g,YALI2_A00114g
YALI1_A07405g,YALI2_A00115g
YALI1_A07418g,YALI2_A00568g
YALI1_A07472g,YALI2_A00567g
YALI1_A07538g,YALI2_A00117g
YALI1_A07575g,YALI2_A00118g
YALI1_A07624g,YALI2_A00566g
YALI1_A07649g,YALI2_A00119g
YALI1_A07668g,YALI2_A00120g
YALI1_A07712g,YALI2_A00121g
YALI1_A07730g,YALI2_A00565g
YALI1_A07768g,YALI2_A00122g
YALI1_A07829g,YALI2_A00123g
YALI1_A07887g,YALI2_A00563g
YALI1_A07937g,YALI2_A00562g
YALI1_A07977g,YALI2_A00124g
YALI1_A08073g,YALI2_A00125g
YALI1_A08107g,YALI2_A00127g
YALI1_A08175g,YALI2_A00561g
YALI1_A08206g,YALI2_A00128g
YALI1_A08424g,YALI2_A00560g
YALI1_A08436g,YALI2_A00130g
YALI1_A08467g,YALI2_A00559g
YALI1_A08468g,YALI2_A00131g
YALI1_A08486g,YALI2_A00132g
YALI1_A08502g,YALI2_A00558g
YALI1_A08512g,YALI2_A00133g
YALI1_A08546g,YALI2_A00134g
YALI1_A08614g,YALI2_A00557g
YALI1_A08623g,YALI2_A00135g
YALI1_A08672g,YALI2_A00136g
YALI1_A08729g,YALI2_A00556g
YALI1_A08781g,YALI2_A00555g
YALI1_A08787g,YALI2_A00137g
YALI1_A08828g,YALI2_A00554g
YALI1_A08856g,YALI2_A00553g
YALI1_A08901g,YALI2_A00138g
YALI1_A08981g,YALI2_A00552g
YALI1_A09010g,YALI2_A00551g
YALI1_A09064g,YALI2_A00550g
YALI1_A09100g,YALI2_A00549g
YALI1_A09121g,YALI2_A00139g
YALI1_A09139g,YALI2_A00140g
YALI1_A09149g,YALI2_A00141g
YALI1_A09166g,YALI2_A00142g
YALI1_A09190g,YALI2_A00143g
YALI1_A09218g,YALI2_A00144g
YALI1_A09325g,YALI2_A00145g
YALI1_A09372g,YALI2_A00146g
YALI1_A09397g,YALI2_A00548g
YALI1_A09408g,YALI2_A00547g
YALI1_A09422g,YALI2_A00147g
YALI1_A09444g,YALI2_A00148g
YALI1_A09467g,YALI2_A00149g
YALI1_A09522g,YALI2_A00546g
YALI1_A09524g,YALI2_A00150g
YALI1_A09553g,YALI2_A00151g
YALI1_A09576g,YALI2_A00545g
YALI1_A09593g,YALI2_A00152g
YALI1_A09626g,YALI2_A00544g
YALI1_A09638g,YALI2_A00153g
YALI1_A09654g,YALI2_A00543g
YALI1_A09694g,YALI2_A00154g
YALI1_A09766g,YALI2_A00542g
YALI1_A09787g,YALI2_A00541g
YALI1_A09798g,YALI2_A00155g
YALI1_A09856g,YALI2_A00156g
YALI1_A09893g,YALI2_A00540g
YALI1_A09911g,YALI2_A00539g
YALI1_A09939g,YALI2_A00538g
YALI1_A09949g,YALI2_A00157g
YALI1_A10015g,YALI2_A00537g
YALI1_A10022g,YALI2_A00159g
YALI1_A10072g,YALI2_A00160g
YALI1_A10105g,YALI2_A00536g
YALI1_A10143g,YALI2_A00535g
YALI1_A10146g,YALI2_A00161g
YALI1_A10199g,YALI2_A00534g
YALI1_A10254g,YALI2_A00533g
YALI1_A10267g,YALI2_A00162g
YALI1_A10318g,YALI2_A00163g
YALI1_A10365g,YALI2_A00164g
YALI1_A10468g,YALI2_A00532g
YALI1_A10473g,YALI2_A00531g
YALI1_A10510g,YALI2_A00165g
YALI1_A10529g,YALI2_A00530g
YALI1_A10565g,YALI2_A00529g
YALI1_A10619g,YALI2_A00166g
YALI1_A10672g,YALI2_A00526g
YALI1_A10708g,YALI2_A00525g
YALI1_A10784g,YALI2_A00524g
YALI1_A10798g,YALI2_A00167g
YALI1_A10827g,YALI2_A00523g
YALI1_A10857g,YALI2_A00170g
YALI1_A10883g,YALI2_A00522g
YALI1_A10907g,YALI2_A00171g
YALI1_A10934g,YALI2_A00521g
YALI1_A11043g,YALI2_A00520g
YALI1_A11079g,YALI2_A00172g
YALI1_A11114g,YALI2_A00519g
YALI1_A11182g,YALI2_A00173g
YALI1_A11218g,YALI2_A00518g
YALI1_A11231g,YALI2_A00517g
YALI1_A11258g,YALI2_A00516g
YALI1_A11270g,YALI2_A00174g
YALI1_A11355g,YALI2_A00515g
YALI1_A11415g,YALI2_A00514g
YALI1_A11439g,YALI2_A00176g
YALI1_A11500g,YALI2_A00512g
YALI1_A11506g,YALI2_A00177g
YALI1_A11612g,YALI2_A00511g
YALI1_A11654g,YALI2_A00179g
YALI1_A11676g,YALI2_A00510g
YALI1_A11723g,YALI2_A00509g
YALI1_A11797g,YALI2_A00508g
YALI1_A11905g,YALI2_A00181g
YALI1_A11954g,YALI2_A00507g
YALI1_A12037g,YALI2_A00182g
YALI1_A12067g,YALI2_A00183g
YALI1_A12099g,YALI2_A00184g
YALI1_A12167g,YALI2_A00185g
YALI1_A12225g,YALI2_A00506g
YALI1_A12245g,YALI2_A00186g
YALI1_A12284g,YALI2_A00505g
YALI1_A12302g,YALI2_A00187g
YALI1_A12356g,YALI2_A00504g
YALI1_A12403g,YALI2_A00503g
YALI1_A12411g,YALI2_A00188g
YALI1_A12437g,YALI2_A00502g
YALI1_A12465g,YALI2_A00189g
YALI1_A12475g,YALI2_A00190g
YALI1_A12502g,YALI2_A00191g
YALI1_A12540g,YALI2_A00192g
YALI1_A12601g,YALI2_A00193g
YALI1_A12617g,YALI2_A00501g
YALI1_A12638g,YALI2_A00194g
YALI1_A12688g,YALI2_A00195g
YALI1_A12729g,YALI2_A00196g
YALI1_A12756g,YALI2_A00197g
YALI1_A12772g,YALI2_A00500g
YALI1_A12852g,YALI2_A00198g
YALI1_A12929g,YALI2_A00199g
YALI1_A12989g,YALI2_A00497g
YALI1_A13019g,YALI2_A00200g
YALI1_A13041g,YALI2_A00496g
YALI1_A13046g,YALI2_A00201g
YALI1_A13095g,YALI2_A00495g
YALI1_A13100g,YALI2_A00202g
YALI1_A13200g,YALI2_A00494g
YALI1_A13287g,YALI2_A00204g
YALI1_A13334g,YALI2_A00207g
YALI1_A13349g,YALI2_A00208g
YALI1_A13383g,YALI2_A00493g
YALI1_A13412g,YALI2_A00209g
YALI1_A13454g,YALI2_A00210g
YALI1_A13508g,YALI2_A00492g
YALI1_A13555g,YALI2_A00491g
YALI1_A13566g,YALI2_A00211g
YALI1_A13596g,YALI2_A00212g
YALI1_A13649g,YALI2_A00213g
YALI1_A13682g,YALI2_A00214g
YALI1_A13713g,YALI2_A00490g
YALI1_A13737g,YALI2_A00489g
YALI1_A13775g,YALI2_A00215g
YALI1_A13877g,YALI2_A00217g
YALI1_A13962g,YALI2_A00218g
YALI1_A13994g,YALI2_A00488g
YALI1_A14024g,YALI2_A00220g
YALI1_A14079g,YALI2_A00487g
YALI1_A14099g,YALI2_A00221g
YALI1_A14162g,YALI2_A00486g
YALI1_A14189g,YALI2_A00485g
YALI1_A14199g,YALI2_A00222g
YALI1_A14228g,YALI2_A00484g
YALI1_A14259g,YALI2_A00483g
YALI1_A14287g,YALI2_A00223g
YALI1_A14305g,YALI2_A00224g
YALI1_A14345g,YALI2_A00225g
YALI1_A14368g,YALI2_A00226g
YALI1_A14390g,YALI2_A00227g
YALI1_A14513g,YALI2_A00228g
YALI1_A14568g,YALI2_A00482g
YALI1_A14658g,YALI2_A00481g
YALI1_A14670g,YALI2_A00229g
YALI1_A14703g,YALI2_A00230g
YALI1_A14721g,YALI2_A00480g
YALI1_A14736g,YALI2_A00231g
YALI1_A14783g,YALI2_A00232g
YALI1_A14826g,YALI2_A00233g
YALI1_A14882g,YALI2_A00234g
YALI1_A14922g,YALI2_A00478g
YALI1_A15045g,YALI2_A00235g
YALI1_A15053g,YALI2_A00236g
YALI1_A15073g,YALI2_A00476g
YALI1_A15079g,YALI2_A00237g
YALI1_A15105g,YALI2_A00238g
YALI1_A15132g,YALI2_A00239g
YALI1_A15227g,YALI2_A00240g
YALI1_A15274g,YALI2_A00241g
YALI1_A15311g,YALI2_A00474g
YALI1_A15349g,YALI2_A00473g
YALI1_A15414g,YALI2_A00242g
YALI1_A15461g,YALI2_A00471g
YALI1_A15482g,YALI2_A00470g
YALI1_A15497g,YALI2_A00469g
YALI1_A15507g,YALI2_A00468g
YALI1_A15515g,YALI2_A00243g
YALI1_A15528g,YALI2_A00244g
YALI1_A15544g,YALI2_A00245g
YALI1_A15584g,YALI2_A00467g
YALI1_A15624g,YALI2_A00466g
YALI1_A15720g,YALI2_A00465g
YALI1_A15722g,YALI2_A00246g
YALI1_A15766g,YALI2_A00247g
YALI1_A15784g,YALI2_A00464g
YALI1_A15813g,YALI2_A00463g
YALI1_A15846g,YALI2_A00248g
YALI1_A15863g,YALI2_A00249g
YALI1_A15879g,YALI2_A00250g
YALI1_A15925g,YALI2_A00251g
YALI1_A15978g,YALI2_A00462g
YALI1_A16004g,YALI2_A00252g
YALI1_A16028g,YALI2_A00461g
YALI1_A16095g,YALI2_A00459g
YALI1_A16121g,YALI2_A00458g
YALI1_A16178g,YALI2_A00457g
YALI1_A16215g,YALI2_A00455g
YALI1_A16292g,YALI2_A00254g
YALI1_A16392g,YALI2_A00454g
YALI1_A16422g,YALI2_A00255g
YALI1_A16461g,YALI2_A00453g
YALI1_A16485g,YALI2_A00256g
YALI1_A16501g,YALI2_A00452g
YALI1_A16509g,YALI2_A00257g
YALI1_A16618g,YALI2_A00451g
YALI1_A16642g,YALI2_A00258g
YALI1_A16681g,YALI2_A00450g
YALI1_A16712g,YALI2_A00449g
YALI1_A16745g,YALI2_A00448g
YALI1_A16770g,YALI2_A00447g
YALI1_A16787g,YALI2_A00259g
YALI1_A16988g,YALI2_A00446g
YALI1_A17085g,YALI2_A00444g
YALI1_A17118g,YALI2_A00443g
YALI1_A17123g,YALI2_A00442g
YALI1_A17177g,YALI2_A00441g
YALI1_A17234g,YALI2_A00440g
YALI1_A17289g,YALI2_A00439g
YALI1_A17328g,YALI2_A00260g
YALI1_A17348g,YALI2_A00261g
YALI1_A17383g,YALI2_A00438g
YALI1_A17401g,YALI2_A00437g
YALI1_A17419g,YALI2_A00436g
YALI1_A17433g,YALI2_A00435g
YALI1_A17450g,YALI2_A00434g
YALI1_A17470g,YALI2_A00433g
YALI1_A17486g,YALI2_A00262g
YALI1_A17511g,YALI2_A00432g
YALI1_A17515g,YALI2_A00263g
YALI1_A17546g,YALI2_A00431g
YALI1_A17570g,YALI2_A00430g
YALI1_A17583g,YALI2_A00264g
YALI1_A17622g,YALI2_A00429g
YALI1_A17640g,YALI2_A00428g
YALI1_A17651g,YALI2_A00265g
YALI1_A17671g,YALI2_A00266g
YALI1_A17720g,YALI2_A00427g
YALI1_A17749g,YALI2_A00267g
YALI1_A17824g,YALI2_A00426g
YALI1_A17927g,YALI2_A00425g
YALI1_A17957g,YALI2_A00269g
YALI1_A18036g,YALI2_A00424g
YALI1_A18062g,YALI2_A00423g
YALI1_A18076g,YALI2_A00422g
YALI1_A18133g,YALI2_A00270g
YALI1_A18166g,YALI2_A00271g
YALI1_A18188g,YALI2_A00272g
YALI1_A18219g,YALI2_A00273g
YALI1_A18273g,YALI2_A00421g
YALI1_A18286g,YALI2_A00274g
YALI1_A18315g,YALI2_A00420g
YALI1_A18344g,YALI2_A00419g
YALI1_A18414g,YALI2_A00418g
YALI1_A18439g,YALI2_A00417g
YALI1_A18514g,YALI2_A00416g
YALI1_A18557g,YALI2_A00275g
YALI1_A18622g,YALI2_A00415g
YALI1_A18660g,YALI2_A00276g
YALI1_A18752g,YALI2_A00277g
YALI1_A18805g,YALI2_A00414g
YALI1_A18817g,YALI2_A00278g
YALI1_A18847g,YALI2_A00413g
YALI1_A18897g,YALI2_A00412g
YALI1_A18915g,YALI2_A00279g
YALI1_A19025g,YALI2_A00280g
YALI1_A19070g,YALI2_A00411g
YALI1_A19214g,YALI2_A00410g
YALI1_A19398g,YALI2_A00409g
YALI1_A19419g,YALI2_A00281g
YALI1_A19428g,YALI2_A00282g
YALI1_A19459g,YALI2_A00408g
YALI1_A19483g,YALI2_A00283g
YALI1_A19515g,YALI2_A00407g
YALI1_A19526g,YALI2_A00284g
YALI1_A19549g,YALI2_A00406g
YALI1_A19563g,YALI2_A00285g
YALI1_A19595g,YALI2_A00405g
YALI1_A19675g,YALI2_A00404g
YALI1_A19725g,YALI2_A00403g
YALI1_A19731g,YALI2_A00286g
YALI1_A19759g,YALI2_A00287g
YALI1_A19795g,YALI2_A00402g
YALI1_A19829g,YALI2_A00288g
YALI1_A19862g,YALI2_A00401g
YALI1_A19885g,YALI2_A00400g
YALI1_A19898g,YALI2_A00289g
YALI1_A19924g,YALI2_A00399g
YALI1_A19965g,YALI2_A00398g
YALI1_A19974g,YALI2_A00290g
YALI1_A19989g,YALI2_A00291g
YALI1_A20063g,YALI2_A00397g
YALI1_A20089g,YALI2_A00292g
YALI1_A20113g,YALI2_A00293g
YALI1_A20129g,YALI2_A00396g
YALI1_A20131g,YALI2_A00294g
YALI1_A20149g,YALI2_A00295g
YALI1_A20176g,YALI2_A00395g
YALI1_A20201g,YALI2_A00296g
YALI1_A20221g,YALI2_A00297g
YALI1_A20229g,YALI2_A00298g
YALI1_A20258g,YALI2_A00394g
YALI1_A20283g,YALI2_A00393g
YALI1_A20320g,YALI2_A00392g
YALI1_A20370g,YALI2_A00391g
YALI1_A20398g,YALI2_A00390g
YALI1_A20408g,YALI2_A00299g
YALI1_A20441g,YALI2_A00389g
YALI1_A20453g,YALI2_A00300g
YALI1_A20484g,YALI2_A00388g
YALI1_A20528g,YALI2_A00387g
YALI1_A20558g,YALI2_A00301g
YALI1_A20602g,YALI2_A00302g
YALI1_A20611g,YALI2_A00303g
YALI1_A20631g,YALI2_A00304g
YALI1_A20685g,YALI2_A00386g
YALI1_A20739g,YALI2_A00305g
YALI1_A20793g,YALI2_A00385g
YALI1_A20822g,YALI2_A00384g
YALI1_A20849g,YALI2_A00383g
YALI1_A20855g,YALI2_A00306g
YALI1_A20884g,YALI2_A00382g
YALI1_A20902g,YALI2_A00381g
YALI1_A20937g,YALI2_A00307g
YALI1_A20965g,YALI2_A00380g
YALI1_A20995g,YALI2_A00379g
YALI1_A21000g,YALI2_A00308g
YALI1_A21021g,YALI2_A00378g
YALI1_A21040g,YALI2_A00377g
YALI1_A21043g,YALI2_A00309g
YALI1_A21057g,YALI2_A00310g
YALI1_A21089g,YALI2_A00311g
YALI1_A21120g,YALI2_A00312g
YALI1_A21156g,YALI2_A00376g
YALI1_A21175g,YALI2_A00375g
YALI1_A21203g,YALI2_A00374g
YALI1_A21236g,YALI2_A00313g
YALI1_A21265g,YALI2_A00314g
YALI1_A21283g,YALI2_A00315g
YALI1_A21311g,YALI2_A00316g
YALI1_A21345g,YALI2_A00373g
YALI1_A21372g,YALI2_A00317g
YALI1_A21409g,YALI2_A00372g
YALI1_A21420g,YALI2_A00371g
YALI1_A21449g,YALI2_A00370g
YALI1_A21477g,YALI2_A00318g
YALI1_A21499g,YALI2_A00319g
YALI1_A21509g,YALI2_A00320g
YALI1_A21550g,YALI2_A00368g
YALI1_A21554g,YALI2_A00321g
YALI1_A21565g,YALI2_A00322g
YALI1_A21594g,YALI2_A00323g
YALI1_A21617g,YALI2_A00367g
YALI1_A21620g,YALI2_A00324g
YALI1_A21630g,YALI2_A00325g
YALI1_A21654g,YALI2_A00326g
YALI1_A21696g,YALI2_A00366g
YALI1_A21711g,YALI2_A00365g
YALI1_A21720g,YALI2_A00327g
YALI1_A21746g,YALI2_A00328g
YALI1_A21775g,YALI2_A00363g
YALI1_A21797g,YALI2_A00329g
YALI1_A21835g,YALI2_A00362g
YALI1_A21871g,YALI2_A00361g
YALI1_A21913g,YALI2_A00360g
YALI1_A21919g,YALI2_A00330g
YALI1_A21945g,YALI2_A00331g
YALI1_A21970g,YALI2_A00332g
YALI1_A21993g,YALI2_A00359g
YALI1_A22008g,YALI2_A00333g
YALI1_A22023g,YALI2_A00358g
YALI1_A22027g,YALI2_A00334g
YALI1_A22073g,YALI2_A00355g
YALI1_A22093g,YALI2_A00354g
YALI1_A22105g,YALI2_A00353g
YALI1_A22111g,YALI2_A00335g
YALI1_A22129g,YALI2_A00336g
YALI1_A22137g,YALI2_A00337g
YALI1_A22157g,YALI2_A00338g
YALI1_A22192g,YALI2_A00339g
YALI1_A22228g,YALI2_A00352g
YALI1_A22236g,YALI2_A00340g
YALI1_A22275g,YALI2_A00351g
YALI1_A22330g,YALI2_A00350g
YALI1_A22393g,YALI2_A00349g
YALI1_A22440g,YALI2_A00341g
YALI1_A22454g,YALI2_A00342g
YALI1_A22496g,YALI2_A00348g
YALI1_A22539g,YALI2_A00347g
YALI1_A22551g,YALI2_A00343g
YALI1_B00037g,YALI2_B00001g
YALI1_B00049g,YALI2_B00002g
YALI1_B00082g,YALI2_B00653g
YALI1_B00133g,YALI2_B00003g
YALI1_B00198g,YALI2_B00652g
YALI1_B00214g,YALI2_B00651g
YALI1_B00242g,YALI2_B00004g
YALI1_B00273g,YALI2_B00650g
YALI1_B00280g,YALI2_B00005g
YALI1_B00329g,YALI2_B00649g
YALI1_B00675g,YALI2_B00644g
YALI1_B00829g,YALI2_B00011g
YALI1_B00908g,YALI2_B00006g
YALI1_B00977g,YALI2_B00010g
YALI1_B01030g,YALI2_B00009g
YALI1_B01084g,YALI2_B00008g
YALI1_B01136g,YALI2_B00641g
YALI1_B01223g,YALI2_B00642g
YALI1_B01317g,YALI2_B00007g
YALI1_B01325g,YALI2_B00643g
YALI1_B01428g,YALI2_B00639g
YALI1_B01464g,YALI2_B00012g
YALI1_B01511g,YALI2_B00638g
YALI1_B01552g,YALI2_B00013g
YALI1_B01578g,YALI2_B00014g
YALI1_B01628g,YALI2_B00637g
YALI1_B01644g,YALI2_B00015g
YALI1_B01698g,YALI2_B00636g
YALI1_B01711g,YALI2_B00016g
YALI1_B01752g,YALI2_B00635g
YALI1_B01813g,YALI2_B00634g
YALI1_B01839g,YALI2_B00017g
YALI1_B01903g,YALI2_B00633g
YALI1_B01962g,YALI2_B00632g
YALI1_B02011g,YALI2_B00018g
YALI1_B02091g,YALI2_B00019g
YALI1_B02149g,YALI2_B00631g
YALI1_B02177g,YALI2_B00630g
YALI1_B02194g,YALI2_B00020g
YALI1_B02228g,YALI2_B00021g
YALI1_B02283g,YALI2_B00629g
YALI1_B02345g,YALI2_B00628g
YALI1_B02375g,YALI2_B00022g
YALI1_B02415g,YALI2_B00627g
YALI1_B02430g,YALI2_B00023g
YALI1_B02465g,YALI2_B00626g
YALI1_B02472g,YALI2_B00024g
YALI1_B02487g,YALI2_B00625g
YALI1_B02496g,YALI2_B00025g
YALI1_B02506g,YALI2_B00026g
YALI1_B02533g,YALI2_B00624g
YALI1_B02550g,YALI2_B00027g
YALI1_B02604g,YALI2_B00623g
YALI1_B02637g,YALI2_B00622g
YALI1_B02642g,YALI2_B00028g
YALI1_B02672g,YALI2_B00029g
YALI1_B02696g,YALI2_B00621g
YALI1_B02717g,YALI2_B00030g
YALI1_B02733g,YALI2_B00031g
YALI1_B02767g,YALI2_B00620g
YALI1_B02781g,YALI2_B00032g
YALI1_B02806g,YALI2_B00619g
YALI1_B02833g,YALI2_B00033g
YALI1_B02874g,YALI2_B00618g
YALI1_B02881g,YALI2_B00034g
YALI1_B02910g,YALI2_B00616g
YALI1_B02931g,YALI2_B00035g
YALI1_B02991g,YALI2_B00615g
YALI1_B03021g,YALI2_B00036g
YALI1_B03041g,YALI2_B00614g
YALI1_B03043g,YALI2_B00037g
YALI1_B03085g,YALI2_B00613g
YALI1_B03120g,YALI2_B00038g
YALI1_B03168g,YALI2_B00039g
YALI1_B03198g,YALI2_B00040g
YALI1_B03225g,YALI2_B00612g
YALI1_B03314g,YALI2_B00611g
YALI1_B03335g,YALI2_B00041g
YALI1_B03404g,YALI2_B00610g
YALI1_B03644g,YALI2_B00609g
YALI1_B03719g,YALI2_B00608g
YALI1_B03761g,YALI2_B00607g
YALI1_B03797g,YALI2_B00042g
YALI1_B03807g,YALI2_B00043g
YALI1_B03832g,YALI2_B00044g
YALI1_B03853g,YALI2_B00045g
YALI1_B03910g,YALI2_B00606g
YALI1_B03963g,YALI2_B00605g
YALI1_B03979g,YALI2_B00046g
YALI1_B04007g,YALI2_B00047g
YALI1_B04032g,YALI2_B00048g
YALI1_B04068g,YALI2_B00049g
YALI1_B04123g,YALI2_B00604g
YALI1_B04138g,YALI2_B00050g
YALI1_B04200g,YALI2_B00603g
YALI1_B04212g,YALI2_B00051g
YALI1_B04228g,YALI2_B00052g
YALI1_B04248g,YALI2_B00053g
YALI1_B04274g,YALI2_B00054g
YALI1_B04309g,YALI2_B00602g
YALI1_B04321g,YALI2_B00055g
YALI1_B04370g,YALI2_B00601g
YALI1_B04391g,YALI2_B00600g
YALI1_B04433g,YALI2_B00056g
YALI1_B04466g,YALI2_B00599g
YALI1_B04470g,YALI2_B00057g
YALI1_B04497g,YALI2_B00598g
YALI1_B04502g,YALI2_B00058g
YALI1_B04523g,YALI2_B00597g
YALI1_B04540g,YALI2_B00596g
YALI1_B04559g,YALI2_B00059g
YALI1_B04589g,YALI2_B00060g
YALI1_B04637g,YALI2_B00595g
YALI1_B04690g,YALI2_B00061g
YALI1_B04747g,YALI2_B00594g
YALI1_B04759g,YALI2_B00062g
YALI1_B04779g,YALI2_B00593g
YALI1_B04781g,YALI2_B00063g
YALI1_B04803g,YALI2_B00064g
YALI1_B04831g,YALI2_B00065g
YALI1_B04853g,YALI2_B00592g
YALI1_B04873g,YALI2_B00066g
YALI1_B04901g,YALI2_B00591g
YALI1_B04937g,YALI2_B00590g
YALI1_B04950g,YALI2_B00067g
YALI1_B04974g,YALI2_B00068g
YALI1_B05005g,YALI2_B00589g
YALI1_B05024g,YALI2_B00069g
YALI1_B05043g,YALI2_B00070g
YALI1_B05072g,YALI2_B00588g
YALI1_B05106g,YALI2_B00071g
YALI1_B05185g,YALI2_B00587g
YALI1_B05226g,YALI2_B00586g
YALI1_B05242g,YALI2_B00072g
YALI1_B05295g,YALI2_B00073g
YALI1_B05313g,YALI2_B00585g
YALI1_B05350g,YALI2_B00584g
YALI1_B05364g,YALI2_B00074g
YALI1_B05404g,YALI2_B00583g
YALI1_B05420g,YALI2_B00075g
YALI1_B05438g,YALI2_B00582g
YALI1_B05454g,YALI2_B00076g
YALI1_B05483g,YALI2_B00581g
YALI1_B05497g,YALI2_B00077g
YALI1_B05520g,YALI2_B00580g
YALI1_B05522g,YALI2_B00078g
YALI1_B05571g,YALI2_B00579g
YALI1_B05609g,YALI2_B00079g
YALI1_B05646g,YALI2_B00080g
YALI1_B05690g,YALI2_B00081g
YALI1_B05711g,YALI2_B00082g
YALI1_B05762g,YALI2_B00578g
YALI1_B05798g,YALI2_B00083g
YALI1_B05832g,YALI2_B00084g
YALI1_B05891g,YALI2_B00085g
YALI1_B05947g,YALI2_B00577g
YALI1_B05964g,YALI2_B00576g
YALI1_B05971g,YALI2_B00086g
YALI1_B05995g,YALI2_B00087g
YALI1_B06015g,YALI2_B00575g
YALI1_B06028g,YALI2_B00088g
YALI1_B06110g,YALI2_B00574g
YALI1_B06245g,YALI2_B00572g
YALI1_B06315g,YALI2_B00571g
YALI1_B06340g,YALI2_B00090g
YALI1_B06447g,YALI2_B00570g
YALI1_B06487g,YALI2_B00569g
YALI1_B06489g,YALI2_B00091g
YALI1_B06607g,YALI2_B00568g
YALI1_B06704g,YALI2_B00092g
YALI1_B06726g,YALI2_B00093g
YALI1_B06735g,YALI2_B00567g
YALI1_B06745g,YALI2_B00094g
YALI1_B06776g,YALI2_B00566g
YALI1_B06809g,YALI2_B00565g
YALI1_B06839g,YALI2_B00095g
YALI1_B06847g,YALI2_C00217g
YALI1_B06866g,YALI2_C00218g
YALI1_B06928g,YALI2_C00219g
YALI1_B07043g,YALI2_C00220g
YALI1_B07076g,YALI2_C00972g
YALI1_B07094g,YALI2_C00221g
YALI1_B07134g,YALI2_C00971g
YALI1_B07162g,YALI2_C00222g
YALI1_B07271g,YALI2_C00970g
YALI1_B07284g,YALI2_C00969g
YALI1_B07295g,YALI2_C00223g
YALI1_B07331g,YALI2_C00224g
YALI1_B07366g,YALI2_C00968g
YALI1_B07374g,YALI2_C00225g
YALI1_B07399g,YALI2_C00967g
YALI1_B07413g,YALI2_C00226g
YALI1_B07444g,YALI2_C00966g
YALI1_B07500g,YALI2_C00965g
YALI1_B07538g,YALI2_C00964g
YALI1_B07549g,YALI2_C00227g
YALI1_B07578g,YALI2_C00963g
YALI1_B07598g,YALI2_C00228g
YALI1_B07652g,YALI2_C00229g
YALI1_B07675g,YALI2_C00962g
YALI1_B07696g,YALI2_C00230g
YALI1_B07735g,YALI2_C00961g
YALI1_B07769g,YALI2_C00232g
YALI1_B07786g,YALI2_C00960g
YALI1_B07809g,YALI2_C00959g
YALI1_B07843g,YALI2_C00958g
YALI1_B07852g,YALI2_C00957g
YALI1_B07853g,YALI2_C00233g
YALI1_B07864g,YALI2_C00234g
YALI1_B07915g,YALI2_C00956g
YALI1_B07937g,YALI2_C00235g
YALI1_B07957g,YALI2_C00236g
YALI1_B07983g,YALI2_C00237g
YALI1_B08094g,YALI2_C00955g
YALI1_B08123g,YALI2_C00954g
YALI1_B08134g,YALI2_C00953g
YALI1_B08156g,YALI2_C00238g
YALI1_B08186g,YALI2_C00239g
YALI1_B08193g,YALI2_C00240g
YALI1_B08214g,YALI2_C00241g
YALI1_B08263g,YALI2_C00952g
YALI1_B08321g,YALI2_C00242g
YALI1_B08401g,YALI2_C00243g
YALI1_B08438g,YALI2_C00951g
YALI1_B08461g,YALI2_C00950g
YALI1_B08493g,YALI2_C00244g
YALI1_B08531g,YALI2_C00949g
YALI1_B08540g,YALI2_C00245g
YALI1_B08580g,YALI2_C00948g
YALI1_B08616g,YALI2_C00947g
YALI1_B08627g,YALI2_C00246g
YALI1_B08650g,YALI2_C00247g
YALI1_B08699g,YALI2_C00946g
YALI1_B08721g,YALI2_C00945g
YALI1_B08758g,YALI2_C00944g
YALI1_B08783g,YALI2_C00248g
YALI1_B08801g,YALI2_C00249g
YALI1_B08817g,YALI2_C00250g
YALI1_B08851g,YALI2_C00943g
YALI1_B08885g,YALI2_C00942g
YALI1_B08898g,YALI2_C00251g
YALI1_B08975g,YALI2_C00941g
YALI1_B08978g,YALI2_C00252g
YALI1_B09002g,YALI2_C00253g
YALI1_B09025g,YALI2_C00940g
YALI1_B09044g,YALI2_C00254g
YALI1_B09072g,YALI2_C00939g
YALI1_B09090g,YALI2_C00255g
YALI1_B09117g,YALI2_C00256g
YALI1_B09132g,YALI2_C00257g
YALI1_B09161g,YALI2_C00258g
YALI1_B09211g,YALI2_C00259g
YALI1_B09258g,YALI2_C00937g
YALI1_B09266g,YALI2_C00260g
YALI1_B09279g,YALI2_C00936g
YALI1_B09299g,YALI2_C00261g
YALI1_B09310g,YALI2_C00262g
YALI1_B09333g,YALI2_C00935g
YALI1_B09367g,YALI2_C00934g
YALI1_B09448g,YALI2_C00933g
YALI1_B09497g,YALI2_C00263g
YALI1_B09568g,YALI2_C00932g
YALI1_B09592g,YALI2_C00264g
YALI1_B09708g,YALI2_C00931g
YALI1_B09807g,YALI2_C00930g
YALI1_B09837g,YALI2_C00265g
YALI1_B09894g,YALI2_C00266g
YALI1_B09993g,YALI2_C00929g
YALI1_B10032g,YALI2_C00268g
YALI1_B10094g,YALI2_C00269g
YALI1_B10130g,YALI2_C00270g
YALI1_B10145g,YALI2_C00271g
YALI1_B10182g,YALI2_C00928g
YALI1_B10231g,YALI2_C00272g
YALI1_B10263g,YALI2_C00927g
YALI1_B10288g,YALI2_C00274g
YALI1_B10359g,YALI2_C00275g
YALI1_B10424g,YALI2_C00277g
YALI1_B10437g,YALI2_C00278g
YALI1_B10449g,YALI2_C00279g
YALI1_B10525g,YALI2_C00925g
YALI1_B10552g,YALI2_C00924g
YALI1_B10582g,YALI2_C00923g
YALI1_B10607g,YALI2_C00922g
YALI1_B10635g,YALI2_C00280g
YALI1_B10813g,YALI2_C00921g
YALI1_B10891g,YALI2_C00281g
YALI1_B10990g,YALI2_C00919g
YALI1_B11083g,YALI2_C00282g
YALI1_B11131g,YALI2_C00283g
YALI1_B11167g,YALI2_C00918g
YALI1_B11183g,YALI2_C00284g
YALI1_B11200g,YALI2_C00285g
YALI1_B11388g,YALI2_C00917g
YALI1_B11398g,YALI2_C00916g
YALI1_B11402g,YALI2_C00286g
YALI1_B11448g,YALI2_C00914g
YALI1_B11484g,YALI2_C00913g
YALI1_B11495g,YALI2_C00287g
YALI1_B11519g,YALI2_C00912g
YALI1_B11532g,YALI2_C00288g
YALI1_B11607g,YALI2_C00289g
YALI1_B11648g,YALI2_C00290g
YALI1_B11681g,YALI2_C00911g
YALI1_B11715g,YALI2_C00910g
YALI1_B11759g,YALI2_C00909g
YALI1_B11794g,YALI2_C00291g
YALI1_B11853g,YALI2_C00907g
YALI1_B11878g,YALI2_C00292g
YALI1_B11916g,YALI2_C00906g
YALI1_B11934g,YALI2_C00293g
YALI1_B11960g,YALI2_C00905g
YALI1_B11983g,YALI2_C00294g
YALI1_B12010g,YALI2_C00295g
YALI1_B12042g,YALI2_C00904g
YALI1_B12057g,YALI2_C00296g
YALI1_B12101g,YALI2_C00297g
YALI1_B12154g,YALI2_C00298g
YALI1_B12195g,YALI2_C00903g
YALI1_B12204g,YALI2_C00299g
YALI1_B12243g,YALI2_C00902g
YALI1_B12267g,YALI2_C00901g
YALI1_B12295g,YALI2_C00900g
YALI1_B12337g,YALI2_C00899g
YALI1_B12375g,YALI2_C00898g
YALI1_B12409g,YALI2_C00300g
YALI1_B12427g,YALI2_C00301g
YALI1_B12443g,YALI2_C00897g
YALI1_B12451g,YALI2_C00302g
YALI1_B12489g,YALI2_C00303g
YALI1_B12529g,YALI2_C00304g
YALI1_B12633g,YALI2_C00305g
YALI1_B12677g,YALI2_C00896g
YALI1_B12691g,YALI2_C00306g
YALI1_B12714g,YALI2_C00307g
YALI1_B12742g,YALI2_C00895g
YALI1_B12781g,YALI2_C00894g
YALI1_B12847g,YALI2_C00893g
YALI1_B12917g,YALI2_C00309g
YALI1_B12966g,YALI2_C00892g
YALI1_B12993g,YALI2_C00310g
YALI1_B13041g,YALI2_C00891g
YALI1_B13069g,YALI2_C00311g
YALI1_B13112g,YALI2_C00890g
YALI1_B13122g,YALI2_C00889g
YALI1_B13137g,YALI2_C00888g
YALI1_B13150g,YALI2_C00312g
YALI1_B13179g,YALI2_C00887g
YALI1_B13259g,YALI2_C00313g
YALI1_B13290g,YALI2_C00314g
YALI1_B13328g,YALI2_C00886g
YALI1_B13355g,YALI2_C00315g
YALI1_B13439g,YALI2_C00316g
YALI1_B13483g,YALI2_C00317g
YALI1_B13536g,YALI2_C00318g
YALI1_B13556g,YALI2_C00319g
YALI1_B13586g,YALI2_C00320g
YALI1_B13614g,YALI2_C00321g
YALI1_B13641g,YALI2_C00322g
YALI1_B13662g,YALI2_C00323g
YALI1_B13699g,YALI2_C00885g
YALI1_B13723g,YALI2_C00324g
YALI1_B13737g,YALI2_C00325g
YALI1_B13800g,YALI2_C00884g
YALI1_B13828g,YALI2_C00326g
YALI1_B13886g,YALI2_C00883g
YALI1_B13888g,YALI2_C00327g
YALI1_B13915g,YALI2_C00882g
YALI1_B13917g,YALI2_C00328g
YALI1_B13948g,YALI2_C00881g
YALI1_B13973g,YALI2_C00329g
YALI1_B14013g,YALI2_C00880g
YALI1_B14044g,YALI2_C00330g
YALI1_B14064g,YALI2_C00331g
YALI1_B14121g,YALI2_C00332g
YALI1_B14147g,YALI2_C00879g
YALI1_B14150g,YALI2_C00333g
YALI1_B14187g,YALI2_C00878g
YALI1_B14194g,YALI2_C00334g
YALI1_B14236g,YALI2_C00877g
YALI1_B14238g,YALI2_C00335g
YALI1_B14268g,YALI2_C00876g
YALI1_B14292g,YALI2_C00875g
YALI1_B14325g,YALI2_C00336g
YALI1_B14355g,YALI2_C00337g
YALI1_B14382g,YALI2_C00874g
YALI1_B14418g,YALI2_C00873g
YALI1_B14441g,YALI2_C00872g
YALI1_B14492g,YALI2_C00871g
YALI1_B14517g,YALI2_C00870g
YALI1_B14544g,YALI2_C00338g
YALI1_B14573g,YALI2_C00339g
YALI1_B14600g,YALI2_C00340g
YALI1_B14615g,YALI2_C00341g
YALI1_B14645g,YALI2_C00869g
YALI1_B14658g,YALI2_C00342g
YALI1_B14680g,YALI2_C00868g
YALI1_B14686g,YALI2_C00343g
YALI1_B14733g,YALI2_C00867g
YALI1_B14752g,YALI2_C00344g
YALI1_B14793g,YALI2_C00866g
YALI1_B14804g,YALI2_C00345g
YALI1_B14826g,YALI2_C00346g
YALI1_B14844g,YALI2_C00347g
YALI1_B14882g,YALI2_C00865g
YALI1_B14924g,YALI2_C00348g
YALI1_B14948g,YALI2_C00349g
YALI1_B14959g,YALI2_C00864g
YALI1_B14978g,YALI2_C00350g
YALI1_B14993g,YALI2_C00351g
YALI1_B15015g,YALI2_C00863g
YALI1_B15072g,YALI2_C00862g
YALI1_B15092g,YALI2_C00861g
YALI1_B15109g,YALI2_C00352g
YALI1_B15151g,YALI2_C00860g
YALI1_B15180g,YALI2_C00859g
YALI1_B15192g,YALI2_C00353g
YALI1_B15237g,YALI2_C00354g
YALI1_B15275g,YALI2_C00355g
YALI1_B15307g,YALI2_C00858g
YALI1_B15310g,YALI2_C00356g
YALI1_B15346g,YALI2_C00357g
YALI1_B15380g,YALI2_C00358g
YALI1_B15440g,YALI2_C00857g
YALI1_B15475g,YALI2_C00856g
YALI1_B15482g,YALI2_C00359g
YALI1_B15509g,YALI2_C00855g
YALI1_B15521g,YALI2_C00360g
YALI1_B15560g,YALI2_C00854g
YALI1_B15587g,YALI2_C00853g
YALI1_B15592g,YALI2_C00361g
YALI1_B15624g,YALI2_C00852g
YALI1_B15655g,YALI2_C00851g
YALI1_B15670g,YALI2_C00362g
YALI1_B15692g,YALI2_C00363g
YALI1_B15706g,YALI2_C00364g
YALI1_B15733g,YALI2_C00850g
YALI1_B15742g,YALI2_C00365g
YALI1_B15792g,YALI2_C00849g
YALI1_B15852g,YALI2_C00848g
YALI1_B15887g,YALI2_C00847g
YALI1_B15905g,YALI2_C00846g
YALI1_B15928g,YALI2_C00845g
YALI1_B15943g,YALI2_C00366g
YALI1_B15964g,YALI2_C00844g
YALI1_B15988g,YALI2_C00843g
YALI1_B15996g,YALI2_C00367g
YALI1_B16022g,YALI2_C00368g
YALI1_B16068g,YALI2_C00369g
YALI1_B16087g,YALI2_C00842g
YALI1_B16110g,YALI2_C00370g
YALI1_B16158g,YALI2_C00841g
YALI1_B16194g,YALI2_C00840g
YALI1_B16239g,YALI2_C00839g
YALI1_B16277g,YALI2_C00371g
YALI1_B16309g,YALI2_C00838g
YALI1_B16318g,YALI2_C00372g
YALI1_B16375g,YALI2_C00837g
YALI1_B16410g,YALI2_C00836g
YALI1_B16419g,YALI2_C00373g
YALI1_B16446g,YALI2_C00374g
YALI1_B16477g,YALI2_C00375g
YALI1_B16504g,YALI2_C00376g
YALI1_B16544g,YALI2_C00835g
YALI1_B16584g,YALI2_C00377g
YALI1_B16645g,YALI2_C00378g
YALI1_B16687g,YALI2_C00834g
YALI1_B16735g,YALI2_C00379g
YALI1_B16808g,YALI2_C00833g
YALI1_B16863g,YALI2_C00380g
YALI1_B16922g,YALI2_C00381g
YALI1_B16944g,YALI2_C00382g
YALI1_B16968g,YALI2_C00383g
YALI1_B16996g,YALI2_C00832g
YALI1_B17008g,YALI2_C00384g
YALI1_B17039g,YALI2_C00831g
YALI1_B17050g,YALI2_C00385g
YALI1_B17105g,YALI2_C00830g
YALI1_B17112g,YALI2_C00386g
YALI1_B17132g,YALI2_C00829g
YALI1_B17155g,YALI2_C00387g
YALI1_B17261g,YALI2_C00828g
YALI1_B17363g,YALI2_C00827g
YALI1_B17406g,YALI2_C00826g
YALI1_B17441g,YALI2_C00825g
YALI1_B17493g,YALI2_C00824g
YALI1_B17518g,YALI2_C00388g
YALI1_B17569g,YALI2_C00823g
YALI1_B17592g,YALI2_C00389g
YALI1_B17660g,YALI2_C00822g
YALI1_B17695g,YALI2_C00390g
YALI1_B17724g,YALI2_C00391g
YALI1_B17773g,YALI2_C00821g
YALI1_B17805g,YALI2_C00392g
YALI1_B17838g,YALI2_C00393g
YALI1_B17871g,YALI2_C00820g
YALI1_B17908g,YALI2_C00819g
YALI1_B17927g,YALI2_C00394g
YALI1_B17964g,YALI2_C00818g
YALI1_B17968g,YALI2_C00395g
YALI1_B17990g,YALI2_C00817g
YALI1_B18012g,YALI2_C00396g
YALI1_B18069g,YALI2_C00816g
YALI1_B18134g,YALI2_C00815g
YALI1_B18190g,YALI2_C00397g
YALI1_B18205g,YALI2_C00814g
YALI1_B18207g,YALI2_C00398g
YALI1_B18236g,YALI2_C00399g
YALI1_B18260g,YALI2_C00813g
YALI1_B18265g,YALI2_C00400g
YALI1_B18292g,YALI2_C00812g
YALI1_B18311g,YALI2_C00401g
YALI1_B18347g,YALI2_C00402g
YALI1_B18368g,YALI2_C00403g
YALI1_B18384g,YALI2_C00811g
YALI1_B18451g,YALI2_C00810g
YALI1_B18460g,YALI2_C00404g
YALI1_B18472g,YALI2_C00809g
YALI1_B18499g,YALI2_C00808g
YALI1_B18536g,YALI2_C00405g
YALI1_B18572g,YALI2_C00406g
YALI1_B18607g,YALI2_C00807g
YALI1_B18613g,YALI2_C00407g
YALI1_B18631g,YALI2_C00806g
YALI1_B18645g,YALI2_C00408g
YALI1_B18687g,YALI2_C00805g
YALI1_B18707g,YALI2_C00804g
YALI1_B18727g,YALI2_C00803g
YALI1_B18741g,YALI2_C00409g
YALI1_B18764g,YALI2_C00410g
YALI1_B18798g,YALI2_C00802g
YALI1_B18811g,YALI2_C00801g
YALI1_B18845g,YALI2_C00800g
YALI1_B18887g,YALI2_C00799g
YALI1_B18902g,YALI2_C00798g
YALI1_B18930g,YALI2_C00411g
YALI1_B18955g,YALI2_C00412g
YALI1_B18971g,YALI2_C00797g
YALI1_B18975g,YALI2_C00413g
YALI1_B19021g,YALI2_C00796g
YALI1_B19044g,YALI2_C00795g
YALI1_B19079g,YALI2_C00794g
YALI1_B19107g,YALI2_C00793g
YALI1_B19120g,YALI2_C00414g
YALI1_B19153g,YALI2_C00792g
YALI1_B19205g,YALI2_C00791g
YALI1_B19217g,YALI2_C00415g
YALI1_B19276g,YALI2_C00790g
YALI1_B19290g,YALI2_C00789g
YALI1_B19323g,YALI2_C00788g
YALI1_B19336g,YALI2_C00787g
YALI1_B19348g,YALI2_C00416g
YALI1_B19388g,YALI2_C00786g
YALI1_B19390g,YALI2_C00418g
YALI1_B19429g,YALI2_C00785g
YALI1_B19485g,YALI2_C00784g
YALI1_B19490g,YALI2_C00419g
YALI1_B19507g,YALI2_C00420g
YALI1_B19520g,YALI2_C00421g
YALI1_B19567g,YALI2_C00783g
YALI1_B19576g,YALI2_C00422g
YALI1_B19602g,YALI2_C00423g
YALI1_B19668g,YALI2_C00424g
YALI1_B19713g,YALI2_C00425g
YALI1_B19747g,YALI2_C00782g
YALI1_B19774g,YALI2_C00781g
YALI1_B19844g,YALI2_C00780g
YALI1_B19880g,YALI2_C00426g
YALI1_B19897g,YALI2_C00427g
YALI1_B19932g,YALI2_C00779g
YALI1_B19962g,YALI2_C00428g
YALI1_B20009g,YALI2_C00429g
YALI1_B20043g,YALI2_C00778g
YALI1_B20052g,YALI2_C00430g
YALI1_B20094g,YALI2_C00777g
YALI1_B20108g,YALI2_C00431g
YALI1_B20130g,YALI2_C00776g
YALI1_B20153g,YALI2_C00432g
YALI1_B20188g,YALI2_C00775g
YALI1_B20192g,YALI2_C00433g
YALI1_B20205g,YALI2_C00434g
YALI1_B20242g,YALI2_C00774g
YALI1_B20243g,YALI2_C00435g
YALI1_B20276g,YALI2_C00773g
YALI1_B20289g,YALI2_C00436g
YALI1_B20319g,YALI2_C00772g
YALI1_B20337g,YALI2_C00771g
YALI1_B20378g,YALI2_C00437g
YALI1_B20407g,YALI2_C00438g
YALI1_B20416g,YALI2_C00439g
YALI1_B20462g,YALI2_C00440g
YALI1_B20493g,YALI2_C00770g
YALI1_B20521g,YALI2_C00769g
YALI1_B20527g,YALI2_C00441g
YALI1_B20577g,YALI2_C00768g
YALI1_B20589g,YALI2_C00442g
YALI1_B20634g,YALI2_C00443g
YALI1_B20717g,YALI2_C00444g
YALI1_B20730g,YALI2_C00445g
YALI1_B20777g,YALI2_C00446g
YALI1_B20802g,YALI2_C00447g
YALI1_B20834g,YALI2_C00767g
YALI1_B20835g,YALI2_C00448g
YALI1_B20870g,YALI2_C00766g
YALI1_B20887g,YALI2_C00449g
YALI1_B20919g,YALI2_C00765g
YALI1_B20935g,YALI2_C00450g
YALI1_B20968g,YALI2_C00764g
YALI1_B20992g,YALI2_C00763g
YALI1_B21004g,YALI2_C00451g
YALI1_B21030g,YALI2_C00762g
YALI1_B21042g,YALI2_C00761g
YALI1_B21070g,YALI2_C00760g
YALI1_B21088g,YALI2_C00452g
YALI1_B21114g,YALI2_C00453g
YALI1_B21134g,YALI2_C00454g
YALI1_B21155g,YALI2_C00759g
YALI1_B21194g,YALI2_C00758g
YALI1_B21208g,YALI2_C00455g
YALI1_B21250g,YALI2_C00757g
YALI1_B21275g,YALI2_C00756g
YALI1_B21313g,YALI2_C00755g
YALI1_B21323g,YALI2_C00456g
YALI1_B21356g,YALI2_C00754g
YALI1_B21381g,YALI2_C00753g
YALI1_B21423g,YALI2_C00752g
YALI1_B21432g,YALI2_C00457g
YALI1_B21466g,YALI2_C00751g
YALI1_B21493g,YALI2_C00458g
YALI1_B21538g,YALI2_C00459g
YALI1_B21562g,YALI2_C00460g
YALI1_B21594g,YALI2_C00461g
YALI1_B21618g,YALI2_C00750g
YALI1_B21628g,YALI2_C00462g
YALI1_B21675g,YALI2_C00463g
YALI1_B21714g,YALI2_C00464g
YALI1_B21737g,YALI2_C00465g
YALI1_B21774g,YALI2_C00749g
YALI1_B21787g,YALI2_C00748g
YALI1_B21798g,YALI2_C00466g
YALI1_B21816g,YALI2_C00747g
YALI1_B21819g,YALI2_C00467g
YALI1_B21855g,YALI2_C00468g
YALI1_B21885g,YALI2_C00469g
YALI1_B21935g,YALI2_C00470g
YALI1_B21946g,YALI2_C00746g
YALI1_B21966g,YALI2_C00471g
YALI1_B22015g,YALI2_C00745g
YALI1_B22020g,YALI2_C00472g
YALI1_B22055g,YALI2_C00744g
YALI1_B22060g,YALI2_C00473g
YALI1_B22088g,YALI2_C00474g
YALI1_B22109g,YALI2_C00475g
YALI1_B22158g,YALI2_C00476g
YALI1_B22259g,YALI2_C00743g
YALI1_B22266g,YALI2_C00477g
YALI1_B22276g,YALI2_C00478g
YALI1_B22321g,YALI2_C00742g
YALI1_B22351g,YALI2_C00479g
YALI1_B22372g,YALI2_C00741g
YALI1_B22375g,YALI2_C00480g
YALI1_B22410g,YALI2_C00740g
YALI1_B22414g,YALI2_C00481g
YALI1_B22452g,YALI2_C00739g
YALI1_B22499g,YALI2_C00738g
YALI1_B22512g,YALI2_C00482g
YALI1_B22533g,YALI2_C00483g
YALI1_B22549g,YALI2_C00484g
YALI1_B22561g,YALI2_C00737g
YALI1_B22598g,YALI2_C00736g
YALI1_B22614g,YALI2_C00485g
YALI1_B22638g,YALI2_C00735g
YALI1_B22645g,YALI2_C00486g
YALI1_B22667g,YALI2_C00734g
YALI1_B22677g,YALI2_C00487g
YALI1_B22697g,YALI2_C00488g
YALI1_B22721g,YALI2_C00733g
YALI1_B22747g,YALI2_C00489g
YALI1_B22793g,YALI2_C00732g
YALI1_B22820g,YALI2_C00731g
YALI1_B22853g,YALI2_C00730g
YALI1_B22883g,YALI2_C00490g
YALI1_B22905g,YALI2_C00729g
YALI1_B22908g,YALI2_C00491g
YALI1_B22938g,YALI2_C00492g
YALI1_B23017g,YALI2_C00493g
YALI1_B23055g,YALI2_C00728g
YALI1_B23061g,YALI2_C00494g
YALI1_B23077g,YALI2_C00495g
YALI1_B23153g,YALI2_C00727g
YALI1_B23176g,YALI2_C00496g
YALI1_B23201g,YALI2_C00726g
YALI1_B23237g,YALI2_C00725g
YALI1_B23300g,YALI2_C00724g
YALI1_B23338g,YALI2_C00723g
YALI1_B23351g,YALI2_C00497g
YALI1_B23373g,YALI2_C00722g
YALI1_B23385g,YALI2_C00721g
YALI1_B23420g,YALI2_C00498g
YALI1_B23440g,YALI2_C00720g
YALI1_B23467g,YALI2_C00499g
YALI1_B23522g,YALI2_C00500g
YALI1_B23579g,YALI2_C00719g
YALI1_B23609g,YALI2_C00718g
YALI1_B23622g,YALI2_C00501g
YALI1_B23708g,YALI2_C00502g
YALI1_B23771g,YALI2_C00503g
YALI1_B23794g,YALI2_C00717g
YALI1_B23798g,YALI2_C00504g
YALI1_B23834g,YALI2_C00716g
YALI1_B23866g,YALI2_C00505g
YALI1_B23879g,YALI2_C00715g
YALI1_B23933g,YALI2_C00714g
YALI1_B23939g,YALI2_C00506g
YALI1_B23966g,YALI2_C00713g
YALI1_B23981g,YALI2_C00507g
YALI1_B24018g,YALI2_C00712g
YALI1_B24043g,YALI2_C00711g
YALI1_B24051g,YALI2_C00508g
YALI1_B24129g,YALI2_C00509g
YALI1_B24185g,YALI2_C00510g
YALI1_B24214g,YALI2_C00710g
YALI1_B24218g,YALI2_C00511g
YALI1_B24252g,YALI2_C00709g
YALI1_B24264g,YALI2_C00512g
YALI1_B24280g,YALI2_C00708g
YALI1_B24292g,YALI2_C00513g
YALI1_B24335g,YALI2_C00707g
YALI1_B24351g,YALI2_C00706g
YALI1_B24424g,YALI2_C00705g
YALI1_B24471g,YALI2_C00704g
YALI1_B24502g,YALI2_C00514g
YALI1_B24564g,YALI2_C00703g
YALI1_B24606g,YALI2_C00515g
YALI1_B24638g,YALI2_C00702g
YALI1_B24654g,YALI2_C00516g
YALI1_B24672g,YALI2_C00517g
YALI1_B24758g,YALI2_C00701g
YALI1_B24836g,YALI2_C00518g
YALI1_B24901g,YALI2_C00519g
YALI1_B24936g,YALI2_C00700g
YALI1_B24970g,YALI2_C00520g
YALI1_B24997g,YALI2_C00699g
YALI1_B25017g,YALI2_C00521g
YALI1_B25062g,YALI2_C00698g
YALI1_B25087g,YALI2_C00697g
YALI1_B25107g,YALI2_C00696g
YALI1_B25136g,YALI2_C00695g
YALI1_B25187g,YALI2_C00522g
YALI1_B25223g,YALI2_C00694g
YALI1_B25258g,YALI2_C00693g
YALI1_B25313g,YALI2_C00692g
YALI1_B25360g,YALI2_C00523g
YALI1_B25395g,YALI2_C00524g
YALI1_B25427g,YALI2_C00525g
YALI1_B25484g,YALI2_C00526g
YALI1_B25506g,YALI2_C00527g
YALI1_B25553g,YALI2_C00528g
YALI1_B25593g,YALI2_C00691g
YALI1_B25603g,YALI2_C00529g
YALI1_B25676g,YALI2_C00690g
YALI1_B25734g,YALI2_C00689g
YALI1_B25744g,YALI2_C00530g
YALI1_B25762g,YALI2_C00688g
YALI1_B25795g,YALI2_C00687g
YALI1_B25798g,YALI2_C00531g
YALI1_B25833g,YALI2_C00532g
YALI1_B25868g,YALI2_C00533g
YALI1_B25906g,YALI2_C00686g
YALI1_B25952g,YALI2_C00685g
YALI1_B25963g,YALI2_C00534g
YALI1_B25988g,YALI2_C00684g
YALI1_B25997g,YALI2_C00535g
YALI1_B26033g,YALI2_C00683g
YALI1_B26112g,YALI2_C00682g
YALI1_B26153g,YALI2_C00536g
YALI1_B26205g,YALI2_C00681g
YALI1_B26235g,YALI2_C00680g
YALI1_B26271g,YALI2_C00679g
YALI1_B26322g,YALI2_C00678g
YALI1_B26350g,YALI2_C00677g
YALI1_B26430g,YALI2_C00676g
YALI1_B26451g,YALI2_C00537g
YALI1_B26517g,YALI2_C00675g
YALI1_B26550g,YALI2_C00538g
YALI1_B26596g,YALI2_C00539g
YALI1_B26639g,YALI2_C00674g
YALI1_B26659g,YALI2_C00540g
YALI1_B26679g,YALI2_C00541g
YALI1_B26715g,YALI2_C00673g
YALI1_B26728g,YALI2_C00672g
YALI1_B26749g,YALI2_C00671g
YALI1_B26763g,YALI2_C00542g
YALI1_B26790g,YALI2_C00670g
YALI1_B26808g,YALI2_C00543g
YALI1_B26845g,YALI2_C00544g
YALI1_B26888g,YALI2_C00669g
YALI1_B26926g,YALI2_C00545g
YALI1_B26962g,YALI2_C00668g
YALI1_B26984g,YALI2_C00667g
YALI1_B27009g,YALI2_C00666g
YALI1_B27015g,YALI2_C00546g
YALI1_B27057g,YALI2_C00665g
YALI1_B27102g,YALI2_C00664g
YALI1_B27110g,YALI2_C00547g
YALI1_B27144g,YALI2_C00663g
YALI1_B27150g,YALI2_C00548g
YALI1_B27179g,YALI2_C00662g
YALI1_B27211g,YALI2_C00661g
YALI1_B27254g,YALI2_C00549g
YALI1_B27280g,YALI2_C00550g
YALI1_B27293g,YALI2_C00551g
YALI1_B27307g,YALI2_C00660g
YALI1_B27320g,YALI2_C00552g
YALI1_B27360g,YALI2_C00553g
YALI1_B27399g,YALI2_C00659g
YALI1_B27404g,YALI2_C00554g
YALI1_B27429g,YALI2_C00658g
YALI1_B27454g,YALI2_C00657g
YALI1_B27460g,YALI2_C00555g
YALI1_B27485g,YALI2_C00556g
YALI1_B27500g,YALI2_C00557g
YALI1_B27534g,YALI2_C00656g
YALI1_B27564g,YALI2_C00655g
YALI1_B27570g,YALI2_C00558g
YALI1_B27588g,YALI2_C00559g
YALI1_B27637g,YALI2_C00654g
YALI1_B27645g,YALI2_C00560g
YALI1_B27662g,YALI2_C00561g
YALI1_B27685g,YALI2_C00653g
YALI1_B27689g,YALI2_C00562g
YALI1_B27723g,YALI2_C00652g
YALI1_B27777g,YALI2_C00563g
YALI1_B27805g,YALI2_C00564g
YALI1_B27837g,YALI2_C00651g
YALI1_B27857g,YALI2_C00650g
YALI1_B27874g,YALI2_C00565g
YALI1_B27929g,YALI2_C00649g
YALI1_B27968g,YALI2_C00648g
YALI1_B27984g,YALI2_C00566g
YALI1_B28017g,YALI2_C00647g
YALI1_B28025g,YALI2_C00567g
YALI1_B28053g,YALI2_C00646g
YALI1_B28098g,YALI2_C00568g
YALI1_B28150g,YALI2_C00569g
YALI1_B28215g,YALI2_C00645g
YALI1_B28268g,YALI2_C00644g
YALI1_B28292g,YALI2_C00570g
YALI1_B28349g,YALI2_C00643g
YALI1_B28357g,YALI2_C00571g
YALI1_B28374g,YALI2_C00642g
YALI1_B28394g,YALI2_C00641g
YALI1_B28430g,YALI2_C00640g
YALI1_B28454g,YALI2_C00639g
YALI1_B28472g,YALI2_C00638g
YALI1_B28499g,YALI2_C00572g
YALI1_B28511g,YALI2_C00573g
YALI1_B28572g,YALI2_C00637g
YALI1_B28584g,YALI2_C00636g
YALI1_B28659g,YALI2_C00635g
YALI1_B28735g,YALI2_C00634g
YALI1_B28744g,YALI2_C00574g
YALI1_B28781g,YALI2_C00575g
YALI1_B28789g,YALI2_C00576g
YALI1_B28830g,YALI2_C00577g
YALI1_B28933g,YALI2_C00578g
YALI1_B29008g,YALI2_C00579g
YALI1_B29037g,YALI2_C00633g
YALI1_B29051g,YALI2_C00580g
YALI1_B29080g,YALI2_C00581g
YALI1_B29108g,YALI2_C00632g
YALI1_B29153g,YALI2_C00582g
YALI1_B29191g,YALI2_C00631g
YALI1_B29202g,YALI2_C00583g
YALI1_B29227g,YALI2_C00630g
YALI1_B29243g,YALI2_C00584g
YALI1_B29266g,YALI2_C00585g
YALI1_B29310g,YALI2_C00586g
YALI1_B29419g,YALI2_C00629g
YALI1_B29446g,YALI2_C00587g
YALI1_B29483g,YALI2_C00628g
YALI1_B29505g,YALI2_C00627g
YALI1_B29507g,YALI2_C00588g
YALI1_B29528g,YALI2_C00626g
YALI1_B29539g,YALI2_C00625g
YALI1_B29548g,YALI2_C00589g
YALI1_B29562g,YALI2_C00590g
YALI1_B29637g,YALI2_C00624g
YALI1_B29662g,YALI2_C00591g
YALI1_B29711g,YALI2_C00623g
YALI1_B29718g,YALI2_C00622g
YALI1_B29742g,YALI2_C00621g
YALI1_B29753g,YALI2_C00592g
YALI1_B29779g,YALI2_C00620g
YALI1_B29785g,YALI2_C00593g
YALI1_B29844g,YALI2_C00619g
YALI1_B29867g,YALI2_C00594g
YALI1_B29883g,YALI2_C00595g
YALI1_B29895g,YALI2_C00618g
YALI1_B29905g,YALI2_C00596g
YALI1_B29915g,YALI2_C00597g
YALI1_B29941g,YALI2_C00598g
YALI1_B29972g,YALI2_C00617g
YALI1_B29977g,YALI2_C00599g
YALI1_B29995g,YALI2_C00600g
YALI1_B30024g,YALI2_C00616g
YALI1_B30036g,YALI2_C00615g
YALI1_B30039g,YALI2_C00601g
YALI1_B30066g,YALI2_C00614g
YALI1_B30090g,YALI2_C00602g
YALI1_B30146g,YALI2_C00613g
YALI1_B30163g,YALI2_C00603g
YALI1_B30181g,YALI2_C00612g
YALI1_B30182g,YALI2_C00604g
YALI1_B30214g,YALI2_C00611g
YALI1_B30218g,YALI2_C00605g
YALI1_B30275g,YALI2_C00609g
YALI1_B30293g,YALI2_C00607g
YALI1_C00116g,YALI2_C00002g
YALI1_C00141g,YALI2_C01211g
YALI1_C00164g,YALI2_C01210g
YALI1_C00209g,YALI2_C01209g
YALI1_C00230g,YALI2_C00003g
YALI1_C00258g,YALI2_C00004g
YALI1_C00293g,YALI2_C01208g
YALI1_C00331g,YALI2_C01207g
YALI1_C00335g,YALI2_C00005g
YALI1_C353g,YALI2_C01206g
YALI1_C00368g,YALI2_C00006g
YALI1_C00422g,YALI2_C01205g
YALI1_C00442g,YALI2_C00007g
YALI1_C00464g,YALI2_C00008g
YALI1_C00503g,YALI2_C00009g
YALI1_C00550g,YALI2_C01204g
YALI1_C00615g,YALI2_C01203g
YALI1_C00694g,YALI2_C01202g
YALI1_C00739g,YALI2_C00010g
YALI1_C00766g,YALI2_C01201g
YALI1_C00772g,YALI2_C00011g
YALI1_C00826g,YALI2_C01199g
YALI1_C00841g,YALI2_C00012g
YALI1_C00874g,YALI2_C01198g
YALI1_C00913g,YALI2_C01197g
YALI1_C00958g,YALI2_C01196g
YALI1_C00962g,YALI2_C00013g
YALI1_C00999g,YALI2_C00014g
YALI1_C01043g,YALI2_C00017g
YALI1_C01072g,YALI2_C00018g
YALI1_C01106g,YALI2_C00019g
YALI1_C01129g,YALI2_C00020g
YALI1_C01161g,YALI2_C01195g
YALI1_C01244g,YALI2_C00021g
YALI1_C01297g,YALI2_C01194g
YALI1_C01338g,YALI2_C01193g
YALI1_C01356g,YALI2_C00022g
YALI1_C01393g,YALI2_C00023g
YALI1_C01416g,YALI2_C01192g
YALI1_C01433g,YALI2_C00024g
YALI1_C01491g,YALI2_C01191g
YALI1_C01520g,YALI2_C01190g
YALI1_C01535g,YALI2_C00026g
YALI1_C01576g,YALI2_C01189g
YALI1_C01596g,YALI2_C00027g
YALI1_C01675g,YALI2_C01188g
YALI1_C01720g,YALI2_C01187g
YALI1_C01789g,YALI2_C01186g
YALI1_C01800g,YALI2_C00028g
YALI1_C01810g,YALI2_C00029g
YALI1_C01826g,YALI2_C01185g
YALI1_C01847g,YALI2_C00030g
YALI1_C01876g,YALI2_C00031g
YALI1_C01944g,YALI2_C01184g
YALI1_C01965g,YALI2_C00032g
YALI1_C01993g,YALI2_C00033g
YALI1_C02053g,YALI2_C00034g
YALI1_C02086g,YALI2_C00035g
YALI1_C02117g,YALI2_C01183g
YALI1_C02152g,YALI2_C01182g
YALI1_C02188g,YALI2_C01181g
YALI1_C02215g,YALI2_C01180g
YALI1_C02248g,YALI2_C00036g
YALI1_C02332g,YALI2_C01179g
YALI1_C02391g,YALI2_C01178g
YALI1_C02402g,YALI2_C00037g
YALI1_C02441g,YALI2_C00038g
YALI1_C02487g,YALI2_C01177g
YALI1_C02521g,YALI2_C01176g
YALI1_C02550g,YALI2_C01175g
YALI1_C02588g,YALI2_C01174g
YALI1_C02611g,YALI2_C01173g
YALI1_C02639g,YALI2_C01172g
YALI1_C02686g,YALI2_C01171g
YALI1_C02831g,YALI2_C01170g
YALI1_C02904g,YALI2_C01169g
YALI1_C03036g,YALI2_C00039g
YALI1_C03221g,YALI2_C01168g
YALI1_C03246g,YALI2_C01167g
YALI1_C03272g,YALI2_C01166g
YALI1_C03335g,YALI2_C01165g
YALI1_C03349g,YALI2_C00041g
YALI1_C03378g,YALI2_C00042g
YALI1_C03415g,YALI2_C01164g
YALI1_C03461g,YALI2_C01163g
YALI1_C03495g,YALI2_C01162g
YALI1_C03513g,YALI2_C01161g
YALI1_C03534g,YALI2_C01160g
YALI1_C03550g,YALI2_C00043g
YALI1_C03582g,YALI2_C01159g
YALI1_C03596g,YALI2_C00044g
YALI1_C03615g,YALI2_C01158g
YALI1_C03674g,YALI2_C00045g
YALI1_C03735g,YALI2_C01157g
YALI1_C03774g,YALI2_C01156g
YALI1_C03842g,YALI2_C01154g
YALI1_C03848g,YALI2_C00046g
YALI1_C03874g,YALI2_C01153g
YALI1_C03887g,YALI2_C00047g
YALI1_C03914g,YALI2_C00048g
YALI1_C03933g,YALI2_C01152g
YALI1_C03939g,YALI2_C01151g
YALI1_C03948g,YALI2_C00049g
YALI1_C03969g,YALI2_C01150g
YALI1_C03988g,YALI2_C01149g
YALI1_C04031g,YALI2_C00050g
YALI1_C04067g,YALI2_C00051g
YALI1_C04093g,YALI2_C01148g
YALI1_C04117g,YALI2_C00052g
YALI1_C04143g,YALI2_C01147g
YALI1_C04162g,YALI2_C00053g
YALI1_C04201g,YALI2_C00054g
YALI1_C04265g,YALI2_C01146g
YALI1_C04281g,YALI2_C01145g
YALI1_C04302g,YALI2_C00055g
YALI1_C04328g,YALI2_C00056g
YALI1_C04389g,YALI2_C01143g
YALI1_C04401g,YALI2_C00057g
YALI1_C04436g,YALI2_C01142g
YALI1_C04490g,YALI2_C00058g
YALI1_C04531g,YALI2_C01141g
YALI1_C04553g,YALI2_C01140g
YALI1_C04570g,YALI2_C00059g
YALI1_C04672g,YALI2_C01139g
YALI1_C04690g,YALI2_C01138g
YALI1_C04720g,YALI2_C01137g
YALI1_C04771g,YALI2_C01136g
YALI1_C04798g,YALI2_C01135g
YALI1_C04818g,YALI2_C00060g
YALI1_C04853g,YALI2_C01134g
YALI1_C04882g,YALI2_C00061g
YALI1_C04925g,YALI2_C01133g
YALI1_C04962g,YALI2_C00062g
YALI1_C04991g,YALI2_C01132g
YALI1_C04996g,YALI2_C00063g
YALI1_C05022g,YALI2_C01131g
YALI1_C05088g,YALI2_C01130g
YALI1_C05125g,YALI2_C01129g
YALI1_C05133g,YALI2_C00064g
YALI1_C05178g,YALI2_C01128g
YALI1_C05204g,YALI2_C00066g
YALI1_C05252g,YALI2_C01127g
YALI1_C05264g,YALI2_C00067g
YALI1_C05296g,YALI2_C00068g
YALI1_C05323g,YALI2_C01126g
YALI1_C05347g,YALI2_C01125g
YALI1_C05372g,YALI2_C01124g
YALI1_C05386g,YALI2_C01123g
YALI1_C05423g,YALI2_C01122g
YALI1_C05494g,YALI2_C01121g
YALI1_C05554g,YALI2_C01120g
YALI1_C05570g,YALI2_C00069g
YALI1_C05636g,YALI2_C01119g
YALI1_C05649g,YALI2_C00070g
YALI1_C05710g,YALI2_C01118g
YALI1_C05734g,YALI2_C01117g
YALI1_C05757g,YALI2_C00071g
YALI1_C05789g,YALI2_C00072g
YALI1_C05813g,YALI2_C01116g
YALI1_C05820g,YALI2_C00073g
YALI1_C05857g,YALI2_C01115g
YALI1_C05880g,YALI2_C00074g
YALI1_C05908g,YALI2_C00075g
YALI1_C05931g,YALI2_C01114g
YALI1_C05972g,YALI2_C01113g
YALI1_C06006g,YALI2_C01112g
YALI1_C06023g,YALI2_C01111g
YALI1_C06032g,YALI2_C00076g
YALI1_C06041g,YALI2_C00077g
YALI1_C06071g,YALI2_C01110g
YALI1_C06106g,YALI2_C01109g
YALI1_C06137g,YALI2_C00078g
YALI1_C06191g,YALI2_C00079g
YALI1_C06222g,YALI2_C00080g
YALI1_C06259g,YALI2_C01108g
YALI1_C06298g,YALI2_C01107g
YALI1_C06328g,YALI2_C01106g
YALI1_C06368g,YALI2_C00081g
YALI1_C06394g,YALI2_C01105g
YALI1_C06414g,YALI2_C00082g
YALI1_C06459g,YALI2_C01104g
YALI1_C06486g,YALI2_C01103g
YALI1_C06511g,YALI2_C01102g
YALI1_C06532g,YALI2_C01101g
YALI1_C06548g,YALI2_C00083g
YALI1_C06597g,YALI2_C01100g
YALI1_C06626g,YALI2_C00084g
YALI1_C06681g,YALI2_C01099g
YALI1_C06695g,YALI2_C00085g
YALI1_C06716g,YALI2_C01098g
YALI1_C06724g,YALI2_C00086g
YALI1_C06770g,YALI2_C01097g
YALI1_C06870g,YALI2_C01096g
YALI1_C06917g,YALI2_C01095g
YALI1_C06929g,YALI2_C00088g
YALI1_C06951g,YALI2_C01094g
YALI1_C06973g,YALI2_C00089g
YALI1_C06994g,YALI2_C01093g
YALI1_C07028g,YALI2_C01092g
YALI1_C07077g,YALI2_C01091g
YALI1_C07109g,YALI2_C01090g
YALI1_C07117g,YALI2_C01089g
YALI1_C07137g,YALI2_C00090g
YALI1_C07170g,YALI2_C01088g
YALI1_C07199g,YALI2_C00091g
YALI1_C07239g,YALI2_C01087g
YALI1_C07360g,YALI2_C00092g
YALI1_C07397g,YALI2_C01085g
YALI1_C07423g,YALI2_C00093g
YALI1_C07451g,YALI2_C00094g
YALI1_C07481g,YALI2_C01084g
YALI1_C07495g,YALI2_C00095g
YALI1_C07519g,YALI2_C00096g
YALI1_C07534g,YALI2_C01083g
YALI1_C07562g,YALI2_C00097g
YALI1_C07592g,YALI2_C01082g
YALI1_C07613g,YALI2_C01081g
YALI1_C07638g,YALI2_C00098g
YALI1_C07670g,YALI2_C00099g
YALI1_C07721g,YALI2_C00100g
YALI1_C07758g,YALI2_C01080g
YALI1_C07770g,YALI2_C01079g
YALI1_C07780g,YALI2_C00101g
YALI1_C07816g,YALI2_C00102g
YALI1_C07894g,YALI2_C00103g
YALI1_C07948g,YALI2_C01078g
YALI1_C07979g,YALI2_C00104g
YALI1_C08017g,YALI2_C00105g
YALI1_C08040g,YALI2_C00106g
YALI1_C08065g,YALI2_C01076g
YALI1_C08106g,YALI2_C00107g
YALI1_C08151g,YALI2_C00108g
YALI1_C08173g,YALI2_C01075g
YALI1_C08197g,YALI2_C01074g
YALI1_C08218g,YALI2_C01073g
YALI1_C08242g,YALI2_C01072g
YALI1_C08262g,YALI2_C00109g
YALI1_C08298g,YALI2_C00110g
YALI1_C08523g,YALI2_C00111g
YALI1_C08548g,YALI2_C00112g
YALI1_C08600g,YALI2_C01069g
YALI1_C08702g,YALI2_C01068g
YALI1_C08748g,YALI2_C01067g
YALI1_C08791g,YALI2_C00113g
YALI1_C08834g,YALI2_C01065g
YALI1_C08882g,YALI2_C01064g
YALI1_C08893g,YALI2_C00114g
YALI1_C08923g,YALI2_C01063g
YALI1_C08952g,YALI2_C00115g
YALI1_C08983g,YALI2_C01062g
YALI1_C09009g,YALI2_C00116g
YALI1_C09033g,YALI2_C00117g
YALI1_C09072g,YALI2_C01061g
YALI1_C09094g,YALI2_C00118g
YALI1_C09150g,YALI2_C01060g
YALI1_C09200g,YALI2_C00119g
YALI1_C09230g,YALI2_C01059g
YALI1_C09260g,YALI2_C00120g
YALI1_C09285g,YALI2_C01058g
YALI1_C09308g,YALI2_C01057g
YALI1_C09343g,YALI2_C00121g
YALI1_C09380g,YALI2_C01056g
YALI1_C09390g,YALI2_C00122g
YALI1_C09415g,YALI2_C00123g
YALI1_C09451g,YALI2_C01055g
YALI1_C09467g,YALI2_C00124g
YALI1_C09489g,YALI2_C00125g
YALI1_C09552g,YALI2_C00126g
YALI1_C09606g,YALI2_C00127g
YALI1_C09639g,YALI2_C01054g
YALI1_C09667g,YALI2_C00128g
YALI1_C09696g,YALI2_C00129g
YALI1_C09718g,YALI2_C00130g
YALI1_C09750g,YALI2_C01053g
YALI1_C09773g,YALI2_C01052g
YALI1_C09851g,YALI2_C00131g
YALI1_C09923g,YALI2_C01051g
YALI1_C09950g,YALI2_C00132g
YALI1_C09977g,YALI2_C01050g
YALI1_C10016g,YALI2_C01049g
YALI1_C10041g,YALI2_C01048g
YALI1_C10121g,YALI2_C00133g
YALI1_C10173g,YALI2_C00134g
YALI1_C10203g,YALI2_C00135g
YALI1_C10232g,YALI2_C01046g
YALI1_C10271g,YALI2_C01045g
YALI1_C10293g,YALI2_C01044g
YALI1_C10318g,YALI2_C01043g
YALI1_C10345g,YALI2_C01042g
YALI1_C10385g,YALI2_C00136g
YALI1_C10463g,YALI2_C01041g
YALI1_C10480g,YALI2_C01040g
YALI1_C10492g,YALI2_C01039g
YALI1_C10497g,YALI2_C00137g
YALI1_C10555g,YALI2_C00138g
YALI1_C10675g,YALI2_C00139g
YALI1_C10718g,YALI2_C01038g
YALI1_C10730g,YALI2_C00140g
YALI1_C10762g,YALI2_C01037g
YALI1_C10806g,YALI2_C01036g
YALI1_C10860g,YALI2_C01035g
YALI1_C10990g,YALI2_C00141g
YALI1_C11077g,YALI2_C01034g
YALI1_C11096g,YALI2_C01033g
YALI1_C11100g,YALI2_C00142g
YALI1_C11131g,YALI2_C01032g
YALI1_C11234g,YALI2_C01031g
YALI1_C11271g,YALI2_C00146g
YALI1_C11382g,YALI2_C00147g
YALI1_C11441g,YALI2_C01030g
YALI1_C11501g,YALI2_C01029g
YALI1_C11521g,YALI2_C00148g
YALI1_C11552g,YALI2_C01028g
YALI1_C11581g,YALI2_C01027g
YALI1_C11589g,YALI2_C00149g
YALI1_C11707g,YALI2_C01026g
YALI1_C11715g,YALI2_C00151g
YALI1_C11744g,YALI2_C00152g
YALI1_C11773g,YALI2_C01025g
YALI1_C11819g,YALI2_C01024g
YALI1_C11836g,YALI2_C00153g
YALI1_C11862g,YALI2_C00154g
YALI1_C11883g,YALI2_C00155g
YALI1_C11902g,YALI2_C00156g
YALI1_C11925g,YALI2_C01023g
YALI1_C11930g,YALI2_C00157g
YALI1_C11954g,YALI2_C01022g
YALI1_C11970g,YALI2_C00159g
YALI1_C12007g,YALI2_C01021g
YALI1_C12024g,YALI2_C00160g
YALI1_C12038g,YALI2_C00161g
YALI1_C12121g,YALI2_C00162g
YALI1_C12140g,YALI2_C00163g
YALI1_C12170g,YALI2_C01020g
YALI1_C12194g,YALI2_C00164g
YALI1_C12220g,YALI2_C01019g
YALI1_C12282g,YALI2_C01018g
YALI1_C12317g,YALI2_C00165g
YALI1_C12333g,YALI2_C00166g
YALI1_C12406g,YALI2_C01017g
YALI1_C12513g,YALI2_C00167g
YALI1_C12619g,YALI2_C01016g
YALI1_C12642g,YALI2_C01015g
YALI1_C12695g,YALI2_C00168g
YALI1_C12725g,YALI2_C00169g
YALI1_C12755g,YALI2_C01014g
YALI1_C12788g,YALI2_C00170g
YALI1_C12845g,YALI2_C00171g
YALI1_C12883g,YALI2_C01013g
YALI1_C12900g,YALI2_C01012g
YALI1_C12941g,YALI2_C00172g
YALI1_C13000g,YALI2_C01011g
YALI1_C13007g,YALI2_C00174g
YALI1_C13026g,YALI2_C00175g
YALI1_C13038g,YALI2_C00176g
YALI1_C13093g,YALI2_C01010g
YALI1_C13106g,YALI2_C00177g
YALI1_C13162g,YALI2_C00178g
YALI1_C13186g,YALI2_C00179g
YALI1_C13227g,YALI2_C01009g
YALI1_C13241g,YALI2_C00180g
YALI1_C13261g,YALI2_C00181g
YALI1_C13284g,YALI2_C01008g
YALI1_C13302g,YALI2_C00182g
YALI1_C13355g,YALI2_C00183g
YALI1_C13410g,YALI2_C01007g
YALI1_C13453g,YALI2_C01006g
YALI1_C13506g,YALI2_C01005g
YALI1_C13522g,YALI2_C00184g
YALI1_C13560g,YALI2_C01004g
YALI1_C13642g,YALI2_C01003g
YALI1_C13652g,YALI2_C00185g
YALI1_C13689g,YALI2_C00186g
YALI1_C13726g,YALI2_C01002g
YALI1_C13768g,YALI2_C01001g
YALI1_C13817g,YALI2_C01000g
YALI1_C13856g,YALI2_C00187g
YALI1_C13890g,YALI2_C00189g
YALI1_C13973g,YALI2_C00190g
YALI1_C14079g,YALI2_C00999g
YALI1_C14106g,YALI2_C00998g
YALI1_C14125g,YALI2_C00191g
YALI1_C14169g,YALI2_C00997g
YALI1_C14183g,YALI2_C00192g
YALI1_C14228g,YALI2_C00193g
YALI1_C14273g,YALI2_C00996g
YALI1_C14369g,YALI2_C00194g
YALI1_C14450g,YALI2_C00195g
YALI1_C14498g,YALI2_C00995g
YALI1_C14516g,YALI2_C00196g
YALI1_C14595g,YALI2_C00994g
YALI1_C14709g,YALI2_C00993g
YALI1_C14738g,YALI2_C00198g
YALI1_C14774g,YALI2_C00992g
YALI1_C14787g,YALI2_C00199g
YALI1_C14818g,YALI2_C00991g
YALI1_C14843g,YALI2_C00200g
YALI1_C14884g,YALI2_C00990g
YALI1_C14931g,YALI2_C00201g
YALI1_C15048g,YALI2_C00989g
YALI1_C15077g,YALI2_C00988g
YALI1_C15084g,YALI2_C00202g
YALI1_C15105g,YALI2_C00987g
YALI1_C15115g,YALI2_C00203g
YALI1_C15180g,YALI2_C00986g
YALI1_C15186g,YALI2_C00204g
YALI1_C15201g,YALI2_C00985g
YALI1_C15217g,YALI2_C00984g
YALI1_C15297g,YALI2_C00205g
YALI1_C15322g,YALI2_C00206g
YALI1_C15359g,YALI2_C00983g
YALI1_C15398g,YALI2_C00207g
YALI1_C15420g,YALI2_C00208g
YALI1_C15445g,YALI2_C00982g
YALI1_C15465g,YALI2_C00209g
YALI1_C15489g,YALI2_C00981g
YALI1_C15492g,YALI2_C00210g
YALI1_C15526g,YALI2_C00980g
YALI1_C15610g,YALI2_C00979g
YALI1_C15674g,YALI2_C00978g
YALI1_C15687g,YALI2_C00211g
YALI1_C15707g,YALI2_C00212g
YALI1_C15776g,YALI2_C00977g
YALI1_C15803g,YALI2_C00976g
YALI1_C15832g,YALI2_C00975g
YALI1_C15945g,YALI2_C00974g
YALI1_C15964g,YALI2_C00213g
YALI1_C15991g,YALI2_C00214g
YALI1_C16080g,YALI2_C00973g
YALI1_C16091g,YALI2_C00215g
YALI1_C16108g,YALI2_C00216g
YALI1_C16150g,YALI2_B00096g
YALI1_C16183g,YALI2_B00564g
YALI1_C16200g,YALI2_B00563g
YALI1_C16204g,YALI2_B00097g
YALI1_C16255g,YALI2_B00562g
YALI1_C16275g,YALI2_B00098g
YALI1_C16305g,YALI2_B00099g
YALI1_C16333g,YALI2_B00561g
YALI1_C16378g,YALI2_B00560g
YALI1_C16395g,YALI2_B00100g
YALI1_C16420g,YALI2_B00101g
YALI1_C16431g,YALI2_B00102g
YALI1_C16485g,YALI2_B00559g
YALI1_C16515g,YALI2_B00558g
YALI1_C16572g,YALI2_B00103g
YALI1_C16621g,YALI2_B00557g
YALI1_C16653g,YALI2_B00104g
YALI1_C16712g,YALI2_B00105g
YALI1_C16770g,YALI2_B00556g
YALI1_C16851g,YALI2_B00106g
YALI1_C16932g,YALI2_B00555g
YALI1_C16961g,YALI2_B00554g
YALI1_C17031g,YALI2_B00553g
YALI1_C17050g,YALI2_B00107g
YALI1_C17078g,YALI2_B00552g
YALI1_C17100g,YALI2_B00108g
YALI1_C17163g,YALI2_B00109g
YALI1_C17187g,YALI2_B00110g
YALI1_C17238g,YALI2_B00111g
YALI1_C17411g,YALI2_B00551g
YALI1_C17453g,YALI2_B00112g
YALI1_C17566g,YALI2_B00113g
YALI1_C17580g,YALI2_B00114g
YALI1_C17609g,YALI2_B00550g
YALI1_C17640g,YALI2_B00549g
YALI1_C17680g,YALI2_B00548g
YALI1_C17700g,YALI2_B00547g
YALI1_C17719g,YALI2_B00546g
YALI1_C17728g,YALI2_B00545g
YALI1_C17763g,YALI2_B00544g
YALI1_C17782g,YALI2_B00543g
YALI1_C17800g,YALI2_B00542g
YALI1_C17820g,YALI2_B00115g
YALI1_C17848g,YALI2_B00116g
YALI1_C17932g,YALI2_B00541g
YALI1_C17947g,YALI2_B00540g
YALI1_C17949g,YALI2_B00117g
YALI1_C17988g,YALI2_B00539g
YALI1_C17995g,YALI2_B00118g
YALI1_C18011g,YALI2_B00119g
YALI1_C18073g,YALI2_B00538g
YALI1_C18099g,YALI2_B00537g
YALI1_C18209g,YALI2_B00120g
YALI1_C18258g,YALI2_B00535g
YALI1_C18268g,YALI2_B00121g
YALI1_C18396g,YALI2_B00534g
YALI1_C18478g,YALI2_B00533g
YALI1_C18541g,YALI2_B00122g
YALI1_C18590g,YALI2_B00532g
YALI1_C18668g,YALI2_B00531g
YALI1_C18750g,YALI2_B00530g
YALI1_C18771g,YALI2_B00123g
YALI1_C18806g,YALI2_B00124g
YALI1_C18837g,YALI2_B00125g
YALI1_C18872g,YALI2_B00529g
YALI1_C18892g,YALI2_B00528g
YALI1_C18901g,YALI2_B00126g
YALI1_C19005g,YALI2_B00127g
YALI1_C19151g,YALI2_B00128g
YALI1_C19316g,YALI2_B00129g
YALI1_C19348g,YALI2_B00527g
YALI1_C19395g,YALI2_B00130g
YALI1_C19450g,YALI2_B00132g
YALI1_C19500g,YALI2_B00526g
YALI1_C19510g,YALI2_B00133g
YALI1_C19529g,YALI2_B00134g
YALI1_C19636g,YALI2_B00525g
YALI1_C19735g,YALI2_B00524g
YALI1_C19775g,YALI2_B00135g
YALI1_C19794g,YALI2_B00523g
YALI1_C19814g,YALI2_B00136g
YALI1_C19840g,YALI2_B00137g
YALI1_C19866g,YALI2_B00522g
YALI1_C19872g,YALI2_B00138g
YALI1_C19898g,YALI2_B00139g
YALI1_C19943g,YALI2_B00140g
YALI1_C19981g,YALI2_B00141g
YALI1_C20023g,YALI2_B00521g
YALI1_C20054g,YALI2_B00520g
YALI1_C20078g,YALI2_B00519g
YALI1_C20097g,YALI2_B00142g
YALI1_C20140g,YALI2_B00518g
YALI1_C20180g,YALI2_B00517g
YALI1_C20198g,YALI2_B00143g
YALI1_C20224g,YALI2_B00144g
YALI1_C20255g,YALI2_B00516g
YALI1_C20270g,YALI2_B00515g
YALI1_C20314g,YALI2_B00145g
YALI1_C20329g,YALI2_B00514g
YALI1_C20364g,YALI2_B00146g
YALI1_C20396g,YALI2_B00147g
YALI1_C20417g,YALI2_B00513g
YALI1_C20429g,YALI2_B00148g
YALI1_C20452g,YALI2_B00512g
YALI1_C20488g,YALI2_B00149g
YALI1_C20559g,YALI2_B00150g
YALI1_C20597g,YALI2_B00151g
YALI1_C20646g,YALI2_B00511g
YALI1_C20793g,YALI2_B00510g
YALI1_C20853g,YALI2_B00509g
YALI1_C20901g,YALI2_B00508g
YALI1_C20953g,YALI2_B00507g
YALI1_C20964g,YALI2_B00506g
YALI1_C21083g,YALI2_B00505g
YALI1_C21171g,YALI2_B00152g
YALI1_C21234g,YALI2_B00504g
YALI1_C21241g,YALI2_B00153g
YALI1_C21298g,YALI2_B00503g
YALI1_C21353g,YALI2_B00502g
YALI1_C21401g,YALI2_B00154g
YALI1_C21448g,YALI2_B00155g
YALI1_C21487g,YALI2_B00501g
YALI1_C21544g,YALI2_B00500g
YALI1_C21578g,YALI2_B00156g
YALI1_C21603g,YALI2_B00499g
YALI1_C21626g,YALI2_B00157g
YALI1_C21634g,YALI2_B00498g
YALI1_C21639g,YALI2_B00158g
YALI1_C21682g,YALI2_B00159g
YALI1_C21722g,YALI2_B00160g
YALI1_C21755g,YALI2_B00161g
YALI1_C21789g,YALI2_B00497g
YALI1_C21891g,YALI2_B00162g
YALI1_C21924g,YALI2_B00496g
YALI1_C21946g,YALI2_B00495g
YALI1_C22186g,YALI2_B00493g
YALI1_C22322g,YALI2_B00163g
YALI1_C22592g,YALI2_B00164g
YALI1_C22751g,YALI2_B00490g
YALI1_C22816g,YALI2_B00165g
YALI1_C22835g,YALI2_B00489g
YALI1_C22857g,YALI2_B00488g
YALI1_C22922g,YALI2_B00166g
YALI1_C22944g,YALI2_B00167g
YALI1_C23040g,YALI2_B00486g
YALI1_C23050g,YALI2_B00168g
YALI1_C23075g,YALI2_B00169g
YALI1_C23150g,YALI2_B00170g
YALI1_C23175g,YALI2_B00171g
YALI1_C23193g,YALI2_B00172g
YALI1_C23217g,YALI2_B00485g
YALI1_C23254g,YALI2_B00173g
YALI1_C23323g,YALI2_B00484g
YALI1_C23359g,YALI2_B00174g
YALI1_C23415g,YALI2_B00175g
YALI1_C23472g,YALI2_B00483g
YALI1_C23504g,YALI2_B00482g
YALI1_C23511g,YALI2_B00176g
YALI1_C23526g,YALI2_B00177g
YALI1_C23548g,YALI2_B00481g
YALI1_C23563g,YALI2_B00480g
YALI1_C23601g,YALI2_B00179g
YALI1_C23707g,YALI2_B00479g
YALI1_C23738g,YALI2_B00478g
YALI1_C23755g,YALI2_B00181g
YALI1_C23818g,YALI2_B00477g
YALI1_C23826g,YALI2_B00182g
YALI1_C23873g,YALI2_B00476g
YALI1_C23881g,YALI2_B00183g
YALI1_C23902g,YALI2_B00475g
YALI1_C23926g,YALI2_B00474g
YALI1_C23948g,YALI2_B00473g
YALI1_C23989g,YALI2_B00184g
YALI1_C24016g,YALI2_B00185g
YALI1_C24081g,YALI2_B00472g
YALI1_C24124g,YALI2_B00186g
YALI1_C24165g,YALI2_B00471g
YALI1_C24200g,YALI2_B00187g
YALI1_C24262g,YALI2_B00188g
YALI1_C24303g,YALI2_B00470g
YALI1_C24367g,YALI2_B00189g
YALI1_C24400g,YALI2_B00190g
YALI1_C24419g,YALI2_B00469g
YALI1_C24434g,YALI2_B00191g
YALI1_C24460g,YALI2_B00192g
YALI1_C24488g,YALI2_B00193g
YALI1_C24526g,YALI2_B00468g
YALI1_C24533g,YALI2_B00194g
YALI1_C24567g,YALI2_B00195g
YALI1_C24611g,YALI2_B00196g
YALI1_C24647g,YALI2_B00465g
YALI1_C24660g,YALI2_B00197g
YALI1_C24707g,YALI2_B00464g
YALI1_C24730g,YALI2_B00198g
YALI1_C24755g,YALI2_B00463g
YALI1_C24767g,YALI2_B00199g
YALI1_C24806g,YALI2_B00462g
YALI1_C24850g,YALI2_B00461g
YALI1_C24891g,YALI2_B00460g
YALI1_C24927g,YALI2_B00459g
YALI1_C24951g,YALI2_B00200g
YALI1_C25029g,YALI2_B00458g
YALI1_C25032g,YALI2_B00201g
YALI1_C25069g,YALI2_B00457g
YALI1_C25093g,YALI2_B00202g
YALI1_C25128g,YALI2_B00456g
YALI1_C25171g,YALI2_B00203g
YALI1_C25190g,YALI2_B00204g
YALI1_C25244g,YALI2_B00205g
YALI1_C25257g,YALI2_B00206g
YALI1_C25288g,YALI2_B00455g
YALI1_C25301g,YALI2_B00454g
YALI1_C25307g,YALI2_B00207g
YALI1_C25336g,YALI2_B00453g
YALI1_C25352g,YALI2_B00452g
YALI1_C25367g,YALI2_B00451g
YALI1_C25377g,YALI2_B00208g
YALI1_C25391g,YALI2_B00209g
YALI1_C25452g,YALI2_B00210g
YALI1_C25512g,YALI2_B00448g
YALI1_C25560g,YALI2_B00447g
YALI1_C25576g,YALI2_B00446g
YALI1_C25581g,YALI2_B00211g
YALI1_C25598g,YALI2_B00212g
YALI1_C25621g,YALI2_B00445g
YALI1_C25629g,YALI2_B00213g
YALI1_C25703g,YALI2_B00214g
YALI1_C25758g,YALI2_B00215g
YALI1_C25782g,YALI2_B00444g
YALI1_C25789g,YALI2_B00216g
YALI1_C25829g,YALI2_B00217g
YALI1_C25877g,YALI2_B00218g
YALI1_C25937g,YALI2_B00443g
YALI1_C25979g,YALI2_B00442g
YALI1_C25990g,YALI2_B00441g
YALI1_C25998g,YALI2_B00440g
YALI1_C26017g,YALI2_B00439g
YALI1_C26027g,YALI2_B00219g
YALI1_C26036g,YALI2_B00220g
YALI1_C26051g,YALI2_B00221g
YALI1_C26106g,YALI2_B00222g
YALI1_C26138g,YALI2_B00438g
YALI1_C26146g,YALI2_B00223g
YALI1_C26167g,YALI2_B00224g
YALI1_C26222g,YALI2_B00225g
YALI1_C26276g,YALI2_B00437g
YALI1_C26332g,YALI2_B00436g
YALI1_C26377g,YALI2_B00226g
YALI1_C26408g,YALI2_B00227g
YALI1_C26501g,YALI2_B00228g
YALI1_C26544g,YALI2_B00229g
YALI1_C26580g,YALI2_B00435g
YALI1_C26616g,YALI2_B00434g
YALI1_C26628g,YALI2_B00433g
YALI1_C26726g,YALI2_B00230g
YALI1_C26764g,YALI2_B00432g
YALI1_C26794g,YALI2_B00232g
YALI1_C26837g,YALI2_B00431g
YALI1_C26873g,YALI2_B00233g
YALI1_C26915g,YALI2_B00430g
YALI1_C26939g,YALI2_B00429g
YALI1_C26959g,YALI2_B00428g
YALI1_C26975g,YALI2_B00235g
YALI1_C27012g,YALI2_B00427g
YALI1_C27019g,YALI2_B00236g
YALI1_C27061g,YALI2_B00426g
YALI1_C27101g,YALI2_B00425g
YALI1_C27182g,YALI2_B00239g
YALI1_C27207g,YALI2_B00240g
YALI1_C27229g,YALI2_B00424g
YALI1_C27382g,YALI2_B00231g
YALI1_C27494g,YALI2_B00234g
YALI1_C27713g,YALI2_B00237g
YALI1_C27746g,YALI2_B00238g
YALI1_C27922g,YALI2_B00423g
YALI1_C27933g,YALI2_B00241g
YALI1_C27958g,YALI2_B00242g
YALI1_C27996g,YALI2_B00243g
YALI1_C28063g,YALI2_B00244g
YALI1_C28093g,YALI2_B00421g
YALI1_C28147g,YALI2_B00420g
YALI1_C28166g,YALI2_B00245g
YALI1_C28228g,YALI2_B00419g
YALI1_C28263g,YALI2_B00418g
YALI1_C28310g,YALI2_B00246g
YALI1_C28370g,YALI2_B00417g
YALI1_C28396g,YALI2_B00247g
YALI1_C28412g,YALI2_B00248g
YALI1_C28434g,YALI2_B00416g
YALI1_C28456g,YALI2_B00415g
YALI1_C28465g,YALI2_B00249g
YALI1_C28479g,YALI2_B00250g
YALI1_C28497g,YALI2_B00413g
YALI1_C28513g,YALI2_B00412g
YALI1_C28551g,YALI2_B00251g
YALI1_C28593g,YALI2_B00411g
YALI1_C28621g,YALI2_B00252g
YALI1_C28664g,YALI2_B00253g
YALI1_C28706g,YALI2_B00410g
YALI1_C28716g,YALI2_B00254g
YALI1_C28767g,YALI2_B00255g
YALI1_C28846g,YALI2_B00409g
YALI1_C28879g,YALI2_B00408g
YALI1_C28895g,YALI2_B00407g
YALI1_C28963g,YALI2_B00256g
YALI1_C28997g,YALI2_B00257g
YALI1_C29021g,YALI2_B00258g
YALI1_C29052g,YALI2_B00406g
YALI1_C29066g,YALI2_B00259g
YALI1_C29080g,YALI2_B00405g
YALI1_C29104g,YALI2_B00404g
YALI1_C29141g,YALI2_B00403g
YALI1_C29148g,YALI2_B00260g
YALI1_C29158g,YALI2_B00261g
YALI1_C29202g,YALI2_B00262g
YALI1_C29261g,YALI2_B00402g
YALI1_C29302g,YALI2_B00263g
YALI1_C29344g,YALI2_B00401g
YALI1_C29355g,YALI2_B00264g
YALI1_C29365g,YALI2_B00400g
YALI1_C29382g,YALI2_B00265g
YALI1_C29402g,YALI2_B00266g
YALI1_C29447g,YALI2_B00267g
YALI1_C29506g,YALI2_B00268g
YALI1_C29538g,YALI2_B00269g
YALI1_C29576g,YALI2_B00399g
YALI1_C29584g,YALI2_B00270g
YALI1_C29618g,YALI2_B00398g
YALI1_C29648g,YALI2_B00271g
YALI1_C29676g,YALI2_B00272g
YALI1_C29762g,YALI2_B00397g
YALI1_C29810g,YALI2_B00273g
YALI1_C29854g,YALI2_B00274g
YALI1_C29902g,YALI2_B00396g
YALI1_C29920g,YALI2_B00395g
YALI1_C29926g,YALI2_B00275g
YALI1_C29983g,YALI2_B00394g
YALI1_C30022g,YALI2_B00276g
YALI1_C30078g,YALI2_B00393g
YALI1_C30086g,YALI2_B00392g
YALI1_C30119g,YALI2_B00391g
YALI1_C30130g,YALI2_B00277g
YALI1_C30181g,YALI2_B00390g
YALI1_C30187g,YALI2_B00278g
YALI1_C30205g,YALI2_B00279g
YALI1_C30235g,YALI2_B00389g
YALI1_C30255g,YALI2_B00280g
YALI1_C30287g,YALI2_B00388g
YALI1_C30320g,YALI2_B00387g
YALI1_C30367g,YALI2_B00386g
YALI1_C30392g,YALI2_B00385g
YALI1_C30399g,YALI2_B00281g
YALI1_C30440g,YALI2_B00384g
YALI1_C30454g,YALI2_B00383g
YALI1_C30474g,YALI2_B00282g
YALI1_C30514g,YALI2_B00382g
YALI1_C30524g,YALI2_B00283g
YALI1_C30541g,YALI2_B00284g
YALI1_C30614g,YALI2_B00381g
YALI1_C30632g,YALI2_B00285g
YALI1_C30653g,YALI2_B00286g
YALI1_C30683g,YALI2_B00287g
YALI1_C30706g,YALI2_B00288g
YALI1_C30749g,YALI2_B00380g
YALI1_C30795g,YALI2_B00379g
YALI1_C30884g,YALI2_B00378g
YALI1_C30901g,YALI2_B00289g
YALI1_C30936g,YALI2_B00377g
YALI1_C30946g,YALI2_B00376g
YALI1_C30964g,YALI2_B00290g
YALI1_C31047g,YALI2_B00291g
YALI1_C31086g,YALI2_B00375g
YALI1_C31122g,YALI2_B00292g
YALI1_C31199g,YALI2_B00293g
YALI1_C31243g,YALI2_B00374g
YALI1_C31281g,YALI2_B00294g
YALI1_C31389g,YALI2_B00372g
YALI1_C31408g,YALI2_B00295g
YALI1_C31453g,YALI2_B00371g
YALI1_C31510g,YALI2_B00296g
YALI1_C31549g,YALI2_B00370g
YALI1_C31576g,YALI2_B00369g
YALI1_C31649g,YALI2_B00297g
YALI1_C31684g,YALI2_B00298g
YALI1_C31759g,YALI2_B00368g
YALI1_C31791g,YALI2_B00367g
YALI1_C31830g,YALI2_B00366g
YALI1_C31848g,YALI2_B00299g
YALI1_C31888g,YALI2_B00365g
YALI1_C31900g,YALI2_B00300g
YALI1_C31918g,YALI2_B00364g
YALI1_C31971g,YALI2_B00363g
YALI1_C31989g,YALI2_B00301g
YALI1_C32010g,YALI2_B00302g
YALI1_C32031g,YALI2_B00362g
YALI1_C32034g,YALI2_B00303g
YALI1_C32049g,YALI2_B00304g
YALI1_C32079g,YALI2_B00305g
YALI1_C32106g,YALI2_B00361g
YALI1_C32119g,YALI2_B00360g
YALI1_C32137g,YALI2_B00306g
YALI1_C32156g,YALI2_B00359g
YALI1_C32184g,YALI2_B00358g
YALI1_C32223g,YALI2_B00357g
YALI1_C32253g,YALI2_B00356g
YALI1_C32276g,YALI2_B00355g
YALI1_C32294g,YALI2_B00307g
YALI1_C32352g,YALI2_B00354g
YALI1_C32392g,YALI2_B00353g
YALI1_C32424g,YALI2_B00352g
YALI1_C32461g,YALI2_B00308g
YALI1_C32483g,YALI2_B00351g
YALI1_C32496g,YALI2_B00309g
YALI1_C32517g,YALI2_B00310g
YALI1_C32609g,YALI2_B00311g
YALI1_C32633g,YALI2_B00312g
YALI1_C32667g,YALI2_B00313g
YALI1_C32706g,YALI2_B00350g
YALI1_C32721g,YALI2_B00349g
YALI1_C32737g,YALI2_B00314g
YALI1_C32771g,YALI2_B00315g
YALI1_C32786g,YALI2_B00316g
YALI1_C32810g,YALI2_B00348g
YALI1_C32823g,YALI2_B00317g
YALI1_C32838g,YALI2_B00347g
YALI1_C32886g,YALI2_B00346g
YALI1_C32914g,YALI2_B00345g
YALI1_C32921g,YALI2_B00318g
YALI1_C32972g,YALI2_B00344g
YALI1_C32975g,YALI2_B00319g
YALI1_C33005g,YALI2_B00320g
YALI1_C33055g,YALI2_B00321g
YALI1_C33071g,YALI2_B00322g
YALI1_C33086g,YALI2_B00323g
YALI1_C33098g,YALI2_B00343g
YALI1_C33100g,YALI2_B00324g
YALI1_C33152g,YALI2_B00325g
YALI1_C33193g,YALI2_B00326g
YALI1_C33214g,YALI2_B00342g
YALI1_C33217g,YALI2_B00327g
YALI1_C33245g,YALI2_B00341g
YALI1_C33254g,YALI2_B00328g
YALI1_C33270g,YALI2_B00329g
YALI1_C33299g,YALI2_B00330g
YALI1_C33314g,YALI2_B00331g
YALI1_C33332g,YALI2_B00332g
YALI1_C33353g,YALI2_B00340g
YALI1_C33354g,YALI2_B00333g
YALI1_C33406g,YALI2_B00339g
YALI1_C33427g,YALI2_B00338g
YALI1_C33444g,YALI2_B00337g
YALI1_C33458g,YALI2_B00334g
YALI1_C33513g,YALI2_E01770g
YALI1_C33525g,YALI2_B00335g
YALI1_D00094g,YALI2_D00001g
YALI1_D00173g,YALI2_D01124g
YALI1_D00221g,YALI2_D01123g
YALI1_D00231g,YALI2_D01122g
YALI1_D00232g,YALI2_D00002g
YALI1_D00264g,YALI2_D01121g
YALI1_D00273g,YALI2_D00003g
YALI1_D00311g,YALI2_D01120g
YALI1_D00326g,YALI2_D00004g
YALI1_D00352g,YALI2_D01119g
YALI1_D00376g,YALI2_D01118g
YALI1_D00406g,YALI2_D01117g
YALI1_D00422g,YALI2_D00005g
YALI1_D00449g,YALI2_D01116g
YALI1_D00474g,YALI2_D01115g
YALI1_D00487g,YALI2_D00006g
YALI1_D00515g,YALI2_D01114g
YALI1_D00537g,YALI2_D00007g
YALI1_D00577g,YALI2_D01113g
YALI1_D00581g,YALI2_D00008g
YALI1_D00614g,YALI2_D01112g
YALI1_D00663g,YALI2_D01111g
YALI1_D00703g,YALI2_D00009g
YALI1_D00724g,YALI2_D00010g
YALI1_D00747g,YALI2_D01110g
YALI1_D00754g,YALI2_D00011g
YALI1_D00798g,YALI2_D01108g
YALI1_D00824g,YALI2_D01107g
YALI1_D00848g,YALI2_D00012g
YALI1_D00888g,YALI2_D00013g
YALI1_D00909g,YALI2_D00014g
YALI1_D00929g,YALI2_D01106g
YALI1_D00951g,YALI2_D00015g
YALI1_D00973g,YALI2_D00016g
YALI1_D00995g,YALI2_D01105g
YALI1_D00996g,YALI2_D00017g
YALI1_D01036g,YALI2_D00018g
YALI1_D01066g,YALI2_D01104g
YALI1_D01094g,YALI2_D00019g
YALI1_D01123g,YALI2_D00020g
YALI1_D01188g,YALI2_D01103g
YALI1_D01234g,YALI2_D01102g
YALI1_D01298g,YALI2_D01101g
YALI1_D01305g,YALI2_D00021g
YALI1_D01317g,YALI2_D00022g
YALI1_D01345g,YALI2_D01100g
YALI1_D01378g,YALI2_D00023g
YALI1_D01404g,YALI2_D00024g
YALI1_D01431g,YALI2_D01099g
YALI1_D01489g,YALI2_D00025g
YALI1_D01515g,YALI2_D00026g
YALI1_D01548g,YALI2_D00027g
YALI1_D01632g,YALI2_D00028g
YALI1_D01676g,YALI2_D00029g
YALI1_D01739g,YALI2_D00030g
YALI1_D01780g,YALI2_D01098g
YALI1_D01796g,YALI2_D00031g
YALI1_D01819g,YALI2_D00032g
YALI1_D01890g,YALI2_D01097g
YALI1_D01960g,YALI2_D01096g
YALI1_D01967g,YALI2_D00035g
YALI1_D02000g,YALI2_D01095g
YALI1_D02014g,YALI2_D01094g
YALI1_D02041g,YALI2_D01093g
YALI1_D02063g,YALI2_D00036g
YALI1_D02085g,YALI2_D01092g
YALI1_D02087g,YALI2_D00037g
YALI1_D02137g,YALI2_D01091g
YALI1_D02150g,YALI2_D00038g
YALI1_D02180g,YALI2_D01090g
YALI1_D02206g,YALI2_D01089g
YALI1_D02221g,YALI2_D00039g
YALI1_D02275g,YALI2_D00040g
YALI1_D02316g,YALI2_D00041g
YALI1_D02345g,YALI2_D01088g
YALI1_D02348g,YALI2_D00042g
YALI1_D02362g,YALI2_D00043g
YALI1_D02399g,YALI2_D01087g
YALI1_D02416g,YALI2_D00044g
YALI1_D02444g,YALI2_D00045g
YALI1_D02499g,YALI2_D01085g
YALI1_D02546g,YALI2_D01084g
YALI1_D02563g,YALI2_D00046g
YALI1_D02625g,YALI2_D00047g
YALI1_D02682g,YALI2_D00048g
YALI1_D02781g,YALI2_D01083g
YALI1_D02804g,YALI2_D00049g
YALI1_D02831g,YALI2_D01082g
YALI1_D02852g,YALI2_D00050g
YALI1_D02936g,YALI2_D01081g
YALI1_D02990g,YALI2_D01080g
YALI1_D03047g,YALI2_D01079g
YALI1_D03061g,YALI2_D00051g
YALI1_D03091g,YALI2_D00052g
YALI1_D03144g,YALI2_D01078g
YALI1_D03167g,YALI2_D00053g
YALI1_D03221g,YALI2_D00054g
YALI1_D03245g,YALI2_D00055g
YALI1_D03278g,YALI2_D00056g
YALI1_D03329g,YALI2_D01077g
YALI1_D03380g,YALI2_D01076g
YALI1_D03412g,YALI2_D00057g
YALI1_D03488g,YALI2_D00058g
YALI1_D03561g,YALI2_D01075g
YALI1_D03575g,YALI2_D01074g
YALI1_D03604g,YALI2_D00059g
YALI1_D03647g,YALI2_D01072g
YALI1_D03663g,YALI2_D00060g
YALI1_D03701g,YALI2_D01071g
YALI1_D03718g,YALI2_D00061g
YALI1_D03756g,YALI2_D01070g
YALI1_D03766g,YALI2_D00062g
YALI1_D03805g,YALI2_D01069g
YALI1_D03831g,YALI2_D00063g
YALI1_D03865g,YALI2_D01068g
YALI1_D03888g,YALI2_D00064g
YALI1_D03904g,YALI2_D00065g
YALI1_D03952g,YALI2_D01067g
YALI1_D03990g,YALI2_D00066g
YALI1_D04055g,YALI2_D00067g
YALI1_D04128g,YALI2_D00068g
YALI1_D04186g,YALI2_D01066g
YALI1_D04261g,YALI2_D01065g
YALI1_D04277g,YALI2_D01064g
YALI1_D04331g,YALI2_D01063g
YALI1_D04370g,YALI2_D01062g
YALI1_D04432g,YALI2_D01061g
YALI1_D04447g,YALI2_D00070g
YALI1_D04467g,YALI2_D01060g
YALI1_D04469g,YALI2_D00071g
YALI1_D04533g,YALI2_D01059g
YALI1_D04556g,YALI2_D01058g
YALI1_D04566g,YALI2_D00072g
YALI1_D04594g,YALI2_D01057g
YALI1_D04636g,YALI2_D01056g
YALI1_D04653g,YALI2_D01055g
YALI1_D04680g,YALI2_D00073g
YALI1_D04772g,YALI2_D01053g
YALI1_D04789g,YALI2_D00074g
YALI1_D04814g,YALI2_D00075g
YALI1_D04901g,YALI2_D01052g
YALI1_D04910g,YALI2_D00076g
YALI1_D04936g,YALI2_D00077g
YALI1_D04969g,YALI2_D01051g
YALI1_D04978g,YALI2_D00078g
YALI1_D05019g,YALI2_D01050g
YALI1_D05038g,YALI2_D00079g
YALI1_D05070g,YALI2_D01049g
YALI1_D05099g,YALI2_D01048g
YALI1_D05111g,YALI2_D00080g
YALI1_D05139g,YALI2_D00081g
YALI1_D05195g,YALI2_D01047g
YALI1_D05222g,YALI2_D00082g
YALI1_D05244g,YALI2_D00083g
YALI1_D05270g,YALI2_D01046g
YALI1_D05286g,YALI2_D00084g
YALI1_D05320g,YALI2_D01045g
YALI1_D05343g,YALI2_D01044g
YALI1_D05370g,YALI2_D01043g
YALI1_D05375g,YALI2_D00085g
YALI1_D05398g,YALI2_D01042g
YALI1_D05414g,YALI2_D01041g
YALI1_D05440g,YALI2_D01040g
YALI1_D05450g,YALI2_D00086g
YALI1_D05474g,YALI2_D00087g
YALI1_D05538g,YALI2_D01039g
YALI1_D05594g,YALI2_D00088g
YALI1_D05633g,YALI2_D01038g
YALI1_D05692g,YALI2_D01037g
YALI1_D05705g,YALI2_D00089g
YALI1_D05736g,YALI2_D01036g
YALI1_D05764g,YALI2_D01035g
YALI1_D05817g,YALI2_D01034g
YALI1_D05822g,YALI2_D00090g
YALI1_D05873g,YALI2_D01033g
YALI1_D05901g,YALI2_D00091g
YALI1_D05956g,YALI2_D01032g
YALI1_D06043g,YALI2_D00092g
YALI1_D06061g,YALI2_D00093g
YALI1_D06131g,YALI2_D00094g
YALI1_D06195g,YALI2_D01031g
YALI1_D06233g,YALI2_D01030g
YALI1_D06251g,YALI2_D01029g
YALI1_D06276g,YALI2_D00095g
YALI1_D06302g,YALI2_D01026g
YALI1_D06311g,YALI2_D00096g
YALI1_D06380g,YALI2_D01025g
YALI1_D06408g,YALI2_D00097g
YALI1_D06489g,YALI2_D01024g
YALI1_D06572g,YALI2_D00098g
YALI1_D06638g,YALI2_D00099g
YALI1_D06665g,YALI2_D01023g
YALI1_D06700g,YALI2_D00100g
YALI1_D06736g,YALI2_D01021g
YALI1_D06788g,YALI2_D00101g
YALI1_D06805g,YALI2_D00102g
YALI1_D06828g,YALI2_D01020g
YALI1_D06859g,YALI2_D00103g
YALI1_D06883g,YALI2_D01019g
YALI1_D06904g,YALI2_D00104g
YALI1_D06988g,YALI2_D01018g
YALI1_D07049g,YALI2_D01017g
YALI1_D07089g,YALI2_D01016g
YALI1_D07118g,YALI2_D01015g
YALI1_D07124g,YALI2_D00105g
YALI1_D07149g,YALI2_D01014g
YALI1_D07162g,YALI2_D00106g
YALI1_D07182g,YALI2_D00107g
YALI1_D07209g,YALI2_D01013g
YALI1_D07232g,YALI2_D01012g
YALI1_D07271g,YALI2_D00108g
YALI1_D07299g,YALI2_D01011g
YALI1_D07348g,YALI2_D00109g
YALI1_D07379g,YALI2_D00110g
YALI1_D07427g,YALI2_D01007g
YALI1_D07451g,YALI2_D01006g
YALI1_D07486g,YALI2_D01005g
YALI1_D07525g,YALI2_D01004g
YALI1_D07549g,YALI2_D00111g
YALI1_D07576g,YALI2_D01003g
YALI1_D07665g,YALI2_D00112g
YALI1_D07696g,YALI2_D01002g
YALI1_D07729g,YALI2_D01001g
YALI1_D07775g,YALI2_D01000g
YALI1_D07788g,YALI2_D00113g
YALI1_D07831g,YALI2_D00114g
YALI1_D07888g,YALI2_D00115g
YALI1_D07945g,YALI2_D00116g
YALI1_D07981g,YALI2_D00999g
YALI1_D08000g,YALI2_D00117g
YALI1_D08031g,YALI2_D00998g
YALI1_D08050g,YALI2_D00118g
YALI1_D08082g,YALI2_D00119g
YALI1_D08125g,YALI2_D00120g
YALI1_D08151g,YALI2_D00997g
YALI1_D08174g,YALI2_D00996g
YALI1_D08186g,YALI2_D00995g
YALI1_D08205g,YALI2_D00121g
YALI1_D08251g,YALI2_D00122g
YALI1_D08285g,YALI2_D00123g
YALI1_D08317g,YALI2_D00124g
YALI1_D08339g,YALI2_D00994g
YALI1_D08360g,YALI2_D00125g
YALI1_D08382g,YALI2_D00993g
YALI1_D08402g,YALI2_D00992g
YALI1_D08408g,YALI2_D00126g
YALI1_D08429g,YALI2_D00991g
YALI1_D08440g,YALI2_D00127g
YALI1_D08460g,YALI2_D00990g
YALI1_D08564g,YALI2_D00989g
YALI1_D08621g,YALI2_D00988g
YALI1_D08648g,YALI2_D00987g
YALI1_D08684g,YALI2_D00986g
YALI1_D08715g,YALI2_D00985g
YALI1_D08734g,YALI2_D00129g
YALI1_D08749g,YALI2_D00130g
YALI1_D08783g,YALI2_D00984g
YALI1_D08798g,YALI2_D00131g
YALI1_D08843g,YALI2_D00983g
YALI1_D08850g,YALI2_D00982g
YALI1_D08884g,YALI2_D00981g
YALI1_D08910g,YALI2_D00132g
YALI1_D08946g,YALI2_D00133g
YALI1_D08971g,YALI2_D00980g
YALI1_D09000g,YALI2_D00979g
YALI1_D09004g,YALI2_D00134g
YALI1_D09034g,YALI2_D00978g
YALI1_D09055g,YALI2_D00977g
YALI1_D09068g,YALI2_D00135g
YALI1_D09103g,YALI2_D00976g
YALI1_D09140g,YALI2_D00975g
YALI1_D09168g,YALI2_D00136g
YALI1_D09203g,YALI2_D00974g
YALI1_D09215g,YALI2_D00137g
YALI1_D09238g,YALI2_D00973g
YALI1_D09277g,YALI2_D00972g
YALI1_D09308g,YALI2_D00138g
YALI1_D09356g,YALI2_D00139g
YALI1_D09404g,YALI2_D00971g
YALI1_D09420g,YALI2_D00140g
YALI1_D09453g,YALI2_D00970g
YALI1_D09488g,YALI2_D00969g
YALI1_D09504g,YALI2_D00141g
YALI1_D09534g,YALI2_D00968g
YALI1_D09566g,YALI2_D00967g
YALI1_D09623g,YALI2_D00966g
YALI1_D09667g,YALI2_D00965g
YALI1_D09712g,YALI2_D00964g
YALI1_D09766g,YALI2_D00142g
YALI1_D09785g,YALI2_D00963g
YALI1_D09790g,YALI2_D00143g
YALI1_D09831g,YALI2_D00144g
YALI1_D09870g,YALI2_D00962g
YALI1_D09897g,YALI2_D00961g
YALI1_D09956g,YALI2_D00960g
YALI1_D09964g,YALI2_D00959g
YALI1_D09996g,YALI2_D00958g
YALI1_D10007g,YALI2_D00957g
YALI1_D10022g,YALI2_D00145g
YALI1_D10033g,YALI2_D00146g
YALI1_D10067g,YALI2_D00956g
YALI1_D10083g,YALI2_D00147g
YALI1_D10102g,YALI2_D00148g
YALI1_D10129g,YALI2_D00955g
YALI1_D10135g,YALI2_D00149g
YALI1_D10160g,YALI2_D00954g
YALI1_D10192g,YALI2_D00953g
YALI1_D10197g,YALI2_D00150g
YALI1_D10226g,YALI2_D00151g
YALI1_D10264g,YALI2_D00152g
YALI1_D10304g,YALI2_D00952g
YALI1_D10316g,YALI2_D00153g
YALI1_D10367g,YALI2_D00951g
YALI1_D10424g,YALI2_D00950g
YALI1_D10458g,YALI2_D00949g
YALI1_D10495g,YALI2_D00948g
YALI1_D10535g,YALI2_D00947g
YALI1_D10565g,YALI2_D00154g
YALI1_D10600g,YALI2_D00155g
YALI1_D10623g,YALI2_D00156g
YALI1_D10668g,YALI2_D00946g
YALI1_D10693g,YALI2_D00157g
YALI1_D10721g,YALI2_D00945g
YALI1_D10768g,YALI2_D00158g
YALI1_D10812g,YALI2_D00944g
YALI1_D10829g,YALI2_D00159g
YALI1_D10858g,YALI2_D00943g
YALI1_D10865g,YALI2_D00160g
YALI1_D10886g,YALI2_D00161g
YALI1_D10930g,YALI2_D00162g
YALI1_D10961g,YALI2_D00163g
YALI1_D11015g,YALI2_D00942g
YALI1_D11034g,YALI2_D00941g
YALI1_D11063g,YALI2_D00940g
YALI1_D11087g,YALI2_D00939g
YALI1_D11091g,YALI2_D00938g
YALI1_D11115g,YALI2_D00164g
YALI1_D11151g,YALI2_D00937g
YALI1_D11159g,YALI2_D00165g
YALI1_D11177g,YALI2_D00166g
YALI1_D11203g,YALI2_D00167g
YALI1_D11242g,YALI2_D00936g
YALI1_D11256g,YALI2_D00935g
YALI1_D11272g,YALI2_D00934g
YALI1_D11302g,YALI2_D00168g
YALI1_D11343g,YALI2_D00933g
YALI1_D11354g,YALI2_D00169g
YALI1_D11368g,YALI2_D00170g
YALI1_D11402g,YALI2_D00932g
YALI1_D11406g,YALI2_D00171g
YALI1_D11437g,YALI2_D00931g
YALI1_D11442g,YALI2_D00172g
YALI1_D11479g,YALI2_D00930g
YALI1_D11486g,YALI2_D00173g
YALI1_D11514g,YALI2_D00929g
YALI1_D11542g,YALI2_D00928g
YALI1_D11592g,YALI2_D00927g
YALI1_D11614g,YALI2_D00926g
YALI1_D11623g,YALI2_D00174g
YALI1_D11633g,YALI2_D00175g
YALI1_D11653g,YALI2_D00176g
YALI1_D11666g,YALI2_D00177g
YALI1_D11686g,YALI2_D00178g
YALI1_D11722g,YALI2_D00925g
YALI1_D11769g,YALI2_D00179g
YALI1_D11810g,YALI2_D00180g
YALI1_D11844g,YALI2_D00181g
YALI1_D11937g,YALI2_D00182g
YALI1_D11984g,YALI2_D00183g
YALI1_D12028g,YALI2_D00184g
YALI1_D12050g,YALI2_D00924g
YALI1_D12056g,YALI2_D00185g
YALI1_D12074g,YALI2_D00186g
YALI1_D12091g,YALI2_D00923g
YALI1_D12147g,YALI2_D00187g
YALI1_D12172g,YALI2_D00922g
YALI1_D12198g,YALI2_D00188g
YALI1_D12252g,YALI2_D00921g
YALI1_D12271g,YALI2_D00920g
YALI1_D12282g,YALI2_D00189g
YALI1_D12315g,YALI2_D00190g
YALI1_D12342g,YALI2_D00191g
YALI1_D12355g,YALI2_D00192g
YALI1_D12403g,YALI2_D00193g
YALI1_D12447g,YALI2_D00194g
YALI1_D12483g,YALI2_D00919g
YALI1_D12493g,YALI2_D00195g
YALI1_D12543g,YALI2_D00917g
YALI1_D12567g,YALI2_D00916g
YALI1_D12626g,YALI2_D00915g
YALI1_D12630g,YALI2_D00196g
YALI1_D12646g,YALI2_D00197g
YALI1_D12690g,YALI2_D00198g
YALI1_D12723g,YALI2_D00914g
YALI1_D12750g,YALI2_D00199g
YALI1_D12760g,YALI2_D00200g
YALI1_D12790g,YALI2_D00913g
YALI1_D12815g,YALI2_D00912g
YALI1_D12832g,YALI2_D00201g
YALI1_D12858g,YALI2_D00202g
YALI1_D12880g,YALI2_D00203g
YALI1_D12909g,YALI2_D00911g
YALI1_D12930g,YALI2_D00910g
YALI1_D12964g,YALI2_D00204g
YALI1_D12996g,YALI2_D00205g
YALI1_D13019g,YALI2_D00206g
YALI1_D13071g,YALI2_D00207g
YALI1_D13108g,YALI2_D00208g
YALI1_D13124g,YALI2_D00908g
YALI1_D13126g,YALI2_D00209g
YALI1_D13201g,YALI2_D00907g
YALI1_D13226g,YALI2_D00906g
YALI1_D13238g,YALI2_D00210g
YALI1_D13251g,YALI2_D00211g
YALI1_D13298g,YALI2_D00905g
YALI1_D13341g,YALI2_D00904g
YALI1_D13368g,YALI2_D00212g
YALI1_D13388g,YALI2_D00213g
YALI1_D13403g,YALI2_D00214g
YALI1_D13450g,YALI2_D00215g
YALI1_D13496g,YALI2_D00903g
YALI1_D13510g,YALI2_D00902g
YALI1_D13545g,YALI2_D00216g
YALI1_D13574g,YALI2_D00217g
YALI1_D13611g,YALI2_D00218g
YALI1_D13679g,YALI2_D00901g
YALI1_D13686g,YALI2_D00219g
YALI1_D13707g,YALI2_D00900g
YALI1_D13788g,YALI2_D00898g
YALI1_D13790g,YALI2_D00220g
YALI1_D13816g,YALI2_D00221g
YALI1_D13865g,YALI2_D00897g
YALI1_D13871g,YALI2_D00222g
YALI1_D13916g,YALI2_D00896g
YALI1_D13963g,YALI2_D00895g
YALI1_D13976g,YALI2_D00894g
YALI1_D14004g,YALI2_D00893g
YALI1_D14058g,YALI2_D00892g
YALI1_D14097g,YALI2_D00891g
YALI1_D14104g,YALI2_D00224g
YALI1_D14125g,YALI2_D00225g
YALI1_D14156g,YALI2_D00890g
YALI1_D14180g,YALI2_D00889g
YALI1_D14190g,YALI2_D00888g
YALI1_D14199g,YALI2_D00226g
YALI1_D14224g,YALI2_D00227g
YALI1_D14260g,YALI2_D00887g
YALI1_D14276g,YALI2_D00228g
YALI1_D14300g,YALI2_D00886g
YALI1_D14304g,YALI2_D00229g
YALI1_D14329g,YALI2_D00885g
YALI1_D14333g,YALI2_D00230g
YALI1_D14391g,YALI2_D00884g
YALI1_D14400g,YALI2_D00231g
YALI1_D14423g,YALI2_D00883g
YALI1_D14424g,YALI2_D00232g
YALI1_D14431g,YALI2_D00233g
YALI1_D14453g,YALI2_D00882g
YALI1_D14462g,YALI2_D00881g
YALI1_D14477g,YALI2_D00880g
YALI1_D14489g,YALI2_D00234g
YALI1_D14500g,YALI2_D00235g
YALI1_D14532g,YALI2_D00879g
YALI1_D14560g,YALI2_D00236g
YALI1_D14585g,YALI2_D00237g
YALI1_D14609g,YALI2_D00878g
YALI1_D14628g,YALI2_D00877g
YALI1_D14639g,YALI2_D00238g
YALI1_D14670g,YALI2_D00239g
YALI1_D14695g,YALI2_D00240g
YALI1_D14725g,YALI2_D00241g
YALI1_D14840g,YALI2_D00876g
YALI1_D14866g,YALI2_D00875g
YALI1_D14893g,YALI2_D00874g
YALI1_D14915g,YALI2_D00242g
YALI1_D14986g,YALI2_D00243g
YALI1_D15030g,YALI2_D00244g
YALI1_D15063g,YALI2_D00873g
YALI1_D15114g,YALI2_D00872g
YALI1_D15149g,YALI2_D00871g
YALI1_D15181g,YALI2_D00870g
YALI1_D15214g,YALI2_D00869g
YALI1_D15245g,YALI2_D00868g
YALI1_D15296g,YALI2_D00245g
YALI1_D15304g,YALI2_D00246g
YALI1_D15333g,YALI2_D00247g
YALI1_D15362g,YALI2_D00867g
YALI1_D15367g,YALI2_D00248g
YALI1_D15398g,YALI2_D00249g
YALI1_D15424g,YALI2_D00866g
YALI1_D15458g,YALI2_D00250g
YALI1_D15506g,YALI2_D00865g
YALI1_D15523g,YALI2_D00251g
YALI1_D15568g,YALI2_D00864g
YALI1_D15597g,YALI2_D00252g
YALI1_D15622g,YALI2_D00253g
YALI1_D15692g,YALI2_D00863g
YALI1_D15696g,YALI2_D00254g
YALI1_D15734g,YALI2_D00862g
YALI1_D15744g,YALI2_D00255g
YALI1_D15792g,YALI2_D00861g
YALI1_D15848g,YALI2_D00256g
YALI1_D15865g,YALI2_D00257g
YALI1_D15897g,YALI2_D00860g
YALI1_D15902g,YALI2_D00258g
YALI1_D15937g,YALI2_D00859g
YALI1_D15952g,YALI2_D00858g
YALI1_D15963g,YALI2_D00857g
YALI1_D15965g,YALI2_D00259g
YALI1_D15974g,YALI2_D00260g
YALI1_D15983g,YALI2_D00261g
YALI1_D16009g,YALI2_D00856g
YALI1_D16029g,YALI2_D00855g
YALI1_D16047g,YALI2_D00262g
YALI1_D16086g,YALI2_D00263g
YALI1_D16118g,YALI2_D00854g
YALI1_D16144g,YALI2_D00853g
YALI1_D16151g,YALI2_D00264g
YALI1_D16173g,YALI2_D00265g
YALI1_D16206g,YALI2_D00852g
YALI1_D16236g,YALI2_D00851g
YALI1_D16249g,YALI2_D00266g
YALI1_D16290g,YALI2_D00267g
YALI1_D16314g,YALI2_D00850g
YALI1_D16370g,YALI2_D00268g
YALI1_D16431g,YALI2_D00849g
YALI1_D16441g,YALI2_D00848g
YALI1_D16471g,YALI2_D00269g
YALI1_D16531g,YALI2_D00270g
YALI1_D16567g,YALI2_D00847g
YALI1_D16609g,YALI2_D00271g
YALI1_D16656g,YALI2_D00846g
YALI1_D16672g,YALI2_D00845g
YALI1_D16679g,YALI2_D00272g
YALI1_D16709g,YALI2_D00273g
YALI1_D16756g,YALI2_D00274g
YALI1_D16783g,YALI2_D00844g
YALI1_D16809g,YALI2_D00843g
YALI1_D16843g,YALI2_D00842g
YALI1_D16864g,YALI2_D00841g
YALI1_D16891g,YALI2_D00275g
YALI1_D16932g,YALI2_D00840g
YALI1_D16981g,YALI2_D00839g
YALI1_D17030g,YALI2_D00276g
YALI1_D17051g,YALI2_D00277g
YALI1_D17090g,YALI2_D00278g
YALI1_D17108g,YALI2_D00279g
YALI1_D17151g,YALI2_D00838g
YALI1_D17181g,YALI2_D00280g
YALI1_D17206g,YALI2_D00837g
YALI1_D17249g,YALI2_D00836g
YALI1_D17268g,YALI2_D00281g
YALI1_D17299g,YALI2_D00835g
YALI1_D17336g,YALI2_D00834g
YALI1_D17355g,YALI2_D00833g
YALI1_D17370g,YALI2_D00282g
YALI1_D17410g,YALI2_D00284g
YALI1_D17462g,YALI2_D00285g
YALI1_D17482g,YALI2_D00832g
YALI1_D17493g,YALI2_D00286g
YALI1_D17507g,YALI2_D00287g
YALI1_D17524g,YALI2_D00288g
YALI1_D17564g,YALI2_D00831g
YALI1_D17593g,YALI2_D00289g
YALI1_D17620g,YALI2_D00290g
YALI1_D17666g,YALI2_D00829g
YALI1_D17710g,YALI2_D00828g
YALI1_D17770g,YALI2_D00827g
YALI1_D17795g,YALI2_D00291g
YALI1_D17829g,YALI2_D00292g
YALI1_D17854g,YALI2_D00293g
YALI1_D17885g,YALI2_D00826g
YALI1_D17899g,YALI2_D00294g
YALI1_D17930g,YALI2_D00295g
YALI1_D17970g,YALI2_D00825g
YALI1_D17983g,YALI2_D00296g
YALI1_D18014g,YALI2_D00297g
YALI1_D18037g,YALI2_D00298g
YALI1_D18089g,YALI2_D00299g
YALI1_D18130g,YALI2_D00300g
YALI1_D18167g,YALI2_D00824g
YALI1_D18190g,YALI2_D00823g
YALI1_D18198g,YALI2_D00301g
YALI1_D18251g,YALI2_D00822g
YALI1_D18274g,YALI2_D00302g
YALI1_D18383g,YALI2_D00303g
YALI1_D18408g,YALI2_D00304g
YALI1_D18442g,YALI2_D00305g
YALI1_D18475g,YALI2_D00821g
YALI1_D18495g,YALI2_D00820g
YALI1_D18555g,YALI2_D00819g
YALI1_D18577g,YALI2_D00306g
YALI1_D18646g,YALI2_D00818g
YALI1_D18673g,YALI2_D00817g
YALI1_D18727g,YALI2_D00816g
YALI1_D18770g,YALI2_D00307g
YALI1_D18833g,YALI2_D00815g
YALI1_D18845g,YALI2_D00308g
YALI1_D18890g,YALI2_D00814g
YALI1_D18943g,YALI2_D00309g
YALI1_D18982g,YALI2_D00813g
YALI1_D19039g,YALI2_D00812g
YALI1_D19058g,YALI2_D00310g
YALI1_D19087g,YALI2_D00811g
YALI1_D19108g,YALI2_D00810g
YALI1_D19110g,YALI2_D00311g
YALI1_D19134g,YALI2_D00312g
YALI1_D19187g,YALI2_D00313g
YALI1_D19252g,YALI2_D00809g
YALI1_D19306g,YALI2_D00808g
YALI1_D19321g,YALI2_D00314g
YALI1_D19338g,YALI2_D00315g
YALI1_D19354g,YALI2_D00807g
YALI1_D19365g,YALI2_D00316g
YALI1_D19515g,YALI2_D00317g
YALI1_D19623g,YALI2_D00806g
YALI1_D19721g,YALI2_D00805g
YALI1_D19775g,YALI2_D00318g
YALI1_D19951g,YALI2_D00319g
YALI1_D19980g,YALI2_D00320g
YALI1_D20007g,YALI2_D00804g
YALI1_D20018g,YALI2_D00321g
YALI1_D20050g,YALI2_D00803g
YALI1_D20061g,YALI2_D00322g
YALI1_D20118g,YALI2_D00802g
YALI1_D20164g,YALI2_D00801g
YALI1_D20202g,YALI2_D00800g
YALI1_D20222g,YALI2_D00323g
YALI1_D20257g,YALI2_D00324g
YALI1_D20304g,YALI2_D00325g
YALI1_D20329g,YALI2_D00799g
YALI1_D20359g,YALI2_D00326g
YALI1_D20381g,YALI2_D00327g
YALI1_D20413g,YALI2_D00328g
YALI1_D20457g,YALI2_D00798g
YALI1_D20473g,YALI2_D00329g
YALI1_D20651g,YALI2_D00797g
YALI1_D20662g,YALI2_D00796g
YALI1_D20676g,YALI2_D00332g
YALI1_D20695g,YALI2_D00333g
YALI1_D20706g,YALI2_D00334g
YALI1_D20719g,YALI2_D00335g
YALI1_D20758g,YALI2_D00795g
YALI1_D20768g,YALI2_D00336g
YALI1_D20784g,YALI2_D00794g
YALI1_D20840g,YALI2_D00793g
YALI1_D20844g,YALI2_D00337g
YALI1_D20885g,YALI2_D00792g
YALI1_D20886g,YALI2_D00338g
YALI1_D20904g,YALI2_D00791g
YALI1_D20931g,YALI2_D00790g
YALI1_D20954g,YALI2_D00339g
YALI1_D20985g,YALI2_D00340g
YALI1_D21022g,YALI2_D00789g
YALI1_D21023g,YALI2_D00341g
YALI1_D21031g,YALI2_D00788g
YALI1_D21044g,YALI2_D00342g
YALI1_D21076g,YALI2_D00787g
YALI1_D21100g,YALI2_D00343g
YALI1_D21120g,YALI2_D00344g
YALI1_D21145g,YALI2_D00786g
YALI1_D21167g,YALI2_D00785g
YALI1_D21173g,YALI2_D00345g
YALI1_D21191g,YALI2_D00346g
YALI1_D21228g,YALI2_D00348g
YALI1_D21256g,YALI2_D00349g
YALI1_D21327g,YALI2_D00352g
YALI1_D21385g,YALI2_D00784g
YALI1_D21408g,YALI2_D00783g
YALI1_D21424g,YALI2_D00353g
YALI1_D21458g,YALI2_D00782g
YALI1_D21464g,YALI2_D00354g
YALI1_D21511g,YALI2_D00356g
YALI1_D21543g,YALI2_D00781g
YALI1_D21565g,YALI2_D00357g
YALI1_D21586g,YALI2_D00358g
YALI1_D21610g,YALI2_D00359g
YALI1_D21631g,YALI2_D00360g
YALI1_D21667g,YALI2_D00779g
YALI1_D21702g,YALI2_D00361g
YALI1_D21830g,YALI2_D00778g
YALI1_D21847g,YALI2_D00777g
YALI1_D21986g,YALI2_D00362g
YALI1_D22053g,YALI2_D00363g
YALI1_D22083g,YALI2_D00364g
YALI1_D22124g,YALI2_D00776g
YALI1_D22157g,YALI2_D00365g
YALI1_D22237g,YALI2_D00775g
YALI1_D22247g,YALI2_D00366g
YALI1_D22274g,YALI2_D00774g
YALI1_D22342g,YALI2_D00367g
YALI1_D22368g,YALI2_D00773g
YALI1_D22413g,YALI2_D00368g
YALI1_D22568g,YALI2_D00369g
YALI1_D22636g,YALI2_D00370g
YALI1_D22663g,YALI2_D00371g
YALI1_D22691g,YALI2_D00772g
YALI1_D22704g,YALI2_D00372g
YALI1_D22759g,YALI2_D00771g
YALI1_D22768g,YALI2_D00373g
YALI1_D22804g,YALI2_D00770g
YALI1_D22834g,YALI2_D00374g
YALI1_D22864g,YALI2_D00769g
YALI1_D22888g,YALI2_D00768g
YALI1_D22906g,YALI2_D00767g
YALI1_D22961g,YALI2_D00375g
YALI1_D22997g,YALI2_D00376g
YALI1_D23067g,YALI2_D00766g
YALI1_D23128g,YALI2_D00765g
YALI1_D23142g,YALI2_D00377g
YALI1_D23169g,YALI2_D00378g
YALI1_D23224g,YALI2_D00381g
YALI1_D23237g,YALI2_D00382g
YALI1_D23265g,YALI2_D00764g
YALI1_D23274g,YALI2_D00383g
YALI1_D23337g,YALI2_D00384g
YALI1_D23377g,YALI2_D00385g
YALI1_D23479g,YALI2_D00386g
YALI1_D23575g,YALI2_D00387g
YALI1_D23622g,YALI2_D00388g
YALI1_D23653g,YALI2_D00763g
YALI1_D23668g,YALI2_D00389g
YALI1_D23688g,YALI2_D00762g
YALI1_D23693g,YALI2_D00390g
YALI1_D23730g,YALI2_D00391g
YALI1_D23753g,YALI2_D00761g
YALI1_D23785g,YALI2_D00392g
YALI1_D23885g,YALI2_D00393g
YALI1_D23934g,YALI2_D00760g
YALI1_D23995g,YALI2_D00394g
YALI1_D24026g,YALI2_D00759g
YALI1_D24054g,YALI2_D00395g
YALI1_D24069g,YALI2_D00396g
YALI1_D24095g,YALI2_D00758g
YALI1_D24109g,YALI2_D00757g
YALI1_D24127g,YALI2_D00397g
YALI1_D24138g,YALI2_D00398g
YALI1_D24182g,YALI2_D00399g
YALI1_D24225g,YALI2_D00756g
YALI1_D24249g,YALI2_D00400g
YALI1_D24308g,YALI2_D00755g
YALI1_D24333g,YALI2_D00401g
YALI1_D24361g,YALI2_D00754g
YALI1_D24375g,YALI2_D00402g
YALI1_D24387g,YALI2_D00403g
YALI1_D24398g,YALI2_D00404g
YALI1_D24425g,YALI2_D00405g
YALI1_D24508g,YALI2_D00406g
YALI1_D24546g,YALI2_D00753g
YALI1_D24580g,YALI2_D00407g
YALI1_D24626g,YALI2_D00752g
YALI1_D24649g,YALI2_D00408g
YALI1_D24687g,YALI2_D00409g
YALI1_D24718g,YALI2_D00751g
YALI1_D24751g,YALI2_D00410g
YALI1_D24770g,YALI2_D00411g
YALI1_D24836g,YALI2_D00750g
YALI1_D24892g,YALI2_D00749g
YALI1_D24918g,YALI2_D00412g
YALI1_D24941g,YALI2_D00413g
YALI1_D24961g,YALI2_D00414g
YALI1_D24997g,YALI2_D00748g
YALI1_D25037g,YALI2_D00747g
YALI1_D25104g,YALI2_D00746g
YALI1_D25137g,YALI2_D00745g
YALI1_D25151g,YALI2_D00415g
YALI1_D25178g,YALI2_D00416g
YALI1_D25208g,YALI2_D00744g
YALI1_D25216g,YALI2_D00417g
YALI1_D25233g,YALI2_D00418g
YALI1_D25250g,YALI2_D00743g
YALI1_D25255g,YALI2_D00419g
YALI1_D25288g,YALI2_D00742g
YALI1_D25289g,YALI2_D00420g
YALI1_D25330g,YALI2_D00741g
YALI1_D25359g,YALI2_D00740g
YALI1_D25370g,YALI2_D00421g
YALI1_D25400g,YALI2_D00422g
YALI1_D25419g,YALI2_D00423g
YALI1_D25450g,YALI2_D00739g
YALI1_D25472g,YALI2_D00424g
YALI1_D25529g,YALI2_D00425g
YALI1_D25606g,YALI2_D00738g
YALI1_D25616g,YALI2_D00426g
YALI1_D25664g,YALI2_D00427g
YALI1_D25715g,YALI2_D00428g
YALI1_D25744g,YALI2_D00429g
YALI1_D25786g,YALI2_D00737g
YALI1_D25813g,YALI2_D00430g
YALI1_D25851g,YALI2_D00736g
YALI1_D25899g,YALI2_D00431g
YALI1_D25968g,YALI2_D00735g
YALI1_D26006g,YALI2_D00734g
YALI1_D26036g,YALI2_D00432g
YALI1_D26051g,YALI2_D00733g
YALI1_D26084g,YALI2_D00433g
YALI1_D26114g,YALI2_D00434g
YALI1_D26142g,YALI2_D00732g
YALI1_D26146g,YALI2_D00435g
YALI1_D26186g,YALI2_D00731g
YALI1_D26218g,YALI2_D00730g
YALI1_D26263g,YALI2_D00436g
YALI1_D26316g,YALI2_D00729g
YALI1_D26320g,YALI2_D00437g
YALI1_D26360g,YALI2_D00728g
YALI1_D26394g,YALI2_D00727g
YALI1_D26438g,YALI2_D00726g
YALI1_D26467g,YALI2_D00439g
YALI1_D26496g,YALI2_D00440g
YALI1_D26511g,YALI2_D00441g
YALI1_D26529g,YALI2_D00442g
YALI1_D26559g,YALI2_D00443g
YALI1_D26586g,YALI2_D00725g
YALI1_D26610g,YALI2_D00444g
YALI1_D26639g,YALI2_D00724g
YALI1_D26666g,YALI2_D00723g
YALI1_D26671g,YALI2_D00445g
YALI1_D26721g,YALI2_D00722g
YALI1_D26730g,YALI2_D00446g
YALI1_D26759g,YALI2_D00721g
YALI1_D26765g,YALI2_D00447g
YALI1_D26808g,YALI2_D00720g
YALI1_D26844g,YALI2_D00719g
YALI1_D26956g,YALI2_D00718g
YALI1_D26978g,YALI2_D00717g
YALI1_D26993g,YALI2_D00449g
YALI1_D27044g,YALI2_D00716g
YALI1_D27057g,YALI2_D00715g
YALI1_D27068g,YALI2_D00714g
YALI1_D27074g,YALI2_D00450g
YALI1_D27100g,YALI2_D00451g
YALI1_D27126g,YALI2_D00452g
YALI1_D27148g,YALI2_D00713g
YALI1_D27163g,YALI2_D00453g
YALI1_D27181g,YALI2_D00454g
YALI1_D27235g,YALI2_D00712g
YALI1_D27251g,YALI2_D00455g
YALI1_D27274g,YALI2_D00711g
YALI1_D27297g,YALI2_D00456g
YALI1_D27324g,YALI2_D00710g
YALI1_D27385g,YALI2_D00457g
YALI1_D27500g,YALI2_D00709g
YALI1_D27547g,YALI2_D00458g
YALI1_D27599g,YALI2_D00708g
YALI1_D27637g,YALI2_D00459g
YALI1_D27718g,YALI2_D00707g
YALI1_D27748g,YALI2_D00706g
YALI1_D27762g,YALI2_D00705g
YALI1_D27780g,YALI2_D00704g
YALI1_D27808g,YALI2_D00703g
YALI1_D27826g,YALI2_D00702g
YALI1_D27844g,YALI2_D00460g
YALI1_D27867g,YALI2_D00701g
YALI1_D27884g,YALI2_D00461g
YALI1_D27912g,YALI2_D00700g
YALI1_D27995g,YALI2_D00699g
YALI1_D28003g,YALI2_D00462g
YALI1_D28033g,YALI2_D00463g
YALI1_D28064g,YALI2_D00464g
YALI1_D28087g,YALI2_D00465g
YALI1_D28150g,YALI2_D00466g
YALI1_D28213g,YALI2_D00698g
YALI1_D28221g,YALI2_D00467g
YALI1_D28273g,YALI2_D00468g
YALI1_D28351g,YALI2_D00697g
YALI1_D28404g,YALI2_D00696g
YALI1_D28518g,YALI2_D00695g
YALI1_D28537g,YALI2_D00469g
YALI1_D28569g,YALI2_D00470g
YALI1_D28630g,YALI2_D00694g
YALI1_D28646g,YALI2_D00471g
YALI1_D28825g,YALI2_D00693g
YALI1_D28842g,YALI2_D00473g
YALI1_D28890g,YALI2_D00692g
YALI1_D28934g,YALI2_D00691g
YALI1_D28999g,YALI2_D00474g
YALI1_D29020g,YALI2_D00690g
YALI1_D29109g,YALI2_D00689g
YALI1_D29203g,YALI2_D00688g
YALI1_D29215g,YALI2_D00475g
YALI1_D29237g,YALI2_D00687g
YALI1_D29279g,YALI2_D00476g
YALI1_D29335g,YALI2_D00477g
YALI1_D29371g,YALI2_D00478g
YALI1_D29419g,YALI2_D00479g
YALI1_D29457g,YALI2_D00686g
YALI1_D29481g,YALI2_D00480g
YALI1_D29523g,YALI2_D00685g
YALI1_D29549g,YALI2_D00481g
YALI1_D29626g,YALI2_D00684g
YALI1_D29668g,YALI2_D00683g
YALI1_D29699g,YALI2_D00682g
YALI1_D29703g,YALI2_D00482g
YALI1_D29728g,YALI2_D00483g
YALI1_D29768g,YALI2_D00681g
YALI1_D29831g,YALI2_D00680g
YALI1_D29852g,YALI2_D00679g
YALI1_D29910g,YALI2_D00484g
YALI1_D29951g,YALI2_D00678g
YALI1_D29966g,YALI2_D00485g
YALI1_D29994g,YALI2_D00677g
YALI1_D30003g,YALI2_D00486g
YALI1_D30058g,YALI2_D00676g
YALI1_D30097g,YALI2_D00487g
YALI1_D30161g,YALI2_D00488g
YALI1_D30196g,YALI2_D00489g
YALI1_D30224g,YALI2_D00675g
YALI1_D30230g,YALI2_D00490g
YALI1_D30256g,YALI2_D00491g
YALI1_D30285g,YALI2_D00492g
YALI1_D30319g,YALI2_D00674g
YALI1_D30324g,YALI2_D00493g
YALI1_D30420g,YALI2_D00494g
YALI1_D30459g,YALI2_D00673g
YALI1_D30474g,YALI2_D00672g
YALI1_D30506g,YALI2_D00495g
YALI1_D30540g,YALI2_D00496g
YALI1_D30570g,YALI2_D00497g
YALI1_D30593g,YALI2_D00498g
YALI1_D30618g,YALI2_D00499g
YALI1_D30653g,YALI2_D00500g
YALI1_D30705g,YALI2_D00501g
YALI1_D30781g,YALI2_D00503g
YALI1_D30826g,YALI2_D00671g
YALI1_D30843g,YALI2_D00670g
YALI1_D30866g,YALI2_D00504g
YALI1_D30899g,YALI2_D00669g
YALI1_D30922g,YALI2_D00668g
YALI1_D30941g,YALI2_D00505g
YALI1_D30999g,YALI2_D00506g
YALI1_D31083g,YALI2_D00667g
YALI1_D31155g,YALI2_D00666g
YALI1_D31186g,YALI2_D00507g
YALI1_D31258g,YALI2_D00665g
YALI1_D31274g,YALI2_D00508g
YALI1_D31387g,YALI2_D00664g
YALI1_D31402g,YALI2_D00509g
YALI1_D31482g,YALI2_D00663g
YALI1_D31568g,YALI2_D00662g
YALI1_D31624g,YALI2_D00661g
YALI1_D31672g,YALI2_D00510g
YALI1_D31719g,YALI2_D00511g
YALI1_D31823g,YALI2_D00660g
YALI1_D31866g,YALI2_D00659g
YALI1_D31914g,YALI2_D00512g
YALI1_D31948g,YALI2_D00513g
YALI1_D32002g,YALI2_D00658g
YALI1_D32013g,YALI2_D00514g
YALI1_D32070g,YALI2_D00657g
YALI1_D32111g,YALI2_D00656g
YALI1_D32153g,YALI2_D00517g
YALI1_D32209g,YALI2_D00518g
YALI1_D32268g,YALI2_D00519g
YALI1_D32316g,YALI2_D00520g
YALI1_D32369g,YALI2_D00655g
YALI1_D32424g,YALI2_D00654g
YALI1_D32435g,YALI2_D00521g
YALI1_D32468g,YALI2_D00522g
YALI1_D32494g,YALI2_D00523g
YALI1_D32519g,YALI2_D00653g
YALI1_D32568g,YALI2_D00652g
YALI1_D32594g,YALI2_D00525g
YALI1_D32619g,YALI2_D00526g
YALI1_D32663g,YALI2_D00527g
YALI1_D32695g,YALI2_D00650g
YALI1_D32812g,YALI2_D00648g
YALI1_D32832g,YALI2_D00647g
YALI1_D32880g,YALI2_D00528g
YALI1_D32958g,YALI2_D00646g
YALI1_D33042g,YALI2_D00529g
YALI1_D33105g,YALI2_D00645g
YALI1_D33119g,YALI2_D00530g
YALI1_D33168g,YALI2_D00644g
YALI1_D33207g,YALI2_D00531g
YALI1_D33229g,YALI2_D00532g
YALI1_D33274g,YALI2_D00642g
YALI1_D33289g,YALI2_D00641g
YALI1_D33307g,YALI2_D00640g
YALI1_D33321g,YALI2_D00533g
YALI1_D33350g,YALI2_D00534g
YALI1_D33380g,YALI2_D00639g
YALI1_D33418g,YALI2_D00638g
YALI1_D33428g,YALI2_D00535g
YALI1_D33465g,YALI2_D00637g
YALI1_D33504g,YALI2_D00536g
YALI1_D33552g,YALI2_D00537g
YALI1_D33599g,YALI2_D00636g
YALI1_D33640g,YALI2_D00635g
YALI1_D33653g,YALI2_D00538g
YALI1_D33696g,YALI2_D00634g
YALI1_D33735g,YALI2_D00539g
YALI1_D33780g,YALI2_D00632g
YALI1_D33820g,YALI2_D00631g
YALI1_D33835g,YALI2_D00540g
YALI1_D33879g,YALI2_D00629g
YALI1_D33889g,YALI2_D00541g
YALI1_D33941g,YALI2_D00628g
YALI1_D33961g,YALI2_D00627g
YALI1_D33978g,YALI2_D00626g
YALI1_D33988g,YALI2_D00542g
YALI1_D34022g,YALI2_D00543g
YALI1_D34043g,YALI2_D00544g
YALI1_D34057g,YALI2_D00625g
YALI1_D34078g,YALI2_D00624g
YALI1_D34106g,YALI2_D00623g
YALI1_D34119g,YALI2_D00545g
YALI1_D34149g,YALI2_D00546g
YALI1_D34213g,YALI2_D00622g
YALI1_D34232g,YALI2_D00621g
YALI1_D34258g,YALI2_D00547g
YALI1_D34270g,YALI2_D00620g
YALI1_D34288g,YALI2_D00548g
YALI1_D34353g,YALI2_D00619g
YALI1_D34395g,YALI2_D00549g
YALI1_D34446g,YALI2_D00618g
YALI1_D34487g,YALI2_D00617g
YALI1_D34508g,YALI2_D00616g
YALI1_D34529g,YALI2_D00550g
YALI1_D34594g,YALI2_D00615g
YALI1_D34621g,YALI2_D00551g
YALI1_D34643g,YALI2_D00614g
YALI1_D34684g,YALI2_D00613g
YALI1_D34710g,YALI2_D00612g
YALI1_D34739g,YALI2_D00552g
YALI1_D34758g,YALI2_D00611g
YALI1_D34785g,YALI2_D00553g
YALI1_D34840g,YALI2_D00554g
YALI1_D34860g,YALI2_D00610g
YALI1_D34865g,YALI2_D00555g
YALI1_D34893g,YALI2_D00609g
YALI1_D34933g,YALI2_D00608g
YALI1_D34980g,YALI2_D00607g
YALI1_D35025g,YALI2_D00556g
YALI1_D35061g,YALI2_D00557g
YALI1_D35096g,YALI2_D00605g
YALI1_D35119g,YALI2_D00604g
YALI1_D35126g,YALI2_D00558g
YALI1_D35143g,YALI2_D00603g
YALI1_D35148g,YALI2_D00559g
YALI1_D35190g,YALI2_D00560g
YALI1_D35210g,YALI2_D00602g
YALI1_D35258g,YALI2_D00601g
YALI1_D35356g,YALI2_D00561g
YALI1_D35394g,YALI2_D00599g
YALI1_D35398g,YALI2_D00562g
YALI1_D35424g,YALI2_D00598g
YALI1_D35435g,YALI2_D00597g
YALI1_D35443g,YALI2_D00563g
YALI1_D35484g,YALI2_D00596g
YALI1_D35509g,YALI2_D00564g
YALI1_D35575g,YALI2_D00595g
YALI1_D35593g,YALI2_D00566g
YALI1_D35635g,YALI2_D00567g
YALI1_D35669g,YALI2_D00568g
YALI1_D35711g,YALI2_D00594g
YALI1_D35718g,YALI2_D00569g
YALI1_D35735g,YALI2_D00570g
YALI1_D35768g,YALI2_D00593g
YALI1_D35787g,YALI2_D00571g
YALI1_D35809g,YALI2_D00572g
YALI1_D35852g,YALI2_D00573g
YALI1_D35870g,YALI2_D00574g
YALI1_D35907g,YALI2_D00592g
YALI1_D35911g,YALI2_D00575g
YALI1_D35945g,YALI2_D00591g
YALI1_D35965g,YALI2_D00590g
YALI1_D35966g,YALI2_D00576g
YALI1_D36035g,YALI2_D00578g
YALI1_D36100g,YALI2_D00580g
YALI1_D36122g,YALI2_D00581g
YALI1_D36137g,YALI2_D00588g
YALI1_D36161g,YALI2_D00587g
YALI1_D36182g,YALI2_D00582g
YALI1_D36215g,YALI2_D00586g
YALI1_D36255g,YALI2_D00585g
YALI1_D36267g,YALI2_D00584g
YALI1_E00040g,YALI2_E01769g
YALI1_E00115g,YALI2_E00001g
YALI1_E00239g,YALI2_E00002g
YALI1_E00280g,YALI2_E01767g
YALI1_E00306g,YALI2_E01766g
YALI1_E00318g,YALI2_E00003g
YALI1_E00337g,YALI2_E01765g
YALI1_E00340g,YALI2_E00004g
YALI1_E00358g,YALI2_E00005g
YALI1_E00389g,YALI2_E01764g
YALI1_E00412g,YALI2_E01763g
YALI1_E00437g,YALI2_E01762g
YALI1_E00510g,YALI2_E01761g
YALI1_E00527g,YALI2_E01760g
YALI1_E00533g,YALI2_E00006g
YALI1_E00551g,YALI2_E01759g
YALI1_E00574g,YALI2_E00007g
YALI1_E00588g,YALI2_E00008g
YALI1_E00628g,YALI2_E00009g
YALI1_E00680g,YALI2_E01758g
YALI1_E00746g,YALI2_E00010g
YALI1_E00760g,YALI2_E01757g
YALI1_E00824g,YALI2_E00011g
YALI1_E00869g,YALI2_E01756g
YALI1_E00872g,YALI2_E00012g
YALI1_E00907g,YALI2_E00013g
YALI1_E00928g,YALI2_E00014g
YALI1_E00948g,YALI2_E01755g
YALI1_E00963g,YALI2_E00015g
YALI1_E01019g,YALI2_E01754g
YALI1_E01033g,YALI2_E00016g
YALI1_E01057g,YALI2_E01753g
YALI1_E01081g,YALI2_E01752g
YALI1_E01105g,YALI2_E01751g
YALI1_E01133g,YALI2_E00017g
YALI1_E01159g,YALI2_E01750g
YALI1_E01163g,YALI2_E00018g
YALI1_E01193g,YALI2_E01749g
YALI1_E01213g,YALI2_E01748g
YALI1_E01235g,YALI2_E01747g
YALI1_E01251g,YALI2_E00019g
YALI1_E01286g,YALI2_E01746g
YALI1_E01299g,YALI2_E00020g
YALI1_E01352g,YALI2_E01744g
YALI1_E01392g,YALI2_E00021g
YALI1_E01422g,YALI2_E01743g
YALI1_E01463g,YALI2_E00022g
YALI1_E01530g,YALI2_E00023g
YALI1_E01589g,YALI2_E01742g
YALI1_E01614g,YALI2_E01741g
YALI1_E01623g,YALI2_E00024g
YALI1_E01649g,YALI2_E01740g
YALI1_E01657g,YALI2_E00025g
YALI1_E01689g,YALI2_E01739g
YALI1_E01694g,YALI2_E00026g
YALI1_E01741g,YALI2_E00027g
YALI1_E01778g,YALI2_E01738g
YALI1_E01793g,YALI2_E01737g
YALI1_E01798g,YALI2_E00028g
YALI1_E01885g,YALI2_E01736g
YALI1_E01904g,YALI2_E01735g
YALI1_E01935g,YALI2_E01734g
YALI1_E01947g,YALI2_E00030g
YALI1_E02000g,YALI2_E01733g
YALI1_E02007g,YALI2_E00031g
YALI1_E02046g,YALI2_E01732g
YALI1_E02056g,YALI2_E00032g
YALI1_E02102g,YALI2_E00033g
YALI1_E02121g,YALI2_E01731g
YALI1_E02143g,YALI2_E00034g
YALI1_E02162g,YALI2_E00035g
YALI1_E02183g,YALI2_E00036g
YALI1_E02203g,YALI2_E00037g
YALI1_E02231g,YALI2_E01730g
YALI1_E02239g,YALI2_E00038g
YALI1_E02265g,YALI2_E00039g
YALI1_E02287g,YALI2_E01729g
YALI1_E02290g,YALI2_E00040g
YALI1_E02305g,YALI2_E01728g
YALI1_E02317g,YALI2_E00042g
YALI1_E02348g,YALI2_E01727g
YALI1_E02355g,YALI2_E00043g
YALI1_E02372g,YALI2_E01726g
YALI1_E02377g,YALI2_E00044g
YALI1_E02413g,YALI2_E01725g
YALI1_E02415g,YALI2_E00045g
YALI1_E02432g,YALI2_E01724g
YALI1_E02438g,YALI2_E00046g
YALI1_E02454g,YALI2_E01723g
YALI1_E02468g,YALI2_E00047g
YALI1_E02481g,YALI2_E00048g
YALI1_E02529g,YALI2_E00049g
YALI1_E02574g,YALI2_E00050g
YALI1_E02616g,YALI2_E01722g
YALI1_E02626g,YALI2_E00051g
YALI1_E02648g,YALI2_E00052g
YALI1_E02678g,YALI2_E01721g
YALI1_E02767g,YALI2_E00053g
YALI1_E02799g,YALI2_E01720g
YALI1_E02832g,YALI2_E01719g
YALI1_E02850g,YALI2_E01718g
YALI1_E02885g,YALI2_E00054g
YALI1_E02906g,YALI2_E00055g
YALI1_E02948g,YALI2_E01717g
YALI1_E02959g,YALI2_E01716g
YALI1_E02966g,YALI2_E00056g
YALI1_E02996g,YALI2_E01715g
YALI1_E03039g,YALI2_E01714g
YALI1_E03067g,YALI2_E01713g
YALI1_E03088g,YALI2_E00057g
YALI1_E03150g,YALI2_E01712g
YALI1_E03158g,YALI2_E01711g
YALI1_E03163g,YALI2_E00058g
YALI1_E03183g,YALI2_E01710g
YALI1_E03185g,YALI2_E00059g
YALI1_E03220g,YALI2_E01709g
YALI1_E03243g,YALI2_E00060g
YALI1_E03300g,YALI2_E01708g
YALI1_E03320g,YALI2_E00062g
YALI1_E03387g,YALI2_E01707g
YALI1_E03396g,YALI2_E00063g
YALI1_E03416g,YALI2_E00064g
YALI1_E03439g,YALI2_E01706g
YALI1_E03449g,YALI2_E00065g
YALI1_E03507g,YALI2_E01705g
YALI1_E03510g,YALI2_E00066g
YALI1_E03527g,YALI2_E01704g
YALI1_E03535g,YALI2_E00067g
YALI1_E03553g,YALI2_E00068g
YALI1_E03584g,YALI2_E01703g
YALI1_E03623g,YALI2_E00069g
YALI1_E03651g,YALI2_E01702g
YALI1_E03672g,YALI2_E00070g
YALI1_E03723g,YALI2_E00071g
YALI1_E03762g,YALI2_E01701g
YALI1_E03789g,YALI2_E00072g
YALI1_E03846g,YALI2_E01700g
YALI1_E03870g,YALI2_E01699g
YALI1_E03904g,YALI2_E01698g
YALI1_E03918g,YALI2_E00073g
YALI1_E03941g,YALI2_E00074g
YALI1_E03973g,YALI2_E01697g
YALI1_E03999g,YALI2_E00075g
YALI1_E04007g,YALI2_E00076g
YALI1_E04023g,YALI2_E01696g
YALI1_E04033g,YALI2_E00077g
YALI1_E04060g,YALI2_E01695g
YALI1_E04091g,YALI2_E00078g
YALI1_E04143g,YALI2_E00079g
YALI1_E04177g,YALI2_E00080g
YALI1_E04201g,YALI2_E01693g
YALI1_E04229g,YALI2_E01692g
YALI1_E04278g,YALI2_E00081g
YALI1_E04312g,YALI2_E00082g
YALI1_E04341g,YALI2_E01691g
YALI1_E04349g,YALI2_E00083g
YALI1_E04359g,YALI2_E00084g
YALI1_E04420g,YALI2_E01690g
YALI1_E04437g,YALI2_E01689g
YALI1_E04499g,YALI2_E00085g
YALI1_E04531g,YALI2_E00086g
YALI1_E04544g,YALI2_E00087g
YALI1_E04575g,YALI2_E01688g
YALI1_E04576g,YALI2_E00088g
YALI1_E04590g,YALI2_E01687g
YALI1_E04613g,YALI2_E01686g
YALI1_E04629g,YALI2_E00089g
YALI1_E04672g,YALI2_E00090g
YALI1_E04688g,YALI2_E00091g
YALI1_E04706g,YALI2_E00092g
YALI1_E04719g,YALI2_E01685g
YALI1_E04744g,YALI2_E01684g
YALI1_E04790g,YALI2_E01683g
YALI1_E04795g,YALI2_E00093g
YALI1_E04807g,YALI2_E01682g
YALI1_E04823g,YALI2_E00094g
YALI1_E04845g,YALI2_E01681g
YALI1_E04859g,YALI2_E00095g
YALI1_E04909g,YALI2_E01680g
YALI1_E04968g,YALI2_E01679g
YALI1_E05004g,YALI2_E00096g
YALI1_E05074g,YALI2_E00097g
YALI1_E05103g,YALI2_E01678g
YALI1_E05119g,YALI2_E00098g
YALI1_E05145g,YALI2_E01677g
YALI1_E05158g,YALI2_E00099g
YALI1_E05180g,YALI2_E01676g
YALI1_E05261g,YALI2_E01675g
YALI1_E05285g,YALI2_E01674g
YALI1_E05309g,YALI2_E00100g
YALI1_E05329g,YALI2_E00101g
YALI1_E05390g,YALI2_E01672g
YALI1_E05403g,YALI2_E01671g
YALI1_E05416g,YALI2_E00102g
YALI1_E05446g,YALI2_E00103g
YALI1_E05489g,YALI2_E01670g
YALI1_E05538g,YALI2_E01669g
YALI1_E05576g,YALI2_E01668g
YALI1_E05584g,YALI2_E00104g
YALI1_E05599g,YALI2_E01667g
YALI1_E05602g,YALI2_E00105g
YALI1_E05630g,YALI2_E01666g
YALI1_E05645g,YALI2_E01665g
YALI1_E05664g,YALI2_E01664g
YALI1_E05668g,YALI2_E00106g
YALI1_E05681g,YALI2_E00107g
YALI1_E05701g,YALI2_E01663g
YALI1_E05709g,YALI2_E00108g
YALI1_E05731g,YALI2_E00109g
YALI1_E05767g,YALI2_E00110g
YALI1_E05811g,YALI2_E01661g
YALI1_E05833g,YALI2_E01660g
YALI1_E05854g,YALI2_E00111g
YALI1_E05866g,YALI2_E00112g
YALI1_E05907g,YALI2_E01659g
YALI1_E05929g,YALI2_E00113g
YALI1_E05963g,YALI2_E01658g
YALI1_E05972g,YALI2_E01657g
YALI1_E05975g,YALI2_E00114g
YALI1_E05994g,YALI2_E01656g
YALI1_E06015g,YALI2_E01655g
YALI1_E06031g,YALI2_E00115g
YALI1_E06056g,YALI2_E01654g
YALI1_E06068g,YALI2_E00116g
YALI1_E06109g,YALI2_E01653g
YALI1_E06119g,YALI2_E00117g
YALI1_E06137g,YALI2_E01652g
YALI1_E06158g,YALI2_E01651g
YALI1_E06178g,YALI2_E00118g
YALI1_E06212g,YALI2_E01650g
YALI1_E06220g,YALI2_E00119g
YALI1_E06280g,YALI2_E01649g
YALI1_E06317g,YALI2_E01648g
YALI1_E06331g,YALI2_E01647g
YALI1_E06355g,YALI2_E00120g
YALI1_E06365g,YALI2_E00121g
YALI1_E06406g,YALI2_E01646g
YALI1_E06441g,YALI2_E00122g
YALI1_E06484g,YALI2_E00123g
YALI1_E06535g,YALI2_E00124g
YALI1_E06573g,YALI2_E01645g
YALI1_E06583g,YALI2_E00125g
YALI1_E06616g,YALI2_E00126g
YALI1_E06664g,YALI2_E00127g
YALI1_E06697g,YALI2_E01644g
YALI1_E06712g,YALI2_E00128g
YALI1_E06737g,YALI2_E00129g
YALI1_E06759g,YALI2_E01643g
YALI1_E06843g,YALI2_E01642g
YALI1_E06882g,YALI2_E00130g
YALI1_E06946g,YALI2_E00131g
YALI1_E07019g,YALI2_E00132g
YALI1_E07040g,YALI2_E01641g
YALI1_E07099g,YALI2_E00133g
YALI1_E07121g,YALI2_E00134g
YALI1_E07153g,YALI2_E00135g
YALI1_E07178g,YALI2_E00136g
YALI1_E07234g,YALI2_E01640g
YALI1_E07302g,YALI2_E01639g
YALI1_E07306g,YALI2_E00137g
YALI1_E07347g,YALI2_E01638g
YALI1_E07361g,YALI2_E00138g
YALI1_E07409g,YALI2_E00139g
YALI1_E07471g,YALI2_E01637g
YALI1_E07479g,YALI2_E00140g
YALI1_E07506g,YALI2_E01636g
YALI1_E07508g,YALI2_E00141g
YALI1_E07522g,YALI2_E01635g
YALI1_E07535g,YALI2_E00142g
YALI1_E07571g,YALI2_E01634g
YALI1_E07601g,YALI2_E00143g
YALI1_E07657g,YALI2_E01633g
YALI1_E07676g,YALI2_E00144g
YALI1_E07744g,YALI2_E01632g
YALI1_E07790g,YALI2_E01631g
YALI1_E07818g,YALI2_E00145g
YALI1_E07874g,YALI2_E01630g
YALI1_E07899g,YALI2_E01629g
YALI1_E07920g,YALI2_E01628g
YALI1_E07950g,YALI2_E01627g
YALI1_E07984g,YALI2_E00146g
YALI1_E08021g,YALI2_E01626g
YALI1_E08035g,YALI2_E01625g
YALI1_E08043g,YALI2_E00147g
YALI1_E08071g,YALI2_E00148g
YALI1_E08104g,YALI2_E01624g
YALI1_E08114g,YALI2_E00149g
YALI1_E08157g,YALI2_E01623g
YALI1_E08176g,YALI2_E00150g
YALI1_E08198g,YALI2_E01622g
YALI1_E08211g,YALI2_E00151g
YALI1_E08228g,YALI2_E00152g
YALI1_E08253g,YALI2_E01621g
YALI1_E08271g,YALI2_E00153g
YALI1_E08334g,YALI2_E01620g
YALI1_E08351g,YALI2_E00154g
YALI1_E08382g,YALI2_E00155g
YALI1_E08440g,YALI2_E01619g
YALI1_E08452g,YALI2_E00156g
YALI1_E08472g,YALI2_E00157g
YALI1_E08530g,YALI2_E01618g
YALI1_E08545g,YALI2_E00158g
YALI1_E08575g,YALI2_E01617g
YALI1_E08620g,YALI2_E00159g
YALI1_E08689g,YALI2_E01616g
YALI1_E08709g,YALI2_E01615g
YALI1_E08725g,YALI2_E00160g
YALI1_E08782g,YALI2_E01614g
YALI1_E08828g,YALI2_E01613g
YALI1_E08861g,YALI2_E00161g
YALI1_E08900g,YALI2_E01612g
YALI1_E08915g,YALI2_E00162g
YALI1_E08937g,YALI2_E01611g
YALI1_E08997g,YALI2_E00163g
YALI1_E09082g,YALI2_E00164g
YALI1_E09128g,YALI2_E01610g
YALI1_E09241g,YALI2_E01609g
YALI1_E09329g,YALI2_E01608g
YALI1_E09357g,YALI2_E00165g
YALI1_E09395g,YALI2_E01607g
YALI1_E09438g,YALI2_E01606g
YALI1_E09501g,YALI2_E01605g
YALI1_E09539g,YALI2_E01604g
YALI1_E09568g,YALI2_E00166g
YALI1_E09615g,YALI2_E00167g
YALI1_E09652g,YALI2_E01603g
YALI1_E09672g,YALI2_E00168g
YALI1_E09705g,YALI2_E01601g
YALI1_E09750g,YALI2_E01600g
YALI1_E09769g,YALI2_E01599g
YALI1_E09779g,YALI2_E00169g
YALI1_E09817g,YALI2_E01598g
YALI1_E09884g,YALI2_E01597g
YALI1_E09924g,YALI2_E01596g
YALI1_E09972g,YALI2_E00170g
YALI1_E10013g,YALI2_E00171g
YALI1_E10055g,YALI2_E01595g
YALI1_E10067g,YALI2_E00172g
YALI1_E10134g,YALI2_E01594g
YALI1_E10161g,YALI2_E00175g
YALI1_E10210g,YALI2_E00176g
YALI1_E10233g,YALI2_E01593g
YALI1_E10290g,YALI2_E01592g
YALI1_E10295g,YALI2_E00177g
YALI1_E10320g,YALI2_E01591g
YALI1_E10358g,YALI2_E01590g
YALI1_E10364g,YALI2_E00178g
YALI1_E10417g,YALI2_E01589g
YALI1_E10443g,YALI2_E01588g
YALI1_E10455g,YALI2_E00179g
YALI1_E10492g,YALI2_E01587g
YALI1_E10500g,YALI2_E00180g
YALI1_E10587g,YALI2_E01586g
YALI1_E10712g,YALI2_E01585g
YALI1_E10755g,YALI2_E01584g
YALI1_E10811g,YALI2_E01583g
YALI1_E10836g,YALI2_E00181g
YALI1_E10852g,YALI2_E00182g
YALI1_E10899g,YALI2_E00183g
YALI1_E10934g,YALI2_E00184g
YALI1_E10951g,YALI2_E00185g
YALI1_E11048g,YALI2_E01582g
YALI1_E11083g,YALI2_E00187g
YALI1_E11136g,YALI2_E01581g
YALI1_E11154g,YALI2_E00188g
YALI1_E11181g,YALI2_E00189g
YALI1_E11215g,YALI2_E01580g
YALI1_E11255g,YALI2_E00190g
YALI1_E11289g,YALI2_E01579g
YALI1_E11309g,YALI2_E01578g
YALI1_E11323g,YALI2_E01577g
YALI1_E11341g,YALI2_E00191g
YALI1_E11351g,YALI2_E01576g
YALI1_E11370g,YALI2_E00192g
YALI1_E11402g,YALI2_E01575g
YALI1_E11415g,YALI2_E00193g
YALI1_E11441g,YALI2_E01574g
YALI1_E11510g,YALI2_E01573g
YALI1_E11587g,YALI2_E00194g
YALI1_E11619g,YALI2_E00195g
YALI1_E11630g,YALI2_E00196g
YALI1_E11674g,YALI2_E01572g
YALI1_E11768g,YALI2_E01571g
YALI1_E11835g,YALI2_E00197g
YALI1_E11875g,YALI2_E00198g
YALI1_E11943g,YALI2_E01570g
YALI1_E12067g,YALI2_E00199g
YALI1_E12103g,YALI2_E01568g
YALI1_E12206g,YALI2_E01567g
YALI1_E12223g,YALI2_E01566g
YALI1_E12244g,YALI2_E00200g
YALI1_E12402g,YALI2_E00201g
YALI1_E12454g,YALI2_E01563g
YALI1_E12482g,YALI2_E01562g
YALI1_E12496g,YALI2_E00202g
YALI1_E12541g,YALI2_E01561g
YALI1_E12561g,YALI2_E01560g
YALI1_E12587g,YALI2_E01559g
YALI1_E12614g,YALI2_E00203g
YALI1_E12643g,YALI2_E01558g
YALI1_E12668g,YALI2_E00204g
YALI1_E12703g,YALI2_E01557g
YALI1_E12711g,YALI2_E00205g
YALI1_E12730g,YALI2_E01556g
YALI1_E12747g,YALI2_E00206g
YALI1_E12793g,YALI2_E00207g
YALI1_E12847g,YALI2_E00208g
YALI1_E12893g,YALI2_E00209g
YALI1_E12919g,YALI2_E01555g
YALI1_E12952g,YALI2_E01554g
YALI1_E12962g,YALI2_E00210g
YALI1_E12987g,YALI2_E01553g
YALI1_E13011g,YALI2_E01552g
YALI1_E13034g,YALI2_E00211g
YALI1_E13082g,YALI2_E00213g
YALI1_E13132g,YALI2_E00214g
YALI1_E13223g,YALI2_E00215g
YALI1_E13280g,YALI2_E01551g
YALI1_E13287g,YALI2_E00216g
YALI1_E13329g,YALI2_E01550g
YALI1_E13428g,YALI2_E01548g
YALI1_E13472g,YALI2_E00217g
YALI1_E13495g,YALI2_E01547g
YALI1_E13514g,YALI2_E00218g
YALI1_E13541g,YALI2_E00219g
YALI1_E13579g,YALI2_E01546g
YALI1_E13611g,YALI2_E01545g
YALI1_E13637g,YALI2_E00220g
YALI1_E13677g,YALI2_E01544g
YALI1_E13683g,YALI2_E00221g
YALI1_E13708g,YALI2_E01543g
YALI1_E13727g,YALI2_E00222g
YALI1_E13755g,YALI2_E01542g
YALI1_E13765g,YALI2_E00223g
YALI1_E13787g,YALI2_E01541g
YALI1_E13808g,YALI2_E01540g
YALI1_E13818g,YALI2_E01539g
YALI1_E13823g,YALI2_E00224g
YALI1_E13848g,YALI2_E01538g
YALI1_E13899g,YALI2_E01537g
YALI1_E13926g,YALI2_E00225g
YALI1_E13963g,YALI2_E01536g
YALI1_E14003g,YALI2_E01535g
YALI1_E14013g,YALI2_E00226g
YALI1_E14028g,YALI2_E00227g
YALI1_E14068g,YALI2_E00228g
YALI1_E14118g,YALI2_E01534g
YALI1_E14125g,YALI2_E01533g
YALI1_E14132g,YALI2_E00229g
YALI1_E14153g,YALI2_E01532g
YALI1_E14164g,YALI2_E00230g
YALI1_E14201g,YALI2_E00231g
YALI1_E14234g,YALI2_E00232g
YALI1_E14274g,YALI2_E01531g
YALI1_E14316g,YALI2_E01530g
YALI1_E14350g,YALI2_E01529g
YALI1_E14385g,YALI2_E00233g
YALI1_E14427g,YALI2_E01528g
YALI1_E14451g,YALI2_E00234g
YALI1_E14469g,YALI2_E01527g
YALI1_E14489g,YALI2_E01526g
YALI1_E14497g,YALI2_E01525g
YALI1_E14505g,YALI2_E00235g
YALI1_E14535g,YALI2_E01524g
YALI1_E14555g,YALI2_E01523g
YALI1_E14561g,YALI2_E00236g
YALI1_E14584g,YALI2_E00237g
YALI1_E14604g,YALI2_E01522g
YALI1_E14619g,YALI2_E00238g
YALI1_E14644g,YALI2_E00239g
YALI1_E14698g,YALI2_E00240g
YALI1_E14709g,YALI2_E00241g
YALI1_E14733g,YALI2_E01521g
YALI1_E14749g,YALI2_E01520g
YALI1_E14762g,YALI2_E00242g
YALI1_E14805g,YALI2_E01519g
YALI1_E14824g,YALI2_E00243g
YALI1_E14856g,YALI2_E01518g
YALI1_E14889g,YALI2_E00244g
YALI1_E14910g,YALI2_E01517g
YALI1_E14925g,YALI2_E00245g
YALI1_E14967g,YALI2_E01516g
YALI1_E14988g,YALI2_E01515g
YALI1_E15015g,YALI2_E00246g
YALI1_E15074g,YALI2_E01514g
YALI1_E15093g,YALI2_E00247g
YALI1_E15115g,YALI2_E00248g
YALI1_E15144g,YALI2_E00249g
YALI1_E15211g,YALI2_E01513g
YALI1_E15229g,YALI2_E01512g
YALI1_E15256g,YALI2_E00250g
YALI1_E15274g,YALI2_E00251g
YALI1_E15318g,YALI2_E01511g
YALI1_E15321g,YALI2_E00252g
YALI1_E15398g,YALI2_E01510g
YALI1_E15432g,YALI2_E00254g
YALI1_E15452g,YALI2_E01509g
YALI1_E15469g,YALI2_E00255g
YALI1_E15492g,YALI2_E01508g
YALI1_E15502g,YALI2_E01507g
YALI1_E15521g,YALI2_E01506g
YALI1_E15555g,YALI2_E01505g
YALI1_E15559g,YALI2_E00256g
YALI1_E15583g,YALI2_E00257g
YALI1_E15606g,YALI2_E01504g
YALI1_E15625g,YALI2_E01503g
YALI1_E15629g,YALI2_E00258g
YALI1_E15659g,YALI2_E00259g
YALI1_E15718g,YALI2_E00260g
YALI1_E15758g,YALI2_E00261g
YALI1_E15774g,YALI2_E00262g
YALI1_E15804g,YALI2_E01502g
YALI1_E15835g,YALI2_E01501g
YALI1_E15843g,YALI2_E00263g
YALI1_E15865g,YALI2_E00264g
YALI1_E15889g,YALI2_E00265g
YALI1_E15939g,YALI2_E01500g
YALI1_E15991g,YALI2_E01499g
YALI1_E16002g,YALI2_E00266g
YALI1_E16023g,YALI2_E01498g
YALI1_E16026g,YALI2_E00267g
YALI1_E16068g,YALI2_E01497g
YALI1_E16076g,YALI2_E00268g
YALI1_E16097g,YALI2_E01496g
YALI1_E16121g,YALI2_E00269g
YALI1_E16164g,YALI2_E01495g
YALI1_E16174g,YALI2_E00270g
YALI1_E16202g,YALI2_E00271g
YALI1_E16255g,YALI2_E00272g
YALI1_E16300g,YALI2_E01494g
YALI1_E16305g,YALI2_E00273g
YALI1_E16325g,YALI2_E01493g
YALI1_E16359g,YALI2_E00274g
YALI1_E16390g,YALI2_E00275g
YALI1_E16433g,YALI2_E01492g
YALI1_E16451g,YALI2_E00276g
YALI1_E16493g,YALI2_E01491g
YALI1_E16501g,YALI2_E00277g
YALI1_E16531g,YALI2_E01490g
YALI1_E16556g,YALI2_E00278g
YALI1_E16608g,YALI2_E01489g
YALI1_E16649g,YALI2_E00279g
YALI1_E16675g,YALI2_E00280g
YALI1_E16694g,YALI2_E01488g
YALI1_E16701g,YALI2_E00281g
YALI1_E16731g,YALI2_E01487g
YALI1_E16750g,YALI2_E00282g
YALI1_E16773g,YALI2_E01486g
YALI1_E16820g,YALI2_E01485g
YALI1_E16854g,YALI2_E00283g
YALI1_E16900g,YALI2_E01484g
YALI1_E16919g,YALI2_E00284g
YALI1_E16950g,YALI2_E01483g
YALI1_E16982g,YALI2_E00285g
YALI1_E17014g,YALI2_E01482g
YALI1_E17037g,YALI2_E01481g
YALI1_E17065g,YALI2_E01480g
YALI1_E17069g,YALI2_E00286g
YALI1_E17100g,YALI2_E00287g
YALI1_E17141g,YALI2_E01479g
YALI1_E17162g,YALI2_E01478g
YALI1_E17171g,YALI2_E01477g
YALI1_E17184g,YALI2_E00288g
YALI1_E17201g,YALI2_E01476g
YALI1_E17214g,YALI2_E01475g
YALI1_E17243g,YALI2_E01474g
YALI1_E17258g,YALI2_E00289g
YALI1_E17326g,YALI2_E01473g
YALI1_E17355g,YALI2_E01472g
YALI1_E17377g,YALI2_E01471g
YALI1_E17389g,YALI2_E01470g
YALI1_E17431g,YALI2_E01469g
YALI1_E17466g,YALI2_E01468g
YALI1_E17484g,YALI2_E00290g
YALI1_E17508g,YALI2_E00291g
YALI1_E17527g,YALI2_E00292g
YALI1_E17574g,YALI2_E01467g
YALI1_E17583g,YALI2_E00293g
YALI1_E17594g,YALI2_E01466g
YALI1_E17613g,YALI2_E01465g
YALI1_E17616g,YALI2_E00294g
YALI1_E17643g,YALI2_E00295g
YALI1_E17699g,YALI2_E01464g
YALI1_E17754g,YALI2_E01463g
YALI1_E17760g,YALI2_E00296g
YALI1_E17786g,YALI2_E00297g
YALI1_E17811g,YALI2_E01462g
YALI1_E17829g,YALI2_E00298g
YALI1_E17920g,YALI2_E01461g
YALI1_E17935g,YALI2_E00299g
YALI1_E17988g,YALI2_E00300g
YALI1_E18025g,YALI2_E00301g
YALI1_E18081g,YALI2_E00302g
YALI1_E18095g,YALI2_E01460g
YALI1_E18121g,YALI2_E01459g
YALI1_E18143g,YALI2_E01458g
YALI1_E18184g,YALI2_E00304g
YALI1_E18212g,YALI2_E00305g
YALI1_E18242g,YALI2_E00306g
YALI1_E18258g,YALI2_E01457g
YALI1_E18269g,YALI2_E01456g
YALI1_E18281g,YALI2_E01455g
YALI1_E18303g,YALI2_E00307g
YALI1_E18326g,YALI2_E00308g
YALI1_E18378g,YALI2_E01454g
YALI1_E18441g,YALI2_E01453g
YALI1_E18480g,YALI2_E01452g
YALI1_E18514g,YALI2_E01451g
YALI1_E18539g,YALI2_E00309g
YALI1_E18622g,YALI2_E01450g
YALI1_E18720g,YALI2_E00310g
YALI1_E18749g,YALI2_E00311g
YALI1_E18802g,YALI2_E01449g
YALI1_E18843g,YALI2_E01448g
YALI1_E18854g,YALI2_E00312g
YALI1_E18895g,YALI2_E01447g
YALI1_E18903g,YALI2_E01446g
YALI1_E18927g,YALI2_E00313g
YALI1_E18961g,YALI2_E01445g
YALI1_E18990g,YALI2_E00314g
YALI1_E19014g,YALI2_E01444g
YALI1_E19036g,YALI2_E00315g
YALI1_E19060g,YALI2_E01443g
YALI1_E19082g,YALI2_E00316g
YALI1_E19098g,YALI2_E01442g
YALI1_E19105g,YALI2_E00317g
YALI1_E19138g,YALI2_E01441g
YALI1_E19172g,YALI2_E01440g
YALI1_E19201g,YALI2_E00318g
YALI1_E19263g,YALI2_E00319g
YALI1_E19327g,YALI2_E01438g
YALI1_E19337g,YALI2_E00320g
YALI1_E19371g,YALI2_E00321g
YALI1_E19403g,YALI2_E01436g
YALI1_E19458g,YALI2_E01435g
YALI1_E19483g,YALI2_E01434g
YALI1_E19494g,YALI2_E00322g
YALI1_E19508g,YALI2_E00323g
YALI1_E19557g,YALI2_E01433g
YALI1_E19603g,YALI2_E01432g
YALI1_E19620g,YALI2_E00324g
YALI1_E19647g,YALI2_E00325g
YALI1_E19669g,YALI2_E01431g
YALI1_E19682g,YALI2_E00326g
YALI1_E19696g,YALI2_E00327g
YALI1_E19714g,YALI2_E01430g
YALI1_E19736g,YALI2_E01429g
YALI1_E19757g,YALI2_E00328g
YALI1_E19795g,YALI2_E00329g
YALI1_E19826g,YALI2_E01428g
YALI1_E19852g,YALI2_E00330g
YALI1_E19871g,YALI2_E00331g
YALI1_E19883g,YALI2_E00332g
YALI1_E19902g,YALI2_E01427g
YALI1_E19916g,YALI2_E00333g
YALI1_E19958g,YALI2_E00334g
YALI1_E20016g,YALI2_E01426g
YALI1_E20049g,YALI2_E01425g
YALI1_E20070g,YALI2_E00335g
YALI1_E20099g,YALI2_E00336g
YALI1_E20125g,YALI2_E00337g
YALI1_E20159g,YALI2_E00338g
YALI1_E20192g,YALI2_E01424g
YALI1_E20215g,YALI2_E00339g
YALI1_E20229g,YALI2_E00340g
YALI1_E20269g,YALI2_E01423g
YALI1_E20279g,YALI2_E00341g
YALI1_E20312g,YALI2_E01422g
YALI1_E20361g,YALI2_E00342g
YALI1_E20423g,YALI2_E00343g
YALI1_E20453g,YALI2_E01421g
YALI1_E20463g,YALI2_E01420g
YALI1_E20467g,YALI2_E00344g
YALI1_E20510g,YALI2_E01419g
YALI1_E20544g,YALI2_E00345g
YALI1_E20569g,YALI2_E01418g
YALI1_E20596g,YALI2_E01417g
YALI1_E20626g,YALI2_E01416g
YALI1_E20635g,YALI2_E00346g
YALI1_E20666g,YALI2_E01415g
YALI1_E20677g,YALI2_E00347g
YALI1_E20709g,YALI2_E00348g
YALI1_E20729g,YALI2_E00349g
YALI1_E20751g,YALI2_E01414g
YALI1_E20766g,YALI2_E00350g
YALI1_E20794g,YALI2_E00351g
YALI1_E20845g,YALI2_E00352g
YALI1_E20885g,YALI2_E00353g
YALI1_E20923g,YALI2_E01413g
YALI1_E20963g,YALI2_E00354g
YALI1_E20995g,YALI2_E00355g
YALI1_E21026g,YALI2_E01412g
YALI1_E21053g,YALI2_E00356g
YALI1_E21097g,YALI2_E01411g
YALI1_E21128g,YALI2_E01410g
YALI1_E21147g,YALI2_E00357g
YALI1_E21183g,YALI2_E01409g
YALI1_E21200g,YALI2_E01408g
YALI1_E21203g,YALI2_E00358g
YALI1_E21222g,YALI2_E01407g
YALI1_E21230g,YALI2_E00359g
YALI1_E21282g,YALI2_E00360g
YALI1_E21312g,YALI2_E00361g
YALI1_E21345g,YALI2_E01406g
YALI1_E21364g,YALI2_E01405g
YALI1_E21406g,YALI2_E01403g
YALI1_E21430g,YALI2_E00362g
YALI1_E21443g,YALI2_E00363g
YALI1_E21478g,YALI2_E01402g
YALI1_E21513g,YALI2_E01401g
YALI1_E21552g,YALI2_E01400g
YALI1_E21615g,YALI2_E01399g
YALI1_E21683g,YALI2_E00364g
YALI1_E21832g,YALI2_E00365g
YALI1_E21915g,YALI2_E01398g
YALI1_E21962g,YALI2_E01397g
YALI1_E21983g,YALI2_E01396g
YALI1_E22004g,YALI2_E00366g
YALI1_E22029g,YALI2_E01395g
YALI1_E22041g,YALI2_E01394g
YALI1_E22070g,YALI2_E01393g
YALI1_E22111g,YALI2_E01392g
YALI1_E22117g,YALI2_E00367g
YALI1_E22126g,YALI2_E00368g
YALI1_E22159g,YALI2_E01391g
YALI1_E22207g,YALI2_E01390g
YALI1_E22218g,YALI2_E00369g
YALI1_E22238g,YALI2_E01389g
YALI1_E22262g,YALI2_E01388g
YALI1_E22265g,YALI2_E00370g
YALI1_E22303g,YALI2_E00371g
YALI1_E22329g,YALI2_E00372g
YALI1_E22364g,YALI2_E01387g
YALI1_E22383g,YALI2_E00373g
YALI1_E22414g,YALI2_E00374g
YALI1_E22439g,YALI2_E00375g
YALI1_E22543g,YALI2_E00377g
YALI1_E22576g,YALI2_E01386g
YALI1_E22592g,YALI2_E01385g
YALI1_E22613g,YALI2_E01384g
YALI1_E22633g,YALI2_E00378g
YALI1_E22697g,YALI2_E01383g
YALI1_E22718g,YALI2_E01382g
YALI1_E22736g,YALI2_E01381g
YALI1_E22758g,YALI2_E00379g
YALI1_E22787g,YALI2_E00380g
YALI1_E22840g,YALI2_E00381g
YALI1_E22859g,YALI2_E01380g
YALI1_E22865g,YALI2_E00382g
YALI1_E22884g,YALI2_E00383g
YALI1_E22902g,YALI2_E01379g
YALI1_E22921g,YALI2_E00384g
YALI1_E22961g,YALI2_E00385g
YALI1_E22988g,YALI2_E01378g
YALI1_E23014g,YALI2_E01377g
YALI1_E23038g,YALI2_E00386g
YALI1_E23068g,YALI2_E00387g
YALI1_E23136g,YALI2_E01376g
YALI1_E23184g,YALI2_E00388g
YALI1_E23223g,YALI2_E01375g
YALI1_E23229g,YALI2_E00389g
YALI1_E23256g,YALI2_E01374g
YALI1_E23292g,YALI2_E00390g
YALI1_E23302g,YALI2_E00391g
YALI1_E23313g,YALI2_E01373g
YALI1_E23325g,YALI2_E00392g
YALI1_E23348g,YALI2_E00393g
YALI1_E23389g,YALI2_E00394g
YALI1_E23472g,YALI2_E00395g
YALI1_E23525g,YALI2_E00396g
YALI1_E23555g,YALI2_E01372g
YALI1_E23578g,YALI2_E00397g
YALI1_E23610g,YALI2_E01371g
YALI1_E23635g,YALI2_E00398g
YALI1_E23691g,YALI2_E00399g
YALI1_E23736g,YALI2_E00400g
YALI1_E23749g,YALI2_E00401g
YALI1_E23790g,YALI2_E00402g
YALI1_E23809g,YALI2_E00403g
YALI1_E23824g,YALI2_E00404g
YALI1_E23854g,YALI2_E00405g
YALI1_E23880g,YALI2_E01369g
YALI1_E23899g,YALI2_E01368g
YALI1_E23912g,YALI2_E01367g
YALI1_E23945g,YALI2_E01366g
YALI1_E23961g,YALI2_E01365g
YALI1_E23967g,YALI2_E00406g
YALI1_E23988g,YALI2_E01364g
YALI1_E23994g,YALI2_E00407g
YALI1_E24028g,YALI2_E00408g
YALI1_E24052g,YALI2_E00409g
YALI1_E24078g,YALI2_E00410g
YALI1_E24113g,YALI2_E01363g
YALI1_E24128g,YALI2_E01362g
YALI1_E24149g,YALI2_E01361g
YALI1_E24174g,YALI2_E00411g
YALI1_E24201g,YALI2_E00412g
YALI1_E24245g,YALI2_E00413g
YALI1_E24287g,YALI2_E00414g
YALI1_E24318g,YALI2_E00415g
YALI1_E24343g,YALI2_E01360g
YALI1_E24360g,YALI2_E01359g
YALI1_E24391g,YALI2_E00416g
YALI1_E24428g,YALI2_E01358g
YALI1_E24442g,YALI2_E00417g
YALI1_E24461g,YALI2_E01357g
YALI1_E24479g,YALI2_E01356g
YALI1_E24487g,YALI2_E00418g
YALI1_E24513g,YALI2_E01355g
YALI1_E24532g,YALI2_E01354g
YALI1_E24567g,YALI2_E01353g
YALI1_E24618g,YALI2_E01352g
YALI1_E24633g,YALI2_E00419g
YALI1_E24719g,YALI2_E00420g
YALI1_E24735g,YALI2_E00421g
YALI1_E24762g,YALI2_E00422g
YALI1_E24793g,YALI2_E01350g
YALI1_E24797g,YALI2_E00423g
YALI1_E24824g,YALI2_E01349g
YALI1_E24886g,YALI2_E01348g
YALI1_E24894g,YALI2_E00424g
YALI1_E24922g,YALI2_E01347g
YALI1_E24956g,YALI2_E01346g
YALI1_E25018g,YALI2_E01345g
YALI1_E25063g,YALI2_E00425g
YALI1_E25132g,YALI2_E00427g
YALI1_E25163g,YALI2_E01344g
YALI1_E25189g,YALI2_E00428g
YALI1_E25211g,YALI2_E00429g
YALI1_E25267g,YALI2_E01343g
YALI1_E25290g,YALI2_E01342g
YALI1_E25317g,YALI2_E00430g
YALI1_E25364g,YALI2_E00431g
YALI1_E25400g,YALI2_E00432g
YALI1_E25424g,YALI2_E01341g
YALI1_E25443g,YALI2_E01340g
YALI1_E25453g,YALI2_E00433g
YALI1_E25485g,YALI2_E01339g
YALI1_E25490g,YALI2_E00434g
YALI1_E25518g,YALI2_E01338g
YALI1_E25537g,YALI2_E01337g
YALI1_E25541g,YALI2_E00435g
YALI1_E25549g,YALI2_E00436g
YALI1_E25585g,YALI2_E01336g
YALI1_E25617g,YALI2_E01335g
YALI1_E25640g,YALI2_E00437g
YALI1_E25671g,YALI2_E01334g
YALI1_E25675g,YALI2_E00438g
YALI1_E25692g,YALI2_E01333g
YALI1_E25713g,YALI2_E01332g
YALI1_E25729g,YALI2_E00439g
YALI1_E25761g,YALI2_E00440g
YALI1_E25812g,YALI2_E01331g
YALI1_E25826g,YALI2_E00441g
YALI1_E25859g,YALI2_E01330g
YALI1_E25866g,YALI2_E00442g
YALI1_E25889g,YALI2_E01329g
YALI1_E25905g,YALI2_E00443g
YALI1_E25932g,YALI2_E00444g
YALI1_E25955g,YALI2_E01328g
YALI1_E25964g,YALI2_E00445g
YALI1_E25995g,YALI2_E01327g
YALI1_E25999g,YALI2_E00446g
YALI1_E26021g,YALI2_E00447g
YALI1_E26076g,YALI2_E01326g
YALI1_E26094g,YALI2_E00448g
YALI1_E26118g,YALI2_E00449g
YALI1_E26181g,YALI2_E01325g
YALI1_E26205g,YALI2_E00450g
YALI1_E26223g,YALI2_E01324g
YALI1_E26229g,YALI2_E00451g
YALI1_E26257g,YALI2_E01323g
YALI1_E26320g,YALI2_E01322g
YALI1_E26336g,YALI2_E00452g
YALI1_E26377g,YALI2_E00453g
YALI1_E26433g,YALI2_E00454g
YALI1_E26472g,YALI2_E01321g
YALI1_E26492g,YALI2_E01320g
YALI1_E26513g,YALI2_E01319g
YALI1_E26525g,YALI2_E01318g
YALI1_E26551g,YALI2_E01317g
YALI1_E26592g,YALI2_E01316g
YALI1_E26677g,YALI2_E01315g
YALI1_E26742g,YALI2_E00455g
YALI1_E26788g,YALI2_E01314g
YALI1_E26811g,YALI2_E00456g
YALI1_E26860g,YALI2_E01313g
YALI1_E26872g,YALI2_E00457g
YALI1_E26892g,YALI2_E01312g
YALI1_E26900g,YALI2_E00458g
YALI1_E26916g,YALI2_E00459g
YALI1_E26930g,YALI2_E00460g
YALI1_E26971g,YALI2_E01311g
YALI1_E26987g,YALI2_E00461g
YALI1_E27041g,YALI2_E01310g
YALI1_E27059g,YALI2_E00462g
YALI1_E27076g,YALI2_E01309g
YALI1_E27077g,YALI2_E00463g
YALI1_E27104g,YALI2_E01308g
YALI1_E27113g,YALI2_E00464g
YALI1_E27144g,YALI2_E01307g
YALI1_E27161g,YALI2_E01306g
YALI1_E27182g,YALI2_E01305g
YALI1_E27196g,YALI2_E01304g
YALI1_E27207g,YALI2_E00465g
YALI1_E27229g,YALI2_E00466g
YALI1_E27243g,YALI2_E01302g
YALI1_E27249g,YALI2_E00467g
YALI1_E27273g,YALI2_E01301g
YALI1_E27279g,YALI2_E01300g
YALI1_E27313g,YALI2_E01299g
YALI1_E27339g,YALI2_E00468g
YALI1_E27367g,YALI2_E01298g
YALI1_E27383g,YALI2_E00469g
YALI1_E27406g,YALI2_E00470g
YALI1_E27441g,YALI2_E00471g
YALI1_E27504g,YALI2_E01297g
YALI1_E27532g,YALI2_E01296g
YALI1_E27548g,YALI2_E01295g
YALI1_E27556g,YALI2_E00472g
YALI1_E27600g,YALI2_E01294g
YALI1_E27625g,YALI2_E00473g
YALI1_E27649g,YALI2_E00474g
YALI1_E27697g,YALI2_E01293g
YALI1_E27731g,YALI2_E01292g
YALI1_E27791g,YALI2_E01291g
YALI1_E27871g,YALI2_E01290g
YALI1_E27880g,YALI2_E00475g
YALI1_E27939g,YALI2_E01289g
YALI1_E27997g,YALI2_E01288g
YALI1_E28033g,YALI2_E01287g
YALI1_E28046g,YALI2_E00476g
YALI1_E28097g,YALI2_E01286g
YALI1_E28107g,YALI2_E00477g
YALI1_E28130g,YALI2_E01285g
YALI1_E28150g,YALI2_E01284g
YALI1_E28156g,YALI2_E00478g
YALI1_E28170g,YALI2_E00479g
YALI1_E28213g,YALI2_E01283g
YALI1_E28224g,YALI2_E00480g
YALI1_E28300g,YALI2_E01282g
YALI1_E28428g,YALI2_E00481g
YALI1_E28465g,YALI2_E01281g
YALI1_E28490g,YALI2_E01280g
YALI1_E28545g,YALI2_E01279g
YALI1_E28575g,YALI2_E01278g
YALI1_E28599g,YALI2_E00482g
YALI1_E28631g,YALI2_E01277g
YALI1_E28648g,YALI2_E00483g
YALI1_E28680g,YALI2_E00484g
YALI1_E28736g,YALI2_E00485g
YALI1_E28755g,YALI2_E00486g
YALI1_E28779g,YALI2_E01276g
YALI1_E28808g,YALI2_E01275g
YALI1_E28828g,YALI2_E00487g
YALI1_E28903g,YALI2_E00488g
YALI1_E28957g,YALI2_E01274g
YALI1_E28964g,YALI2_E00489g
YALI1_E28999g,YALI2_E01273g
YALI1_E29005g,YALI2_E00490g
YALI1_E29046g,YALI2_E01272g
YALI1_E29074g,YALI2_E01271g
YALI1_E29085g,YALI2_E00491g
YALI1_E29137g,YALI2_E01270g
YALI1_E29150g,YALI2_E00492g
YALI1_E29179g,YALI2_E01269g
YALI1_E29192g,YALI2_E01268g
YALI1_E29221g,YALI2_E01267g
YALI1_E29235g,YALI2_E00493g
YALI1_E29263g,YALI2_E00494g
YALI1_E29319g,YALI2_E01266g
YALI1_E29330g,YALI2_E00495g
YALI1_E29433g,YALI2_E01264g
YALI1_E29481g,YALI2_E01263g
YALI1_E29512g,YALI2_E00496g
YALI1_E29535g,YALI2_E01262g
YALI1_E29557g,YALI2_E00497g
YALI1_E29586g,YALI2_E01261g
YALI1_E29611g,YALI2_E01260g
YALI1_E29617g,YALI2_E00498g
YALI1_E29642g,YALI2_E01259g
YALI1_E29665g,YALI2_E01258g
YALI1_E29709g,YALI2_E01257g
YALI1_E29719g,YALI2_E00499g
YALI1_E29776g,YALI2_E01256g
YALI1_E29827g,YALI2_E01255g
YALI1_E29840g,YALI2_E00500g
YALI1_E29894g,YALI2_E00501g
YALI1_E29930g,YALI2_E01254g
YALI1_E29939g,YALI2_E00502g
YALI1_E29959g,YALI2_E01253g
YALI1_E30014g,YALI2_E01252g
YALI1_E30028g,YALI2_E00503g
YALI1_E30053g,YALI2_E01251g
YALI1_E30073g,YALI2_E01250g
YALI1_E30109g,YALI2_E01249g
YALI1_E30173g,YALI2_E01248g
YALI1_E30234g,YALI2_E00504g
YALI1_E30311g,YALI2_E01247g
YALI1_E30368g,YALI2_E01246g
YALI1_E30373g,YALI2_E00506g
YALI1_E30400g,YALI2_E01245g
YALI1_E30431g,YALI2_E00507g
YALI1_E30462g,YALI2_E01244g
YALI1_E30479g,YALI2_E01243g
YALI1_E30496g,YALI2_E01242g
YALI1_E30520g,YALI2_E00509g
YALI1_E30561g,YALI2_E00510g
YALI1_E30590g,YALI2_E00511g
YALI1_E30639g,YALI2_E00512g
YALI1_E30677g,YALI2_E00513g
YALI1_E30707g,YALI2_E01241g
YALI1_E30725g,YALI2_E00514g
YALI1_E30743g,YALI2_E01240g
YALI1_E30759g,YALI2_E00515g
YALI1_E30815g,YALI2_E01239g
YALI1_E30886g,YALI2_E00516g
YALI1_E30914g,YALI2_E00517g
YALI1_E30942g,YALI2_E01238g
YALI1_E30943g,YALI2_E00518g
YALI1_E30958g,YALI2_E00519g
YALI1_E31005g,YALI2_E00520g
YALI1_E31031g,YALI2_E01237g
YALI1_E31034g,YALI2_E00521g
YALI1_E31050g,YALI2_E00522g
YALI1_E31075g,YALI2_E00523g
YALI1_E31131g,YALI2_E01236g
YALI1_E31154g,YALI2_E00524g
YALI1_E31186g,YALI2_E01235g
YALI1_E31194g,YALI2_E00525g
YALI1_E31229g,YALI2_E01234g
YALI1_E31248g,YALI2_E00526g
YALI1_E31351g,YALI2_E01233g
YALI1_E31369g,YALI2_E00527g
YALI1_E31389g,YALI2_E01232g
YALI1_E31396g,YALI2_E00528g
YALI1_E31446g,YALI2_E00529g
YALI1_E31461g,YALI2_E00530g
YALI1_E31483g,YALI2_E01231g
YALI1_E31498g,YALI2_E00531g
YALI1_E31529g,YALI2_E01230g
YALI1_E31565g,YALI2_E00532g
YALI1_E31592g,YALI2_E00533g
YALI1_E31646g,YALI2_E01229g
YALI1_E31679g,YALI2_E00534g
YALI1_E31685g,YALI2_E00535g
YALI1_E31697g,YALI2_E00536g
YALI1_E31717g,YALI2_E01228g
YALI1_E31724g,YALI2_E00537g
YALI1_E31754g,YALI2_E01227g
YALI1_E31772g,YALI2_E00538g
YALI1_E31805g,YALI2_E01226g
YALI1_E31827g,YALI2_E00539g
YALI1_E31865g,YALI2_E01225g
YALI1_E31891g,YALI2_E01224g
YALI1_E31897g,YALI2_E00540g
YALI1_E31919g,YALI2_E00541g
YALI1_E31947g,YALI2_E01223g
YALI1_E31974g,YALI2_E01222g
YALI1_E31982g,YALI2_E00542g
YALI1_E32033g,YALI2_E00543g
YALI1_E32054g,YALI2_E01221g
YALI1_E32077g,YALI2_E01220g
YALI1_E32096g,YALI2_E01219g
YALI1_E32118g,YALI2_E01218g
YALI1_E32152g,YALI2_E00544g
YALI1_E32180g,YALI2_E00545g
YALI1_E32241g,YALI2_E01217g
YALI1_E32269g,YALI2_E00546g
YALI1_E32315g,YALI2_E00547g
YALI1_E32332g,YALI2_E00548g
YALI1_E32357g,YALI2_E01216g
YALI1_E32361g,YALI2_E00549g
YALI1_E32396g,YALI2_E01215g
YALI1_E32423g,YALI2_E00550g
YALI1_E32445g,YALI2_E01214g
YALI1_E32461g,YALI2_E01213g
YALI1_E32489g,YALI2_E01211g
YALI1_E32512g,YALI2_E00551g
YALI1_E32568g,YALI2_E01210g
YALI1_E32603g,YALI2_E01209g
YALI1_E32622g,YALI2_E00552g
YALI1_E32636g,YALI2_E00553g
YALI1_E32664g,YALI2_E01208g
YALI1_E32693g,YALI2_E00554g
YALI1_E32722g,YALI2_E01207g
YALI1_E32754g,YALI2_E01206g
YALI1_E32776g,YALI2_E00555g
YALI1_E32816g,YALI2_E01205g
YALI1_E32842g,YALI2_E01204g
YALI1_E32868g,YALI2_E00556g
YALI1_E32908g,YALI2_E01203g
YALI1_E32946g,YALI2_E00557g
YALI1_E33002g,YALI2_E01202g
YALI1_E33024g,YALI2_E01201g
YALI1_E33056g,YALI2_E01200g
YALI1_E33094g,YALI2_E00558g
YALI1_E33112g,YALI2_E00559g
YALI1_E33150g,YALI2_E00560g
YALI1_E33220g,YALI2_E01199g
YALI1_E33234g,YALI2_E00561g
YALI1_E33268g,YALI2_E01198g
YALI1_E33278g,YALI2_E00562g
YALI1_E33302g,YALI2_E00563g
YALI1_E33336g,YALI2_E01197g
YALI1_E33372g,YALI2_E01196g
YALI1_E33400g,YALI2_E01195g
YALI1_E33421g,YALI2_E00564g
YALI1_E33459g,YALI2_E01194g
YALI1_E33485g,YALI2_E00565g
YALI1_E33527g,YALI2_E01193g
YALI1_E33540g,YALI2_E00566g
YALI1_E33570g,YALI2_E01192g
YALI1_E33599g,YALI2_E01191g
YALI1_E33633g,YALI2_E01190g
YALI1_E33642g,YALI2_E00567g
YALI1_E33675g,YALI2_E01189g
YALI1_E33760g,YALI2_E01188g
YALI1_E33799g,YALI2_E01187g
YALI1_E33829g,YALI2_E01186g
YALI1_E33843g,YALI2_E00568g
YALI1_E33858g,YALI2_E00569g
YALI1_E33888g,YALI2_E00570g
YALI1_E33934g,YALI2_E01185g
YALI1_E33943g,YALI2_E00571g
YALI1_E34015g,YALI2_E00572g
YALI1_E34028g,YALI2_E01184g
YALI1_E34042g,YALI2_E00573g
YALI1_E34072g,YALI2_E00574g
YALI1_E34116g,YALI2_E00575g
YALI1_E34156g,YALI2_E01183g
YALI1_E34163g,YALI2_E00576g
YALI1_E34185g,YALI2_E01182g
YALI1_E34205g,YALI2_E00577g
YALI1_E34218g,YALI2_E01181g
YALI1_E34222g,YALI2_E00578g
YALI1_E34238g,YALI2_E00579g
YALI1_E34269g,YALI2_E01180g
YALI1_E34288g,YALI2_E01179g
YALI1_E34290g,YALI2_E00580g
YALI1_E34319g,YALI2_E01178g
YALI1_E34322g,YALI2_E00581g
YALI1_E34344g,YALI2_E01177g
YALI1_E34367g,YALI2_E00582g
YALI1_E34397g,YALI2_E01176g
YALI1_E34408g,YALI2_E00583g
YALI1_E34425g,YALI2_E01175g
YALI1_E34494g,YALI2_E00584g
YALI1_E34513g,YALI2_E01174g
YALI1_E34525g,YALI2_E00585g
YALI1_E34586g,YALI2_E00586g
YALI1_E34621g,YALI2_E01173g
YALI1_E34650g,YALI2_E00587g
YALI1_E34686g,YALI2_E01172g
YALI1_E34708g,YALI2_E01171g
YALI1_E34711g,YALI2_E00588g
YALI1_E34745g,YALI2_E01170g
YALI1_E34784g,YALI2_E01169g
YALI1_E34798g,YALI2_E00589g
YALI1_E34842g,YALI2_E00590g
YALI1_E34857g,YALI2_E01168g
YALI1_E34870g,YALI2_E00591g
YALI1_E34880g,YALI2_E01167g
YALI1_E34933g,YALI2_E01166g
YALI1_E34942g,YALI2_E00592g
YALI1_E34979g,YALI2_E01165g
YALI1_E35005g,YALI2_E01164g
YALI1_E35023g,YALI2_E01163g
YALI1_E35027g,YALI2_E00593g
YALI1_E35067g,YALI2_E01162g
YALI1_E35082g,YALI2_E00594g
YALI1_E35118g,YALI2_E00595g
YALI1_E35168g,YALI2_E01161g
YALI1_E35181g,YALI2_E00596g
YALI1_E35221g,YALI2_E00597g
YALI1_E35249g,YALI2_E00598g
YALI1_E35265g,YALI2_E00599g
YALI1_E35280g,YALI2_E01160g
YALI1_E35305g,YALI2_E00600g
YALI1_E35329g,YALI2_E00601g
YALI1_E35410g,YALI2_E01159g
YALI1_E35417g,YALI2_E00602g
YALI1_E35440g,YALI2_E00603g
YALI1_E35478g,YALI2_E01158g
YALI1_E35503g,YALI2_E01157g
YALI1_E35520g,YALI2_E00604g
YALI1_E35546g,YALI2_E01156g
YALI1_E35559g,YALI2_E01155g
YALI1_E35580g,YALI2_E00605g
YALI1_E35652g,YALI2_E00606g
YALI1_E35677g,YALI2_E01154g
YALI1_E35689g,YALI2_E01153g
YALI1_E35734g,YALI2_E01152g
YALI1_E35753g,YALI2_E01151g
YALI1_E35759g,YALI2_E00607g
YALI1_E35780g,YALI2_E01150g
YALI1_E35815g,YALI2_E01149g
YALI1_E35831g,YALI2_E01148g
YALI1_E35843g,YALI2_E00608g
YALI1_E35888g,YALI2_E00609g
YALI1_E35934g,YALI2_E01147g
YALI1_E35955g,YALI2_E01146g
YALI1_E35963g,YALI2_E01145g
YALI1_E35971g,YALI2_E00610g
YALI1_E35982g,YALI2_E01144g
YALI1_E35988g,YALI2_E00611g
YALI1_E36036g,YALI2_E01143g
YALI1_E36057g,YALI2_E01142g
YALI1_E36079g,YALI2_E01141g
YALI1_E36098g,YALI2_E01140g
YALI1_E36103g,YALI2_E00612g
YALI1_E36116g,YALI2_E01139g
YALI1_E36140g,YALI2_E00613g
YALI1_E36179g,YALI2_E01138g
YALI1_E36206g,YALI2_E01137g
YALI1_E36308g,YALI2_E01136g
YALI1_E36334g,YALI2_E00614g
YALI1_E36365g,YALI2_E00615g
YALI1_E36395g,YALI2_E01135g
YALI1_E36404g,YALI2_E01134g
YALI1_E36437g,YALI2_E00616g
YALI1_E36472g,YALI2_E01133g
YALI1_E36477g,YALI2_E00617g
YALI1_E36494g,YALI2_E00618g
YALI1_E36540g,YALI2_E01132g
YALI1_E36568g,YALI2_E00619g
YALI1_E36619g,YALI2_E01131g
YALI1_E36641g,YALI2_E00620g
YALI1_E36682g,YALI2_E01130g
YALI1_E36692g,YALI2_E01129g
YALI1_E36758g,YALI2_E01128g
YALI1_E36773g,YALI2_E00621g
YALI1_E36789g,YALI2_E01127g
YALI1_E36805g,YALI2_E01126g
YALI1_E36837g,YALI2_E01125g
YALI1_E36847g,YALI2_E00622g
YALI1_E36866g,YALI2_E01123g
YALI1_E36887g,YALI2_E01122g
YALI1_E36900g,YALI2_E00623g
YALI1_E36937g,YALI2_E00624g
YALI1_E36984g,YALI2_E00625g
YALI1_E37026g,YALI2_F00571g
YALI1_E37040g,YALI2_F00397g
YALI1_E37063g,YALI2_F00570g
YALI1_E37095g,YALI2_F00398g
YALI1_E37118g,YALI2_F00569g
YALI1_E37157g,YALI2_F00399g
YALI1_E37198g,YALI2_F00568g
YALI1_E37234g,YALI2_F00400g
YALI1_E37264g,YALI2_F00401g
YALI1_E37325g,YALI2_F00567g
YALI1_E37387g,YALI2_F00566g
YALI1_E37392g,YALI2_F00402g
YALI1_E37419g,YALI2_F00565g
YALI1_E37455g,YALI2_F00403g
YALI1_E37484g,YALI2_F00564g
YALI1_E37574g,YALI2_F00404g
YALI1_E37603g,YALI2_F00562g
YALI1_E37724g,YALI2_F00406g
YALI1_E37749g,YALI2_F00407g
YALI1_E37764g,YALI2_F00408g
YALI1_E37792g,YALI2_F00561g
YALI1_E37812g,YALI2_F00409g
YALI1_E37830g,YALI2_F00410g
YALI1_E37863g,YALI2_F00560g
YALI1_E37886g,YALI2_F00559g
YALI1_E37895g,YALI2_F00411g
YALI1_E37930g,YALI2_F00412g
YALI1_E37982g,YALI2_F00558g
YALI1_E38020g,YALI2_F00557g
YALI1_E38034g,YALI2_F00413g
YALI1_E38056g,YALI2_F00414g
YALI1_E38107g,YALI2_F00556g
YALI1_E38113g,YALI2_F00415g
YALI1_E38131g,YALI2_F00555g
YALI1_E38136g,YALI2_F00416g
YALI1_E38164g,YALI2_F00417g
YALI1_E38178g,YALI2_F00554g
YALI1_E38193g,YALI2_F00553g
YALI1_E38208g,YALI2_F00552g
YALI1_E38218g,YALI2_F00551g
YALI1_E38239g,YALI2_F00550g
YALI1_E38243g,YALI2_F00418g
YALI1_E38266g,YALI2_F00419g
YALI1_E38308g,YALI2_F00420g
YALI1_E38329g,YALI2_F00549g
YALI1_E38349g,YALI2_F00548g
YALI1_E38389g,YALI2_F00547g
YALI1_E38443g,YALI2_F00546g
YALI1_E38479g,YALI2_F00545g
YALI1_E38491g,YALI2_F00421g
YALI1_E38512g,YALI2_F00422g
YALI1_E38526g,YALI2_F00423g
YALI1_E38561g,YALI2_F00424g
YALI1_E38593g,YALI2_F00544g
YALI1_E38608g,YALI2_F00425g
YALI1_E38640g,YALI2_F00543g
YALI1_E38656g,YALI2_F00426g
YALI1_E38677g,YALI2_F00427g
YALI1_E38692g,YALI2_F00542g
YALI1_E38701g,YALI2_F00541g
YALI1_E38706g,YALI2_F00428g
YALI1_E38744g,YALI2_F00540g
YALI1_E38749g,YALI2_F00429g
YALI1_E38766g,YALI2_F00539g
YALI1_E38810g,YALI2_F00430g
YALI1_E38859g,YALI2_F00538g
YALI1_E38896g,YALI2_F00537g
YALI1_E38912g,YALI2_F00431g
YALI1_E39057g,YALI2_F00536g
YALI1_E39083g,YALI2_F00432g
YALI1_E39128g,YALI2_F00433g
YALI1_E39171g,YALI2_F00434g
YALI1_E39193g,YALI2_F00435g
YALI1_E39210g,YALI2_F00535g
YALI1_E39221g,YALI2_F00534g
YALI1_E39228g,YALI2_F00436g
YALI1_E39243g,YALI2_F00533g
YALI1_E39248g,YALI2_F00437g
YALI1_E39284g,YALI2_F00532g
YALI1_E39295g,YALI2_F00531g
YALI1_E39306g,YALI2_F00438g
YALI1_E39333g,YALI2_F00530g
YALI1_E39335g,YALI2_F00439g
YALI1_E39378g,YALI2_F00529g
YALI1_E39385g,YALI2_F00440g
YALI1_E39395g,YALI2_F00441g
YALI1_E39414g,YALI2_F00528g
YALI1_E39433g,YALI2_F00527g
YALI1_E39439g,YALI2_F00442g
YALI1_E39466g,YALI2_F00526g
YALI1_E39553g,YALI2_F00525g
YALI1_E39570g,YALI2_F00524g
YALI1_E39579g,YALI2_F00444g
YALI1_E39618g,YALI2_F00523g
YALI1_E39656g,YALI2_F00522g
YALI1_E39676g,YALI2_F00521g
YALI1_E39693g,YALI2_F00445g
YALI1_E39796g,YALI2_F00446g
YALI1_E39820g,YALI2_F00447g
YALI1_E39848g,YALI2_F00520g
YALI1_E39862g,YALI2_F00519g
YALI1_E39886g,YALI2_F00448g
YALI1_E39924g,YALI2_F00518g
YALI1_E39934g,YALI2_F00449g
YALI1_E39955g,YALI2_F00450g
YALI1_E39983g,YALI2_F00517g
YALI1_E40032g,YALI2_F00516g
YALI1_E40076g,YALI2_F00515g
YALI1_E40089g,YALI2_F00514g
YALI1_E40097g,YALI2_F00451g
YALI1_E40144g,YALI2_F00452g
YALI1_E40161g,YALI2_F00513g
YALI1_E40251g,YALI2_F00454g
YALI1_E40282g,YALI2_F00455g
YALI1_E40305g,YALI2_F00456g
YALI1_E40324g,YALI2_F00512g
YALI1_E40327g,YALI2_F00457g
YALI1_E40361g,YALI2_F00511g
YALI1_E40394g,YALI2_F00458g
YALI1_E40422g,YALI2_F00510g
YALI1_E40442g,YALI2_F00459g
YALI1_E40467g,YALI2_F00509g
YALI1_E40471g,YALI2_F00460g
YALI1_E40502g,YALI2_F00461g
YALI1_E40540g,YALI2_F00508g
YALI1_E40571g,YALI2_F00462g
YALI1_E40603g,YALI2_F00507g
YALI1_E40640g,YALI2_F00506g
YALI1_E40671g,YALI2_F00505g
YALI1_E40691g,YALI2_F00463g
YALI1_E40718g,YALI2_F00504g
YALI1_E40744g,YALI2_F00503g
YALI1_E40754g,YALI2_F00464g
YALI1_E40782g,YALI2_F00502g
YALI1_E40785g,YALI2_F00465g
YALI1_E40818g,YALI2_F00501g
YALI1_E40864g,YALI2_F00500g
YALI1_E40915g,YALI2_F00499g
YALI1_E40970g,YALI2_F00498g
YALI1_E40995g,YALI2_F00466g
YALI1_E41014g,YALI2_F00497g
YALI1_E41057g,YALI2_F00496g
YALI1_E41061g,YALI2_F00467g
YALI1_E41110g,YALI2_F00468g
YALI1_E41148g,YALI2_F00495g
YALI1_E41185g,YALI2_F00494g
YALI1_E41206g,YALI2_F00469g
YALI1_E41251g,YALI2_F00470g
YALI1_E41276g,YALI2_F00471g
YALI1_E41315g,YALI2_F00493g
YALI1_E41325g,YALI2_F00472g
YALI1_E41367g,YALI2_F00473g
YALI1_E41393g,YALI2_F00491g
YALI1_E41399g,YALI2_F00474g
YALI1_E41421g,YALI2_F00490g
YALI1_E41436g,YALI2_F00475g
YALI1_E41514g,YALI2_F00476g
YALI1_E41569g,YALI2_F00489g
YALI1_E41610g,YALI2_F00488g
YALI1_E41647g,YALI2_F00487g
YALI1_E41699g,YALI2_F00486g
YALI1_E41754g,YALI2_F00479g
YALI1_E41850g,YALI2_F00480g
YALI1_E41893g,YALI2_F00484g
YALI1_F00140g,YALI2_F01008g
YALI1_F00155g,YALI2_F01007g
YALI1_F00184g,YALI2_F01006g
YALI1_F00207g,YALI2_F01004g
YALI1_F00229g,YALI2_F00001g
YALI1_F00261g,YALI2_F00002g
YALI1_F00288g,YALI2_F00003g
YALI1_F00307g,YALI2_F00004g
YALI1_F00366g,YALI2_F01003g
YALI1_F00399g,YALI2_F01002g
YALI1_F00430g,YALI2_F01001g
YALI1_F00436g,YALI2_F00005g
YALI1_F00472g,YALI2_F01000g
YALI1_F00504g,YALI2_F00997g
YALI1_F00534g,YALI2_F00998g
YALI1_F00616g,YALI2_F00006g
YALI1_F00654g,YALI2_F00999g
YALI1_F00821g,YALI2_F00007g
YALI1_F00866g,YALI2_F00996g
YALI1_F00894g,YALI2_F00008g
YALI1_F00976g,YALI2_F00995g
YALI1_F00996g,YALI2_F00994g
YALI1_F01020g,YALI2_F00993g
YALI1_F01034g,YALI2_F00009g
YALI1_F01078g,YALI2_F00992g
YALI1_F01132g,YALI2_F00010g
YALI1_F01157g,YALI2_F00991g
YALI1_F01172g,YALI2_F00011g
YALI1_F01234g,YALI2_F00990g
YALI1_F01248g,YALI2_F00012g
YALI1_F01275g,YALI2_F00989g
YALI1_F01291g,YALI2_F00013g
YALI1_F01346g,YALI2_F00988g
YALI1_F01405g,YALI2_F00987g
YALI1_F01430g,YALI2_F00986g
YALI1_F01456g,YALI2_F00985g
YALI1_F01486g,YALI2_F00014g
YALI1_F01532g,YALI2_F00015g
YALI1_F01614g,YALI2_F00984g
YALI1_F01659g,YALI2_F00016g
YALI1_F01696g,YALI2_F00983g
YALI1_F01742g,YALI2_F00982g
YALI1_F01755g,YALI2_F00017g
YALI1_F01796g,YALI2_F00018g
YALI1_F01838g,YALI2_F00981g
YALI1_F01849g,YALI2_F00019g
YALI1_F01897g,YALI2_F00980g
YALI1_F01929g,YALI2_F00979g
YALI1_F01981g,YALI2_F00020g
YALI1_F02047g,YALI2_F00978g
YALI1_F02074g,YALI2_F00021g
YALI1_F02132g,YALI2_F00977g
YALI1_F02187g,YALI2_F00976g
YALI1_F02199g,YALI2_F00022g
YALI1_F02238g,YALI2_F00023g
YALI1_F02265g,YALI2_F00975g
YALI1_F02289g,YALI2_F00024g
YALI1_F02299g,YALI2_F00974g
YALI1_F02309g,YALI2_F00025g
YALI1_F02378g,YALI2_F00973g
YALI1_F02403g,YALI2_F00972g
YALI1_F02434g,YALI2_F00026g
YALI1_F02481g,YALI2_F00971g
YALI1_F02508g,YALI2_F00970g
YALI1_F02545g,YALI2_F00969g
YALI1_F02592g,YALI2_F00028g
YALI1_F02655g,YALI2_F00968g
YALI1_F02697g,YALI2_F00967g
YALI1_F02726g,YALI2_F00029g
YALI1_F02758g,YALI2_F00966g
YALI1_F02794g,YALI2_F00965g
YALI1_F02855g,YALI2_F00964g
YALI1_F02903g,YALI2_F00963g
YALI1_F02939g,YALI2_F00962g
YALI1_F02942g,YALI2_F00030g
YALI1_F02983g,YALI2_F00961g
YALI1_F03028g,YALI2_F00031g
YALI1_F03075g,YALI2_F00959g
YALI1_F03118g,YALI2_F00958g
YALI1_F03120g,YALI2_F00032g
YALI1_F03136g,YALI2_F00033g
YALI1_F03153g,YALI2_F00034g
YALI1_F03215g,YALI2_F00957g
YALI1_F03269g,YALI2_F00956g
YALI1_F03356g,YALI2_F00955g
YALI1_F03389g,YALI2_F00954g
YALI1_F03407g,YALI2_F00953g
YALI1_F03428g,YALI2_F00036g
YALI1_F03452g,YALI2_F00952g
YALI1_F03461g,YALI2_F00037g
YALI1_F03481g,YALI2_F00951g
YALI1_F03494g,YALI2_F00950g
YALI1_F03527g,YALI2_F00949g
YALI1_F03529g,YALI2_F00038g
YALI1_F03573g,YALI2_F00948g
YALI1_F03604g,YALI2_F00039g
YALI1_F03693g,YALI2_F00947g
YALI1_F03722g,YALI2_F00946g
YALI1_F03735g,YALI2_F00040g
YALI1_F03765g,YALI2_F00945g
YALI1_F03778g,YALI2_F00041g
YALI1_F03803g,YALI2_F00042g
YALI1_F03830g,YALI2_F00044g
YALI1_F03842g,YALI2_F00045g
YALI1_F03855g,YALI2_F00046g
YALI1_F03883g,YALI2_F00944g
YALI1_F03908g,YALI2_F00943g
YALI1_F03909g,YALI2_F00047g
YALI1_F03948g,YALI2_F00942g
YALI1_F03973g,YALI2_F00941g
YALI1_F03974g,YALI2_F00048g
YALI1_F03992g,YALI2_F00049g
YALI1_F04001g,YALI2_F00050g
YALI1_F04027g,YALI2_F00940g
YALI1_F04045g,YALI2_F00051g
YALI1_F04070g,YALI2_F00052g
YALI1_F04082g,YALI2_F00053g
YALI1_F04106g,YALI2_F00939g
YALI1_F04110g,YALI2_F00054g
YALI1_F04130g,YALI2_F00055g
YALI1_F04157g,YALI2_F00938g
YALI1_F04185g,YALI2_F00056g
YALI1_F04211g,YALI2_F00057g
YALI1_F04236g,YALI2_F00937g
YALI1_F04238g,YALI2_F00058g
YALI1_F04259g,YALI2_F00936g
YALI1_F04264g,YALI2_F00059g
YALI1_F04314g,YALI2_F00935g
YALI1_F04345g,YALI2_F00060g
YALI1_F04379g,YALI2_F00934g
YALI1_F04433g,YALI2_F00933g
YALI1_F04455g,YALI2_F00061g
YALI1_F04497g,YALI2_F00932g
YALI1_F04594g,YALI2_F00062g
YALI1_F04626g,YALI2_F00931g
YALI1_F04643g,YALI2_F00063g
YALI1_F04690g,YALI2_F00930g
YALI1_F04763g,YALI2_F00064g
YALI1_F04818g,YALI2_F00929g
YALI1_F04848g,YALI2_F00928g
YALI1_F04895g,YALI2_F00927g
YALI1_F04920g,YALI2_F00926g
YALI1_F04938g,YALI2_F00065g
YALI1_F04980g,YALI2_F00925g
YALI1_F05039g,YALI2_F00924g
YALI1_F05089g,YALI2_F00066g
YALI1_F05137g,YALI2_F00067g
YALI1_F05220g,YALI2_F00923g
YALI1_F05253g,YALI2_F00922g
YALI1_F05312g,YALI2_F00921g
YALI1_F05386g,YALI2_F00068g
YALI1_F05415g,YALI2_F00069g
YALI1_F05448g,YALI2_F00920g
YALI1_F05459g,YALI2_F00070g
YALI1_F05509g,YALI2_F00919g
YALI1_F05574g,YALI2_F00918g
YALI1_F05624g,YALI2_F00917g
YALI1_F05661g,YALI2_F00916g
YALI1_F05695g,YALI2_F00071g
YALI1_F05781g,YALI2_F00915g
YALI1_F05814g,YALI2_F00073g
YALI1_F05871g,YALI2_F00914g
YALI1_F05936g,YALI2_F00074g
YALI1_F05958g,YALI2_F00075g
YALI1_F05979g,YALI2_F00076g
YALI1_F06018g,YALI2_F00913g
YALI1_F06035g,YALI2_F00077g
YALI1_F06076g,YALI2_F00912g
YALI1_F06109g,YALI2_F00911g
YALI1_F06131g,YALI2_F00078g
YALI1_F06197g,YALI2_F00910g
YALI1_F06236g,YALI2_F00909g
YALI1_F06262g,YALI2_F00080g
YALI1_F06312g,YALI2_F00908g
YALI1_F06351g,YALI2_F00907g
YALI1_F06393g,YALI2_F00081g
YALI1_F06466g,YALI2_F00082g
YALI1_F06544g,YALI2_F00906g
YALI1_F06578g,YALI2_F00083g
YALI1_F06628g,YALI2_F00905g
YALI1_F06670g,YALI2_F00904g
YALI1_F06708g,YALI2_F00084g
YALI1_F06787g,YALI2_F00903g
YALI1_F06797g,YALI2_F00085g
YALI1_F06830g,YALI2_F00902g
YALI1_F06858g,YALI2_F00086g
YALI1_F06896g,YALI2_F00901g
YALI1_F06904g,YALI2_F00087g
YALI1_F06941g,YALI2_F00900g
YALI1_F06956g,YALI2_F00088g
YALI1_F06991g,YALI2_F00089g
YALI1_F07042g,YALI2_F00090g
YALI1_F07093g,YALI2_F00899g
YALI1_F07135g,YALI2_F00091g
YALI1_F07181g,YALI2_F00898g
YALI1_F07246g,YALI2_F00092g
YALI1_F07318g,YALI2_F00897g
YALI1_F07344g,YALI2_F00896g
YALI1_F07376g,YALI2_F00895g
YALI1_F07384g,YALI2_F00093g
YALI1_F07401g,YALI2_F00094g
YALI1_F07429g,YALI2_F00095g
YALI1_F07504g,YALI2_F00894g
YALI1_F07510g,YALI2_F00096g
YALI1_F07573g,YALI2_F00097g
YALI1_F07604g,YALI2_F00098g
YALI1_F07630g,YALI2_F00893g
YALI1_F07655g,YALI2_F00099g
YALI1_F07675g,YALI2_F00892g
YALI1_F07699g,YALI2_F00100g
YALI1_F07747g,YALI2_F00891g
YALI1_F07793g,YALI2_F00890g
YALI1_F07819g,YALI2_F00889g
YALI1_F07827g,YALI2_F00101g
YALI1_F07847g,YALI2_F00888g
YALI1_F07881g,YALI2_F00887g
YALI1_F07884g,YALI2_F00102g
YALI1_F07907g,YALI2_F00886g
YALI1_F07938g,YALI2_F00885g
YALI1_F07990g,YALI2_F00103g
YALI1_F08075g,YALI2_F00104g
YALI1_F08111g,YALI2_F00105g
YALI1_F08146g,YALI2_F00106g
YALI1_F08170g,YALI2_F00884g
YALI1_F08183g,YALI2_F00107g
YALI1_F08225g,YALI2_F00883g
YALI1_F08260g,YALI2_F00882g
YALI1_F08284g,YALI2_F00881g
YALI1_F08292g,YALI2_F00108g
YALI1_F08324g,YALI2_F00109g
YALI1_F08349g,YALI2_F00880g
YALI1_F08363g,YALI2_F00110g
YALI1_F08392g,YALI2_F00879g
YALI1_F08431g,YALI2_F00878g
YALI1_F08454g,YALI2_F00111g
YALI1_F08514g,YALI2_F00877g
YALI1_F08544g,YALI2_F00112g
YALI1_F08562g,YALI2_F00876g
YALI1_F08585g,YALI2_F00875g
YALI1_F08635g,YALI2_F00874g
YALI1_F08683g,YALI2_F00873g
YALI1_F08705g,YALI2_F00114g
YALI1_F08745g,YALI2_F00872g
YALI1_F08757g,YALI2_F00115g
YALI1_F08784g,YALI2_F00116g
YALI1_F08845g,YALI2_F00871g
YALI1_F08885g,YALI2_F00117g
YALI1_F08930g,YALI2_F00870g
YALI1_F08944g,YALI2_F00118g
YALI1_F09003g,YALI2_F00119g
YALI1_F09017g,YALI2_F00869g
YALI1_F09051g,YALI2_F00868g
YALI1_F09088g,YALI2_F00867g
YALI1_F09177g,YALI2_F00120g
YALI1_F09211g,YALI2_F00866g
YALI1_F09230g,YALI2_F00121g
YALI1_F09265g,YALI2_F00865g
YALI1_F09282g,YALI2_F00864g
YALI1_F09289g,YALI2_F00122g
YALI1_F09314g,YALI2_F00863g
YALI1_F09317g,YALI2_F00123g
YALI1_F09335g,YALI2_F00862g
YALI1_F09345g,YALI2_F00124g
YALI1_F09361g,YALI2_F00125g
YALI1_F09405g,YALI2_F00861g
YALI1_F09433g,YALI2_F00860g
YALI1_F09456g,YALI2_F00126g
YALI1_F09481g,YALI2_F00859g
YALI1_F09518g,YALI2_F00858g
YALI1_F09542g,YALI2_F00857g
YALI1_F09563g,YALI2_F00127g
YALI1_F09598g,YALI2_F00856g
YALI1_F09608g,YALI2_F00128g
YALI1_F09627g,YALI2_F00855g
YALI1_F09695g,YALI2_F00854g
YALI1_F09720g,YALI2_F00853g
YALI1_F09747g,YALI2_F00129g
YALI1_F09788g,YALI2_F00852g
YALI1_F09802g,YALI2_F00851g
YALI1_F09803g,YALI2_F00130g
YALI1_F09833g,YALI2_F00850g
YALI1_F09846g,YALI2_F00849g
YALI1_F09856g,YALI2_F00131g
YALI1_F09896g,YALI2_F00133g
YALI1_F09932g,YALI2_F00134g
YALI1_F09965g,YALI2_F00135g
YALI1_F09996g,YALI2_F00136g
YALI1_F10110g,YALI2_F00848g
YALI1_F10115g,YALI2_F00847g
YALI1_F10122g,YALI2_F00137g
YALI1_F10150g,YALI2_F00138g
YALI1_F10184g,YALI2_F00846g
YALI1_F10193g,YALI2_F00139g
YALI1_F10224g,YALI2_F00140g
YALI1_F10253g,YALI2_F00141g
YALI1_F10296g,YALI2_F00142g
YALI1_F10342g,YALI2_F00845g
YALI1_F10385g,YALI2_F00143g
YALI1_F10486g,YALI2_F00844g
YALI1_F10530g,YALI2_F00843g
YALI1_F10552g,YALI2_F00842g
YALI1_F10585g,YALI2_F00144g
YALI1_F10616g,YALI2_F00841g
YALI1_F10633g,YALI2_F00840g
YALI1_F10652g,YALI2_F00839g
YALI1_F10671g,YALI2_F00145g
YALI1_F10688g,YALI2_F00146g
YALI1_F10713g,YALI2_F00838g
YALI1_F10731g,YALI2_F00147g
YALI1_F10760g,YALI2_F00148g
YALI1_F10774g,YALI2_F00837g
YALI1_F10786g,YALI2_F00149g
YALI1_F10839g,YALI2_F00836g
YALI1_F10866g,YALI2_F00835g
YALI1_F10900g,YALI2_F00150g
YALI1_F10928g,YALI2_F00834g
YALI1_F10938g,YALI2_F00151g
YALI1_F10971g,YALI2_F00833g
YALI1_F10977g,YALI2_F00152g
YALI1_F10990g,YALI2_F00153g
YALI1_F11020g,YALI2_F00154g
YALI1_F11049g,YALI2_F00832g
YALI1_F11080g,YALI2_F00831g
YALI1_F11093g,YALI2_F00830g
YALI1_F11141g,YALI2_F00155g
YALI1_F11186g,YALI2_F00829g
YALI1_F11199g,YALI2_F00828g
YALI1_F11224g,YALI2_F00827g
YALI1_F11243g,YALI2_F00826g
YALI1_F11261g,YALI2_F00156g
YALI1_F11277g,YALI2_F00157g
YALI1_F11292g,YALI2_F00158g
YALI1_F11308g,YALI2_F00825g
YALI1_F11313g,YALI2_F00159g
YALI1_F11330g,YALI2_F00824g
YALI1_F11363g,YALI2_F00823g
YALI1_F11396g,YALI2_F00822g
YALI1_F11417g,YALI2_F00160g
YALI1_F11449g,YALI2_F00821g
YALI1_F11481g,YALI2_F00820g
YALI1_F11493g,YALI2_F00161g
YALI1_F11553g,YALI2_F00819g
YALI1_F11583g,YALI2_F00818g
YALI1_F11605g,YALI2_F00162g
YALI1_F11635g,YALI2_F00817g
YALI1_F11658g,YALI2_F00816g
YALI1_F11689g,YALI2_F00815g
YALI1_F11729g,YALI2_F00163g
YALI1_F11781g,YALI2_F00814g
YALI1_F11787g,YALI2_F00164g
YALI1_F11827g,YALI2_F00165g
YALI1_F11871g,YALI2_F00166g
YALI1_F11878g,YALI2_F00812g
YALI1_F11905g,YALI2_F00811g
YALI1_F11907g,YALI2_F00167g
YALI1_F11930g,YALI2_F00168g
YALI1_F11956g,YALI2_F00169g
YALI1_F12013g,YALI2_F00810g
YALI1_F12033g,YALI2_F00171g
YALI1_F12080g,YALI2_F00809g
YALI1_F12089g,YALI2_F00172g
YALI1_F12138g,YALI2_F00173g
YALI1_F12176g,YALI2_F00808g
YALI1_F12254g,YALI2_F00807g
YALI1_F12312g,YALI2_F00806g
YALI1_F12330g,YALI2_F00175g
YALI1_F12365g,YALI2_F00805g
YALI1_F12422g,YALI2_F00804g
YALI1_F12434g,YALI2_F00176g
YALI1_F12478g,YALI2_F00803g
YALI1_F12504g,YALI2_F00802g
YALI1_F12535g,YALI2_F00801g
YALI1_F12562g,YALI2_F00800g
YALI1_F12578g,YALI2_F00177g
YALI1_F12616g,YALI2_F00799g
YALI1_F12635g,YALI2_F00798g
YALI1_F12649g,YALI2_F00797g
YALI1_F12666g,YALI2_F00796g
YALI1_F12757g,YALI2_F00178g
YALI1_F12810g,YALI2_F00179g
YALI1_F12842g,YALI2_F00794g
YALI1_F12874g,YALI2_F00180g
YALI1_F12895g,YALI2_F00181g
YALI1_F12917g,YALI2_F00182g
YALI1_F12946g,YALI2_F00793g
YALI1_F12951g,YALI2_F00183g
YALI1_F12969g,YALI2_F00184g
YALI1_F12983g,YALI2_F00185g
YALI1_F13001g,YALI2_F00186g
YALI1_F13017g,YALI2_F00792g
YALI1_F13023g,YALI2_F00187g
YALI1_F13039g,YALI2_F00791g
YALI1_F13046g,YALI2_F00188g
YALI1_F13072g,YALI2_F00790g
YALI1_F13079g,YALI2_F00189g
YALI1_F13088g,YALI2_F00190g
YALI1_F13097g,YALI2_F00191g
YALI1_F13134g,YALI2_F00192g
YALI1_F13170g,YALI2_F00789g
YALI1_F13202g,YALI2_F00788g
YALI1_F13211g,YALI2_F00787g
YALI1_F13220g,YALI2_F00193g
YALI1_F13268g,YALI2_F00194g
YALI1_F13339g,YALI2_F00786g
YALI1_F13366g,YALI2_F00785g
YALI1_F13373g,YALI2_F00195g
YALI1_F13384g,YALI2_F00784g
YALI1_F13395g,YALI2_F00196g
YALI1_F13446g,YALI2_F00783g
YALI1_F13452g,YALI2_F00197g
YALI1_F13476g,YALI2_F00782g
YALI1_F13505g,YALI2_F00781g
YALI1_F13526g,YALI2_F00198g
YALI1_F13550g,YALI2_F00199g
YALI1_F13579g,YALI2_F00200g
YALI1_F13597g,YALI2_F00780g
YALI1_F13602g,YALI2_F00201g
YALI1_F13644g,YALI2_F00779g
YALI1_F13691g,YALI2_F00778g
YALI1_F13719g,YALI2_F00202g
YALI1_F13793g,YALI2_F00203g
YALI1_F13875g,YALI2_F00777g
YALI1_F13908g,YALI2_F00204g
YALI1_F13953g,YALI2_F00776g
YALI1_F14009g,YALI2_F00775g
YALI1_F14024g,YALI2_F00205g
YALI1_F14072g,YALI2_F00206g
YALI1_F14107g,YALI2_F00774g
YALI1_F14136g,YALI2_F00773g
YALI1_F14168g,YALI2_F00772g
YALI1_F14175g,YALI2_F00207g
YALI1_F14201g,YALI2_F00771g
YALI1_F14213g,YALI2_F00208g
YALI1_F14239g,YALI2_F00209g
YALI1_F14290g,YALI2_F00210g
YALI1_F14303g,YALI2_F00211g
YALI1_F14342g,YALI2_F00770g
YALI1_F14368g,YALI2_F00769g
YALI1_F14374g,YALI2_F00212g
YALI1_F14403g,YALI2_F00768g
YALI1_F14409g,YALI2_F00213g
YALI1_F14443g,YALI2_F00767g
YALI1_F14495g,YALI2_F00214g
YALI1_F14542g,YALI2_F00215g
YALI1_F14583g,YALI2_F00766g
YALI1_F14625g,YALI2_F00765g
YALI1_F14650g,YALI2_F00764g
YALI1_F14688g,YALI2_F00216g
YALI1_F14712g,YALI2_F00763g
YALI1_F14729g,YALI2_F00762g
YALI1_F14746g,YALI2_F00217g
YALI1_F14766g,YALI2_F00761g
YALI1_F14793g,YALI2_F00760g
YALI1_F14805g,YALI2_F00218g
YALI1_F14827g,YALI2_F00219g
YALI1_F14850g,YALI2_F00220g
YALI1_F14882g,YALI2_F00759g
YALI1_F14900g,YALI2_F00221g
YALI1_F14933g,YALI2_F00758g
YALI1_F14958g,YALI2_F00222g
YALI1_F15017g,YALI2_F00757g
YALI1_F15038g,YALI2_F00756g
YALI1_F15070g,YALI2_F00223g
YALI1_F15108g,YALI2_F00755g
YALI1_F15141g,YALI2_F00754g
YALI1_F15186g,YALI2_F00753g
YALI1_F15218g,YALI2_F00224g
YALI1_F15265g,YALI2_F00225g
YALI1_F15291g,YALI2_F00226g
YALI1_F15311g,YALI2_F00227g
YALI1_F15334g,YALI2_F00751g
YALI1_F15352g,YALI2_F00750g
YALI1_F15403g,YALI2_F00748g
YALI1_F15418g,YALI2_F00228g
YALI1_F15449g,YALI2_F00747g
YALI1_F15477g,YALI2_F00229g
YALI1_F15517g,YALI2_F00746g
YALI1_F15533g,YALI2_F00230g
YALI1_F15568g,YALI2_F00231g
YALI1_F15641g,YALI2_F00745g
YALI1_F15692g,YALI2_F00744g
YALI1_F15708g,YALI2_F00232g
YALI1_F15745g,YALI2_F00743g
YALI1_F15769g,YALI2_F00742g
YALI1_F15781g,YALI2_F00233g
YALI1_F15793g,YALI2_F00234g
YALI1_F15827g,YALI2_F00741g
YALI1_F15859g,YALI2_F00235g
YALI1_F15878g,YALI2_F00740g
YALI1_F15886g,YALI2_F00236g
YALI1_F15905g,YALI2_F00739g
YALI1_F15961g,YALI2_F00738g
YALI1_F15990g,YALI2_F00737g
YALI1_F16005g,YALI2_F00736g
YALI1_F16035g,YALI2_F00735g
YALI1_F16045g,YALI2_F00237g
YALI1_F16069g,YALI2_F00238g
YALI1_F16117g,YALI2_F00734g
YALI1_F16158g,YALI2_F00239g
YALI1_F16270g,YALI2_F00733g
YALI1_F16478g,YALI2_F00240g
YALI1_F16568g,YALI2_F00241g
YALI1_F16600g,YALI2_F00732g
YALI1_F16614g,YALI2_F00242g
YALI1_F16656g,YALI2_F00243g
YALI1_F16702g,YALI2_F00731g
YALI1_F16717g,YALI2_F00244g
YALI1_F16743g,YALI2_F00245g
YALI1_F16796g,YALI2_F00246g
YALI1_F16856g,YALI2_F00247g
YALI1_F16915g,YALI2_F00248g
YALI1_F16984g,YALI2_F00730g
YALI1_F17004g,YALI2_F00249g
YALI1_F17025g,YALI2_F00250g
YALI1_F17034g,YALI2_F00251g
YALI1_F17066g,YALI2_F00729g
YALI1_F17082g,YALI2_F00728g
YALI1_F17103g,YALI2_F00252g
YALI1_F17138g,YALI2_F00253g
YALI1_F17203g,YALI2_F00727g
YALI1_F17215g,YALI2_F00254g
YALI1_F17265g,YALI2_F00726g
YALI1_F17289g,YALI2_F00725g
YALI1_F17302g,YALI2_F00255g
YALI1_F17337g,YALI2_F00256g
YALI1_F17369g,YALI2_F00724g
YALI1_F17383g,YALI2_F00257g
YALI1_F17431g,YALI2_F00723g
YALI1_F17472g,YALI2_F00722g
YALI1_F17491g,YALI2_F00721g
YALI1_F17496g,YALI2_F00258g
YALI1_F17520g,YALI2_F00720g
YALI1_F17522g,YALI2_F00259g
YALI1_F17547g,YALI2_F00719g
YALI1_F17549g,YALI2_F00260g
YALI1_F17569g,YALI2_F00261g
YALI1_F17603g,YALI2_F00718g
YALI1_F17637g,YALI2_F00717g
YALI1_F17657g,YALI2_F00262g
YALI1_F17706g,YALI2_F00714g
YALI1_F17709g,YALI2_F00263g
YALI1_F17756g,YALI2_F00713g
YALI1_F17788g,YALI2_F00712g
YALI1_F17805g,YALI2_F00264g
YALI1_F17836g,YALI2_F00265g
YALI1_F17907g,YALI2_F00266g
YALI1_F17912g,YALI2_F00267g
YALI1_F17930g,YALI2_F00711g
YALI1_F17949g,YALI2_F00710g
YALI1_F17962g,YALI2_F00268g
YALI1_F17988g,YALI2_F00269g
YALI1_F18023g,YALI2_F00270g
YALI1_F18081g,YALI2_F00709g
YALI1_F18105g,YALI2_F00708g
YALI1_F18122g,YALI2_F00271g
YALI1_F18152g,YALI2_F00272g
YALI1_F18202g,YALI2_F00707g
YALI1_F18239g,YALI2_F00706g
YALI1_F18276g,YALI2_F00273g
YALI1_F18357g,YALI2_F00705g
YALI1_F18381g,YALI2_F00274g
YALI1_F18429g,YALI2_F00275g
YALI1_F18459g,YALI2_F00704g
YALI1_F18524g,YALI2_F00703g
YALI1_F18550g,YALI2_F00276g
YALI1_F18740g,YALI2_F00700g
YALI1_F18766g,YALI2_F00277g
YALI1_F18835g,YALI2_F00278g
YALI1_F18897g,YALI2_F00698g
YALI1_F18920g,YALI2_F00279g
YALI1_F18943g,YALI2_F00697g
YALI1_F18947g,YALI2_F00280g
YALI1_F18979g,YALI2_F00696g
YALI1_F19007g,YALI2_F00695g
YALI1_F19047g,YALI2_F00694g
YALI1_F19058g,YALI2_F00281g
YALI1_F19090g,YALI2_F00282g
YALI1_F19106g,YALI2_F00283g
YALI1_F19126g,YALI2_F00693g
YALI1_F19140g,YALI2_F00692g
YALI1_F19153g,YALI2_F00691g
YALI1_F19169g,YALI2_F00690g
YALI1_F19180g,YALI2_F00284g
YALI1_F19192g,YALI2_F00285g
YALI1_F19216g,YALI2_F00689g
YALI1_F19218g,YALI2_F00286g
YALI1_F19244g,YALI2_F00688g
YALI1_F19249g,YALI2_F00287g
YALI1_F19268g,YALI2_F00288g
YALI1_F19345g,YALI2_F00687g
YALI1_F19370g,YALI2_F00686g
YALI1_F19381g,YALI2_F00289g
YALI1_F19478g,YALI2_F00685g
YALI1_F19500g,YALI2_F00290g
YALI1_F19556g,YALI2_F00291g
YALI1_F19579g,YALI2_F00684g
YALI1_F19610g,YALI2_F00682g
YALI1_F19635g,YALI2_F00292g
YALI1_F19697g,YALI2_F00293g
YALI1_F19717g,YALI2_F00681g
YALI1_F19720g,YALI2_F00294g
YALI1_F19746g,YALI2_F00680g
YALI1_F19764g,YALI2_F00295g
YALI1_F19805g,YALI2_F00679g
YALI1_F19811g,YALI2_F00296g
YALI1_F19841g,YALI2_F00678g
YALI1_F19853g,YALI2_F00677g
YALI1_F19899g,YALI2_F00297g
YALI1_F19938g,YALI2_F00676g
YALI1_F20086g,YALI2_F00298g
YALI1_F20123g,YALI2_F00675g
YALI1_F20168g,YALI2_F00674g
YALI1_F20233g,YALI2_F00673g
YALI1_F20330g,YALI2_F00299g
YALI1_F20378g,YALI2_F00672g
YALI1_F20426g,YALI2_F00300g
YALI1_F20457g,YALI2_F00671g
YALI1_F20462g,YALI2_F00301g
YALI1_F20589g,YALI2_F00670g
YALI1_F20600g,YALI2_F00669g
YALI1_F20616g,YALI2_F00668g
YALI1_F20637g,YALI2_F00302g
YALI1_F20669g,YALI2_F00303g
YALI1_F20712g,YALI2_F00304g
YALI1_F20742g,YALI2_F00667g
YALI1_F20788g,YALI2_F00666g
YALI1_F20820g,YALI2_F00665g
YALI1_F20885g,YALI2_F00664g
YALI1_F20914g,YALI2_F00663g
YALI1_F20943g,YALI2_F00305g
YALI1_F20965g,YALI2_F00662g
YALI1_F21002g,YALI2_F00661g
YALI1_F21174g,YALI2_F00306g
YALI1_F21192g,YALI2_F00660g
YALI1_F21210g,YALI2_F00659g
YALI1_F21224g,YALI2_F00307g
YALI1_F21261g,YALI2_F00658g
YALI1_F21279g,YALI2_F00308g
YALI1_F21315g,YALI2_F00657g
YALI1_F21322g,YALI2_F00309g
YALI1_F21362g,YALI2_F00656g
YALI1_F21381g,YALI2_F00310g
YALI1_F21396g,YALI2_F00655g
YALI1_F21426g,YALI2_F00311g
YALI1_F21453g,YALI2_F00312g
YALI1_F21467g,YALI2_F00313g
YALI1_F21482g,YALI2_F00314g
YALI1_F21504g,YALI2_F00315g
YALI1_F21540g,YALI2_F00654g
YALI1_F21547g,YALI2_F00316g
YALI1_F21567g,YALI2_F00653g
YALI1_F21583g,YALI2_F00317g
YALI1_F21612g,YALI2_F00318g
YALI1_F21647g,YALI2_F00652g
YALI1_F21690g,YALI2_F00651g
YALI1_F21698g,YALI2_F00319g
YALI1_F21728g,YALI2_F00320g
YALI1_F21769g,YALI2_F00650g
YALI1_F21778g,YALI2_F00321g
YALI1_F21804g,YALI2_F00649g
YALI1_F21813g,YALI2_F00322g
YALI1_F21850g,YALI2_F00648g
YALI1_F21875g,YALI2_F00323g
YALI1_F21908g,YALI2_F00647g
YALI1_F21974g,YALI2_F00646g
YALI1_F21989g,YALI2_F00324g
YALI1_F22073g,YALI2_F00325g
YALI1_F22115g,YALI2_F00326g
YALI1_F22171g,YALI2_F00645g
YALI1_F22219g,YALI2_F00644g
YALI1_F22241g,YALI2_F00643g
YALI1_F22299g,YALI2_F00328g
YALI1_F22321g,YALI2_F00329g
YALI1_F22376g,YALI2_F00642g
YALI1_F22402g,YALI2_F00330g
YALI1_F22436g,YALI2_F00641g
YALI1_F22481g,YALI2_F00640g
YALI1_F22525g,YALI2_F00331g
YALI1_F22568g,YALI2_F00639g
YALI1_F22674g,YALI2_F00638g
YALI1_F22750g,YALI2_F00637g
YALI1_F22784g,YALI2_F00636g
YALI1_F22794g,YALI2_F00332g
YALI1_F22836g,YALI2_F00635g
YALI1_F22841g,YALI2_F00333g
YALI1_F22858g,YALI2_F00634g
YALI1_F22867g,YALI2_F00334g
YALI1_F22883g,YALI2_F00335g
YALI1_F22908g,YALI2_F00633g
YALI1_F22915g,YALI2_F00336g
YALI1_F22935g,YALI2_F00337g
YALI1_F22957g,YALI2_F00338g
YALI1_F22978g,YALI2_F00632g
YALI1_F22993g,YALI2_F00339g
YALI1_F23024g,YALI2_F00631g
YALI1_F23047g,YALI2_F00340g
YALI1_F23095g,YALI2_F00341g
YALI1_F23109g,YALI2_F00342g
YALI1_F23133g,YALI2_F00343g
YALI1_F23157g,YALI2_F00629g
YALI1_F23191g,YALI2_F00628g
YALI1_F23214g,YALI2_F00344g
YALI1_F23270g,YALI2_F00345g
YALI1_F23331g,YALI2_F00627g
YALI1_F23351g,YALI2_F00346g
YALI1_F23364g,YALI2_F00626g
YALI1_F23368g,YALI2_F00347g
YALI1_F23391g,YALI2_F00625g
YALI1_F23399g,YALI2_F00348g
YALI1_F23414g,YALI2_F00349g
YALI1_F23441g,YALI2_F00624g
YALI1_F23446g,YALI2_F00350g
YALI1_F23474g,YALI2_F00623g
YALI1_F23484g,YALI2_F00351g
YALI1_F23529g,YALI2_F00622g
YALI1_F23551g,YALI2_F00352g
YALI1_F23595g,YALI2_F00621g
YALI1_F23616g,YALI2_F00353g
YALI1_F23664g,YALI2_F00354g
YALI1_F23706g,YALI2_F00620g
YALI1_F23719g,YALI2_F00355g
YALI1_F23784g,YALI2_F00356g
YALI1_F23833g,YALI2_F00357g
YALI1_F23867g,YALI2_F00618g
YALI1_F23922g,YALI2_F00617g
YALI1_F23963g,YALI2_F00616g
YALI1_F23988g,YALI2_F00615g
YALI1_F24031g,YALI2_F00358g
YALI1_F24079g,YALI2_F00614g
YALI1_F24099g,YALI2_F00613g
YALI1_F24115g,YALI2_F00359g
YALI1_F24126g,YALI2_F00612g
YALI1_F24130g,YALI2_F00360g
YALI1_F24151g,YALI2_F00361g
YALI1_F24171g,YALI2_F00611g
YALI1_F24173g,YALI2_F00362g
YALI1_F24228g,YALI2_F00363g
YALI1_F24247g,YALI2_F00610g
YALI1_F24270g,YALI2_F00396g
YALI1_F24301g,YALI2_F00572g
YALI1_F24332g,YALI2_F00395g
YALI1_F24343g,YALI2_F00394g
YALI1_F24359g,YALI2_F00573g
YALI1_F24401g,YALI2_F00393g
YALI1_F24408g,YALI2_F00392g
YALI1_F24413g,YALI2_F00574g
YALI1_F24469g,YALI2_F00391g
YALI1_F24564g,YALI2_F00575g
YALI1_F24635g,YALI2_F00390g
YALI1_F24667g,YALI2_F00576g
YALI1_F24699g,YALI2_F00388g
YALI1_F24708g,YALI2_F00577g
YALI1_F24742g,YALI2_F00578g
YALI1_F24773g,YALI2_F00579g
YALI1_F24798g,YALI2_F00580g
YALI1_F24826g,YALI2_F00581g
YALI1_F24864g,YALI2_F00387g
YALI1_F24881g,YALI2_F00582g
YALI1_F24905g,YALI2_F00386g
YALI1_F24929g,YALI2_F00583g
YALI1_F24963g,YALI2_F00585g
YALI1_F25001g,YALI2_F00385g
YALI1_F25035g,YALI2_F00384g
YALI1_F25066g,YALI2_F00383g
YALI1_F25079g,YALI2_F00382g
YALI1_F25110g,YALI2_F00381g
YALI1_F25164g,YALI2_F00586g
YALI1_F25182g,YALI2_F00380g
YALI1_F25212g,YALI2_F00379g
YALI1_F25254g,YALI2_F00587g
YALI1_F25309g,YALI2_F00588g
YALI1_F25382g,YALI2_F00378g
YALI1_F25444g,YALI2_F00589g
YALI1_F25485g,YALI2_F00377g
YALI1_F25496g,YALI2_F00590g
YALI1_F25535g,YALI2_F00591g
YALI1_F25546g,YALI2_F00592g
YALI1_F25556g,YALI2_F00593g
YALI1_F25570g,YALI2_F00594g
YALI1_F25587g,YALI2_F00595g
YALI1_F25614g,YALI2_F00376g
YALI1_F25649g,YALI2_F00375g
YALI1_F25650g,YALI2_F00596g
YALI1_F25663g,YALI2_F00374g
YALI1_F25671g,YALI2_F00597g
YALI1_F25708g,YALI2_F00373g
YALI1_F25771g,YALI2_F00372g
YALI1_F25792g,YALI2_F00598g
YALI1_F25852g,YALI2_F00371g
YALI1_F25885g,YALI2_F00599g
YALI1_F25908g,YALI2_F00600g
YALI1_F25924g,YALI2_F00601g
YALI1_F25941g,YALI2_F00602g
YALI1_F25951g,YALI2_F00603g
YALI1_F25984g,YALI2_F00370g
YALI1_F25999g,YALI2_F00369g
YALI1_F26012g,YALI2_F00604g
YALI1_F26039g,YALI2_F00368g
YALI1_F26058g,YALI2_F00605g
YALI1_F26108g,YALI2_F00606g
YALI1_F26127g,YALI2_F00367g
YALI1_F26142g,YALI2_F00366g
YALI1_F26167g,YALI2_F00365g
YALI1_F26186g,YALI2_F00607g
YALI1_F26216g,YALI2_F00608g
YALI1_F26234g,YALI2_F00609g
YALI1_F26313g,YALI2_F00364g
YALI1_F26367g,YALI2_E01121g
YALI1_F26399g,YALI2_E01120g
YALI1_F26427g,YALI2_E00626g
YALI1_F26519g,YALI2_E00627g
YALI1_F26574g,YALI2_E00628g
YALI1_F26612g,YALI2_E01119g
YALI1_F26620g,YALI2_E01118g
YALI1_F26654g,YALI2_E00629g
YALI1_F26692g,YALI2_E00630g
YALI1_F26726g,YALI2_E01117g
YALI1_F26757g,YALI2_E00631g
YALI1_F26793g,YALI2_E00632g
YALI1_F26860g,YALI2_E01116g
YALI1_F26873g,YALI2_E00633g
YALI1_F26915g,YALI2_E01115g
YALI1_F26924g,YALI2_E00634g
YALI1_F26957g,YALI2_E01114g
YALI1_F26967g,YALI2_E00635g
YALI1_F27002g,YALI2_E01113g
YALI1_F27017g,YALI2_E00636g
YALI1_F27041g,YALI2_E00637g
YALI1_F27099g,YALI2_E01112g
YALI1_F27101g,YALI2_E00639g
YALI1_F27132g,YALI2_E01111g
YALI1_F27141g,YALI2_E00640g
YALI1_F27175g,YALI2_E01110g
YALI1_F27211g,YALI2_E00641g
YALI1_F27237g,YALI2_E00642g
YALI1_F27304g,YALI2_E01109g
YALI1_F27343g,YALI2_E01108g
YALI1_F27356g,YALI2_E00643g
YALI1_F27395g,YALI2_E01107g
YALI1_F27465g,YALI2_E01106g
YALI1_F27470g,YALI2_E00644g
YALI1_F27529g,YALI2_E01105g
YALI1_F27556g,YALI2_E00645g
YALI1_F27574g,YALI2_E00646g
YALI1_F27663g,YALI2_E01104g
YALI1_F27667g,YALI2_E00647g
YALI1_F27686g,YALI2_E01103g
YALI1_F27692g,YALI2_E00648g
YALI1_F27716g,YALI2_E01102g
YALI1_F27731g,YALI2_E01101g
YALI1_F27758g,YALI2_E01100g
YALI1_F27761g,YALI2_E00649g
YALI1_F27791g,YALI2_E01099g
YALI1_F27812g,YALI2_E01098g
YALI1_F27834g,YALI2_E00650g
YALI1_F27871g,YALI2_E01097g
YALI1_F27904g,YALI2_E01096g
YALI1_F27929g,YALI2_E01095g
YALI1_F27945g,YALI2_E00651g
YALI1_F27968g,YALI2_E01094g
YALI1_F27989g,YALI2_E00652g
YALI1_F28025g,YALI2_E01093g
YALI1_F28031g,YALI2_E00653g
YALI1_F28064g,YALI2_E01092g
YALI1_F28092g,YALI2_E00654g
YALI1_F28107g,YALI2_E01091g
YALI1_F28112g,YALI2_E00655g
YALI1_F28132g,YALI2_E00656g
YALI1_F28144g,YALI2_E01090g
YALI1_F28146g,YALI2_E00657g
YALI1_F28202g,YALI2_E01089g
YALI1_F28212g,YALI2_E01088g
YALI1_F28274g,YALI2_E01086g
YALI1_F28333g,YALI2_E00658g
YALI1_F28393g,YALI2_E00659g
YALI1_F28453g,YALI2_E01085g
YALI1_F28467g,YALI2_E00660g
YALI1_F28485g,YALI2_E01084g
YALI1_F28490g,YALI2_E00661g
YALI1_F28537g,YALI2_E01083g
YALI1_F28550g,YALI2_E00662g
YALI1_F28590g,YALI2_E01082g
YALI1_F28633g,YALI2_E00663g
YALI1_F28744g,YALI2_E00665g
YALI1_F28765g,YALI2_E00666g
YALI1_F28807g,YALI2_E01081g
YALI1_F28833g,YALI2_E00667g
YALI1_F28868g,YALI2_E01080g
YALI1_F28897g,YALI2_E01079g
YALI1_F28915g,YALI2_E00668g
YALI1_F28934g,YALI2_E00669g
YALI1_F28943g,YALI2_E00670g
YALI1_F28967g,YALI2_E00671g
YALI1_F29038g,YALI2_E00672g
YALI1_F29078g,YALI2_E00673g
YALI1_F29139g,YALI2_E01078g
YALI1_F29168g,YALI2_E01077g
YALI1_F29192g,YALI2_E01076g
YALI1_F29196g,YALI2_E00674g
YALI1_F29253g,YALI2_E01075g
YALI1_F29301g,YALI2_E00675g
YALI1_F29317g,YALI2_E00676g
YALI1_F29356g,YALI2_E01074g
YALI1_F29395g,YALI2_E00677g
YALI1_F29424g,YALI2_E00678g
YALI1_F29483g,YALI2_E00679g
YALI1_F29540g,YALI2_E00680g
YALI1_F29596g,YALI2_E01073g
YALI1_F29604g,YALI2_E00681g
YALI1_F29635g,YALI2_E01072g
YALI1_F29640g,YALI2_E00682g
YALI1_F29652g,YALI2_E01071g
YALI1_F29670g,YALI2_E01070g
YALI1_F29691g,YALI2_E00683g
YALI1_F29704g,YALI2_E00684g
YALI1_F29727g,YALI2_E00685g
YALI1_F29751g,YALI2_E01069g
YALI1_F29765g,YALI2_E00686g
YALI1_F29798g,YALI2_E00687g
YALI1_F29828g,YALI2_E01068g
YALI1_F29836g,YALI2_E00688g
YALI1_F29852g,YALI2_E01067g
YALI1_F29867g,YALI2_E01066g
YALI1_F29876g,YALI2_E00689g
YALI1_F29905g,YALI2_E01065g
YALI1_F29911g,YALI2_E00690g
YALI1_F29937g,YALI2_E01064g
YALI1_F29944g,YALI2_E00691g
YALI1_F29987g,YALI2_E00692g
YALI1_F30004g,YALI2_E00693g
YALI1_F30034g,YALI2_E01063g
YALI1_F30061g,YALI2_E01062g
YALI1_F30106g,YALI2_E01061g
YALI1_F30116g,YALI2_E00694g
YALI1_F30179g,YALI2_E01060g
YALI1_F30254g,YALI2_E01059g
YALI1_F30289g,YALI2_E01058g
YALI1_F30317g,YALI2_E00695g
YALI1_F30340g,YALI2_E00696g
YALI1_F30367g,YALI2_E01057g
YALI1_F30395g,YALI2_E01056g
YALI1_F30431g,YALI2_E00697g
YALI1_F30459g,YALI2_E01055g
YALI1_F30479g,YALI2_E01054g
YALI1_F30496g,YALI2_E01053g
YALI1_F30520g,YALI2_E00698g
YALI1_F30559g,YALI2_E00699g
YALI1_F30593g,YALI2_E01052g
YALI1_F30641g,YALI2_E01051g
YALI1_F30647g,YALI2_E00700g
YALI1_F30703g,YALI2_E01050g
YALI1_F30754g,YALI2_E00702g
YALI1_F30789g,YALI2_E01049g
YALI1_F30841g,YALI2_E01048g
YALI1_F30852g,YALI2_E00703g
YALI1_F30877g,YALI2_E01047g
YALI1_F30903g,YALI2_E01046g
YALI1_F31001g,YALI2_E01045g
YALI1_F31053g,YALI2_E01044g
YALI1_F31070g,YALI2_E01043g
YALI1_F31102g,YALI2_E01042g
YALI1_F31126g,YALI2_E01041g
YALI1_F31135g,YALI2_E00704g
YALI1_F31183g,YALI2_E01039g
YALI1_F31215g,YALI2_E01038g
YALI1_F31255g,YALI2_E01037g
YALI1_F31283g,YALI2_E01036g
YALI1_F31292g,YALI2_E00705g
YALI1_F31381g,YALI2_E01035g
YALI1_F31405g,YALI2_E01034g
YALI1_F31416g,YALI2_E00706g
YALI1_F31432g,YALI2_E00707g
YALI1_F31439g,YALI2_E00708g
YALI1_F31463g,YALI2_E00709g
YALI1_F31482g,YALI2_E01033g
YALI1_F31493g,YALI2_E01032g
YALI1_F31512g,YALI2_E01031g
YALI1_F31531g,YALI2_E01030g
YALI1_F31568g,YALI2_E01029g
YALI1_F31587g,YALI2_E01028g
YALI1_F31639g,YALI2_E01027g
YALI1_F31672g,YALI2_E01026g
YALI1_F31687g,YALI2_E01025g
YALI1_F31689g,YALI2_E00710g
YALI1_F31725g,YALI2_E01024g
YALI1_F31744g,YALI2_E00711g
YALI1_F31760g,YALI2_E00712g
YALI1_F31798g,YALI2_E01022g
YALI1_F31822g,YALI2_E01021g
YALI1_F31832g,YALI2_E01020g
YALI1_F31854g,YALI2_E01019g
YALI1_F31866g,YALI2_E00713g
YALI1_F31875g,YALI2_E00714g
YALI1_F31902g,YALI2_E01018g
YALI1_F31934g,YALI2_E01017g
YALI1_F31947g,YALI2_E00716g
YALI1_F32002g,YALI2_E01016g
YALI1_F32010g,YALI2_E01015g
YALI1_F32043g,YALI2_E01014g
YALI1_F32067g,YALI2_E00718g
YALI1_F32090g,YALI2_E00719g
YALI1_F32120g,YALI2_E01013g
YALI1_F32167g,YALI2_E01012g
YALI1_F32204g,YALI2_E01011g
YALI1_F32232g,YALI2_E01010g
YALI1_F32251g,YALI2_E00720g
YALI1_F32287g,YALI2_E01009g
YALI1_F32305g,YALI2_E01008g
YALI1_F32312g,YALI2_E00721g
YALI1_F32330g,YALI2_E00722g
YALI1_F32342g,YALI2_E00723g
YALI1_F32363g,YALI2_E01007g
YALI1_F32387g,YALI2_E01006g
YALI1_F32399g,YALI2_E00724g
YALI1_F32441g,YALI2_E01005g
YALI1_F32476g,YALI2_E00725g
YALI1_F32498g,YALI2_E00726g
YALI1_F32512g,YALI2_E00727g
YALI1_F32534g,YALI2_E00728g
YALI1_F32546g,YALI2_E01004g
YALI1_F32554g,YALI2_E00729g
YALI1_F32565g,YALI2_E00730g
YALI1_F32597g,YALI2_E01003g
YALI1_F32638g,YALI2_E01002g
YALI1_F32659g,YALI2_E01001g
YALI1_F32675g,YALI2_E01000g
YALI1_F32688g,YALI2_E00731g
YALI1_F32716g,YALI2_E00732g
YALI1_F32744g,YALI2_E00999g
YALI1_F32764g,YALI2_E00733g
YALI1_F32792g,YALI2_E00998g
YALI1_F32841g,YALI2_E00997g
YALI1_F32880g,YALI2_E00996g
YALI1_F32910g,YALI2_E00734g
YALI1_F32948g,YALI2_E00995g
YALI1_F32969g,YALI2_E00994g
YALI1_F32989g,YALI2_E00993g
YALI1_F33008g,YALI2_E00735g
YALI1_F33061g,YALI2_E00736g
YALI1_F33103g,YALI2_E00992g
YALI1_F33123g,YALI2_E00991g
YALI1_F33143g,YALI2_E00990g
YALI1_F33189g,YALI2_E00737g
YALI1_F33246g,YALI2_E00738g
YALI1_F33273g,YALI2_E00989g
YALI1_F33301g,YALI2_E00988g
YALI1_F33331g,YALI2_E00987g
YALI1_F33345g,YALI2_E00739g
YALI1_F33381g,YALI2_E00740g
YALI1_F33403g,YALI2_E00986g
YALI1_F33426g,YALI2_E00741g
YALI1_F33445g,YALI2_E00742g
YALI1_F33524g,YALI2_E00743g
YALI1_F33572g,YALI2_E00985g
YALI1_F33579g,YALI2_E00984g
YALI1_F33587g,YALI2_E00744g
YALI1_F33594g,YALI2_E00745g
YALI1_F33603g,YALI2_E00746g
YALI1_F33618g,YALI2_E00747g
YALI1_F33681g,YALI2_E00748g
YALI1_F33704g,YALI2_E00983g
YALI1_F33714g,YALI2_E00749g
YALI1_F33732g,YALI2_E00750g
YALI1_F33754g,YALI2_E00982g
YALI1_F33764g,YALI2_E00751g
YALI1_F33790g,YALI2_E00981g
YALI1_F33791g,YALI2_E00752g
YALI1_F33812g,YALI2_E00980g
YALI1_F33819g,YALI2_E00753g
YALI1_F33861g,YALI2_E00979g
YALI1_F33885g,YALI2_E00754g
YALI1_F33925g,YALI2_E00978g
YALI1_F33951g,YALI2_E00755g
YALI1_F33973g,YALI2_E00977g
YALI1_F34000g,YALI2_E00756g
YALI1_F34029g,YALI2_E00976g
YALI1_F34051g,YALI2_E00975g
YALI1_F34057g,YALI2_E00757g
YALI1_F34083g,YALI2_E00758g
YALI1_F34095g,YALI2_E00759g
YALI1_F34105g,YALI2_E00760g
YALI1_F34127g,YALI2_E00973g
YALI1_F34141g,YALI2_E00761g
YALI1_F34187g,YALI2_E00972g
YALI1_F34202g,YALI2_E00762g
YALI1_F34236g,YALI2_E00763g
YALI1_F34264g,YALI2_E00764g
YALI1_F34281g,YALI2_E00971g
YALI1_F34304g,YALI2_E00970g
YALI1_F34324g,YALI2_E00765g
YALI1_F34351g,YALI2_E00766g
YALI1_F34387g,YALI2_E00969g
YALI1_F34397g,YALI2_E00767g
YALI1_F34429g,YALI2_E00768g
YALI1_F34472g,YALI2_E00968g
YALI1_F34497g,YALI2_E00769g
YALI1_F34521g,YALI2_E00967g
YALI1_F34556g,YALI2_E00966g
YALI1_F34610g,YALI2_E00965g
YALI1_F34625g,YALI2_E00964g
YALI1_F34631g,YALI2_E00770g
YALI1_F34661g,YALI2_E00963g
YALI1_F34675g,YALI2_E00771g
YALI1_F34712g,YALI2_E00773g
YALI1_F34729g,YALI2_E00962g
YALI1_F34749g,YALI2_E00774g
YALI1_F34779g,YALI2_E00775g
YALI1_F34798g,YALI2_E00776g
YALI1_F34818g,YALI2_E00961g
YALI1_F34862g,YALI2_E00960g
YALI1_F34870g,YALI2_E00777g
YALI1_F34895g,YALI2_E00778g
YALI1_F34928g,YALI2_E00959g
YALI1_F34933g,YALI2_E00779g
YALI1_F34963g,YALI2_E00780g
YALI1_F35003g,YALI2_E00958g
YALI1_F35029g,YALI2_E00781g
YALI1_F35061g,YALI2_E00957g
YALI1_F35109g,YALI2_E00782g
YALI1_F35163g,YALI2_E00956g
YALI1_F35219g,YALI2_E00955g
YALI1_F35274g,YALI2_E00954g
YALI1_F35329g,YALI2_E00783g
YALI1_F35406g,YALI2_E00953g
YALI1_F35417g,YALI2_E00784g
YALI1_F35441g,YALI2_E00785g
YALI1_F35476g,YALI2_E00952g
YALI1_F35489g,YALI2_E00786g
YALI1_F35542g,YALI2_E00951g
YALI1_F35578g,YALI2_E00950g
YALI1_F35591g,YALI2_E00949g
YALI1_F35603g,YALI2_E00948g
YALI1_F35610g,YALI2_E00787g
YALI1_F35647g,YALI2_E00788g
YALI1_F35656g,YALI2_E00789g
YALI1_F35690g,YALI2_E00790g
YALI1_F35714g,YALI2_E00791g
YALI1_F35746g,YALI2_E00947g
YALI1_F35753g,YALI2_E00792g
YALI1_F35776g,YALI2_E00793g
YALI1_F35791g,YALI2_E00946g
YALI1_F35822g,YALI2_E00945g
YALI1_F35836g,YALI2_E00794g
YALI1_F35868g,YALI2_E00944g
YALI1_F35907g,YALI2_E00795g
YALI1_F35938g,YALI2_E00796g
YALI1_F35983g,YALI2_E00797g
YALI1_F36033g,YALI2_E00943g
YALI1_F36059g,YALI2_E00798g
YALI1_F36094g,YALI2_E00799g
YALI1_F36127g,YALI2_E00942g
YALI1_F36132g,YALI2_E00800g
YALI1_F36152g,YALI2_E00801g
YALI1_F36178g,YALI2_E00802g
YALI1_F36204g,YALI2_E00941g
YALI1_F36233g,YALI2_E00940g
YALI1_F36259g,YALI2_E00939g
YALI1_F36267g,YALI2_E00803g
YALI1_F36290g,YALI2_E00938g
YALI1_F36321g,YALI2_E00937g
YALI1_F36332g,YALI2_E00804g
YALI1_F36344g,YALI2_E00805g
YALI1_F36415g,YALI2_E00936g
YALI1_F36492g,YALI2_E00935g
YALI1_F36552g,YALI2_E00806g
YALI1_F36584g,YALI2_E00807g
YALI1_F36610g,YALI2_E00808g
YALI1_F36706g,YALI2_E00934g
YALI1_F36710g,YALI2_E00809g
YALI1_F36733g,YALI2_E00933g
YALI1_F36742g,YALI2_E00810g
YALI1_F36760g,YALI2_E00811g
YALI1_F36794g,YALI2_E00932g
YALI1_F36805g,YALI2_E00812g
YALI1_F36882g,YALI2_E00931g
YALI1_F36930g,YALI2_E00930g
YALI1_F36966g,YALI2_E00813g
YALI1_F36996g,YALI2_E00929g
YALI1_F37011g,YALI2_E00814g
YALI1_F37068g,YALI2_E00815g
YALI1_F37100g,YALI2_E00816g
YALI1_F37194g,YALI2_E00818g
YALI1_F37213g,YALI2_E00819g
YALI1_F37234g,YALI2_E00928g
YALI1_F37248g,YALI2_E00927g
YALI1_F37255g,YALI2_E00820g
YALI1_F37272g,YALI2_E00821g
YALI1_F37320g,YALI2_E00822g
YALI1_F37354g,YALI2_E00926g
YALI1_F37400g,YALI2_E00925g
YALI1_F37435g,YALI2_E00823g
YALI1_F37463g,YALI2_E00924g
YALI1_F37481g,YALI2_E00824g
YALI1_F37498g,YALI2_E00825g
YALI1_F37508g,YALI2_E00826g
YALI1_F37528g,YALI2_E00827g
YALI1_F37540g,YALI2_E00923g
YALI1_F37559g,YALI2_E00828g
YALI1_F37627g,YALI2_E00922g
YALI1_F37658g,YALI2_E00829g
YALI1_F37685g,YALI2_E00921g
YALI1_F37694g,YALI2_E00920g
YALI1_F37714g,YALI2_E00830g
YALI1_F37734g,YALI2_E00919g
YALI1_F37742g,YALI2_E00831g
YALI1_F37770g,YALI2_E00918g
YALI1_F37775g,YALI2_E00832g
YALI1_F37808g,YALI2_E00833g
YALI1_F37828g,YALI2_E00834g
YALI1_F37878g,YALI2_E00917g
YALI1_F37890g,YALI2_E00916g
YALI1_F37892g,YALI2_E00835g
YALI1_F37916g,YALI2_E00915g
YALI1_F37929g,YALI2_E00836g
YALI1_F37963g,YALI2_E00837g
YALI1_F37986g,YALI2_E00913g
YALI1_F37998g,YALI2_E00912g
YALI1_F38013g,YALI2_E00911g
YALI1_F38088g,YALI2_E00910g
YALI1_F38116g,YALI2_E00838g
YALI1_F38140g,YALI2_E00839g
YALI1_F38191g,YALI2_E00909g
YALI1_F38220g,YALI2_E00908g
YALI1_F38248g,YALI2_E00907g
YALI1_F38263g,YALI2_E00906g
YALI1_F38296g,YALI2_E00905g
YALI1_F38317g,YALI2_E00840g
YALI1_F38339g,YALI2_E00904g
YALI1_F38386g,YALI2_E00903g
YALI1_F38432g,YALI2_E00902g
YALI1_F38450g,YALI2_E00841g
YALI1_F38466g,YALI2_E00901g
YALI1_F38476g,YALI2_E00842g
YALI1_F38522g,YALI2_E00900g
YALI1_F38526g,YALI2_E00843g
YALI1_F38538g,YALI2_E00899g
YALI1_F38551g,YALI2_E00844g
YALI1_F38595g,YALI2_E00845g
YALI1_F38614g,YALI2_E00898g
YALI1_F38629g,YALI2_E00897g
YALI1_F38670g,YALI2_E00896g
YALI1_F38680g,YALI2_E00895g
YALI1_F38684g,YALI2_E00846g
YALI1_F38756g,YALI2_E00894g
YALI1_F38776g,YALI2_E00847g
YALI1_F38806g,YALI2_E00893g
YALI1_F38820g,YALI2_E00848g
YALI1_F38856g,YALI2_E00892g
YALI1_F38859g,YALI2_E00849g
YALI1_F38869g,YALI2_E00850g
YALI1_F38882g,YALI2_E00851g
YALI1_F38918g,YALI2_E00891g
YALI1_F38954g,YALI2_E00852g
YALI1_F38986g,YALI2_E00853g
YALI1_F38998g,YALI2_E00890g
YALI1_F39001g,YALI2_E00854g
YALI1_F39009g,YALI2_E00855g
YALI1_F39022g,YALI2_E00889g
YALI1_F39041g,YALI2_E00888g
YALI1_F39051g,YALI2_E00887g
YALI1_F39058g,YALI2_E00856g
YALI1_F39106g,YALI2_E00886g
YALI1_F39108g,YALI2_E00857g
YALI1_F39128g,YALI2_E00858g
YALI1_F39159g,YALI2_E00885g
YALI1_F39164g,YALI2_E00859g
YALI1_F39176g,YALI2_E00860g
YALI1_F39183g,YALI2_E00861g
YALI1_F39199g,YALI2_E00884g
YALI1_F39236g,YALI2_E00883g
YALI1_F39242g,YALI2_E00862g
YALI1_F39261g,YALI2_E00882g
YALI1_F39272g,YALI2_E00881g
YALI1_F39291g,YALI2_E00880g
YALI1_F39314g,YALI2_E00879g
YALI1_F39330g,YALI2_E00863g
YALI1_F39375g,YALI2_E00878g
YALI1_F39426g,YALI2_E00877g
YALI1_F39494g,YALI2_E00875g
YALI1_F39527g,YALI2_E00874g
YALI1_F39550g,YALI2_E00873g
YALI1_F39557g,YALI2_E00864g
YALI1_F39603g,YALI2_E00872g
YALI1_F39620g,YALI2_E00865g
YALI1_F39645g,YALI2_E00866g
YALI1_F39665g,YALI2_E00867g
YALI1_F39789g,YALI2_E00868g
YALI1_F39844g,YALI2_E00869g
YALI1_F39885g,YALI2_E00871g
YALI1_F39891g,YALI2_E00870g